Analysis & Synthesis report for coursework
Thu May 21 19:15:31 2026
Quartus II Version 9.1 Build 222 10/21/2009 SJ Web Edition


---------------------
; Table of Contents ;
---------------------
  1. Legal Notice
  2. Analysis & Synthesis Summary
  3. Analysis & Synthesis Settings
  4. Parallel Compilation
  5. Analysis & Synthesis Source Files Read
  6. Analysis & Synthesis Resource Usage Summary
  7. Analysis & Synthesis Resource Utilization by Entity
  8. Analysis & Synthesis RAM Summary
  9. State Machine - |appendix_n_microevm_top|dma_controller_3word:U_DMAC_CONTROLLER|state_r
 10. State Machine - |appendix_n_microevm_top|cache_4way_age:U_DATA_CACHE|state_r
 11. Logic Cells Representing Combinational Loops
 12. Registers Removed During Synthesis
 13. Removed Registers Triggering Further Register Optimizations
 14. General Register Statistics
 15. Inverted Register Statistics
 16. Registers Packed Into Inferred Megafunctions
 17. Multiplexer Restructuring Statistics (Restructuring Performed)
 18. Source assignments for ram_sync:U_MEMORY|altsyncram:mem_rtl_0|altsyncram_mpi1:auto_generated
 19. Source assignments for ram_sync:U_MEMORY|altsyncram:mem_rtl_0|altsyncram_mpi1:auto_generated|altsyncram_ocm1:altsyncram1
 20. Source assignments for rom_sync:U_COMMAND_MEMORY_ROM|altsyncram:Mux0_rtl_1|altsyncram_ba21:auto_generated
 21. Parameter Settings for User Entity Instance: dma_controller_3word:U_DMAC_CONTROLLER
 22. Parameter Settings for Inferred Entity Instance: ram_sync:U_MEMORY|altsyncram:mem_rtl_0
 23. Parameter Settings for Inferred Entity Instance: rom_sync:U_COMMAND_MEMORY_ROM|altsyncram:Mux0_rtl_1
 24. altsyncram Parameter Settings by Entity Instance
 25. Port Connectivity Checks: "dma_controller_3word:U_DMAC_CONTROLLER"
 26. Port Connectivity Checks: "cache_4way_age:U_DATA_CACHE"
 27. Port Connectivity Checks: "stack7x16:U_STACK_CONTROL"
 28. Port Connectivity Checks: "flags_reg:U_FLAGS_REGISTER"
 29. Port Connectivity Checks: "reg_file12x16_dbg:U_ALU_RON_REGISTER_FILE"
 30. Port Connectivity Checks: "appendix_n_decoder_unit:U_DECODER_UNIT"
 31. Port Connectivity Checks: "appendix_n_special_registers:U_SPECIAL_REGISTERS"
 32. Analysis & Synthesis Messages



----------------
; Legal Notice ;
----------------
Copyright (C) 1991-2009 Altera Corporation
Your use of Altera Corporation's design tools, logic functions 
and other software and tools, and its AMPP partner logic 
functions, and any output files from any of the foregoing 
(including device programming or simulation files), and any 
associated documentation or information are expressly subject 
to the terms and conditions of the Altera Program License 
Subscription Agreement, Altera MegaCore Function License 
Agreement, or other applicable license agreement, including, 
without limitation, that your use is for the sole purpose of 
programming logic devices manufactured by Altera and sold by 
Altera or its authorized distributors.  Please refer to the 
applicable agreement for further details.



+------------------------------------------------------------------------------+
; Analysis & Synthesis Summary                                                 ;
+------------------------------------+-----------------------------------------+
; Analysis & Synthesis Status        ; Successful - Thu May 21 19:15:31 2026   ;
; Quartus II Version                 ; 9.1 Build 222 10/21/2009 SJ Web Edition ;
; Revision Name                      ; coursework                              ;
; Top-level Entity Name              ; appendix_n_microevm_top                 ;
; Family                             ; Cyclone II                              ;
; Total logic elements               ; 4,897                                   ;
;     Total combinational functions  ; 2,850                                   ;
;     Dedicated logic registers      ; 2,440                                   ;
; Total registers                    ; 2440                                    ;
; Total pins                         ; 92                                      ;
; Total virtual pins                 ; 0                                       ;
; Total memory bits                  ; 6,912                                   ;
; Embedded Multiplier 9-bit elements ; 0                                       ;
; Total PLLs                         ; 0                                       ;
+------------------------------------+-----------------------------------------+


+---------------------------------------------------------------------------------------------------------------------------+
; Analysis & Synthesis Settings                                                                                             ;
+----------------------------------------------------------------------------+-------------------------+--------------------+
; Option                                                                     ; Setting                 ; Default Value      ;
+----------------------------------------------------------------------------+-------------------------+--------------------+
; Top-level entity name                                                      ; appendix_n_microevm_top ; coursework         ;
; Family name                                                                ; Cyclone II              ; Stratix II         ;
; Use smart compilation                                                      ; Off                     ; Off                ;
; Enable parallel Assembler and TimeQuest Timing Analyzer during compilation ; On                      ; On                 ;
; Enable compact report table                                                ; Off                     ; Off                ;
; Restructure Multiplexers                                                   ; Auto                    ; Auto               ;
; Create Debugging Nodes for IP Cores                                        ; Off                     ; Off                ;
; Preserve fewer node names                                                  ; On                      ; On                 ;
; Disable OpenCore Plus hardware evaluation                                  ; Off                     ; Off                ;
; Verilog Version                                                            ; Verilog_2001            ; Verilog_2001       ;
; VHDL Version                                                               ; VHDL_1993               ; VHDL_1993          ;
; State Machine Processing                                                   ; Auto                    ; Auto               ;
; Safe State Machine                                                         ; Off                     ; Off                ;
; Extract Verilog State Machines                                             ; On                      ; On                 ;
; Extract VHDL State Machines                                                ; On                      ; On                 ;
; Ignore Verilog initial constructs                                          ; Off                     ; Off                ;
; Iteration limit for constant Verilog loops                                 ; 5000                    ; 5000               ;
; Iteration limit for non-constant Verilog loops                             ; 250                     ; 250                ;
; Add Pass-Through Logic to Inferred RAMs                                    ; On                      ; On                 ;
; Parallel Synthesis                                                         ; On                      ; On                 ;
; DSP Block Balancing                                                        ; Auto                    ; Auto               ;
; NOT Gate Push-Back                                                         ; On                      ; On                 ;
; Power-Up Don't Care                                                        ; On                      ; On                 ;
; Remove Redundant Logic Cells                                               ; Off                     ; Off                ;
; Remove Duplicate Registers                                                 ; On                      ; On                 ;
; Ignore CARRY Buffers                                                       ; Off                     ; Off                ;
; Ignore CASCADE Buffers                                                     ; Off                     ; Off                ;
; Ignore GLOBAL Buffers                                                      ; Off                     ; Off                ;
; Ignore ROW GLOBAL Buffers                                                  ; Off                     ; Off                ;
; Ignore LCELL Buffers                                                       ; Off                     ; Off                ;
; Ignore SOFT Buffers                                                        ; On                      ; On                 ;
; Limit AHDL Integers to 32 Bits                                             ; Off                     ; Off                ;
; Optimization Technique                                                     ; Balanced                ; Balanced           ;
; Carry Chain Length                                                         ; 70                      ; 70                 ;
; Auto Carry Chains                                                          ; On                      ; On                 ;
; Auto Open-Drain Pins                                                       ; On                      ; On                 ;
; Perform WYSIWYG Primitive Resynthesis                                      ; Off                     ; Off                ;
; Auto ROM Replacement                                                       ; On                      ; On                 ;
; Auto RAM Replacement                                                       ; On                      ; On                 ;
; Auto Shift Register Replacement                                            ; Auto                    ; Auto               ;
; Auto Clock Enable Replacement                                              ; On                      ; On                 ;
; Strict RAM Replacement                                                     ; Off                     ; Off                ;
; Allow Synchronous Control Signals                                          ; On                      ; On                 ;
; Force Use of Synchronous Clear Signals                                     ; Off                     ; Off                ;
; Auto RAM to Logic Cell Conversion                                          ; Off                     ; Off                ;
; Auto Resource Sharing                                                      ; Off                     ; Off                ;
; Allow Any RAM Size For Recognition                                         ; Off                     ; Off                ;
; Allow Any ROM Size For Recognition                                         ; Off                     ; Off                ;
; Allow Any Shift Register Size For Recognition                              ; Off                     ; Off                ;
; Use LogicLock Constraints during Resource Balancing                        ; On                      ; On                 ;
; Ignore translate_off and synthesis_off directives                          ; Off                     ; Off                ;
; Timing-Driven Synthesis                                                    ; Off                     ; Off                ;
; Show Parameter Settings Tables in Synthesis Report                         ; On                      ; On                 ;
; Ignore Maximum Fan-Out Assignments                                         ; Off                     ; Off                ;
; Synchronization Register Chain Length                                      ; 2                       ; 2                  ;
; PowerPlay Power Optimization                                               ; Normal compilation      ; Normal compilation ;
; HDL message level                                                          ; Level2                  ; Level2             ;
; Suppress Register Optimization Related Messages                            ; Off                     ; Off                ;
; Number of Removed Registers Reported in Synthesis Report                   ; 100                     ; 100                ;
; Number of Inverted Registers Reported in Synthesis Report                  ; 100                     ; 100                ;
; Clock MUX Protection                                                       ; On                      ; On                 ;
; Auto Gated Clock Conversion                                                ; Off                     ; Off                ;
; Block Design Naming                                                        ; Auto                    ; Auto               ;
; SDC constraint protection                                                  ; Off                     ; Off                ;
; Synthesis Effort                                                           ; Auto                    ; Auto               ;
; Shift Register Replacement - Allow Asynchronous Clear Signal               ; On                      ; On                 ;
; Analysis & Synthesis Message Level                                         ; Medium                  ; Medium             ;
; Disable Register Merging Across Hierarchies                                ; Auto                    ; Auto               ;
; Resource Aware Inference For Block RAM                                     ; On                      ; On                 ;
+----------------------------------------------------------------------------+-------------------------+--------------------+


Parallel compilation was disabled, but you have multiple processors available. Enable parallel compilation to reduce compilation time.
+-------------------------------------+
; Parallel Compilation                ;
+----------------------------+--------+
; Processors                 ; Number ;
+----------------------------+--------+
; Number detected on machine ; 12     ;
; Maximum allowed            ; 1      ;
+----------------------------+--------+


+------------------------------------------------------------------------------------------------------------------------------------------------------------------------------------------------------------------+
; Analysis & Synthesis Source Files Read                                                                                                                                                                           ;
+----------------------------------------------+-----------------+-------------------------------------------------------+-----------------------------------------------------------------------------------------+
; File Name with User-Entered Path             ; Used in Netlist ; File Type                                             ; File Name with Absolute Path                                                            ;
+----------------------------------------------+-----------------+-------------------------------------------------------+-----------------------------------------------------------------------------------------+
; ../src/microcomputer_pkg.vhd                 ; yes             ; User VHDL File                                        ; D:/git/sifovm/coursework_project/src/microcomputer_pkg.vhd                              ;
; ../src/program_image_pkg.vhd                 ; yes             ; User VHDL File                                        ; D:/git/sifovm/coursework_project/src/program_image_pkg.vhd                              ;
; ../src/data_image_pkg.vhd                    ; yes             ; User VHDL File                                        ; D:/git/sifovm/coursework_project/src/data_image_pkg.vhd                                 ;
; ../src/alu_core.vhd                          ; yes             ; User VHDL File                                        ; D:/git/sifovm/coursework_project/src/alu_core.vhd                                       ;
; ../src/reg_file12x16_dbg.vhd                 ; yes             ; User VHDL File                                        ; D:/git/sifovm/coursework_project/src/reg_file12x16_dbg.vhd                              ;
; ../src/flags_reg.vhd                         ; yes             ; User VHDL File                                        ; D:/git/sifovm/coursework_project/src/flags_reg.vhd                                      ;
; ../src/stack7x16.vhd                         ; yes             ; User VHDL File                                        ; D:/git/sifovm/coursework_project/src/stack7x16.vhd                                      ;
; ../src/rom_sync.vhd                          ; yes             ; User VHDL File                                        ; D:/git/sifovm/coursework_project/src/rom_sync.vhd                                       ;
; ../src/ram_sync.vhd                          ; yes             ; User VHDL File                                        ; D:/git/sifovm/coursework_project/src/ram_sync.vhd                                       ;
; ../src/bus_arbiter_2master.vhd               ; yes             ; User VHDL File                                        ; D:/git/sifovm/coursework_project/src/bus_arbiter_2master.vhd                            ;
; ../src/dma_controller_3word.vhd              ; yes             ; User VHDL File                                        ; D:/git/sifovm/coursework_project/src/dma_controller_3word.vhd                           ;
; ../src/branch_predictor.vhd                  ; yes             ; User VHDL File                                        ; D:/git/sifovm/coursework_project/src/branch_predictor.vhd                               ;
; ../src/cache_4way_age.vhd                    ; yes             ; User VHDL File                                        ; D:/git/sifovm/coursework_project/src/cache_4way_age.vhd                                 ;
; ../src/appendix_n_microevm_top.vhd           ; yes             ; User VHDL File                                        ; D:/git/sifovm/coursework_project/src/appendix_n_microevm_top.vhd                        ;
; altsyncram.tdf                               ; yes             ; Megafunction                                          ; d:/quartus/libraries/megafunctions/altsyncram.tdf                                       ;
; db/altsyncram_mpi1.tdf                       ; yes             ; Auto-Generated Megafunction                           ; D:/git/sifovm/coursework_project/quartus/db/altsyncram_mpi1.tdf                         ;
; db/altsyncram_ocm1.tdf                       ; yes             ; Auto-Generated Megafunction                           ; D:/git/sifovm/coursework_project/quartus/db/altsyncram_ocm1.tdf                         ;
; db/coursework.ram0_ram_sync_18452fb9.hdl.mif ; yes             ; Auto-Generated Auto-Found Memory Initialization File  ; D:/git/sifovm/coursework_project/quartus/db/coursework.ram0_ram_sync_18452fb9.hdl.mif   ;
; db/altsyncram_ba21.tdf                       ; yes             ; Auto-Generated Megafunction                           ; D:/git/sifovm/coursework_project/quartus/db/altsyncram_ba21.tdf                         ;
; coursework.appendix_n_microevm_top0.rtl.mif  ; yes             ; Auto-Generated Auto-Found Memory Initialization File  ; D:/git/sifovm/coursework_project/quartus/db/coursework.appendix_n_microevm_top0.rtl.mif ;
+----------------------------------------------+-----------------+-------------------------------------------------------+-----------------------------------------------------------------------------------------+


+-----------------------------------------------------+
; Analysis & Synthesis Resource Usage Summary         ;
+---------------------------------------------+-------+
; Resource                                    ; Usage ;
+---------------------------------------------+-------+
; Estimated Total logic elements              ; 4,897 ;
;                                             ;       ;
; Total combinational functions               ; 2850  ;
; Logic element usage by number of LUT inputs ;       ;
;     -- 4 input functions                    ; 2376  ;
;     -- 3 input functions                    ; 374   ;
;     -- <=2 input functions                  ; 100   ;
;                                             ;       ;
; Logic elements by mode                      ;       ;
;     -- normal mode                          ; 2819  ;
;     -- arithmetic mode                      ; 31    ;
;                                             ;       ;
; Total registers                             ; 2440  ;
;     -- Dedicated logic registers            ; 2440  ;
;     -- I/O registers                        ; 0     ;
;                                             ;       ;
; I/O pins                                    ; 92    ;
; Total memory bits                           ; 6912  ;
; Maximum fan-out node                        ; clock ;
; Maximum fan-out                             ; 2467  ;
; Total fan-out                               ; 21695 ;
; Average fan-out                             ; 4.01  ;
+---------------------------------------------+-------+


+-----------------------------------------------------------------------------------------------------------------------------------------------------------------------------------------------------------------------------------------------------------------------------------------------------------------+
; Analysis & Synthesis Resource Utilization by Entity                                                                                                                                                                                                                                                             ;
+---------------------------------------------------------+-------------------+--------------+-------------+--------------+---------+-----------+------+--------------+----------------------------------------------------------------------------------------------------------------------------+--------------+
; Compilation Hierarchy Node                              ; LC Combinationals ; LC Registers ; Memory Bits ; DSP Elements ; DSP 9x9 ; DSP 18x18 ; Pins ; Virtual Pins ; Full Hierarchy Name                                                                                                        ; Library Name ;
+---------------------------------------------------------+-------------------+--------------+-------------+--------------+---------+-----------+------+--------------+----------------------------------------------------------------------------------------------------------------------------+--------------+
; |appendix_n_microevm_top                                ; 2850 (5)          ; 2440 (0)     ; 6912        ; 0            ; 0       ; 0         ; 92   ; 0            ; |appendix_n_microevm_top                                                                                                   ; work         ;
;    |alu_core:U_ALU_UNIT|                                ; 104 (104)         ; 0 (0)        ; 0           ; 0            ; 0       ; 0         ; 0    ; 0            ; |appendix_n_microevm_top|alu_core:U_ALU_UNIT                                                                               ;              ;
;    |appendix_n_decoder_unit:U_DECODER_UNIT|             ; 15 (15)           ; 0 (0)        ; 0           ; 0            ; 0       ; 0         ; 0    ; 0            ; |appendix_n_microevm_top|appendix_n_decoder_unit:U_DECODER_UNIT                                                            ; work         ;
;    |appendix_n_mux2_16:U_LPM_MUX_MEM|                   ; 16 (16)           ; 0 (0)        ; 0           ; 0            ; 0       ; 0         ; 0    ; 0            ; |appendix_n_microevm_top|appendix_n_mux2_16:U_LPM_MUX_MEM                                                                  ;              ;
;    |appendix_n_mux2_16:U_MUX_FINAL_ADDR|                ; 8 (8)             ; 0 (0)        ; 0           ; 0            ; 0       ; 0         ; 0    ; 0            ; |appendix_n_microevm_top|appendix_n_mux2_16:U_MUX_FINAL_ADDR                                                               ; work         ;
;    |appendix_n_mux2_16:U_MUX_SYS_ADDR|                  ; 16 (16)           ; 0 (0)        ; 0           ; 0            ; 0       ; 0         ; 0    ; 0            ; |appendix_n_microevm_top|appendix_n_mux2_16:U_MUX_SYS_ADDR                                                                 ;              ;
;    |appendix_n_phase_counter_unit:U_PHASE_COUNTER_UNIT| ; 3 (3)             ; 2 (2)        ; 0           ; 0            ; 0       ; 0         ; 0    ; 0            ; |appendix_n_microevm_top|appendix_n_phase_counter_unit:U_PHASE_COUNTER_UNIT                                                ;              ;
;    |appendix_n_special_registers:U_SPECIAL_REGISTERS|   ; 46 (46)           ; 38 (38)      ; 0           ; 0            ; 0       ; 0         ; 0    ; 0            ; |appendix_n_microevm_top|appendix_n_special_registers:U_SPECIAL_REGISTERS                                                  ;              ;
;    |branch_predictor:U_BRANCH_PREDICTOR|                ; 3 (3)             ; 2 (2)        ; 0           ; 0            ; 0       ; 0         ; 0    ; 0            ; |appendix_n_microevm_top|branch_predictor:U_BRANCH_PREDICTOR                                                               ;              ;
;    |bus_arbiter_2master:U_BUS_ARBITER|                  ; 1 (1)             ; 0 (0)        ; 0           ; 0            ; 0       ; 0         ; 0    ; 0            ; |appendix_n_microevm_top|bus_arbiter_2master:U_BUS_ARBITER                                                                 ; work         ;
;    |cache_4way_age:U_DATA_CACHE|                        ; 2289 (2289)       ; 2068 (2068)  ; 0           ; 0            ; 0       ; 0         ; 0    ; 0            ; |appendix_n_microevm_top|cache_4way_age:U_DATA_CACHE                                                                       ; work         ;
;    |dma_controller_3word:U_DMAC_CONTROLLER|             ; 13 (13)           ; 7 (7)        ; 0           ; 0            ; 0       ; 0         ; 0    ; 0            ; |appendix_n_microevm_top|dma_controller_3word:U_DMAC_CONTROLLER                                                            ; work         ;
;    |ram_sync:U_MEMORY|                                  ; 2 (2)             ; 0 (0)        ; 4096        ; 0            ; 0       ; 0         ; 0    ; 0            ; |appendix_n_microevm_top|ram_sync:U_MEMORY                                                                                 ; work         ;
;       |altsyncram:mem_rtl_0|                            ; 0 (0)             ; 0 (0)        ; 4096        ; 0            ; 0       ; 0         ; 0    ; 0            ; |appendix_n_microevm_top|ram_sync:U_MEMORY|altsyncram:mem_rtl_0                                                            ;              ;
;          |altsyncram_mpi1:auto_generated|               ; 0 (0)             ; 0 (0)        ; 4096        ; 0            ; 0       ; 0         ; 0    ; 0            ; |appendix_n_microevm_top|ram_sync:U_MEMORY|altsyncram:mem_rtl_0|altsyncram_mpi1:auto_generated                             ;              ;
;             |altsyncram_ocm1:altsyncram1|               ; 0 (0)             ; 0 (0)        ; 4096        ; 0            ; 0       ; 0         ; 0    ; 0            ; |appendix_n_microevm_top|ram_sync:U_MEMORY|altsyncram:mem_rtl_0|altsyncram_mpi1:auto_generated|altsyncram_ocm1:altsyncram1 ;              ;
;    |reg_file12x16_dbg:U_ALU_RON_REGISTER_FILE|          ; 224 (224)         ; 192 (192)    ; 0           ; 0            ; 0       ; 0         ; 0    ; 0            ; |appendix_n_microevm_top|reg_file12x16_dbg:U_ALU_RON_REGISTER_FILE                                                         ; work         ;
;    |rom_sync:U_COMMAND_MEMORY_ROM|                      ; 0 (0)             ; 0 (0)        ; 2816        ; 0            ; 0       ; 0         ; 0    ; 0            ; |appendix_n_microevm_top|rom_sync:U_COMMAND_MEMORY_ROM                                                                     ; work         ;
;       |altsyncram:Mux0_rtl_1|                           ; 0 (0)             ; 0 (0)        ; 2816        ; 0            ; 0       ; 0         ; 0    ; 0            ; |appendix_n_microevm_top|rom_sync:U_COMMAND_MEMORY_ROM|altsyncram:Mux0_rtl_1                                               ;              ;
;          |altsyncram_ba21:auto_generated|               ; 0 (0)             ; 0 (0)        ; 2816        ; 0            ; 0       ; 0         ; 0    ; 0            ; |appendix_n_microevm_top|rom_sync:U_COMMAND_MEMORY_ROM|altsyncram:Mux0_rtl_1|altsyncram_ba21:auto_generated                ;              ;
;    |stack7x16:U_STACK_CONTROL|                          ; 105 (105)         ; 131 (131)    ; 0           ; 0            ; 0       ; 0         ; 0    ; 0            ; |appendix_n_microevm_top|stack7x16:U_STACK_CONTROL                                                                         ; work         ;
+---------------------------------------------------------+-------------------+--------------+-------------+--------------+---------+-----------+------+--------------+----------------------------------------------------------------------------------------------------------------------------+--------------+
Note: For table entries with two numbers listed, the numbers in parentheses indicate the number of resources of the given type used by the specific entity alone. The numbers listed outside of parentheses indicate the total resources of the given type used by the specific entity and all of its sub-entities in the hierarchy.


+--------------------------------------------------------------------------------------------------------------------------------------------------------------------------------------------------------------------------------------------------------+
; Analysis & Synthesis RAM Summary                                                                                                                                                                                                                       ;
+--------------------------------------------------------------------------------------------------------------+------+----------------+--------------+--------------+--------------+--------------+------+----------------------------------------------+
; Name                                                                                                         ; Type ; Mode           ; Port A Depth ; Port A Width ; Port B Depth ; Port B Width ; Size ; MIF                                          ;
+--------------------------------------------------------------------------------------------------------------+------+----------------+--------------+--------------+--------------+--------------+------+----------------------------------------------+
; ram_sync:U_MEMORY|altsyncram:mem_rtl_0|altsyncram_mpi1:auto_generated|altsyncram_ocm1:altsyncram1|ALTSYNCRAM ; AUTO ; True Dual Port ; 256          ; 16           ; 256          ; 16           ; 4096 ; db/coursework.ram0_ram_sync_18452fb9.hdl.mif ;
; rom_sync:U_COMMAND_MEMORY_ROM|altsyncram:Mux0_rtl_1|altsyncram_ba21:auto_generated|ALTSYNCRAM                ; AUTO ; ROM            ; 256          ; 11           ; --           ; --           ; 2816 ; coursework.appendix_n_microevm_top0.rtl.mif  ;
+--------------------------------------------------------------------------------------------------------------+------+----------------+--------------+--------------+--------------+--------------+------+----------------------------------------------+


Encoding Type:  One-Hot
+-------------------------------------------------------------------------------------------+
; State Machine - |appendix_n_microevm_top|dma_controller_3word:U_DMAC_CONTROLLER|state_r   ;
+--------------------+----------------+--------------------+-----------------+--------------+
; Name               ; state_r.FINISH ; state_r.WRITE_WORD ; state_r.REQ_BUS ; state_r.IDLE ;
+--------------------+----------------+--------------------+-----------------+--------------+
; state_r.IDLE       ; 0              ; 0                  ; 0               ; 0            ;
; state_r.REQ_BUS    ; 0              ; 0                  ; 1               ; 1            ;
; state_r.WRITE_WORD ; 0              ; 1                  ; 0               ; 1            ;
; state_r.FINISH     ; 1              ; 0                  ; 0               ; 1            ;
+--------------------+----------------+--------------------+-----------------+--------------+


Encoding Type:  One-Hot
+-----------------------------------------------------------------------------------------------------------------------+
; State Machine - |appendix_n_microevm_top|cache_4way_age:U_DATA_CACHE|state_r                                          ;
+--------------------------+--------------------------+------------------------+-------------------------+--------------+
; Name                     ; state_r.WAIT_WRITE_GRANT ; state_r.WAIT_READ_DATA ; state_r.WAIT_READ_GRANT ; state_r.IDLE ;
+--------------------------+--------------------------+------------------------+-------------------------+--------------+
; state_r.IDLE             ; 0                        ; 0                      ; 0                       ; 0            ;
; state_r.WAIT_READ_GRANT  ; 0                        ; 0                      ; 1                       ; 1            ;
; state_r.WAIT_READ_DATA   ; 0                        ; 1                      ; 0                       ; 1            ;
; state_r.WAIT_WRITE_GRANT ; 1                        ; 0                      ; 0                       ; 1            ;
+--------------------------+--------------------------+------------------------+-------------------------+--------------+


+------------------------------------------------------------+
; Logic Cells Representing Combinational Loops               ;
+--------------------------------------------------------+---+
; Logic Cell Name                                        ;   ;
+--------------------------------------------------------+---+
; alu_core:U_ALU_UNIT|Mux0~0                             ;   ;
; Number of logic cells representing combinational loops ; 1 ;
+--------------------------------------------------------+---+
Note: All cells listed above may not be present at the end of synthesis due to various synthesis optimizations.


+-------------------------------------------------------------------------------------------------------------------------------------------+
; Registers Removed During Synthesis                                                                                                        ;
+---------------------------------------------------------------+---------------------------------------------------------------------------+
; Register name                                                 ; Reason for Removal                                                        ;
+---------------------------------------------------------------+---------------------------------------------------------------------------+
; rom_sync:U_COMMAND_MEMORY_ROM|q_r[7,12..15]                   ; Stuck at GND due to stuck port data_in                                    ;
; cache_4way_age:U_DATA_CACHE|req_addr_r[4]                     ; Merged with cache_4way_age:U_DATA_CACHE|tag_req_r[0]                      ;
; cache_4way_age:U_DATA_CACHE|req_addr_r[5]                     ; Merged with cache_4way_age:U_DATA_CACHE|tag_req_r[1]                      ;
; cache_4way_age:U_DATA_CACHE|req_addr_r[2]                     ; Merged with cache_4way_age:U_DATA_CACHE|set_r[2]                          ;
; appendix_n_special_registers:U_SPECIAL_REGISTERS|ir_r[15]     ; Merged with appendix_n_special_registers:U_SPECIAL_REGISTERS|ir_r[12]     ;
; cache_4way_age:U_DATA_CACHE|req_addr_r[7]                     ; Merged with cache_4way_age:U_DATA_CACHE|tag_req_r[3]                      ;
; cache_4way_age:U_DATA_CACHE|req_addr_r[3]                     ; Merged with cache_4way_age:U_DATA_CACHE|set_r[3]                          ;
; appendix_n_special_registers:U_SPECIAL_REGISTERS|addr_h_r[14] ; Merged with appendix_n_special_registers:U_SPECIAL_REGISTERS|addr_h_r[13] ;
; appendix_n_special_registers:U_SPECIAL_REGISTERS|ir_r[12,14]  ; Merged with appendix_n_special_registers:U_SPECIAL_REGISTERS|ir_r[7]      ;
; branch_predictor:U_BRANCH_PREDICTOR|btb_tgt[15][15]           ; Merged with branch_predictor:U_BRANCH_PREDICTOR|btb_tgt[15][7]            ;
; branch_predictor:U_BRANCH_PREDICTOR|btb_tgt[15][14]           ; Merged with branch_predictor:U_BRANCH_PREDICTOR|btb_tgt[15][12]           ;
; branch_predictor:U_BRANCH_PREDICTOR|btb_tgt[14][15]           ; Merged with branch_predictor:U_BRANCH_PREDICTOR|btb_tgt[14][7]            ;
; branch_predictor:U_BRANCH_PREDICTOR|btb_tgt[14][14]           ; Merged with branch_predictor:U_BRANCH_PREDICTOR|btb_tgt[14][12]           ;
; branch_predictor:U_BRANCH_PREDICTOR|btb_tgt[13][15]           ; Merged with branch_predictor:U_BRANCH_PREDICTOR|btb_tgt[13][7]            ;
; branch_predictor:U_BRANCH_PREDICTOR|btb_tgt[13][14]           ; Merged with branch_predictor:U_BRANCH_PREDICTOR|btb_tgt[13][12]           ;
; branch_predictor:U_BRANCH_PREDICTOR|btb_tgt[12][15]           ; Merged with branch_predictor:U_BRANCH_PREDICTOR|btb_tgt[12][7]            ;
; branch_predictor:U_BRANCH_PREDICTOR|btb_tgt[12][14]           ; Merged with branch_predictor:U_BRANCH_PREDICTOR|btb_tgt[12][12]           ;
; branch_predictor:U_BRANCH_PREDICTOR|btb_tgt[11][15]           ; Merged with branch_predictor:U_BRANCH_PREDICTOR|btb_tgt[11][7]            ;
; branch_predictor:U_BRANCH_PREDICTOR|btb_tgt[11][14]           ; Merged with branch_predictor:U_BRANCH_PREDICTOR|btb_tgt[11][12]           ;
; branch_predictor:U_BRANCH_PREDICTOR|btb_tgt[10][15]           ; Merged with branch_predictor:U_BRANCH_PREDICTOR|btb_tgt[10][7]            ;
; branch_predictor:U_BRANCH_PREDICTOR|btb_tgt[10][14]           ; Merged with branch_predictor:U_BRANCH_PREDICTOR|btb_tgt[10][12]           ;
; branch_predictor:U_BRANCH_PREDICTOR|btb_tgt[9][15]            ; Merged with branch_predictor:U_BRANCH_PREDICTOR|btb_tgt[9][7]             ;
; branch_predictor:U_BRANCH_PREDICTOR|btb_tgt[9][14]            ; Merged with branch_predictor:U_BRANCH_PREDICTOR|btb_tgt[9][12]            ;
; branch_predictor:U_BRANCH_PREDICTOR|btb_tgt[8][15]            ; Merged with branch_predictor:U_BRANCH_PREDICTOR|btb_tgt[8][7]             ;
; branch_predictor:U_BRANCH_PREDICTOR|btb_tgt[8][14]            ; Merged with branch_predictor:U_BRANCH_PREDICTOR|btb_tgt[8][12]            ;
; branch_predictor:U_BRANCH_PREDICTOR|btb_tgt[7][15]            ; Merged with branch_predictor:U_BRANCH_PREDICTOR|btb_tgt[7][7]             ;
; branch_predictor:U_BRANCH_PREDICTOR|btb_tgt[7][14]            ; Merged with branch_predictor:U_BRANCH_PREDICTOR|btb_tgt[7][12]            ;
; branch_predictor:U_BRANCH_PREDICTOR|btb_tgt[6][15]            ; Merged with branch_predictor:U_BRANCH_PREDICTOR|btb_tgt[6][7]             ;
; branch_predictor:U_BRANCH_PREDICTOR|btb_tgt[6][14]            ; Merged with branch_predictor:U_BRANCH_PREDICTOR|btb_tgt[6][12]            ;
; branch_predictor:U_BRANCH_PREDICTOR|btb_tgt[5][15]            ; Merged with branch_predictor:U_BRANCH_PREDICTOR|btb_tgt[5][7]             ;
; branch_predictor:U_BRANCH_PREDICTOR|btb_tgt[5][14]            ; Merged with branch_predictor:U_BRANCH_PREDICTOR|btb_tgt[5][12]            ;
; branch_predictor:U_BRANCH_PREDICTOR|btb_tgt[4][15]            ; Merged with branch_predictor:U_BRANCH_PREDICTOR|btb_tgt[4][7]             ;
; branch_predictor:U_BRANCH_PREDICTOR|btb_tgt[4][14]            ; Merged with branch_predictor:U_BRANCH_PREDICTOR|btb_tgt[4][12]            ;
; branch_predictor:U_BRANCH_PREDICTOR|btb_tgt[3][15]            ; Merged with branch_predictor:U_BRANCH_PREDICTOR|btb_tgt[3][7]             ;
; branch_predictor:U_BRANCH_PREDICTOR|btb_tgt[3][14]            ; Merged with branch_predictor:U_BRANCH_PREDICTOR|btb_tgt[3][12]            ;
; branch_predictor:U_BRANCH_PREDICTOR|btb_tgt[2][15]            ; Merged with branch_predictor:U_BRANCH_PREDICTOR|btb_tgt[2][7]             ;
; branch_predictor:U_BRANCH_PREDICTOR|btb_tgt[2][14]            ; Merged with branch_predictor:U_BRANCH_PREDICTOR|btb_tgt[2][12]            ;
; branch_predictor:U_BRANCH_PREDICTOR|btb_tgt[1][15]            ; Merged with branch_predictor:U_BRANCH_PREDICTOR|btb_tgt[1][7]             ;
; branch_predictor:U_BRANCH_PREDICTOR|btb_tgt[1][14]            ; Merged with branch_predictor:U_BRANCH_PREDICTOR|btb_tgt[1][12]            ;
; branch_predictor:U_BRANCH_PREDICTOR|btb_tgt[0][15]            ; Merged with branch_predictor:U_BRANCH_PREDICTOR|btb_tgt[0][7]             ;
; branch_predictor:U_BRANCH_PREDICTOR|btb_tgt[0][14]            ; Merged with branch_predictor:U_BRANCH_PREDICTOR|btb_tgt[0][12]            ;
; appendix_n_special_registers:U_SPECIAL_REGISTERS|addr_h_r[15] ; Merged with appendix_n_special_registers:U_SPECIAL_REGISTERS|addr_h_r[13] ;
; appendix_n_special_registers:U_SPECIAL_REGISTERS|addr_h_r[13] ; Merged with appendix_n_special_registers:U_SPECIAL_REGISTERS|addr_h_r[12] ;
; appendix_n_special_registers:U_SPECIAL_REGISTERS|ir_r[13]     ; Merged with appendix_n_special_registers:U_SPECIAL_REGISTERS|ir_r[7]      ;
; branch_predictor:U_BRANCH_PREDICTOR|btb_tgt[15][13]           ; Merged with branch_predictor:U_BRANCH_PREDICTOR|btb_tgt[15][7]            ;
; branch_predictor:U_BRANCH_PREDICTOR|btb_tgt[14][13]           ; Merged with branch_predictor:U_BRANCH_PREDICTOR|btb_tgt[14][7]            ;
; branch_predictor:U_BRANCH_PREDICTOR|btb_tgt[13][13]           ; Merged with branch_predictor:U_BRANCH_PREDICTOR|btb_tgt[13][7]            ;
; branch_predictor:U_BRANCH_PREDICTOR|btb_tgt[12][13]           ; Merged with branch_predictor:U_BRANCH_PREDICTOR|btb_tgt[12][7]            ;
; branch_predictor:U_BRANCH_PREDICTOR|btb_tgt[11][13]           ; Merged with branch_predictor:U_BRANCH_PREDICTOR|btb_tgt[11][7]            ;
; branch_predictor:U_BRANCH_PREDICTOR|btb_tgt[10][13]           ; Merged with branch_predictor:U_BRANCH_PREDICTOR|btb_tgt[10][7]            ;
; branch_predictor:U_BRANCH_PREDICTOR|btb_tgt[9][13]            ; Merged with branch_predictor:U_BRANCH_PREDICTOR|btb_tgt[9][7]             ;
; branch_predictor:U_BRANCH_PREDICTOR|btb_tgt[8][13]            ; Merged with branch_predictor:U_BRANCH_PREDICTOR|btb_tgt[8][7]             ;
; branch_predictor:U_BRANCH_PREDICTOR|btb_tgt[7][13]            ; Merged with branch_predictor:U_BRANCH_PREDICTOR|btb_tgt[7][7]             ;
; branch_predictor:U_BRANCH_PREDICTOR|btb_tgt[6][13]            ; Merged with branch_predictor:U_BRANCH_PREDICTOR|btb_tgt[6][7]             ;
; branch_predictor:U_BRANCH_PREDICTOR|btb_tgt[5][13]            ; Merged with branch_predictor:U_BRANCH_PREDICTOR|btb_tgt[5][7]             ;
; branch_predictor:U_BRANCH_PREDICTOR|btb_tgt[4][13]            ; Merged with branch_predictor:U_BRANCH_PREDICTOR|btb_tgt[4][7]             ;
; branch_predictor:U_BRANCH_PREDICTOR|btb_tgt[3][13]            ; Merged with branch_predictor:U_BRANCH_PREDICTOR|btb_tgt[3][7]             ;
; branch_predictor:U_BRANCH_PREDICTOR|btb_tgt[2][13]            ; Merged with branch_predictor:U_BRANCH_PREDICTOR|btb_tgt[2][7]             ;
; branch_predictor:U_BRANCH_PREDICTOR|btb_tgt[1][13]            ; Merged with branch_predictor:U_BRANCH_PREDICTOR|btb_tgt[1][7]             ;
; branch_predictor:U_BRANCH_PREDICTOR|btb_tgt[0][13]            ; Merged with branch_predictor:U_BRANCH_PREDICTOR|btb_tgt[0][7]             ;
; appendix_n_special_registers:U_SPECIAL_REGISTERS|addr_l_r[7]  ; Stuck at GND due to stuck port data_in                                    ;
; appendix_n_special_registers:U_SPECIAL_REGISTERS|addr_h_r[12] ; Stuck at GND due to stuck port data_in                                    ;
; appendix_n_special_registers:U_SPECIAL_REGISTERS|ir_r[7]      ; Stuck at GND due to stuck port data_in                                    ;
; branch_predictor:U_BRANCH_PREDICTOR|btb_tgt[15][7]            ; Stuck at GND due to stuck port data_in                                    ;
; branch_predictor:U_BRANCH_PREDICTOR|btb_tgt[15][12]           ; Stuck at GND due to stuck port data_in                                    ;
; branch_predictor:U_BRANCH_PREDICTOR|btb_tgt[14][7]            ; Stuck at GND due to stuck port data_in                                    ;
; branch_predictor:U_BRANCH_PREDICTOR|btb_tgt[14][12]           ; Stuck at GND due to stuck port data_in                                    ;
; branch_predictor:U_BRANCH_PREDICTOR|btb_tgt[13][7]            ; Stuck at GND due to stuck port data_in                                    ;
; branch_predictor:U_BRANCH_PREDICTOR|btb_tgt[13][12]           ; Stuck at GND due to stuck port data_in                                    ;
; branch_predictor:U_BRANCH_PREDICTOR|btb_tgt[12][7]            ; Stuck at GND due to stuck port data_in                                    ;
; branch_predictor:U_BRANCH_PREDICTOR|btb_tgt[12][12]           ; Stuck at GND due to stuck port data_in                                    ;
; branch_predictor:U_BRANCH_PREDICTOR|btb_tgt[11][7]            ; Stuck at GND due to stuck port data_in                                    ;
; branch_predictor:U_BRANCH_PREDICTOR|btb_tgt[11][12]           ; Stuck at GND due to stuck port data_in                                    ;
; branch_predictor:U_BRANCH_PREDICTOR|btb_tgt[10][7]            ; Stuck at GND due to stuck port data_in                                    ;
; branch_predictor:U_BRANCH_PREDICTOR|btb_tgt[10][12]           ; Stuck at GND due to stuck port data_in                                    ;
; branch_predictor:U_BRANCH_PREDICTOR|btb_tgt[9][7]             ; Stuck at GND due to stuck port data_in                                    ;
; branch_predictor:U_BRANCH_PREDICTOR|btb_tgt[9][12]            ; Stuck at GND due to stuck port data_in                                    ;
; branch_predictor:U_BRANCH_PREDICTOR|btb_tgt[8][7]             ; Stuck at GND due to stuck port data_in                                    ;
; branch_predictor:U_BRANCH_PREDICTOR|btb_tgt[8][12]            ; Stuck at GND due to stuck port data_in                                    ;
; branch_predictor:U_BRANCH_PREDICTOR|btb_tgt[7][7]             ; Stuck at GND due to stuck port data_in                                    ;
; branch_predictor:U_BRANCH_PREDICTOR|btb_tgt[7][12]            ; Stuck at GND due to stuck port data_in                                    ;
; branch_predictor:U_BRANCH_PREDICTOR|btb_tgt[6][7]             ; Stuck at GND due to stuck port data_in                                    ;
; branch_predictor:U_BRANCH_PREDICTOR|btb_tgt[6][12]            ; Stuck at GND due to stuck port data_in                                    ;
; branch_predictor:U_BRANCH_PREDICTOR|btb_tgt[5][7]             ; Stuck at GND due to stuck port data_in                                    ;
; branch_predictor:U_BRANCH_PREDICTOR|btb_tgt[5][12]            ; Stuck at GND due to stuck port data_in                                    ;
; branch_predictor:U_BRANCH_PREDICTOR|btb_tgt[4][7]             ; Stuck at GND due to stuck port data_in                                    ;
; branch_predictor:U_BRANCH_PREDICTOR|btb_tgt[4][12]            ; Stuck at GND due to stuck port data_in                                    ;
; branch_predictor:U_BRANCH_PREDICTOR|btb_tgt[3][7]             ; Stuck at GND due to stuck port data_in                                    ;
; branch_predictor:U_BRANCH_PREDICTOR|btb_tgt[3][12]            ; Stuck at GND due to stuck port data_in                                    ;
; branch_predictor:U_BRANCH_PREDICTOR|btb_tgt[2][7]             ; Stuck at GND due to stuck port data_in                                    ;
; branch_predictor:U_BRANCH_PREDICTOR|btb_tgt[2][12]            ; Stuck at GND due to stuck port data_in                                    ;
; branch_predictor:U_BRANCH_PREDICTOR|btb_tgt[1][7]             ; Stuck at GND due to stuck port data_in                                    ;
; branch_predictor:U_BRANCH_PREDICTOR|btb_tgt[1][12]            ; Stuck at GND due to stuck port data_in                                    ;
; branch_predictor:U_BRANCH_PREDICTOR|btb_tgt[0][7]             ; Stuck at GND due to stuck port data_in                                    ;
; branch_predictor:U_BRANCH_PREDICTOR|btb_tgt[0][12]            ; Stuck at GND due to stuck port data_in                                    ;
; cache_4way_age:U_DATA_CACHE|req_addr_r[1]                     ; Merged with cache_4way_age:U_DATA_CACHE|set_r[1]                          ;
; cache_4way_age:U_DATA_CACHE|req_addr_r[0]                     ; Merged with cache_4way_age:U_DATA_CACHE|set_r[0]                          ;
; cache_4way_age:U_DATA_CACHE|req_addr_r[6]                     ; Merged with cache_4way_age:U_DATA_CACHE|tag_req_r[2]                      ;
; branch_predictor:U_BRANCH_PREDICTOR|btb_tgt[0][1]             ; Lost fanout                                                               ;
; branch_predictor:U_BRANCH_PREDICTOR|btb_tgt[8][1]             ; Lost fanout                                                               ;
; Total Number of Removed Registers = 327                       ;                                                                           ;
+---------------------------------------------------------------+---------------------------------------------------------------------------+
* Table truncated at 100 items. To change the number of removed registers reported, set the "Number of Removed Registers Reported" option under Assignments->Settings->Analysis and Synthesis Settings->More Settings


+-----------------------------------------------------------------------------------------------------------------------------------------+
; Removed Registers Triggering Further Register Optimizations                                                                             ;
+----------------------------------------------------------+---------------------------+--------------------------------------------------+
; Register name                                            ; Reason for Removal        ; Registers Removed due to This Register           ;
+----------------------------------------------------------+---------------------------+--------------------------------------------------+
; appendix_n_special_registers:U_SPECIAL_REGISTERS|ir_r[7] ; Stuck at GND              ; branch_predictor:U_BRANCH_PREDICTOR|btb_valid[0] ;
;                                                          ; due to stuck port data_in ;                                                  ;
+----------------------------------------------------------+---------------------------+--------------------------------------------------+


+------------------------------------------------------+
; General Register Statistics                          ;
+----------------------------------------------+-------+
; Statistic                                    ; Value ;
+----------------------------------------------+-------+
; Total registers                              ; 2440  ;
; Number of registers using Synchronous Clear  ; 1164  ;
; Number of registers using Synchronous Load   ; 1057  ;
; Number of registers using Asynchronous Clear ; 0     ;
; Number of registers using Asynchronous Load  ; 0     ;
; Number of registers using Clock Enable       ; 2342  ;
; Number of registers using Preset             ; 0     ;
+----------------------------------------------+-------+


+--------------------------------------------------+
; Inverted Register Statistics                     ;
+----------------------------------------+---------+
; Inverted Register                      ; Fan out ;
+----------------------------------------+---------+
; stack7x16:U_STACK_CONTROL|sp_r[0]      ; 10      ;
; stack7x16:U_STACK_CONTROL|sp_r[1]      ; 37      ;
; stack7x16:U_STACK_CONTROL|sp_r[2]      ; 38      ;
; Total number of inverted registers = 3 ;         ;
+----------------------------------------+---------+


+-------------------------------------------------------------------------------------+
; Registers Packed Into Inferred Megafunctions                                        ;
+---------------------------------------+--------------------------------------+------+
; Register Name                         ; Megafunction                         ; Type ;
+---------------------------------------+--------------------------------------+------+
; ram_sync:U_MEMORY|q_r[0]              ; ram_sync:U_MEMORY|mem~25             ; RAM  ;
; ram_sync:U_MEMORY|q_r[1]              ; ram_sync:U_MEMORY|mem~25             ; RAM  ;
; ram_sync:U_MEMORY|q_r[2]              ; ram_sync:U_MEMORY|mem~25             ; RAM  ;
; ram_sync:U_MEMORY|q_r[3]              ; ram_sync:U_MEMORY|mem~25             ; RAM  ;
; ram_sync:U_MEMORY|q_r[4]              ; ram_sync:U_MEMORY|mem~25             ; RAM  ;
; ram_sync:U_MEMORY|q_r[5]              ; ram_sync:U_MEMORY|mem~25             ; RAM  ;
; ram_sync:U_MEMORY|q_r[6]              ; ram_sync:U_MEMORY|mem~25             ; RAM  ;
; ram_sync:U_MEMORY|q_r[7]              ; ram_sync:U_MEMORY|mem~25             ; RAM  ;
; ram_sync:U_MEMORY|q_r[8]              ; ram_sync:U_MEMORY|mem~25             ; RAM  ;
; ram_sync:U_MEMORY|q_r[9]              ; ram_sync:U_MEMORY|mem~25             ; RAM  ;
; ram_sync:U_MEMORY|q_r[10]             ; ram_sync:U_MEMORY|mem~25             ; RAM  ;
; ram_sync:U_MEMORY|q_r[11]             ; ram_sync:U_MEMORY|mem~25             ; RAM  ;
; ram_sync:U_MEMORY|q_r[12]             ; ram_sync:U_MEMORY|mem~25             ; RAM  ;
; ram_sync:U_MEMORY|q_r[13]             ; ram_sync:U_MEMORY|mem~25             ; RAM  ;
; ram_sync:U_MEMORY|q_r[14]             ; ram_sync:U_MEMORY|mem~25             ; RAM  ;
; ram_sync:U_MEMORY|q_r[15]             ; ram_sync:U_MEMORY|mem~25             ; RAM  ;
; rom_sync:U_COMMAND_MEMORY_ROM|q_r[11] ; rom_sync:U_COMMAND_MEMORY_ROM|Mux0~0 ; ROM  ;
; rom_sync:U_COMMAND_MEMORY_ROM|q_r[10] ; rom_sync:U_COMMAND_MEMORY_ROM|Mux0~0 ; ROM  ;
; rom_sync:U_COMMAND_MEMORY_ROM|q_r[9]  ; rom_sync:U_COMMAND_MEMORY_ROM|Mux0~0 ; ROM  ;
; rom_sync:U_COMMAND_MEMORY_ROM|q_r[8]  ; rom_sync:U_COMMAND_MEMORY_ROM|Mux0~0 ; ROM  ;
; rom_sync:U_COMMAND_MEMORY_ROM|q_r[6]  ; rom_sync:U_COMMAND_MEMORY_ROM|Mux0~0 ; ROM  ;
; rom_sync:U_COMMAND_MEMORY_ROM|q_r[5]  ; rom_sync:U_COMMAND_MEMORY_ROM|Mux0~0 ; ROM  ;
; rom_sync:U_COMMAND_MEMORY_ROM|q_r[4]  ; rom_sync:U_COMMAND_MEMORY_ROM|Mux0~0 ; ROM  ;
; rom_sync:U_COMMAND_MEMORY_ROM|q_r[3]  ; rom_sync:U_COMMAND_MEMORY_ROM|Mux0~0 ; ROM  ;
; rom_sync:U_COMMAND_MEMORY_ROM|q_r[2]  ; rom_sync:U_COMMAND_MEMORY_ROM|Mux0~0 ; ROM  ;
; rom_sync:U_COMMAND_MEMORY_ROM|q_r[1]  ; rom_sync:U_COMMAND_MEMORY_ROM|Mux0~0 ; ROM  ;
; rom_sync:U_COMMAND_MEMORY_ROM|q_r[0]  ; rom_sync:U_COMMAND_MEMORY_ROM|Mux0~0 ; ROM  ;
+---------------------------------------+--------------------------------------+------+


+-----------------------------------------------------------------------------------------------------------------------------------------------------------------------------------------------------+
; Multiplexer Restructuring Statistics (Restructuring Performed)                                                                                                                                      ;
+--------------------+-----------+---------------+----------------------+------------------------+------------+---------------------------------------------------------------------------------------+
; Multiplexer Inputs ; Bus Width ; Baseline Area ; Area if Restructured ; Saving if Restructured ; Registered ; Example Multiplexer Output                                                            ;
+--------------------+-----------+---------------+----------------------+------------------------+------------+---------------------------------------------------------------------------------------+
; 3:1                ; 11 bits   ; 22 LEs        ; 11 LEs               ; 11 LEs                 ; Yes        ; |appendix_n_microevm_top|appendix_n_special_registers:U_SPECIAL_REGISTERS|ir_r[2]     ;
; 3:1                ; 4 bits    ; 8 LEs         ; 4 LEs                ; 4 LEs                  ; Yes        ; |appendix_n_microevm_top|appendix_n_special_registers:U_SPECIAL_REGISTERS|addr_h_r[8] ;
; 3:1                ; 7 bits    ; 14 LEs        ; 7 LEs                ; 7 LEs                  ; Yes        ; |appendix_n_microevm_top|appendix_n_special_registers:U_SPECIAL_REGISTERS|addr_l_r[0] ;
; 3:1                ; 5 bits    ; 10 LEs        ; 5 LEs                ; 5 LEs                  ; Yes        ; |appendix_n_microevm_top|appendix_n_special_registers:U_SPECIAL_REGISTERS|ip_r[12]    ;
; 3:1                ; 11 bits   ; 22 LEs        ; 22 LEs               ; 0 LEs                  ; Yes        ; |appendix_n_microevm_top|appendix_n_special_registers:U_SPECIAL_REGISTERS|ip_r[0]     ;
; 3:1                ; 2 bits    ; 4 LEs         ; 2 LEs                ; 2 LEs                  ; Yes        ; |appendix_n_microevm_top|branch_predictor:U_BRANCH_PREDICTOR|ghr_r[0]                 ;
; 4:1                ; 32 bits   ; 64 LEs        ; 32 LEs               ; 32 LEs                 ; Yes        ; |appendix_n_microevm_top|cache_4way_age:U_DATA_CACHE|tag_req_r[8]                     ;
; 4:1                ; 16 bits   ; 32 LEs        ; 16 LEs               ; 16 LEs                 ; Yes        ; |appendix_n_microevm_top|reg_file12x16_dbg:U_ALU_RON_REGISTER_FILE|regs[11][8]        ;
; 4:1                ; 16 bits   ; 32 LEs        ; 16 LEs               ; 16 LEs                 ; Yes        ; |appendix_n_microevm_top|reg_file12x16_dbg:U_ALU_RON_REGISTER_FILE|regs[10][9]        ;
; 4:1                ; 16 bits   ; 32 LEs        ; 16 LEs               ; 16 LEs                 ; Yes        ; |appendix_n_microevm_top|reg_file12x16_dbg:U_ALU_RON_REGISTER_FILE|regs[9][10]        ;
; 4:1                ; 16 bits   ; 32 LEs        ; 16 LEs               ; 16 LEs                 ; Yes        ; |appendix_n_microevm_top|reg_file12x16_dbg:U_ALU_RON_REGISTER_FILE|regs[8][10]        ;
; 4:1                ; 16 bits   ; 32 LEs        ; 16 LEs               ; 16 LEs                 ; Yes        ; |appendix_n_microevm_top|reg_file12x16_dbg:U_ALU_RON_REGISTER_FILE|regs[7][9]         ;
; 4:1                ; 16 bits   ; 32 LEs        ; 16 LEs               ; 16 LEs                 ; Yes        ; |appendix_n_microevm_top|reg_file12x16_dbg:U_ALU_RON_REGISTER_FILE|regs[6][11]        ;
; 4:1                ; 16 bits   ; 32 LEs        ; 16 LEs               ; 16 LEs                 ; Yes        ; |appendix_n_microevm_top|reg_file12x16_dbg:U_ALU_RON_REGISTER_FILE|regs[5][3]         ;
; 4:1                ; 16 bits   ; 32 LEs        ; 16 LEs               ; 16 LEs                 ; Yes        ; |appendix_n_microevm_top|reg_file12x16_dbg:U_ALU_RON_REGISTER_FILE|regs[4][13]        ;
; 4:1                ; 16 bits   ; 32 LEs        ; 16 LEs               ; 16 LEs                 ; Yes        ; |appendix_n_microevm_top|reg_file12x16_dbg:U_ALU_RON_REGISTER_FILE|regs[3][0]         ;
; 4:1                ; 16 bits   ; 32 LEs        ; 16 LEs               ; 16 LEs                 ; Yes        ; |appendix_n_microevm_top|reg_file12x16_dbg:U_ALU_RON_REGISTER_FILE|regs[2][5]         ;
; 4:1                ; 16 bits   ; 32 LEs        ; 16 LEs               ; 16 LEs                 ; Yes        ; |appendix_n_microevm_top|reg_file12x16_dbg:U_ALU_RON_REGISTER_FILE|regs[1][12]        ;
; 4:1                ; 16 bits   ; 32 LEs        ; 16 LEs               ; 16 LEs                 ; Yes        ; |appendix_n_microevm_top|reg_file12x16_dbg:U_ALU_RON_REGISTER_FILE|regs[0][13]        ;
; 5:1                ; 11 bits   ; 33 LEs        ; 11 LEs               ; 22 LEs                 ; Yes        ; |appendix_n_microevm_top|branch_predictor:U_BRANCH_PREDICTOR|btb_tgt[15][10]          ;
; 5:1                ; 11 bits   ; 33 LEs        ; 11 LEs               ; 22 LEs                 ; Yes        ; |appendix_n_microevm_top|branch_predictor:U_BRANCH_PREDICTOR|btb_tgt[14][9]           ;
; 5:1                ; 11 bits   ; 33 LEs        ; 11 LEs               ; 22 LEs                 ; Yes        ; |appendix_n_microevm_top|branch_predictor:U_BRANCH_PREDICTOR|btb_tgt[13][9]           ;
; 5:1                ; 11 bits   ; 33 LEs        ; 11 LEs               ; 22 LEs                 ; Yes        ; |appendix_n_microevm_top|branch_predictor:U_BRANCH_PREDICTOR|btb_tgt[12][4]           ;
; 5:1                ; 11 bits   ; 33 LEs        ; 11 LEs               ; 22 LEs                 ; Yes        ; |appendix_n_microevm_top|branch_predictor:U_BRANCH_PREDICTOR|btb_tgt[11][5]           ;
; 5:1                ; 11 bits   ; 33 LEs        ; 11 LEs               ; 22 LEs                 ; Yes        ; |appendix_n_microevm_top|branch_predictor:U_BRANCH_PREDICTOR|btb_tgt[10][3]           ;
; 5:1                ; 11 bits   ; 33 LEs        ; 11 LEs               ; 22 LEs                 ; Yes        ; |appendix_n_microevm_top|branch_predictor:U_BRANCH_PREDICTOR|btb_tgt[9][9]            ;
; 5:1                ; 11 bits   ; 33 LEs        ; 11 LEs               ; 22 LEs                 ; Yes        ; |appendix_n_microevm_top|branch_predictor:U_BRANCH_PREDICTOR|btb_tgt[8][3]            ;
; 5:1                ; 11 bits   ; 33 LEs        ; 11 LEs               ; 22 LEs                 ; Yes        ; |appendix_n_microevm_top|branch_predictor:U_BRANCH_PREDICTOR|btb_tgt[7][10]           ;
; 5:1                ; 11 bits   ; 33 LEs        ; 11 LEs               ; 22 LEs                 ; Yes        ; |appendix_n_microevm_top|branch_predictor:U_BRANCH_PREDICTOR|btb_tgt[6][10]           ;
; 5:1                ; 11 bits   ; 33 LEs        ; 11 LEs               ; 22 LEs                 ; Yes        ; |appendix_n_microevm_top|branch_predictor:U_BRANCH_PREDICTOR|btb_tgt[5][10]           ;
; 5:1                ; 11 bits   ; 33 LEs        ; 11 LEs               ; 22 LEs                 ; Yes        ; |appendix_n_microevm_top|branch_predictor:U_BRANCH_PREDICTOR|btb_tgt[4][6]            ;
; 5:1                ; 11 bits   ; 33 LEs        ; 11 LEs               ; 22 LEs                 ; Yes        ; |appendix_n_microevm_top|branch_predictor:U_BRANCH_PREDICTOR|btb_tgt[3][8]            ;
; 5:1                ; 11 bits   ; 33 LEs        ; 11 LEs               ; 22 LEs                 ; Yes        ; |appendix_n_microevm_top|branch_predictor:U_BRANCH_PREDICTOR|btb_tgt[2][10]           ;
; 5:1                ; 11 bits   ; 33 LEs        ; 11 LEs               ; 22 LEs                 ; Yes        ; |appendix_n_microevm_top|branch_predictor:U_BRANCH_PREDICTOR|btb_tgt[1][9]            ;
; 5:1                ; 11 bits   ; 33 LEs        ; 11 LEs               ; 22 LEs                 ; Yes        ; |appendix_n_microevm_top|branch_predictor:U_BRANCH_PREDICTOR|btb_tgt[0][4]            ;
; 5:1                ; 16 bits   ; 48 LEs        ; 16 LEs               ; 32 LEs                 ; Yes        ; |appendix_n_microevm_top|stack7x16:U_STACK_CONTROL|mem[3][11]                         ;
; 5:1                ; 16 bits   ; 48 LEs        ; 16 LEs               ; 32 LEs                 ; Yes        ; |appendix_n_microevm_top|stack7x16:U_STACK_CONTROL|mem[4][3]                          ;
; 5:1                ; 16 bits   ; 48 LEs        ; 16 LEs               ; 32 LEs                 ; Yes        ; |appendix_n_microevm_top|stack7x16:U_STACK_CONTROL|mem[0][5]                          ;
; 5:1                ; 16 bits   ; 48 LEs        ; 16 LEs               ; 32 LEs                 ; Yes        ; |appendix_n_microevm_top|stack7x16:U_STACK_CONTROL|mem[5][4]                          ;
; 5:1                ; 16 bits   ; 48 LEs        ; 16 LEs               ; 32 LEs                 ; Yes        ; |appendix_n_microevm_top|stack7x16:U_STACK_CONTROL|mem[1][1]                          ;
; 5:1                ; 16 bits   ; 48 LEs        ; 16 LEs               ; 32 LEs                 ; Yes        ; |appendix_n_microevm_top|stack7x16:U_STACK_CONTROL|mem[6][13]                         ;
; 5:1                ; 16 bits   ; 48 LEs        ; 16 LEs               ; 32 LEs                 ; Yes        ; |appendix_n_microevm_top|stack7x16:U_STACK_CONTROL|mem[2][4]                          ;
; 6:1                ; 2 bits    ; 8 LEs         ; 2 LEs                ; 6 LEs                  ; Yes        ; |appendix_n_microevm_top|dma_controller_3word:U_DMAC_CONTROLLER|index_r[1]            ;
; 6:1                ; 8 bits    ; 32 LEs        ; 16 LEs               ; 16 LEs                 ; Yes        ; |appendix_n_microevm_top|cache_4way_age:U_DATA_CACHE|ram_addr_r[4]                    ;
; 6:1                ; 2 bits    ; 8 LEs         ; 8 LEs                ; 0 LEs                  ; Yes        ; |appendix_n_microevm_top|cache_4way_age:U_DATA_CACHE|cpu_ready_r                      ;
; 11:1               ; 16 bits   ; 112 LEs       ; 80 LEs               ; 32 LEs                 ; Yes        ; |appendix_n_microevm_top|stack7x16:U_STACK_CONTROL|dout_r[2]                          ;
; 6:1                ; 12 bits   ; 48 LEs        ; 12 LEs               ; 36 LEs                 ; Yes        ; |appendix_n_microevm_top|cache_4way_age:U_DATA_CACHE|tag_r[0][0][5]                   ;
; 6:1                ; 12 bits   ; 48 LEs        ; 12 LEs               ; 36 LEs                 ; Yes        ; |appendix_n_microevm_top|cache_4way_age:U_DATA_CACHE|tag_r[1][0][6]                   ;
; 6:1                ; 12 bits   ; 48 LEs        ; 12 LEs               ; 36 LEs                 ; Yes        ; |appendix_n_microevm_top|cache_4way_age:U_DATA_CACHE|tag_r[2][0][1]                   ;
; 6:1                ; 12 bits   ; 48 LEs        ; 12 LEs               ; 36 LEs                 ; Yes        ; |appendix_n_microevm_top|cache_4way_age:U_DATA_CACHE|tag_r[3][0][10]                  ;
; 6:1                ; 12 bits   ; 48 LEs        ; 12 LEs               ; 36 LEs                 ; Yes        ; |appendix_n_microevm_top|cache_4way_age:U_DATA_CACHE|tag_r[4][0][1]                   ;
; 6:1                ; 12 bits   ; 48 LEs        ; 12 LEs               ; 36 LEs                 ; Yes        ; |appendix_n_microevm_top|cache_4way_age:U_DATA_CACHE|tag_r[5][0][1]                   ;
; 6:1                ; 12 bits   ; 48 LEs        ; 12 LEs               ; 36 LEs                 ; Yes        ; |appendix_n_microevm_top|cache_4way_age:U_DATA_CACHE|tag_r[6][0][0]                   ;
; 6:1                ; 12 bits   ; 48 LEs        ; 12 LEs               ; 36 LEs                 ; Yes        ; |appendix_n_microevm_top|cache_4way_age:U_DATA_CACHE|tag_r[7][0][9]                   ;
; 6:1                ; 12 bits   ; 48 LEs        ; 12 LEs               ; 36 LEs                 ; Yes        ; |appendix_n_microevm_top|cache_4way_age:U_DATA_CACHE|tag_r[8][0][1]                   ;
; 6:1                ; 12 bits   ; 48 LEs        ; 12 LEs               ; 36 LEs                 ; Yes        ; |appendix_n_microevm_top|cache_4way_age:U_DATA_CACHE|tag_r[9][0][7]                   ;
; 6:1                ; 12 bits   ; 48 LEs        ; 12 LEs               ; 36 LEs                 ; Yes        ; |appendix_n_microevm_top|cache_4way_age:U_DATA_CACHE|tag_r[10][0][4]                  ;
; 6:1                ; 12 bits   ; 48 LEs        ; 12 LEs               ; 36 LEs                 ; Yes        ; |appendix_n_microevm_top|cache_4way_age:U_DATA_CACHE|tag_r[11][0][7]                  ;
; 6:1                ; 12 bits   ; 48 LEs        ; 12 LEs               ; 36 LEs                 ; Yes        ; |appendix_n_microevm_top|cache_4way_age:U_DATA_CACHE|tag_r[12][0][10]                 ;
; 6:1                ; 12 bits   ; 48 LEs        ; 12 LEs               ; 36 LEs                 ; Yes        ; |appendix_n_microevm_top|cache_4way_age:U_DATA_CACHE|tag_r[13][0][0]                  ;
; 6:1                ; 12 bits   ; 48 LEs        ; 12 LEs               ; 36 LEs                 ; Yes        ; |appendix_n_microevm_top|cache_4way_age:U_DATA_CACHE|tag_r[14][0][6]                  ;
; 6:1                ; 12 bits   ; 48 LEs        ; 12 LEs               ; 36 LEs                 ; Yes        ; |appendix_n_microevm_top|cache_4way_age:U_DATA_CACHE|tag_r[15][0][9]                  ;
; 6:1                ; 12 bits   ; 48 LEs        ; 12 LEs               ; 36 LEs                 ; Yes        ; |appendix_n_microevm_top|cache_4way_age:U_DATA_CACHE|tag_r[0][1][9]                   ;
; 6:1                ; 12 bits   ; 48 LEs        ; 12 LEs               ; 36 LEs                 ; Yes        ; |appendix_n_microevm_top|cache_4way_age:U_DATA_CACHE|tag_r[1][1][9]                   ;
; 6:1                ; 12 bits   ; 48 LEs        ; 12 LEs               ; 36 LEs                 ; Yes        ; |appendix_n_microevm_top|cache_4way_age:U_DATA_CACHE|tag_r[2][1][9]                   ;
; 6:1                ; 12 bits   ; 48 LEs        ; 12 LEs               ; 36 LEs                 ; Yes        ; |appendix_n_microevm_top|cache_4way_age:U_DATA_CACHE|tag_r[3][1][6]                   ;
; 6:1                ; 12 bits   ; 48 LEs        ; 12 LEs               ; 36 LEs                 ; Yes        ; |appendix_n_microevm_top|cache_4way_age:U_DATA_CACHE|tag_r[4][1][11]                  ;
; 6:1                ; 12 bits   ; 48 LEs        ; 12 LEs               ; 36 LEs                 ; Yes        ; |appendix_n_microevm_top|cache_4way_age:U_DATA_CACHE|tag_r[5][1][3]                   ;
; 6:1                ; 12 bits   ; 48 LEs        ; 12 LEs               ; 36 LEs                 ; Yes        ; |appendix_n_microevm_top|cache_4way_age:U_DATA_CACHE|tag_r[6][1][8]                   ;
; 6:1                ; 12 bits   ; 48 LEs        ; 12 LEs               ; 36 LEs                 ; Yes        ; |appendix_n_microevm_top|cache_4way_age:U_DATA_CACHE|tag_r[7][1][9]                   ;
; 6:1                ; 12 bits   ; 48 LEs        ; 12 LEs               ; 36 LEs                 ; Yes        ; |appendix_n_microevm_top|cache_4way_age:U_DATA_CACHE|tag_r[8][1][9]                   ;
; 6:1                ; 12 bits   ; 48 LEs        ; 12 LEs               ; 36 LEs                 ; Yes        ; |appendix_n_microevm_top|cache_4way_age:U_DATA_CACHE|tag_r[9][1][4]                   ;
; 6:1                ; 12 bits   ; 48 LEs        ; 12 LEs               ; 36 LEs                 ; Yes        ; |appendix_n_microevm_top|cache_4way_age:U_DATA_CACHE|tag_r[10][1][8]                  ;
; 6:1                ; 12 bits   ; 48 LEs        ; 12 LEs               ; 36 LEs                 ; Yes        ; |appendix_n_microevm_top|cache_4way_age:U_DATA_CACHE|tag_r[11][1][7]                  ;
; 6:1                ; 12 bits   ; 48 LEs        ; 12 LEs               ; 36 LEs                 ; Yes        ; |appendix_n_microevm_top|cache_4way_age:U_DATA_CACHE|tag_r[12][1][4]                  ;
; 6:1                ; 12 bits   ; 48 LEs        ; 12 LEs               ; 36 LEs                 ; Yes        ; |appendix_n_microevm_top|cache_4way_age:U_DATA_CACHE|tag_r[13][1][3]                  ;
; 6:1                ; 12 bits   ; 48 LEs        ; 12 LEs               ; 36 LEs                 ; Yes        ; |appendix_n_microevm_top|cache_4way_age:U_DATA_CACHE|tag_r[14][1][8]                  ;
; 6:1                ; 12 bits   ; 48 LEs        ; 12 LEs               ; 36 LEs                 ; Yes        ; |appendix_n_microevm_top|cache_4way_age:U_DATA_CACHE|tag_r[15][1][8]                  ;
; 6:1                ; 12 bits   ; 48 LEs        ; 12 LEs               ; 36 LEs                 ; Yes        ; |appendix_n_microevm_top|cache_4way_age:U_DATA_CACHE|tag_r[0][2][10]                  ;
; 6:1                ; 12 bits   ; 48 LEs        ; 12 LEs               ; 36 LEs                 ; Yes        ; |appendix_n_microevm_top|cache_4way_age:U_DATA_CACHE|tag_r[1][2][5]                   ;
; 6:1                ; 12 bits   ; 48 LEs        ; 12 LEs               ; 36 LEs                 ; Yes        ; |appendix_n_microevm_top|cache_4way_age:U_DATA_CACHE|tag_r[2][2][9]                   ;
; 6:1                ; 12 bits   ; 48 LEs        ; 12 LEs               ; 36 LEs                 ; Yes        ; |appendix_n_microevm_top|cache_4way_age:U_DATA_CACHE|tag_r[3][2][2]                   ;
; 6:1                ; 12 bits   ; 48 LEs        ; 12 LEs               ; 36 LEs                 ; Yes        ; |appendix_n_microevm_top|cache_4way_age:U_DATA_CACHE|tag_r[4][2][2]                   ;
; 6:1                ; 12 bits   ; 48 LEs        ; 12 LEs               ; 36 LEs                 ; Yes        ; |appendix_n_microevm_top|cache_4way_age:U_DATA_CACHE|tag_r[5][2][4]                   ;
; 6:1                ; 12 bits   ; 48 LEs        ; 12 LEs               ; 36 LEs                 ; Yes        ; |appendix_n_microevm_top|cache_4way_age:U_DATA_CACHE|tag_r[6][2][1]                   ;
; 6:1                ; 12 bits   ; 48 LEs        ; 12 LEs               ; 36 LEs                 ; Yes        ; |appendix_n_microevm_top|cache_4way_age:U_DATA_CACHE|tag_r[7][2][0]                   ;
; 6:1                ; 12 bits   ; 48 LEs        ; 12 LEs               ; 36 LEs                 ; Yes        ; |appendix_n_microevm_top|cache_4way_age:U_DATA_CACHE|tag_r[8][2][4]                   ;
; 6:1                ; 12 bits   ; 48 LEs        ; 12 LEs               ; 36 LEs                 ; Yes        ; |appendix_n_microevm_top|cache_4way_age:U_DATA_CACHE|tag_r[9][2][10]                  ;
; 6:1                ; 12 bits   ; 48 LEs        ; 12 LEs               ; 36 LEs                 ; Yes        ; |appendix_n_microevm_top|cache_4way_age:U_DATA_CACHE|tag_r[10][2][9]                  ;
; 6:1                ; 12 bits   ; 48 LEs        ; 12 LEs               ; 36 LEs                 ; Yes        ; |appendix_n_microevm_top|cache_4way_age:U_DATA_CACHE|tag_r[11][2][10]                 ;
; 6:1                ; 12 bits   ; 48 LEs        ; 12 LEs               ; 36 LEs                 ; Yes        ; |appendix_n_microevm_top|cache_4way_age:U_DATA_CACHE|tag_r[12][2][1]                  ;
; 6:1                ; 12 bits   ; 48 LEs        ; 12 LEs               ; 36 LEs                 ; Yes        ; |appendix_n_microevm_top|cache_4way_age:U_DATA_CACHE|tag_r[13][2][0]                  ;
; 6:1                ; 12 bits   ; 48 LEs        ; 12 LEs               ; 36 LEs                 ; Yes        ; |appendix_n_microevm_top|cache_4way_age:U_DATA_CACHE|tag_r[14][2][8]                  ;
; 6:1                ; 12 bits   ; 48 LEs        ; 12 LEs               ; 36 LEs                 ; Yes        ; |appendix_n_microevm_top|cache_4way_age:U_DATA_CACHE|tag_r[15][2][5]                  ;
; 6:1                ; 12 bits   ; 48 LEs        ; 12 LEs               ; 36 LEs                 ; Yes        ; |appendix_n_microevm_top|cache_4way_age:U_DATA_CACHE|tag_r[0][3][3]                   ;
; 6:1                ; 12 bits   ; 48 LEs        ; 12 LEs               ; 36 LEs                 ; Yes        ; |appendix_n_microevm_top|cache_4way_age:U_DATA_CACHE|tag_r[1][3][11]                  ;
; 6:1                ; 12 bits   ; 48 LEs        ; 12 LEs               ; 36 LEs                 ; Yes        ; |appendix_n_microevm_top|cache_4way_age:U_DATA_CACHE|tag_r[2][3][2]                   ;
; 6:1                ; 12 bits   ; 48 LEs        ; 12 LEs               ; 36 LEs                 ; Yes        ; |appendix_n_microevm_top|cache_4way_age:U_DATA_CACHE|tag_r[3][3][9]                   ;
; 6:1                ; 12 bits   ; 48 LEs        ; 12 LEs               ; 36 LEs                 ; Yes        ; |appendix_n_microevm_top|cache_4way_age:U_DATA_CACHE|tag_r[4][3][8]                   ;
; 6:1                ; 12 bits   ; 48 LEs        ; 12 LEs               ; 36 LEs                 ; Yes        ; |appendix_n_microevm_top|cache_4way_age:U_DATA_CACHE|tag_r[5][3][10]                  ;
; 6:1                ; 12 bits   ; 48 LEs        ; 12 LEs               ; 36 LEs                 ; Yes        ; |appendix_n_microevm_top|cache_4way_age:U_DATA_CACHE|tag_r[6][3][8]                   ;
; 6:1                ; 12 bits   ; 48 LEs        ; 12 LEs               ; 36 LEs                 ; Yes        ; |appendix_n_microevm_top|cache_4way_age:U_DATA_CACHE|tag_r[7][3][8]                   ;
; 6:1                ; 12 bits   ; 48 LEs        ; 12 LEs               ; 36 LEs                 ; Yes        ; |appendix_n_microevm_top|cache_4way_age:U_DATA_CACHE|tag_r[8][3][0]                   ;
; 6:1                ; 12 bits   ; 48 LEs        ; 12 LEs               ; 36 LEs                 ; Yes        ; |appendix_n_microevm_top|cache_4way_age:U_DATA_CACHE|tag_r[9][3][6]                   ;
; 6:1                ; 12 bits   ; 48 LEs        ; 12 LEs               ; 36 LEs                 ; Yes        ; |appendix_n_microevm_top|cache_4way_age:U_DATA_CACHE|tag_r[10][3][5]                  ;
; 6:1                ; 12 bits   ; 48 LEs        ; 12 LEs               ; 36 LEs                 ; Yes        ; |appendix_n_microevm_top|cache_4way_age:U_DATA_CACHE|tag_r[11][3][4]                  ;
; 6:1                ; 12 bits   ; 48 LEs        ; 12 LEs               ; 36 LEs                 ; Yes        ; |appendix_n_microevm_top|cache_4way_age:U_DATA_CACHE|tag_r[12][3][2]                  ;
; 6:1                ; 12 bits   ; 48 LEs        ; 12 LEs               ; 36 LEs                 ; Yes        ; |appendix_n_microevm_top|cache_4way_age:U_DATA_CACHE|tag_r[13][3][4]                  ;
; 6:1                ; 12 bits   ; 48 LEs        ; 12 LEs               ; 36 LEs                 ; Yes        ; |appendix_n_microevm_top|cache_4way_age:U_DATA_CACHE|tag_r[14][3][2]                  ;
; 6:1                ; 12 bits   ; 48 LEs        ; 12 LEs               ; 36 LEs                 ; Yes        ; |appendix_n_microevm_top|cache_4way_age:U_DATA_CACHE|tag_r[15][3][1]                  ;
; 7:1                ; 16 bits   ; 64 LEs        ; 32 LEs               ; 32 LEs                 ; Yes        ; |appendix_n_microevm_top|cache_4way_age:U_DATA_CACHE|ram_wdata_r[2]                   ;
; 7:1                ; 2 bits    ; 8 LEs         ; 4 LEs                ; 4 LEs                  ; Yes        ; |appendix_n_microevm_top|cache_4way_age:U_DATA_CACHE|victim_r[1]                      ;
; 7:1                ; 2 bits    ; 8 LEs         ; 2 LEs                ; 6 LEs                  ; Yes        ; |appendix_n_microevm_top|cache_4way_age:U_DATA_CACHE|age_r[0][0][0]                   ;
; 7:1                ; 2 bits    ; 8 LEs         ; 2 LEs                ; 6 LEs                  ; Yes        ; |appendix_n_microevm_top|cache_4way_age:U_DATA_CACHE|age_r[1][0][0]                   ;
; 7:1                ; 2 bits    ; 8 LEs         ; 2 LEs                ; 6 LEs                  ; Yes        ; |appendix_n_microevm_top|cache_4way_age:U_DATA_CACHE|age_r[2][0][1]                   ;
; 7:1                ; 2 bits    ; 8 LEs         ; 2 LEs                ; 6 LEs                  ; Yes        ; |appendix_n_microevm_top|cache_4way_age:U_DATA_CACHE|age_r[3][0][1]                   ;
; 7:1                ; 2 bits    ; 8 LEs         ; 2 LEs                ; 6 LEs                  ; Yes        ; |appendix_n_microevm_top|cache_4way_age:U_DATA_CACHE|age_r[4][0][0]                   ;
; 7:1                ; 2 bits    ; 8 LEs         ; 2 LEs                ; 6 LEs                  ; Yes        ; |appendix_n_microevm_top|cache_4way_age:U_DATA_CACHE|age_r[5][0][1]                   ;
; 7:1                ; 2 bits    ; 8 LEs         ; 2 LEs                ; 6 LEs                  ; Yes        ; |appendix_n_microevm_top|cache_4way_age:U_DATA_CACHE|age_r[6][0][0]                   ;
; 7:1                ; 2 bits    ; 8 LEs         ; 2 LEs                ; 6 LEs                  ; Yes        ; |appendix_n_microevm_top|cache_4way_age:U_DATA_CACHE|age_r[7][0][0]                   ;
; 7:1                ; 2 bits    ; 8 LEs         ; 2 LEs                ; 6 LEs                  ; Yes        ; |appendix_n_microevm_top|cache_4way_age:U_DATA_CACHE|age_r[8][0][1]                   ;
; 7:1                ; 2 bits    ; 8 LEs         ; 2 LEs                ; 6 LEs                  ; Yes        ; |appendix_n_microevm_top|cache_4way_age:U_DATA_CACHE|age_r[9][0][1]                   ;
; 7:1                ; 2 bits    ; 8 LEs         ; 2 LEs                ; 6 LEs                  ; Yes        ; |appendix_n_microevm_top|cache_4way_age:U_DATA_CACHE|age_r[10][0][1]                  ;
; 7:1                ; 2 bits    ; 8 LEs         ; 2 LEs                ; 6 LEs                  ; Yes        ; |appendix_n_microevm_top|cache_4way_age:U_DATA_CACHE|age_r[11][0][1]                  ;
; 7:1                ; 2 bits    ; 8 LEs         ; 2 LEs                ; 6 LEs                  ; Yes        ; |appendix_n_microevm_top|cache_4way_age:U_DATA_CACHE|age_r[12][0][1]                  ;
; 7:1                ; 2 bits    ; 8 LEs         ; 2 LEs                ; 6 LEs                  ; Yes        ; |appendix_n_microevm_top|cache_4way_age:U_DATA_CACHE|age_r[13][0][0]                  ;
; 7:1                ; 2 bits    ; 8 LEs         ; 2 LEs                ; 6 LEs                  ; Yes        ; |appendix_n_microevm_top|cache_4way_age:U_DATA_CACHE|age_r[14][0][0]                  ;
; 7:1                ; 2 bits    ; 8 LEs         ; 2 LEs                ; 6 LEs                  ; Yes        ; |appendix_n_microevm_top|cache_4way_age:U_DATA_CACHE|age_r[15][0][0]                  ;
; 7:1                ; 2 bits    ; 8 LEs         ; 2 LEs                ; 6 LEs                  ; Yes        ; |appendix_n_microevm_top|cache_4way_age:U_DATA_CACHE|age_r[0][1][0]                   ;
; 7:1                ; 2 bits    ; 8 LEs         ; 2 LEs                ; 6 LEs                  ; Yes        ; |appendix_n_microevm_top|cache_4way_age:U_DATA_CACHE|age_r[1][1][0]                   ;
; 7:1                ; 2 bits    ; 8 LEs         ; 2 LEs                ; 6 LEs                  ; Yes        ; |appendix_n_microevm_top|cache_4way_age:U_DATA_CACHE|age_r[2][1][1]                   ;
; 7:1                ; 2 bits    ; 8 LEs         ; 2 LEs                ; 6 LEs                  ; Yes        ; |appendix_n_microevm_top|cache_4way_age:U_DATA_CACHE|age_r[3][1][1]                   ;
; 7:1                ; 2 bits    ; 8 LEs         ; 2 LEs                ; 6 LEs                  ; Yes        ; |appendix_n_microevm_top|cache_4way_age:U_DATA_CACHE|age_r[4][1][1]                   ;
; 7:1                ; 2 bits    ; 8 LEs         ; 2 LEs                ; 6 LEs                  ; Yes        ; |appendix_n_microevm_top|cache_4way_age:U_DATA_CACHE|age_r[5][1][1]                   ;
; 7:1                ; 2 bits    ; 8 LEs         ; 2 LEs                ; 6 LEs                  ; Yes        ; |appendix_n_microevm_top|cache_4way_age:U_DATA_CACHE|age_r[6][1][0]                   ;
; 7:1                ; 2 bits    ; 8 LEs         ; 2 LEs                ; 6 LEs                  ; Yes        ; |appendix_n_microevm_top|cache_4way_age:U_DATA_CACHE|age_r[7][1][0]                   ;
; 7:1                ; 2 bits    ; 8 LEs         ; 2 LEs                ; 6 LEs                  ; Yes        ; |appendix_n_microevm_top|cache_4way_age:U_DATA_CACHE|age_r[8][1][1]                   ;
; 7:1                ; 2 bits    ; 8 LEs         ; 2 LEs                ; 6 LEs                  ; Yes        ; |appendix_n_microevm_top|cache_4way_age:U_DATA_CACHE|age_r[9][1][0]                   ;
; 7:1                ; 2 bits    ; 8 LEs         ; 2 LEs                ; 6 LEs                  ; Yes        ; |appendix_n_microevm_top|cache_4way_age:U_DATA_CACHE|age_r[10][1][0]                  ;
; 7:1                ; 2 bits    ; 8 LEs         ; 2 LEs                ; 6 LEs                  ; Yes        ; |appendix_n_microevm_top|cache_4way_age:U_DATA_CACHE|age_r[11][1][1]                  ;
; 7:1                ; 2 bits    ; 8 LEs         ; 2 LEs                ; 6 LEs                  ; Yes        ; |appendix_n_microevm_top|cache_4way_age:U_DATA_CACHE|age_r[12][1][1]                  ;
; 7:1                ; 2 bits    ; 8 LEs         ; 2 LEs                ; 6 LEs                  ; Yes        ; |appendix_n_microevm_top|cache_4way_age:U_DATA_CACHE|age_r[13][1][1]                  ;
; 7:1                ; 2 bits    ; 8 LEs         ; 2 LEs                ; 6 LEs                  ; Yes        ; |appendix_n_microevm_top|cache_4way_age:U_DATA_CACHE|age_r[14][1][0]                  ;
; 7:1                ; 2 bits    ; 8 LEs         ; 2 LEs                ; 6 LEs                  ; Yes        ; |appendix_n_microevm_top|cache_4way_age:U_DATA_CACHE|age_r[15][1][1]                  ;
; 7:1                ; 2 bits    ; 8 LEs         ; 2 LEs                ; 6 LEs                  ; Yes        ; |appendix_n_microevm_top|cache_4way_age:U_DATA_CACHE|age_r[0][2][1]                   ;
; 7:1                ; 2 bits    ; 8 LEs         ; 2 LEs                ; 6 LEs                  ; Yes        ; |appendix_n_microevm_top|cache_4way_age:U_DATA_CACHE|age_r[1][2][1]                   ;
; 7:1                ; 2 bits    ; 8 LEs         ; 2 LEs                ; 6 LEs                  ; Yes        ; |appendix_n_microevm_top|cache_4way_age:U_DATA_CACHE|age_r[2][2][1]                   ;
; 7:1                ; 2 bits    ; 8 LEs         ; 2 LEs                ; 6 LEs                  ; Yes        ; |appendix_n_microevm_top|cache_4way_age:U_DATA_CACHE|age_r[3][2][1]                   ;
; 7:1                ; 2 bits    ; 8 LEs         ; 2 LEs                ; 6 LEs                  ; Yes        ; |appendix_n_microevm_top|cache_4way_age:U_DATA_CACHE|age_r[4][2][0]                   ;
; 7:1                ; 2 bits    ; 8 LEs         ; 2 LEs                ; 6 LEs                  ; Yes        ; |appendix_n_microevm_top|cache_4way_age:U_DATA_CACHE|age_r[5][2][0]                   ;
; 7:1                ; 2 bits    ; 8 LEs         ; 2 LEs                ; 6 LEs                  ; Yes        ; |appendix_n_microevm_top|cache_4way_age:U_DATA_CACHE|age_r[6][2][0]                   ;
; 7:1                ; 2 bits    ; 8 LEs         ; 2 LEs                ; 6 LEs                  ; Yes        ; |appendix_n_microevm_top|cache_4way_age:U_DATA_CACHE|age_r[7][2][0]                   ;
; 7:1                ; 2 bits    ; 8 LEs         ; 2 LEs                ; 6 LEs                  ; Yes        ; |appendix_n_microevm_top|cache_4way_age:U_DATA_CACHE|age_r[8][2][0]                   ;
; 7:1                ; 2 bits    ; 8 LEs         ; 2 LEs                ; 6 LEs                  ; Yes        ; |appendix_n_microevm_top|cache_4way_age:U_DATA_CACHE|age_r[9][2][1]                   ;
; 7:1                ; 2 bits    ; 8 LEs         ; 2 LEs                ; 6 LEs                  ; Yes        ; |appendix_n_microevm_top|cache_4way_age:U_DATA_CACHE|age_r[10][2][1]                  ;
; 7:1                ; 2 bits    ; 8 LEs         ; 2 LEs                ; 6 LEs                  ; Yes        ; |appendix_n_microevm_top|cache_4way_age:U_DATA_CACHE|age_r[11][2][1]                  ;
; 7:1                ; 2 bits    ; 8 LEs         ; 2 LEs                ; 6 LEs                  ; Yes        ; |appendix_n_microevm_top|cache_4way_age:U_DATA_CACHE|age_r[12][2][1]                  ;
; 7:1                ; 2 bits    ; 8 LEs         ; 2 LEs                ; 6 LEs                  ; Yes        ; |appendix_n_microevm_top|cache_4way_age:U_DATA_CACHE|age_r[13][2][0]                  ;
; 7:1                ; 2 bits    ; 8 LEs         ; 2 LEs                ; 6 LEs                  ; Yes        ; |appendix_n_microevm_top|cache_4way_age:U_DATA_CACHE|age_r[14][2][0]                  ;
; 7:1                ; 2 bits    ; 8 LEs         ; 2 LEs                ; 6 LEs                  ; Yes        ; |appendix_n_microevm_top|cache_4way_age:U_DATA_CACHE|age_r[15][2][1]                  ;
; 7:1                ; 2 bits    ; 8 LEs         ; 2 LEs                ; 6 LEs                  ; Yes        ; |appendix_n_microevm_top|cache_4way_age:U_DATA_CACHE|age_r[0][3][1]                   ;
; 7:1                ; 2 bits    ; 8 LEs         ; 2 LEs                ; 6 LEs                  ; Yes        ; |appendix_n_microevm_top|cache_4way_age:U_DATA_CACHE|age_r[1][3][0]                   ;
; 7:1                ; 2 bits    ; 8 LEs         ; 2 LEs                ; 6 LEs                  ; Yes        ; |appendix_n_microevm_top|cache_4way_age:U_DATA_CACHE|age_r[2][3][0]                   ;
; 7:1                ; 2 bits    ; 8 LEs         ; 2 LEs                ; 6 LEs                  ; Yes        ; |appendix_n_microevm_top|cache_4way_age:U_DATA_CACHE|age_r[3][3][0]                   ;
; 7:1                ; 2 bits    ; 8 LEs         ; 2 LEs                ; 6 LEs                  ; Yes        ; |appendix_n_microevm_top|cache_4way_age:U_DATA_CACHE|age_r[4][3][1]                   ;
; 7:1                ; 2 bits    ; 8 LEs         ; 2 LEs                ; 6 LEs                  ; Yes        ; |appendix_n_microevm_top|cache_4way_age:U_DATA_CACHE|age_r[5][3][1]                   ;
; 7:1                ; 2 bits    ; 8 LEs         ; 2 LEs                ; 6 LEs                  ; Yes        ; |appendix_n_microevm_top|cache_4way_age:U_DATA_CACHE|age_r[6][3][1]                   ;
; 7:1                ; 2 bits    ; 8 LEs         ; 2 LEs                ; 6 LEs                  ; Yes        ; |appendix_n_microevm_top|cache_4way_age:U_DATA_CACHE|age_r[7][3][0]                   ;
; 7:1                ; 2 bits    ; 8 LEs         ; 2 LEs                ; 6 LEs                  ; Yes        ; |appendix_n_microevm_top|cache_4way_age:U_DATA_CACHE|age_r[8][3][0]                   ;
; 7:1                ; 2 bits    ; 8 LEs         ; 2 LEs                ; 6 LEs                  ; Yes        ; |appendix_n_microevm_top|cache_4way_age:U_DATA_CACHE|age_r[9][3][0]                   ;
; 7:1                ; 2 bits    ; 8 LEs         ; 2 LEs                ; 6 LEs                  ; Yes        ; |appendix_n_microevm_top|cache_4way_age:U_DATA_CACHE|age_r[10][3][1]                  ;
; 7:1                ; 2 bits    ; 8 LEs         ; 2 LEs                ; 6 LEs                  ; Yes        ; |appendix_n_microevm_top|cache_4way_age:U_DATA_CACHE|age_r[11][3][0]                  ;
; 7:1                ; 2 bits    ; 8 LEs         ; 2 LEs                ; 6 LEs                  ; Yes        ; |appendix_n_microevm_top|cache_4way_age:U_DATA_CACHE|age_r[12][3][0]                  ;
; 7:1                ; 2 bits    ; 8 LEs         ; 2 LEs                ; 6 LEs                  ; Yes        ; |appendix_n_microevm_top|cache_4way_age:U_DATA_CACHE|age_r[13][3][0]                  ;
; 7:1                ; 2 bits    ; 8 LEs         ; 2 LEs                ; 6 LEs                  ; Yes        ; |appendix_n_microevm_top|cache_4way_age:U_DATA_CACHE|age_r[14][3][0]                  ;
; 7:1                ; 2 bits    ; 8 LEs         ; 2 LEs                ; 6 LEs                  ; Yes        ; |appendix_n_microevm_top|cache_4way_age:U_DATA_CACHE|age_r[15][3][0]                  ;
; 14:1               ; 16 bits   ; 144 LEs       ; 32 LEs               ; 112 LEs                ; Yes        ; |appendix_n_microevm_top|cache_4way_age:U_DATA_CACHE|data_r[0][0][3]                  ;
; 14:1               ; 16 bits   ; 144 LEs       ; 32 LEs               ; 112 LEs                ; Yes        ; |appendix_n_microevm_top|cache_4way_age:U_DATA_CACHE|data_r[1][0][6]                  ;
; 14:1               ; 16 bits   ; 144 LEs       ; 32 LEs               ; 112 LEs                ; Yes        ; |appendix_n_microevm_top|cache_4way_age:U_DATA_CACHE|data_r[2][0][4]                  ;
; 14:1               ; 16 bits   ; 144 LEs       ; 32 LEs               ; 112 LEs                ; Yes        ; |appendix_n_microevm_top|cache_4way_age:U_DATA_CACHE|data_r[3][0][4]                  ;
; 14:1               ; 16 bits   ; 144 LEs       ; 32 LEs               ; 112 LEs                ; Yes        ; |appendix_n_microevm_top|cache_4way_age:U_DATA_CACHE|data_r[4][0][2]                  ;
; 14:1               ; 16 bits   ; 144 LEs       ; 32 LEs               ; 112 LEs                ; Yes        ; |appendix_n_microevm_top|cache_4way_age:U_DATA_CACHE|data_r[5][0][11]                 ;
; 14:1               ; 16 bits   ; 144 LEs       ; 32 LEs               ; 112 LEs                ; Yes        ; |appendix_n_microevm_top|cache_4way_age:U_DATA_CACHE|data_r[6][0][9]                  ;
; 14:1               ; 16 bits   ; 144 LEs       ; 32 LEs               ; 112 LEs                ; Yes        ; |appendix_n_microevm_top|cache_4way_age:U_DATA_CACHE|data_r[7][0][12]                 ;
; 14:1               ; 16 bits   ; 144 LEs       ; 32 LEs               ; 112 LEs                ; Yes        ; |appendix_n_microevm_top|cache_4way_age:U_DATA_CACHE|data_r[8][0][8]                  ;
; 14:1               ; 16 bits   ; 144 LEs       ; 32 LEs               ; 112 LEs                ; Yes        ; |appendix_n_microevm_top|cache_4way_age:U_DATA_CACHE|data_r[9][0][9]                  ;
; 14:1               ; 16 bits   ; 144 LEs       ; 32 LEs               ; 112 LEs                ; Yes        ; |appendix_n_microevm_top|cache_4way_age:U_DATA_CACHE|data_r[10][0][6]                 ;
; 14:1               ; 16 bits   ; 144 LEs       ; 32 LEs               ; 112 LEs                ; Yes        ; |appendix_n_microevm_top|cache_4way_age:U_DATA_CACHE|data_r[11][0][6]                 ;
; 14:1               ; 16 bits   ; 144 LEs       ; 32 LEs               ; 112 LEs                ; Yes        ; |appendix_n_microevm_top|cache_4way_age:U_DATA_CACHE|data_r[12][0][1]                 ;
; 14:1               ; 16 bits   ; 144 LEs       ; 32 LEs               ; 112 LEs                ; Yes        ; |appendix_n_microevm_top|cache_4way_age:U_DATA_CACHE|data_r[13][0][9]                 ;
; 14:1               ; 16 bits   ; 144 LEs       ; 32 LEs               ; 112 LEs                ; Yes        ; |appendix_n_microevm_top|cache_4way_age:U_DATA_CACHE|data_r[14][0][10]                ;
; 14:1               ; 16 bits   ; 144 LEs       ; 32 LEs               ; 112 LEs                ; Yes        ; |appendix_n_microevm_top|cache_4way_age:U_DATA_CACHE|data_r[15][0][13]                ;
; 14:1               ; 16 bits   ; 144 LEs       ; 32 LEs               ; 112 LEs                ; Yes        ; |appendix_n_microevm_top|cache_4way_age:U_DATA_CACHE|data_r[0][1][12]                 ;
; 14:1               ; 16 bits   ; 144 LEs       ; 32 LEs               ; 112 LEs                ; Yes        ; |appendix_n_microevm_top|cache_4way_age:U_DATA_CACHE|data_r[1][1][5]                  ;
; 14:1               ; 16 bits   ; 144 LEs       ; 32 LEs               ; 112 LEs                ; Yes        ; |appendix_n_microevm_top|cache_4way_age:U_DATA_CACHE|data_r[2][1][15]                 ;
; 14:1               ; 16 bits   ; 144 LEs       ; 32 LEs               ; 112 LEs                ; Yes        ; |appendix_n_microevm_top|cache_4way_age:U_DATA_CACHE|data_r[3][1][12]                 ;
; 14:1               ; 16 bits   ; 144 LEs       ; 32 LEs               ; 112 LEs                ; Yes        ; |appendix_n_microevm_top|cache_4way_age:U_DATA_CACHE|data_r[4][1][1]                  ;
; 14:1               ; 16 bits   ; 144 LEs       ; 32 LEs               ; 112 LEs                ; Yes        ; |appendix_n_microevm_top|cache_4way_age:U_DATA_CACHE|data_r[5][1][10]                 ;
; 14:1               ; 16 bits   ; 144 LEs       ; 32 LEs               ; 112 LEs                ; Yes        ; |appendix_n_microevm_top|cache_4way_age:U_DATA_CACHE|data_r[6][1][9]                  ;
; 14:1               ; 16 bits   ; 144 LEs       ; 32 LEs               ; 112 LEs                ; Yes        ; |appendix_n_microevm_top|cache_4way_age:U_DATA_CACHE|data_r[7][1][14]                 ;
; 14:1               ; 16 bits   ; 144 LEs       ; 32 LEs               ; 112 LEs                ; Yes        ; |appendix_n_microevm_top|cache_4way_age:U_DATA_CACHE|data_r[8][1][5]                  ;
; 14:1               ; 16 bits   ; 144 LEs       ; 32 LEs               ; 112 LEs                ; Yes        ; |appendix_n_microevm_top|cache_4way_age:U_DATA_CACHE|data_r[9][1][4]                  ;
; 14:1               ; 16 bits   ; 144 LEs       ; 32 LEs               ; 112 LEs                ; Yes        ; |appendix_n_microevm_top|cache_4way_age:U_DATA_CACHE|data_r[10][1][4]                 ;
; 14:1               ; 16 bits   ; 144 LEs       ; 32 LEs               ; 112 LEs                ; Yes        ; |appendix_n_microevm_top|cache_4way_age:U_DATA_CACHE|data_r[11][1][7]                 ;
; 14:1               ; 16 bits   ; 144 LEs       ; 32 LEs               ; 112 LEs                ; Yes        ; |appendix_n_microevm_top|cache_4way_age:U_DATA_CACHE|data_r[12][1][14]                ;
; 14:1               ; 16 bits   ; 144 LEs       ; 32 LEs               ; 112 LEs                ; Yes        ; |appendix_n_microevm_top|cache_4way_age:U_DATA_CACHE|data_r[13][1][11]                ;
; 14:1               ; 16 bits   ; 144 LEs       ; 32 LEs               ; 112 LEs                ; Yes        ; |appendix_n_microevm_top|cache_4way_age:U_DATA_CACHE|data_r[14][1][12]                ;
; 14:1               ; 16 bits   ; 144 LEs       ; 32 LEs               ; 112 LEs                ; Yes        ; |appendix_n_microevm_top|cache_4way_age:U_DATA_CACHE|data_r[15][1][0]                 ;
; 14:1               ; 16 bits   ; 144 LEs       ; 32 LEs               ; 112 LEs                ; Yes        ; |appendix_n_microevm_top|cache_4way_age:U_DATA_CACHE|data_r[0][2][2]                  ;
; 14:1               ; 16 bits   ; 144 LEs       ; 32 LEs               ; 112 LEs                ; Yes        ; |appendix_n_microevm_top|cache_4way_age:U_DATA_CACHE|data_r[1][2][8]                  ;
; 14:1               ; 16 bits   ; 144 LEs       ; 32 LEs               ; 112 LEs                ; Yes        ; |appendix_n_microevm_top|cache_4way_age:U_DATA_CACHE|data_r[2][2][15]                 ;
; 14:1               ; 16 bits   ; 144 LEs       ; 32 LEs               ; 112 LEs                ; Yes        ; |appendix_n_microevm_top|cache_4way_age:U_DATA_CACHE|data_r[3][2][8]                  ;
; 14:1               ; 16 bits   ; 144 LEs       ; 32 LEs               ; 112 LEs                ; Yes        ; |appendix_n_microevm_top|cache_4way_age:U_DATA_CACHE|data_r[4][2][6]                  ;
; 14:1               ; 16 bits   ; 144 LEs       ; 32 LEs               ; 112 LEs                ; Yes        ; |appendix_n_microevm_top|cache_4way_age:U_DATA_CACHE|data_r[5][2][2]                  ;
; 14:1               ; 16 bits   ; 144 LEs       ; 32 LEs               ; 112 LEs                ; Yes        ; |appendix_n_microevm_top|cache_4way_age:U_DATA_CACHE|data_r[6][2][9]                  ;
; 14:1               ; 16 bits   ; 144 LEs       ; 32 LEs               ; 112 LEs                ; Yes        ; |appendix_n_microevm_top|cache_4way_age:U_DATA_CACHE|data_r[7][2][0]                  ;
; 14:1               ; 16 bits   ; 144 LEs       ; 32 LEs               ; 112 LEs                ; Yes        ; |appendix_n_microevm_top|cache_4way_age:U_DATA_CACHE|data_r[8][2][13]                 ;
; 14:1               ; 16 bits   ; 144 LEs       ; 32 LEs               ; 112 LEs                ; Yes        ; |appendix_n_microevm_top|cache_4way_age:U_DATA_CACHE|data_r[9][2][11]                 ;
; 14:1               ; 16 bits   ; 144 LEs       ; 32 LEs               ; 112 LEs                ; Yes        ; |appendix_n_microevm_top|cache_4way_age:U_DATA_CACHE|data_r[10][2][11]                ;
; 14:1               ; 16 bits   ; 144 LEs       ; 32 LEs               ; 112 LEs                ; Yes        ; |appendix_n_microevm_top|cache_4way_age:U_DATA_CACHE|data_r[11][2][6]                 ;
; 14:1               ; 16 bits   ; 144 LEs       ; 32 LEs               ; 112 LEs                ; Yes        ; |appendix_n_microevm_top|cache_4way_age:U_DATA_CACHE|data_r[12][2][13]                ;
; 14:1               ; 16 bits   ; 144 LEs       ; 32 LEs               ; 112 LEs                ; Yes        ; |appendix_n_microevm_top|cache_4way_age:U_DATA_CACHE|data_r[13][2][14]                ;
; 14:1               ; 16 bits   ; 144 LEs       ; 32 LEs               ; 112 LEs                ; Yes        ; |appendix_n_microevm_top|cache_4way_age:U_DATA_CACHE|data_r[14][2][2]                 ;
; 14:1               ; 16 bits   ; 144 LEs       ; 32 LEs               ; 112 LEs                ; Yes        ; |appendix_n_microevm_top|cache_4way_age:U_DATA_CACHE|data_r[15][2][3]                 ;
; 14:1               ; 16 bits   ; 144 LEs       ; 32 LEs               ; 112 LEs                ; Yes        ; |appendix_n_microevm_top|cache_4way_age:U_DATA_CACHE|data_r[0][3][3]                  ;
; 14:1               ; 16 bits   ; 144 LEs       ; 32 LEs               ; 112 LEs                ; Yes        ; |appendix_n_microevm_top|cache_4way_age:U_DATA_CACHE|data_r[1][3][0]                  ;
; 14:1               ; 16 bits   ; 144 LEs       ; 32 LEs               ; 112 LEs                ; Yes        ; |appendix_n_microevm_top|cache_4way_age:U_DATA_CACHE|data_r[2][3][0]                  ;
; 14:1               ; 16 bits   ; 144 LEs       ; 32 LEs               ; 112 LEs                ; Yes        ; |appendix_n_microevm_top|cache_4way_age:U_DATA_CACHE|data_r[3][3][1]                  ;
; 14:1               ; 16 bits   ; 144 LEs       ; 32 LEs               ; 112 LEs                ; Yes        ; |appendix_n_microevm_top|cache_4way_age:U_DATA_CACHE|data_r[4][3][14]                 ;
; 14:1               ; 16 bits   ; 144 LEs       ; 32 LEs               ; 112 LEs                ; Yes        ; |appendix_n_microevm_top|cache_4way_age:U_DATA_CACHE|data_r[5][3][11]                 ;
; 14:1               ; 16 bits   ; 144 LEs       ; 32 LEs               ; 112 LEs                ; Yes        ; |appendix_n_microevm_top|cache_4way_age:U_DATA_CACHE|data_r[6][3][13]                 ;
; 14:1               ; 16 bits   ; 144 LEs       ; 32 LEs               ; 112 LEs                ; Yes        ; |appendix_n_microevm_top|cache_4way_age:U_DATA_CACHE|data_r[7][3][6]                  ;
; 14:1               ; 16 bits   ; 144 LEs       ; 32 LEs               ; 112 LEs                ; Yes        ; |appendix_n_microevm_top|cache_4way_age:U_DATA_CACHE|data_r[8][3][8]                  ;
; 14:1               ; 16 bits   ; 144 LEs       ; 32 LEs               ; 112 LEs                ; Yes        ; |appendix_n_microevm_top|cache_4way_age:U_DATA_CACHE|data_r[9][3][4]                  ;
; 14:1               ; 16 bits   ; 144 LEs       ; 32 LEs               ; 112 LEs                ; Yes        ; |appendix_n_microevm_top|cache_4way_age:U_DATA_CACHE|data_r[10][3][9]                 ;
; 14:1               ; 16 bits   ; 144 LEs       ; 32 LEs               ; 112 LEs                ; Yes        ; |appendix_n_microevm_top|cache_4way_age:U_DATA_CACHE|data_r[11][3][3]                 ;
; 14:1               ; 16 bits   ; 144 LEs       ; 32 LEs               ; 112 LEs                ; Yes        ; |appendix_n_microevm_top|cache_4way_age:U_DATA_CACHE|data_r[12][3][3]                 ;
; 14:1               ; 16 bits   ; 144 LEs       ; 32 LEs               ; 112 LEs                ; Yes        ; |appendix_n_microevm_top|cache_4way_age:U_DATA_CACHE|data_r[13][3][8]                 ;
; 14:1               ; 16 bits   ; 144 LEs       ; 32 LEs               ; 112 LEs                ; Yes        ; |appendix_n_microevm_top|cache_4way_age:U_DATA_CACHE|data_r[14][3][3]                 ;
; 14:1               ; 16 bits   ; 144 LEs       ; 32 LEs               ; 112 LEs                ; Yes        ; |appendix_n_microevm_top|cache_4way_age:U_DATA_CACHE|data_r[15][3][2]                 ;
; 69:1               ; 16 bits   ; 736 LEs       ; 704 LEs              ; 32 LEs                 ; Yes        ; |appendix_n_microevm_top|cache_4way_age:U_DATA_CACHE|cpu_rdata_r[7]                   ;
; 5:1                ; 3 bits    ; 9 LEs         ; 6 LEs                ; 3 LEs                  ; Yes        ; |appendix_n_microevm_top|stack7x16:U_STACK_CONTROL|sp_r[1]                            ;
; 3:1                ; 2 bits    ; 4 LEs         ; 4 LEs                ; 0 LEs                  ; No         ; |appendix_n_microevm_top|branch_predictor:U_BRANCH_PREDICTOR|pht                      ;
; 8:1                ; 16 bits   ; 80 LEs        ; 80 LEs               ; 0 LEs                  ; No         ; |appendix_n_microevm_top|reg_file12x16_dbg:U_ALU_RON_REGISTER_FILE|Mux15              ;
; 16:1               ; 3 bits    ; 30 LEs        ; 30 LEs               ; 0 LEs                  ; No         ; |appendix_n_microevm_top|branch_predictor:U_BRANCH_PREDICTOR|Mux0                     ;
; 16:1               ; 60 bits   ; 600 LEs       ; 600 LEs              ; 0 LEs                  ; No         ; |appendix_n_microevm_top|cache_4way_age:U_DATA_CACHE|Mux20                            ;
; 16:1               ; 12 bits   ; 120 LEs       ; 120 LEs              ; 0 LEs                  ; No         ; |appendix_n_microevm_top|cache_4way_age:U_DATA_CACHE|Mux396                           ;
; 7:1                ; 15 bits   ; 60 LEs        ; 45 LEs               ; 15 LEs                 ; No         ; |appendix_n_microevm_top|alu_core:U_ALU_UNIT|Mux15                                    ;
; 13:1               ; 16 bits   ; 128 LEs       ; 128 LEs              ; 0 LEs                  ; No         ; |appendix_n_microevm_top|reg_file12x16_dbg:U_ALU_RON_REGISTER_FILE|dout_b_o[4]        ;
; 20:1               ; 11 bits   ; 143 LEs       ; 132 LEs              ; 11 LEs                 ; No         ; |appendix_n_microevm_top|appendix_n_mux2_16:U_MUX_SYS_ADDR|result_o[11]               ;
; 7:1                ; 2 bits    ; 8 LEs         ; 4 LEs                ; 4 LEs                  ; No         ; |appendix_n_microevm_top|cache_4way_age:U_DATA_CACHE|state_r                          ;
; 9:1                ; 4 bits    ; 24 LEs        ; 16 LEs               ; 8 LEs                  ; No         ; |appendix_n_microevm_top|dma_controller_3word:U_DMAC_CONTROLLER|state_r               ;
; 9:1                ; 2 bits    ; 12 LEs        ; 8 LEs                ; 4 LEs                  ; No         ; |appendix_n_microevm_top|cache_4way_age:U_DATA_CACHE|state_r                          ;
; 32:1               ; 3 bits    ; 63 LEs        ; 63 LEs               ; 0 LEs                  ; No         ; |appendix_n_microevm_top|cache_4way_age:U_DATA_CACHE|Mux60                            ;
; 64:1               ; 3 bits    ; 126 LEs       ; 126 LEs              ; 0 LEs                  ; No         ; |appendix_n_microevm_top|cache_4way_age:U_DATA_CACHE|Mux113                           ;
+--------------------+-----------+---------------+----------------------+------------------------+------------+---------------------------------------------------------------------------------------+


+----------------------------------------------------------------------------------------------+
; Source assignments for ram_sync:U_MEMORY|altsyncram:mem_rtl_0|altsyncram_mpi1:auto_generated ;
+---------------------------------+--------------------+------+--------------------------------+
; Assignment                      ; Value              ; From ; To                             ;
+---------------------------------+--------------------+------+--------------------------------+
; OPTIMIZE_POWER_DURING_SYNTHESIS ; NORMAL_COMPILATION ; -    ; -                              ;
+---------------------------------+--------------------+------+--------------------------------+


+--------------------------------------------------------------------------------------------------------------------------+
; Source assignments for ram_sync:U_MEMORY|altsyncram:mem_rtl_0|altsyncram_mpi1:auto_generated|altsyncram_ocm1:altsyncram1 ;
+---------------------------------+--------------------+------+------------------------------------------------------------+
; Assignment                      ; Value              ; From ; To                                                         ;
+---------------------------------+--------------------+------+------------------------------------------------------------+
; OPTIMIZE_POWER_DURING_SYNTHESIS ; NORMAL_COMPILATION ; -    ; -                                                          ;
+---------------------------------+--------------------+------+------------------------------------------------------------+


+-----------------------------------------------------------------------------------------------------------+
; Source assignments for rom_sync:U_COMMAND_MEMORY_ROM|altsyncram:Mux0_rtl_1|altsyncram_ba21:auto_generated ;
+---------------------------------+--------------------+------+---------------------------------------------+
; Assignment                      ; Value              ; From ; To                                          ;
+---------------------------------+--------------------+------+---------------------------------------------+
; OPTIMIZE_POWER_DURING_SYNTHESIS ; NORMAL_COMPILATION ; -    ; -                                           ;
+---------------------------------+--------------------+------+---------------------------------------------+


+-------------------------------------------------------------------------------------+
; Parameter Settings for User Entity Instance: dma_controller_3word:U_DMAC_CONTROLLER ;
+----------------+------------------+-------------------------------------------------+
; Parameter Name ; Value            ; Type                                            ;
+----------------+------------------+-------------------------------------------------+
; base_addr_g    ; 0000000000001010 ; Unsigned Binary                                 ;
+----------------+------------------+-------------------------------------------------+
Note: In order to hide this table in the UI and the text report file, please set the "Show Parameter Settings Tables in Synthesis Report" option in "Analysis and Synthesis Settings -> More Settings" to "Off".


+----------------------------------------------------------------------------------------------------+
; Parameter Settings for Inferred Entity Instance: ram_sync:U_MEMORY|altsyncram:mem_rtl_0            ;
+------------------------------------+----------------------------------------------+----------------+
; Parameter Name                     ; Value                                        ; Type           ;
+------------------------------------+----------------------------------------------+----------------+
; BYTE_SIZE_BLOCK                    ; 8                                            ; Untyped        ;
; AUTO_CARRY_CHAINS                  ; ON                                           ; AUTO_CARRY     ;
; IGNORE_CARRY_BUFFERS               ; OFF                                          ; IGNORE_CARRY   ;
; AUTO_CASCADE_CHAINS                ; ON                                           ; AUTO_CASCADE   ;
; IGNORE_CASCADE_BUFFERS             ; OFF                                          ; IGNORE_CASCADE ;
; WIDTH_BYTEENA                      ; 1                                            ; Untyped        ;
; OPERATION_MODE                     ; DUAL_PORT                                    ; Untyped        ;
; WIDTH_A                            ; 16                                           ; Untyped        ;
; WIDTHAD_A                          ; 8                                            ; Untyped        ;
; NUMWORDS_A                         ; 256                                          ; Untyped        ;
; OUTDATA_REG_A                      ; UNREGISTERED                                 ; Untyped        ;
; ADDRESS_ACLR_A                     ; NONE                                         ; Untyped        ;
; OUTDATA_ACLR_A                     ; NONE                                         ; Untyped        ;
; WRCONTROL_ACLR_A                   ; NONE                                         ; Untyped        ;
; INDATA_ACLR_A                      ; NONE                                         ; Untyped        ;
; BYTEENA_ACLR_A                     ; NONE                                         ; Untyped        ;
; WIDTH_B                            ; 16                                           ; Untyped        ;
; WIDTHAD_B                          ; 8                                            ; Untyped        ;
; NUMWORDS_B                         ; 256                                          ; Untyped        ;
; INDATA_REG_B                       ; CLOCK1                                       ; Untyped        ;
; WRCONTROL_WRADDRESS_REG_B          ; CLOCK1                                       ; Untyped        ;
; RDCONTROL_REG_B                    ; CLOCK1                                       ; Untyped        ;
; ADDRESS_REG_B                      ; CLOCK1                                       ; Untyped        ;
; OUTDATA_REG_B                      ; UNREGISTERED                                 ; Untyped        ;
; BYTEENA_REG_B                      ; CLOCK1                                       ; Untyped        ;
; INDATA_ACLR_B                      ; NONE                                         ; Untyped        ;
; WRCONTROL_ACLR_B                   ; NONE                                         ; Untyped        ;
; ADDRESS_ACLR_B                     ; NONE                                         ; Untyped        ;
; OUTDATA_ACLR_B                     ; NONE                                         ; Untyped        ;
; RDCONTROL_ACLR_B                   ; NONE                                         ; Untyped        ;
; BYTEENA_ACLR_B                     ; NONE                                         ; Untyped        ;
; WIDTH_BYTEENA_A                    ; 1                                            ; Untyped        ;
; WIDTH_BYTEENA_B                    ; 1                                            ; Untyped        ;
; RAM_BLOCK_TYPE                     ; AUTO                                         ; Untyped        ;
; BYTE_SIZE                          ; 8                                            ; Untyped        ;
; READ_DURING_WRITE_MODE_MIXED_PORTS ; DONT_CARE                                    ; Untyped        ;
; READ_DURING_WRITE_MODE_PORT_A      ; NEW_DATA_NO_NBE_READ                         ; Untyped        ;
; READ_DURING_WRITE_MODE_PORT_B      ; NEW_DATA_NO_NBE_READ                         ; Untyped        ;
; INIT_FILE                          ; db/coursework.ram0_ram_sync_18452fb9.hdl.mif ; Untyped        ;
; INIT_FILE_LAYOUT                   ; PORT_A                                       ; Untyped        ;
; MAXIMUM_DEPTH                      ; 0                                            ; Untyped        ;
; CLOCK_ENABLE_INPUT_A               ; NORMAL                                       ; Untyped        ;
; CLOCK_ENABLE_INPUT_B               ; NORMAL                                       ; Untyped        ;
; CLOCK_ENABLE_OUTPUT_A              ; NORMAL                                       ; Untyped        ;
; CLOCK_ENABLE_OUTPUT_B              ; NORMAL                                       ; Untyped        ;
; CLOCK_ENABLE_CORE_A                ; USE_INPUT_CLKEN                              ; Untyped        ;
; CLOCK_ENABLE_CORE_B                ; USE_INPUT_CLKEN                              ; Untyped        ;
; ENABLE_ECC                         ; FALSE                                        ; Untyped        ;
; DEVICE_FAMILY                      ; Cyclone II                                   ; Untyped        ;
; CBXI_PARAMETER                     ; altsyncram_mpi1                              ; Untyped        ;
+------------------------------------+----------------------------------------------+----------------+
Note: In order to hide this table in the UI and the text report file, please set the "Show Parameter Settings Tables in Synthesis Report" option in "Analysis and Synthesis Settings -> More Settings" to "Off".


+------------------------------------------------------------------------------------------------------+
; Parameter Settings for Inferred Entity Instance: rom_sync:U_COMMAND_MEMORY_ROM|altsyncram:Mux0_rtl_1 ;
+------------------------------------+---------------------------------------------+-------------------+
; Parameter Name                     ; Value                                       ; Type              ;
+------------------------------------+---------------------------------------------+-------------------+
; BYTE_SIZE_BLOCK                    ; 8                                           ; Untyped           ;
; AUTO_CARRY_CHAINS                  ; ON                                          ; AUTO_CARRY        ;
; IGNORE_CARRY_BUFFERS               ; OFF                                         ; IGNORE_CARRY      ;
; AUTO_CASCADE_CHAINS                ; ON                                          ; AUTO_CASCADE      ;
; IGNORE_CASCADE_BUFFERS             ; OFF                                         ; IGNORE_CASCADE    ;
; WIDTH_BYTEENA                      ; 1                                           ; Untyped           ;
; OPERATION_MODE                     ; ROM                                         ; Untyped           ;
; WIDTH_A                            ; 11                                          ; Untyped           ;
; WIDTHAD_A                          ; 8                                           ; Untyped           ;
; NUMWORDS_A                         ; 256                                         ; Untyped           ;
; OUTDATA_REG_A                      ; UNREGISTERED                                ; Untyped           ;
; ADDRESS_ACLR_A                     ; NONE                                        ; Untyped           ;
; OUTDATA_ACLR_A                     ; NONE                                        ; Untyped           ;
; WRCONTROL_ACLR_A                   ; NONE                                        ; Untyped           ;
; INDATA_ACLR_A                      ; NONE                                        ; Untyped           ;
; BYTEENA_ACLR_A                     ; NONE                                        ; Untyped           ;
; WIDTH_B                            ; 1                                           ; Untyped           ;
; WIDTHAD_B                          ; 1                                           ; Untyped           ;
; NUMWORDS_B                         ; 1                                           ; Untyped           ;
; INDATA_REG_B                       ; CLOCK1                                      ; Untyped           ;
; WRCONTROL_WRADDRESS_REG_B          ; CLOCK1                                      ; Untyped           ;
; RDCONTROL_REG_B                    ; CLOCK1                                      ; Untyped           ;
; ADDRESS_REG_B                      ; CLOCK1                                      ; Untyped           ;
; OUTDATA_REG_B                      ; UNREGISTERED                                ; Untyped           ;
; BYTEENA_REG_B                      ; CLOCK1                                      ; Untyped           ;
; INDATA_ACLR_B                      ; NONE                                        ; Untyped           ;
; WRCONTROL_ACLR_B                   ; NONE                                        ; Untyped           ;
; ADDRESS_ACLR_B                     ; NONE                                        ; Untyped           ;
; OUTDATA_ACLR_B                     ; NONE                                        ; Untyped           ;
; RDCONTROL_ACLR_B                   ; NONE                                        ; Untyped           ;
; BYTEENA_ACLR_B                     ; NONE                                        ; Untyped           ;
; WIDTH_BYTEENA_A                    ; 1                                           ; Untyped           ;
; WIDTH_BYTEENA_B                    ; 1                                           ; Untyped           ;
; RAM_BLOCK_TYPE                     ; AUTO                                        ; Untyped           ;
; BYTE_SIZE                          ; 8                                           ; Untyped           ;
; READ_DURING_WRITE_MODE_MIXED_PORTS ; DONT_CARE                                   ; Untyped           ;
; READ_DURING_WRITE_MODE_PORT_A      ; NEW_DATA_NO_NBE_READ                        ; Untyped           ;
; READ_DURING_WRITE_MODE_PORT_B      ; NEW_DATA_NO_NBE_READ                        ; Untyped           ;
; INIT_FILE                          ; coursework.appendix_n_microevm_top0.rtl.mif ; Untyped           ;
; INIT_FILE_LAYOUT                   ; PORT_A                                      ; Untyped           ;
; MAXIMUM_DEPTH                      ; 0                                           ; Untyped           ;
; CLOCK_ENABLE_INPUT_A               ; NORMAL                                      ; Untyped           ;
; CLOCK_ENABLE_INPUT_B               ; NORMAL                                      ; Untyped           ;
; CLOCK_ENABLE_OUTPUT_A              ; NORMAL                                      ; Untyped           ;
; CLOCK_ENABLE_OUTPUT_B              ; NORMAL                                      ; Untyped           ;
; CLOCK_ENABLE_CORE_A                ; USE_INPUT_CLKEN                             ; Untyped           ;
; CLOCK_ENABLE_CORE_B                ; USE_INPUT_CLKEN                             ; Untyped           ;
; ENABLE_ECC                         ; FALSE                                       ; Untyped           ;
; DEVICE_FAMILY                      ; Cyclone II                                  ; Untyped           ;
; CBXI_PARAMETER                     ; altsyncram_ba21                             ; Untyped           ;
+------------------------------------+---------------------------------------------+-------------------+
Note: In order to hide this table in the UI and the text report file, please set the "Show Parameter Settings Tables in Synthesis Report" option in "Analysis and Synthesis Settings -> More Settings" to "Off".


+-------------------------------------------------------------------------------------------------+
; altsyncram Parameter Settings by Entity Instance                                                ;
+-------------------------------------------+-----------------------------------------------------+
; Name                                      ; Value                                               ;
+-------------------------------------------+-----------------------------------------------------+
; Number of entity instances                ; 2                                                   ;
; Entity Instance                           ; ram_sync:U_MEMORY|altsyncram:mem_rtl_0              ;
;     -- OPERATION_MODE                     ; DUAL_PORT                                           ;
;     -- WIDTH_A                            ; 16                                                  ;
;     -- NUMWORDS_A                         ; 256                                                 ;
;     -- OUTDATA_REG_A                      ; UNREGISTERED                                        ;
;     -- WIDTH_B                            ; 16                                                  ;
;     -- NUMWORDS_B                         ; 256                                                 ;
;     -- ADDRESS_REG_B                      ; CLOCK1                                              ;
;     -- OUTDATA_REG_B                      ; UNREGISTERED                                        ;
;     -- RAM_BLOCK_TYPE                     ; AUTO                                                ;
;     -- READ_DURING_WRITE_MODE_MIXED_PORTS ; DONT_CARE                                           ;
; Entity Instance                           ; rom_sync:U_COMMAND_MEMORY_ROM|altsyncram:Mux0_rtl_1 ;
;     -- OPERATION_MODE                     ; ROM                                                 ;
;     -- WIDTH_A                            ; 11                                                  ;
;     -- NUMWORDS_A                         ; 256                                                 ;
;     -- OUTDATA_REG_A                      ; UNREGISTERED                                        ;
;     -- WIDTH_B                            ; 1                                                   ;
;     -- NUMWORDS_B                         ; 1                                                   ;
;     -- ADDRESS_REG_B                      ; CLOCK1                                              ;
;     -- OUTDATA_REG_B                      ; UNREGISTERED                                        ;
;     -- RAM_BLOCK_TYPE                     ; AUTO                                                ;
;     -- READ_DURING_WRITE_MODE_MIXED_PORTS ; DONT_CARE                                           ;
+-------------------------------------------+-----------------------------------------------------+


+--------------------------------------------------------------------+
; Port Connectivity Checks: "dma_controller_3word:U_DMAC_CONTROLLER" ;
+-------------------+-------+----------+-----------------------------+
; Port              ; Type  ; Severity ; Details                     ;
+-------------------+-------+----------+-----------------------------+
; dev_data_i[15..8] ; Input ; Info     ; Stuck at GND                ;
+-------------------+-------+----------+-----------------------------+


+-----------------------------------------------------------------------------------------------------------------------+
; Port Connectivity Checks: "cache_4way_age:U_DATA_CACHE"                                                               ;
+-------------+--------+----------+-------------------------------------------------------------------------------------+
; Port        ; Type   ; Severity ; Details                                                                             ;
+-------------+--------+----------+-------------------------------------------------------------------------------------+
; cpu_ready_o ; Output ; Info     ; Connected to dangling logic. Logic that only feeds a dangling port will be removed. ;
+-------------+--------+----------+-------------------------------------------------------------------------------------+


+----------------------------------------------------------------------------------------------------------------+
; Port Connectivity Checks: "stack7x16:U_STACK_CONTROL"                                                          ;
+------+--------+----------+-------------------------------------------------------------------------------------+
; Port ; Type   ; Severity ; Details                                                                             ;
+------+--------+----------+-------------------------------------------------------------------------------------+
; sp_o ; Output ; Info     ; Connected to dangling logic. Logic that only feeds a dangling port will be removed. ;
+------+--------+----------+-------------------------------------------------------------------------------------+


+----------------------------------------------------------------------------------------------------------------+
; Port Connectivity Checks: "flags_reg:U_FLAGS_REGISTER"                                                         ;
+------+--------+----------+-------------------------------------------------------------------------------------+
; Port ; Type   ; Severity ; Details                                                                             ;
+------+--------+----------+-------------------------------------------------------------------------------------+
; z_o  ; Output ; Info     ; Connected to dangling logic. Logic that only feeds a dangling port will be removed. ;
; s_o  ; Output ; Info     ; Connected to dangling logic. Logic that only feeds a dangling port will be removed. ;
; c_o  ; Output ; Info     ; Connected to dangling logic. Logic that only feeds a dangling port will be removed. ;
; o_o  ; Output ; Info     ; Connected to dangling logic. Logic that only feeds a dangling port will be removed. ;
+------+--------+----------+-------------------------------------------------------------------------------------+


+-----------------------------------------------------------------------------------------------------------------+
; Port Connectivity Checks: "reg_file12x16_dbg:U_ALU_RON_REGISTER_FILE"                                           ;
+-------+--------+----------+-------------------------------------------------------------------------------------+
; Port  ; Type   ; Severity ; Details                                                                             ;
+-------+--------+----------+-------------------------------------------------------------------------------------+
; r0_o  ; Output ; Info     ; Connected to dangling logic. Logic that only feeds a dangling port will be removed. ;
; r1_o  ; Output ; Info     ; Connected to dangling logic. Logic that only feeds a dangling port will be removed. ;
; r2_o  ; Output ; Info     ; Connected to dangling logic. Logic that only feeds a dangling port will be removed. ;
; r3_o  ; Output ; Info     ; Connected to dangling logic. Logic that only feeds a dangling port will be removed. ;
; r4_o  ; Output ; Info     ; Connected to dangling logic. Logic that only feeds a dangling port will be removed. ;
; r5_o  ; Output ; Info     ; Connected to dangling logic. Logic that only feeds a dangling port will be removed. ;
; r6_o  ; Output ; Info     ; Connected to dangling logic. Logic that only feeds a dangling port will be removed. ;
; r7_o  ; Output ; Info     ; Connected to dangling logic. Logic that only feeds a dangling port will be removed. ;
; r8_o  ; Output ; Info     ; Connected to dangling logic. Logic that only feeds a dangling port will be removed. ;
; r9_o  ; Output ; Info     ; Connected to dangling logic. Logic that only feeds a dangling port will be removed. ;
; r10_o ; Output ; Info     ; Connected to dangling logic. Logic that only feeds a dangling port will be removed. ;
; r11_o ; Output ; Info     ; Connected to dangling logic. Logic that only feeds a dangling port will be removed. ;
+-------+--------+----------+-------------------------------------------------------------------------------------+


+-------------------------------------------------------------------------------------------------------------------+
; Port Connectivity Checks: "appendix_n_decoder_unit:U_DECODER_UNIT"                                                ;
+---------+--------+----------+-------------------------------------------------------------------------------------+
; Port    ; Type   ; Severity ; Details                                                                             ;
+---------+--------+----------+-------------------------------------------------------------------------------------+
; sload_o ; Output ; Info     ; Connected to dangling logic. Logic that only feeds a dangling port will be removed. ;
+---------+--------+----------+-------------------------------------------------------------------------------------+


+-------------------------------------------------------------------------------------------------------------------------------+
; Port Connectivity Checks: "appendix_n_special_registers:U_SPECIAL_REGISTERS"                                                  ;
+---------------------+--------+----------+-------------------------------------------------------------------------------------+
; Port                ; Type   ; Severity ; Details                                                                             ;
+---------------------+--------+----------+-------------------------------------------------------------------------------------+
; addr_h_out_o[7..0]  ; Output ; Info     ; Connected to dangling logic. Logic that only feeds a dangling port will be removed. ;
; addr_l_out_o[15..8] ; Output ; Info     ; Connected to dangling logic. Logic that only feeds a dangling port will be removed. ;
+---------------------+--------+----------+-------------------------------------------------------------------------------------+


+-------------------------------+
; Analysis & Synthesis Messages ;
+-------------------------------+
Info: *******************************************************************
Info: Running Quartus II Analysis & Synthesis
    Info: Version 9.1 Build 222 10/21/2009 SJ Web Edition
    Info: Copyright (C) 1991-2009 Altera Corporation. All rights reserved.
    Info: Your use of Altera Corporation's design tools, logic functions 
    Info: and other software and tools, and its AMPP partner logic 
    Info: functions, and any output files from any of the foregoing 
    Info: (including device programming or simulation files), and any 
    Info: associated documentation or information are expressly subject 
    Info: to the terms and conditions of the Altera Program License 
    Info: Subscription Agreement, Altera MegaCore Function License 
    Info: Agreement, or other applicable license agreement, including, 
    Info: without limitation, that your use is for the sole purpose of 
    Info: programming logic devices manufactured by Altera and sold by 
    Info: Altera or its authorized distributors.  Please refer to the 
    Info: applicable agreement for further details.
    Info: Processing started: Thu May 21 19:14:20 2026
Info: Command: quartus_map --read_settings_files=on --write_settings_files=off coursework -c coursework
Info: Found 2 design units, including 0 entities, in source file /git/sifovm/coursework_project/src/microcomputer_pkg.vhd
    Info: Found design unit 1: microcomputer_pkg
    Info: Found design unit 2: microcomputer_pkg-body
Info: Found 1 design units, including 0 entities, in source file /git/sifovm/coursework_project/src/program_image_pkg.vhd
    Info: Found design unit 1: program_image_pkg
Info: Found 1 design units, including 0 entities, in source file /git/sifovm/coursework_project/src/data_image_pkg.vhd
    Info: Found design unit 1: data_image_pkg
Info: Found 2 design units, including 1 entities, in source file /git/sifovm/coursework_project/src/alu_core.vhd
    Info: Found design unit 1: alu_core-rtl
    Info: Found entity 1: alu_core
Info: Found 2 design units, including 1 entities, in source file /git/sifovm/coursework_project/src/reg_file12x16.vhd
    Info: Found design unit 1: reg_file12x16-rtl
    Info: Found entity 1: reg_file12x16
Info: Found 2 design units, including 1 entities, in source file /git/sifovm/coursework_project/src/reg_file12x16_dbg.vhd
    Info: Found design unit 1: reg_file12x16_dbg-rtl
    Info: Found entity 1: reg_file12x16_dbg
Info: Found 2 design units, including 1 entities, in source file /git/sifovm/coursework_project/src/flags_reg.vhd
    Info: Found design unit 1: flags_reg-rtl
    Info: Found entity 1: flags_reg
Info: Found 2 design units, including 1 entities, in source file /git/sifovm/coursework_project/src/stack7x16.vhd
    Info: Found design unit 1: stack7x16-rtl
    Info: Found entity 1: stack7x16
Info: Found 2 design units, including 1 entities, in source file /git/sifovm/coursework_project/src/rom_sync.vhd
    Info: Found design unit 1: rom_sync-rtl
    Info: Found entity 1: rom_sync
Info: Found 2 design units, including 1 entities, in source file /git/sifovm/coursework_project/src/ram_sync.vhd
    Info: Found design unit 1: ram_sync-rtl
    Info: Found entity 1: ram_sync
Info: Found 2 design units, including 1 entities, in source file /git/sifovm/coursework_project/src/bus_arbiter_2master.vhd
    Info: Found design unit 1: bus_arbiter_2master-rtl
    Info: Found entity 1: bus_arbiter_2master
Info: Found 2 design units, including 1 entities, in source file /git/sifovm/coursework_project/src/dma_controller_3word.vhd
    Info: Found design unit 1: dma_controller_3word-rtl
    Info: Found entity 1: dma_controller_3word
Info: Found 2 design units, including 1 entities, in source file /git/sifovm/coursework_project/src/branch_predictor.vhd
    Info: Found design unit 1: branch_predictor-rtl
    Info: Found entity 1: branch_predictor
Info: Found 2 design units, including 1 entities, in source file /git/sifovm/coursework_project/src/cache_4way_age.vhd
    Info: Found design unit 1: cache_4way_age-rtl
    Info: Found entity 1: cache_4way_age
Info: Found 2 design units, including 1 entities, in source file /git/sifovm/coursework_project/src/cpu_core.vhd
    Info: Found design unit 1: cpu_core-rtl
    Info: Found entity 1: cpu_core
Info: Found 2 design units, including 1 entities, in source file /git/sifovm/coursework_project/src/system_core.vhd
    Info: Found design unit 1: system_core-structural
    Info: Found entity 1: system_core
Info: Found 2 design units, including 1 entities, in source file /git/sifovm/coursework_project/src/microcomputer_top.vhd
    Info: Found design unit 1: microcomputer_top-structural
    Info: Found entity 1: microcomputer_top
Info: Found 2 design units, including 1 entities, in source file /git/sifovm/coursework_project/src/microcomputer_debug_top.vhd
    Info: Found design unit 1: microcomputer_debug_top-structural
    Info: Found entity 1: microcomputer_debug_top
Info: Found 16 design units, including 8 entities, in source file /git/sifovm/coursework_project/src/appendix_n_microevm_top.vhd
    Info: Found design unit 1: appendix_n_phase_counter_unit-rtl
    Info: Found design unit 2: appendix_n_special_registers-rtl
    Info: Found design unit 3: appendix_n_decoder_unit-rtl
    Info: Found design unit 4: appendix_n_cmp_is_jmp-rtl
    Info: Found design unit 5: appendix_n_cmp_is_mem_to_reg-rtl
    Info: Found design unit 6: appendix_n_cmp_is_reg_to_mem-rtl
    Info: Found design unit 7: appendix_n_mux2_16-rtl
    Info: Found design unit 8: appendix_n_microevm_top-structural
    Info: Found entity 1: appendix_n_phase_counter_unit
    Info: Found entity 2: appendix_n_special_registers
    Info: Found entity 3: appendix_n_decoder_unit
    Info: Found entity 4: appendix_n_cmp_is_jmp
    Info: Found entity 5: appendix_n_cmp_is_mem_to_reg
    Info: Found entity 6: appendix_n_cmp_is_reg_to_mem
    Info: Found entity 7: appendix_n_mux2_16
    Info: Found entity 8: appendix_n_microevm_top
Info: Elaborating entity "appendix_n_microevm_top" for the top level hierarchy
Warning (10036): Verilog HDL or VHDL warning at appendix_n_microevm_top.vhd(303): object "stack_sp_s" assigned a value but never read
Warning (10036): Verilog HDL or VHDL warning at appendix_n_microevm_top.vhd(316): object "cache_ready_s" assigned a value but never read
Info: Elaborating entity "appendix_n_phase_counter_unit" for hierarchy "appendix_n_phase_counter_unit:U_PHASE_COUNTER_UNIT"
Info: Elaborating entity "appendix_n_special_registers" for hierarchy "appendix_n_special_registers:U_SPECIAL_REGISTERS"
Info: Elaborating entity "rom_sync" for hierarchy "rom_sync:U_COMMAND_MEMORY_ROM"
Info: Elaborating entity "branch_predictor" for hierarchy "branch_predictor:U_BRANCH_PREDICTOR"
Info: Elaborating entity "appendix_n_cmp_is_jmp" for hierarchy "appendix_n_cmp_is_jmp:U_CMP_IS_JMP"
Info: Elaborating entity "appendix_n_cmp_is_mem_to_reg" for hierarchy "appendix_n_cmp_is_mem_to_reg:U_CMP_IS_MEM_TO_REG"
Info: Elaborating entity "appendix_n_cmp_is_reg_to_mem" for hierarchy "appendix_n_cmp_is_reg_to_mem:U_CMP_IS_REG_TO_MEM"
Info: Elaborating entity "appendix_n_decoder_unit" for hierarchy "appendix_n_decoder_unit:U_DECODER_UNIT"
Info: Elaborating entity "reg_file12x16_dbg" for hierarchy "reg_file12x16_dbg:U_ALU_RON_REGISTER_FILE"
Info: Elaborating entity "alu_core" for hierarchy "alu_core:U_ALU_UNIT"
Info: Elaborating entity "flags_reg" for hierarchy "flags_reg:U_FLAGS_REGISTER"
Info: Elaborating entity "appendix_n_mux2_16" for hierarchy "appendix_n_mux2_16:U_MUX_DATA_SOURCE"
Info: Elaborating entity "stack7x16" for hierarchy "stack7x16:U_STACK_CONTROL"
Info: Elaborating entity "cache_4way_age" for hierarchy "cache_4way_age:U_DATA_CACHE"
Warning (10036): Verilog HDL or VHDL warning at cache_4way_age.vhd(45): object "req_we_r" assigned a value but never read
Info (10008): Verilog HDL or VHDL information: EDA Netlist Writer cannot regroup multidimensional array "data_r" into its bus
Info (10008): Verilog HDL or VHDL information: EDA Netlist Writer cannot regroup multidimensional array "tag_r" into its bus
Info (10008): Verilog HDL or VHDL information: EDA Netlist Writer cannot regroup multidimensional array "age_r" into its bus
Info: Elaborating entity "dma_controller_3word" for hierarchy "dma_controller_3word:U_DMAC_CONTROLLER"
Info: Elaborating entity "bus_arbiter_2master" for hierarchy "bus_arbiter_2master:U_BUS_ARBITER"
Info: Elaborating entity "ram_sync" for hierarchy "ram_sync:U_MEMORY"
Warning: Inferred dual-clock RAM node "ram_sync:U_MEMORY|mem~25" from synchronous design logic.  The read-during-write behavior of a dual-clock RAM is undefined and may not match the behavior of the original design.
Info: Inferred 2 megafunctions from design logic
    Info: Inferred altsyncram megafunction from the following design logic: "ram_sync:U_MEMORY|mem~25" 
        Info: Parameter OPERATION_MODE set to DUAL_PORT
        Info: Parameter WIDTH_A set to 16
        Info: Parameter WIDTHAD_A set to 8
        Info: Parameter NUMWORDS_A set to 256
        Info: Parameter WIDTH_B set to 16
        Info: Parameter WIDTHAD_B set to 8
        Info: Parameter NUMWORDS_B set to 256
        Info: Parameter ADDRESS_ACLR_A set to NONE
        Info: Parameter OUTDATA_REG_B set to UNREGISTERED
        Info: Parameter ADDRESS_ACLR_B set to NONE
        Info: Parameter OUTDATA_ACLR_B set to NONE
        Info: Parameter ADDRESS_REG_B set to CLOCK1
        Info: Parameter INDATA_ACLR_A set to NONE
        Info: Parameter WRCONTROL_ACLR_A set to NONE
        Info: Parameter INIT_FILE set to db/coursework.ram0_ram_sync_18452fb9.hdl.mif
    Info: Inferred altsyncram megafunction from the following design logic: "rom_sync:U_COMMAND_MEMORY_ROM|Mux0~0"
        Info: Parameter OPERATION_MODE set to ROM
        Info: Parameter WIDTH_A set to 11
        Info: Parameter WIDTHAD_A set to 8
        Info: Parameter NUMWORDS_A set to 256
        Info: Parameter OUTDATA_REG_A set to UNREGISTERED
        Info: Parameter RAM_BLOCK_TYPE set to AUTO
        Info: Parameter INIT_FILE set to coursework.appendix_n_microevm_top0.rtl.mif
Info: Elaborated megafunction instantiation "ram_sync:U_MEMORY|altsyncram:mem_rtl_0"
Info: Instantiated megafunction "ram_sync:U_MEMORY|altsyncram:mem_rtl_0" with the following parameter:
    Info: Parameter "OPERATION_MODE" = "DUAL_PORT"
    Info: Parameter "WIDTH_A" = "16"
    Info: Parameter "WIDTHAD_A" = "8"
    Info: Parameter "NUMWORDS_A" = "256"
    Info: Parameter "WIDTH_B" = "16"
    Info: Parameter "WIDTHAD_B" = "8"
    Info: Parameter "NUMWORDS_B" = "256"
    Info: Parameter "ADDRESS_ACLR_A" = "NONE"
    Info: Parameter "OUTDATA_REG_B" = "UNREGISTERED"
    Info: Parameter "ADDRESS_ACLR_B" = "NONE"
    Info: Parameter "OUTDATA_ACLR_B" = "NONE"
    Info: Parameter "ADDRESS_REG_B" = "CLOCK1"
    Info: Parameter "INDATA_ACLR_A" = "NONE"
    Info: Parameter "WRCONTROL_ACLR_A" = "NONE"
    Info: Parameter "INIT_FILE" = "db/coursework.ram0_ram_sync_18452fb9.hdl.mif"
Info: Found 1 design units, including 1 entities, in source file db/altsyncram_mpi1.tdf
    Info: Found entity 1: altsyncram_mpi1
Info: Found 1 design units, including 1 entities, in source file db/altsyncram_ocm1.tdf
    Info: Found entity 1: altsyncram_ocm1
Info: Elaborated megafunction instantiation "rom_sync:U_COMMAND_MEMORY_ROM|altsyncram:Mux0_rtl_1"
Info: Instantiated megafunction "rom_sync:U_COMMAND_MEMORY_ROM|altsyncram:Mux0_rtl_1" with the following parameter:
    Info: Parameter "OPERATION_MODE" = "ROM"
    Info: Parameter "WIDTH_A" = "11"
    Info: Parameter "WIDTHAD_A" = "8"
    Info: Parameter "NUMWORDS_A" = "256"
    Info: Parameter "OUTDATA_REG_A" = "UNREGISTERED"
    Info: Parameter "RAM_BLOCK_TYPE" = "AUTO"
    Info: Parameter "INIT_FILE" = "coursework.appendix_n_microevm_top0.rtl.mif"
Info: Found 1 design units, including 1 entities, in source file db/altsyncram_ba21.tdf
    Info: Found entity 1: altsyncram_ba21
Warning: Output pins are stuck at VCC or GND
    Warning (13410): Pin "DBG_GHR[2]" is stuck at GND
    Warning (13410): Pin "DBG_GHR[3]" is stuck at GND
    Warning (13410): Pin "DBG_IR[7]" is stuck at GND
    Warning (13410): Pin "DBG_IR[12]" is stuck at GND
    Warning (13410): Pin "DBG_IR[13]" is stuck at GND
    Warning (13410): Pin "DBG_IR[14]" is stuck at GND
    Warning (13410): Pin "DBG_IR[15]" is stuck at GND
Info: 224 registers lost all their fanouts during netlist optimizations. The first 100 are displayed below.
    Info: Register "branch_predictor:U_BRANCH_PREDICTOR|btb_tgt[0][1]" lost all its fanouts during netlist optimizations.
    Info: Register "branch_predictor:U_BRANCH_PREDICTOR|btb_tgt[8][1]" lost all its fanouts during netlist optimizations.
    Info: Register "branch_predictor:U_BRANCH_PREDICTOR|btb_tgt[4][1]" lost all its fanouts during netlist optimizations.
    Info: Register "branch_predictor:U_BRANCH_PREDICTOR|btb_tgt[12][1]" lost all its fanouts during netlist optimizations.
    Info: Register "branch_predictor:U_BRANCH_PREDICTOR|btb_tgt[2][1]" lost all its fanouts during netlist optimizations.
    Info: Register "branch_predictor:U_BRANCH_PREDICTOR|btb_tgt[10][1]" lost all its fanouts during netlist optimizations.
    Info: Register "branch_predictor:U_BRANCH_PREDICTOR|btb_tgt[6][1]" lost all its fanouts during netlist optimizations.
    Info: Register "branch_predictor:U_BRANCH_PREDICTOR|btb_tgt[14][1]" lost all its fanouts during netlist optimizations.
    Info: Register "branch_predictor:U_BRANCH_PREDICTOR|btb_tgt[1][1]" lost all its fanouts during netlist optimizations.
    Info: Register "branch_predictor:U_BRANCH_PREDICTOR|btb_tgt[9][1]" lost all its fanouts during netlist optimizations.
    Info: Register "branch_predictor:U_BRANCH_PREDICTOR|btb_tgt[5][1]" lost all its fanouts during netlist optimizations.
    Info: Register "branch_predictor:U_BRANCH_PREDICTOR|btb_tgt[13][1]" lost all its fanouts during netlist optimizations.
    Info: Register "branch_predictor:U_BRANCH_PREDICTOR|btb_tgt[3][1]" lost all its fanouts during netlist optimizations.
    Info: Register "branch_predictor:U_BRANCH_PREDICTOR|btb_tgt[11][1]" lost all its fanouts during netlist optimizations.
    Info: Register "branch_predictor:U_BRANCH_PREDICTOR|btb_tgt[7][1]" lost all its fanouts during netlist optimizations.
    Info: Register "branch_predictor:U_BRANCH_PREDICTOR|btb_tgt[15][1]" lost all its fanouts during netlist optimizations.
    Info: Register "branch_predictor:U_BRANCH_PREDICTOR|btb_tgt[0][0]" lost all its fanouts during netlist optimizations.
    Info: Register "branch_predictor:U_BRANCH_PREDICTOR|btb_tgt[8][0]" lost all its fanouts during netlist optimizations.
    Info: Register "branch_predictor:U_BRANCH_PREDICTOR|btb_tgt[4][0]" lost all its fanouts during netlist optimizations.
    Info: Register "branch_predictor:U_BRANCH_PREDICTOR|btb_tgt[12][0]" lost all its fanouts during netlist optimizations.
    Info: Register "branch_predictor:U_BRANCH_PREDICTOR|btb_tgt[2][0]" lost all its fanouts during netlist optimizations.
    Info: Register "branch_predictor:U_BRANCH_PREDICTOR|btb_tgt[10][0]" lost all its fanouts during netlist optimizations.
    Info: Register "branch_predictor:U_BRANCH_PREDICTOR|btb_tgt[6][0]" lost all its fanouts during netlist optimizations.
    Info: Register "branch_predictor:U_BRANCH_PREDICTOR|btb_tgt[14][0]" lost all its fanouts during netlist optimizations.
    Info: Register "branch_predictor:U_BRANCH_PREDICTOR|btb_tgt[1][0]" lost all its fanouts during netlist optimizations.
    Info: Register "branch_predictor:U_BRANCH_PREDICTOR|btb_tgt[9][0]" lost all its fanouts during netlist optimizations.
    Info: Register "branch_predictor:U_BRANCH_PREDICTOR|btb_tgt[5][0]" lost all its fanouts during netlist optimizations.
    Info: Register "branch_predictor:U_BRANCH_PREDICTOR|btb_tgt[13][0]" lost all its fanouts during netlist optimizations.
    Info: Register "branch_predictor:U_BRANCH_PREDICTOR|btb_tgt[3][0]" lost all its fanouts during netlist optimizations.
    Info: Register "branch_predictor:U_BRANCH_PREDICTOR|btb_tgt[11][0]" lost all its fanouts during netlist optimizations.
    Info: Register "branch_predictor:U_BRANCH_PREDICTOR|btb_tgt[7][0]" lost all its fanouts during netlist optimizations.
    Info: Register "branch_predictor:U_BRANCH_PREDICTOR|btb_tgt[15][0]" lost all its fanouts during netlist optimizations.
    Info: Register "branch_predictor:U_BRANCH_PREDICTOR|btb_tgt[0][3]" lost all its fanouts during netlist optimizations.
    Info: Register "branch_predictor:U_BRANCH_PREDICTOR|btb_tgt[8][3]" lost all its fanouts during netlist optimizations.
    Info: Register "branch_predictor:U_BRANCH_PREDICTOR|btb_tgt[4][3]" lost all its fanouts during netlist optimizations.
    Info: Register "branch_predictor:U_BRANCH_PREDICTOR|btb_tgt[12][3]" lost all its fanouts during netlist optimizations.
    Info: Register "branch_predictor:U_BRANCH_PREDICTOR|btb_tgt[2][3]" lost all its fanouts during netlist optimizations.
    Info: Register "branch_predictor:U_BRANCH_PREDICTOR|btb_tgt[10][3]" lost all its fanouts during netlist optimizations.
    Info: Register "branch_predictor:U_BRANCH_PREDICTOR|btb_tgt[6][3]" lost all its fanouts during netlist optimizations.
    Info: Register "branch_predictor:U_BRANCH_PREDICTOR|btb_tgt[14][3]" lost all its fanouts during netlist optimizations.
    Info: Register "branch_predictor:U_BRANCH_PREDICTOR|btb_tgt[1][3]" lost all its fanouts during netlist optimizations.
    Info: Register "branch_predictor:U_BRANCH_PREDICTOR|btb_tgt[9][3]" lost all its fanouts during netlist optimizations.
    Info: Register "branch_predictor:U_BRANCH_PREDICTOR|btb_tgt[5][3]" lost all its fanouts during netlist optimizations.
    Info: Register "branch_predictor:U_BRANCH_PREDICTOR|btb_tgt[13][3]" lost all its fanouts during netlist optimizations.
    Info: Register "branch_predictor:U_BRANCH_PREDICTOR|btb_tgt[3][3]" lost all its fanouts during netlist optimizations.
    Info: Register "branch_predictor:U_BRANCH_PREDICTOR|btb_tgt[11][3]" lost all its fanouts during netlist optimizations.
    Info: Register "branch_predictor:U_BRANCH_PREDICTOR|btb_tgt[7][3]" lost all its fanouts during netlist optimizations.
    Info: Register "branch_predictor:U_BRANCH_PREDICTOR|btb_tgt[15][3]" lost all its fanouts during netlist optimizations.
    Info: Register "branch_predictor:U_BRANCH_PREDICTOR|btb_tgt[0][2]" lost all its fanouts during netlist optimizations.
    Info: Register "branch_predictor:U_BRANCH_PREDICTOR|btb_tgt[8][2]" lost all its fanouts during netlist optimizations.
    Info: Register "branch_predictor:U_BRANCH_PREDICTOR|btb_tgt[4][2]" lost all its fanouts during netlist optimizations.
    Info: Register "branch_predictor:U_BRANCH_PREDICTOR|btb_tgt[12][2]" lost all its fanouts during netlist optimizations.
    Info: Register "branch_predictor:U_BRANCH_PREDICTOR|btb_tgt[2][2]" lost all its fanouts during netlist optimizations.
    Info: Register "branch_predictor:U_BRANCH_PREDICTOR|btb_tgt[10][2]" lost all its fanouts during netlist optimizations.
    Info: Register "branch_predictor:U_BRANCH_PREDICTOR|btb_tgt[6][2]" lost all its fanouts during netlist optimizations.
    Info: Register "branch_predictor:U_BRANCH_PREDICTOR|btb_tgt[14][2]" lost all its fanouts during netlist optimizations.
    Info: Register "branch_predictor:U_BRANCH_PREDICTOR|btb_tgt[1][2]" lost all its fanouts during netlist optimizations.
    Info: Register "branch_predictor:U_BRANCH_PREDICTOR|btb_tgt[9][2]" lost all its fanouts during netlist optimizations.
    Info: Register "branch_predictor:U_BRANCH_PREDICTOR|btb_tgt[5][2]" lost all its fanouts during netlist optimizations.
    Info: Register "branch_predictor:U_BRANCH_PREDICTOR|btb_tgt[13][2]" lost all its fanouts during netlist optimizations.
    Info: Register "branch_predictor:U_BRANCH_PREDICTOR|btb_tgt[3][2]" lost all its fanouts during netlist optimizations.
    Info: Register "branch_predictor:U_BRANCH_PREDICTOR|btb_tgt[11][2]" lost all its fanouts during netlist optimizations.
    Info: Register "branch_predictor:U_BRANCH_PREDICTOR|btb_tgt[7][2]" lost all its fanouts during netlist optimizations.
    Info: Register "branch_predictor:U_BRANCH_PREDICTOR|btb_tgt[15][2]" lost all its fanouts during netlist optimizations.
    Info: Register "branch_predictor:U_BRANCH_PREDICTOR|btb_tgt[0][11]" lost all its fanouts during netlist optimizations.
    Info: Register "branch_predictor:U_BRANCH_PREDICTOR|btb_tgt[8][11]" lost all its fanouts during netlist optimizations.
    Info: Register "branch_predictor:U_BRANCH_PREDICTOR|btb_tgt[4][11]" lost all its fanouts during netlist optimizations.
    Info: Register "branch_predictor:U_BRANCH_PREDICTOR|btb_tgt[12][11]" lost all its fanouts during netlist optimizations.
    Info: Register "branch_predictor:U_BRANCH_PREDICTOR|btb_tgt[2][11]" lost all its fanouts during netlist optimizations.
    Info: Register "branch_predictor:U_BRANCH_PREDICTOR|btb_tgt[10][11]" lost all its fanouts during netlist optimizations.
    Info: Register "branch_predictor:U_BRANCH_PREDICTOR|btb_tgt[6][11]" lost all its fanouts during netlist optimizations.
    Info: Register "branch_predictor:U_BRANCH_PREDICTOR|btb_tgt[14][11]" lost all its fanouts during netlist optimizations.
    Info: Register "branch_predictor:U_BRANCH_PREDICTOR|btb_tgt[1][11]" lost all its fanouts during netlist optimizations.
    Info: Register "branch_predictor:U_BRANCH_PREDICTOR|btb_tgt[9][11]" lost all its fanouts during netlist optimizations.
    Info: Register "branch_predictor:U_BRANCH_PREDICTOR|btb_tgt[5][11]" lost all its fanouts during netlist optimizations.
    Info: Register "branch_predictor:U_BRANCH_PREDICTOR|btb_tgt[13][11]" lost all its fanouts during netlist optimizations.
    Info: Register "branch_predictor:U_BRANCH_PREDICTOR|btb_tgt[3][11]" lost all its fanouts during netlist optimizations.
    Info: Register "branch_predictor:U_BRANCH_PREDICTOR|btb_tgt[11][11]" lost all its fanouts during netlist optimizations.
    Info: Register "branch_predictor:U_BRANCH_PREDICTOR|btb_tgt[7][11]" lost all its fanouts during netlist optimizations.
    Info: Register "branch_predictor:U_BRANCH_PREDICTOR|btb_tgt[15][11]" lost all its fanouts during netlist optimizations.
    Info: Register "branch_predictor:U_BRANCH_PREDICTOR|btb_tgt[0][10]" lost all its fanouts during netlist optimizations.
    Info: Register "branch_predictor:U_BRANCH_PREDICTOR|btb_tgt[8][10]" lost all its fanouts during netlist optimizations.
    Info: Register "branch_predictor:U_BRANCH_PREDICTOR|btb_tgt[4][10]" lost all its fanouts during netlist optimizations.
    Info: Register "branch_predictor:U_BRANCH_PREDICTOR|btb_tgt[12][10]" lost all its fanouts during netlist optimizations.
    Info: Register "branch_predictor:U_BRANCH_PREDICTOR|btb_tgt[2][10]" lost all its fanouts during netlist optimizations.
    Info: Register "branch_predictor:U_BRANCH_PREDICTOR|btb_tgt[10][10]" lost all its fanouts during netlist optimizations.
    Info: Register "branch_predictor:U_BRANCH_PREDICTOR|btb_tgt[6][10]" lost all its fanouts during netlist optimizations.
    Info: Register "branch_predictor:U_BRANCH_PREDICTOR|btb_tgt[14][10]" lost all its fanouts during netlist optimizations.
    Info: Register "branch_predictor:U_BRANCH_PREDICTOR|btb_tgt[1][10]" lost all its fanouts during netlist optimizations.
    Info: Register "branch_predictor:U_BRANCH_PREDICTOR|btb_tgt[9][10]" lost all its fanouts during netlist optimizations.
    Info: Register "branch_predictor:U_BRANCH_PREDICTOR|btb_tgt[5][10]" lost all its fanouts during netlist optimizations.
    Info: Register "branch_predictor:U_BRANCH_PREDICTOR|btb_tgt[13][10]" lost all its fanouts during netlist optimizations.
    Info: Register "branch_predictor:U_BRANCH_PREDICTOR|btb_tgt[3][10]" lost all its fanouts during netlist optimizations.
    Info: Register "branch_predictor:U_BRANCH_PREDICTOR|btb_tgt[11][10]" lost all its fanouts during netlist optimizations.
    Info: Register "branch_predictor:U_BRANCH_PREDICTOR|btb_tgt[7][10]" lost all its fanouts during netlist optimizations.
    Info: Register "branch_predictor:U_BRANCH_PREDICTOR|btb_tgt[15][10]" lost all its fanouts during netlist optimizations.
    Info: Register "branch_predictor:U_BRANCH_PREDICTOR|btb_tgt[0][9]" lost all its fanouts during netlist optimizations.
    Info: Register "branch_predictor:U_BRANCH_PREDICTOR|btb_tgt[8][9]" lost all its fanouts during netlist optimizations.
    Info: Register "branch_predictor:U_BRANCH_PREDICTOR|btb_tgt[4][9]" lost all its fanouts during netlist optimizations.
    Info: Register "branch_predictor:U_BRANCH_PREDICTOR|btb_tgt[12][9]" lost all its fanouts during netlist optimizations.
    Info: List truncated at 100 items
Info: Implemented 5103 device resources after synthesis - the final resource count might be different
    Info: Implemented 13 input pins
    Info: Implemented 79 output pins
    Info: Implemented 4984 logic cells
    Info: Implemented 27 RAM segments
Info: Quartus II Analysis & Synthesis was successful. 0 errors, 12 warnings
    Info: Peak virtual memory: 276 megabytes
    Info: Processing ended: Thu May 21 19:15:31 2026
    Info: Elapsed time: 00:01:11
    Info: Total CPU time (on all processors): 00:01:05


