Analysis & Synthesis report for rtl_appendix
Tue May 19 01:41:07 2026
Quartus II Version 9.1 Build 222 10/21/2009 SJ Web Edition


---------------------
; Table of Contents ;
---------------------
  1. Legal Notice
  2. Analysis & Synthesis Summary
  3. Analysis & Synthesis Settings
  4. Parallel Compilation
  5. Analysis & Synthesis Source Files Read
  6. Analysis & Synthesis Resource Usage Summary
  7. Analysis & Synthesis Resource Utilization by Entity
  8. State Machine - |rtl_appendix_all_top|app_sh_microevm_top:U_APP_SH_MICRO_EVM|app_f_cache_top:U_DATA_CACHE_4WAY|cache_4way_structural_doc:U_CACHE_4WAY_STRUCTURAL_DOC|cache_control_doc:U_CACHE_CONTROL|state_r
  9. State Machine - |rtl_appendix_all_top|app_f_cache_top:U_APP_F_CACHE|cache_4way_structural_doc:U_CACHE_4WAY_STRUCTURAL_DOC|cache_control_doc:U_CACHE_CONTROL|state_r
 10. Registers Protected by Synthesis
 11. Registers Removed During Synthesis
 12. General Register Statistics
 13. Inverted Register Statistics
 14. Multiplexer Restructuring Statistics (Restructuring Performed)
 15. Source assignments for app_a_command_system_top:U_APP_A_COMMAND_SYSTEM|rtl_doc_reg16:U_PC_REG
 16. Source assignments for app_a_command_system_top:U_APP_A_COMMAND_SYSTEM|rtl_doc_reg16:U_IR_WORD0_OPCODE_RN
 17. Source assignments for app_a_command_system_top:U_APP_A_COMMAND_SYSTEM|rtl_doc_reg16:U_IR_WORD1_ADDR_IMM
 18. Source assignments for app_b_memory_top:U_APP_B_MEMORY|rtl_doc_ram16x16:U_DATA_RAM_256X16
 19. Source assignments for app_b_memory_top:U_APP_B_MEMORY|rtl_doc_dma3word:U_DMA_3_WORDS_AT_0A
 20. Source assignments for app_v_control_top:U_APP_V_CONTROL_UNIT|rtl_doc_reg8:U_OPCODE_REGISTER
 21. Source assignments for app_v_control_top:U_APP_V_CONTROL_UNIT|rtl_doc_reg4:U_STATE_REGISTER
 22. Source assignments for app_g_special_registers_top:U_APP_G_SPECIAL_REGISTERS|rtl_doc_reg16:U_PC_REGISTER
 23. Source assignments for app_g_special_registers_top:U_APP_G_SPECIAL_REGISTERS|rtl_doc_reg16:U_IR0_REGISTER
 24. Source assignments for app_g_special_registers_top:U_APP_G_SPECIAL_REGISTERS|rtl_doc_reg16:U_IR1_REGISTER
 25. Source assignments for app_g_special_registers_top:U_APP_G_SPECIAL_REGISTERS|rtl_doc_reg4:U_FLAGS_REG
 26. Source assignments for app_g_special_registers_top:U_APP_G_SPECIAL_REGISTERS|rtl_doc_reg3:U_STACK_PTR
 27. Source assignments for app_g_special_registers_top:U_APP_G_SPECIAL_REGISTERS|rtl_doc_reg4:U_STATE_REG
 28. Source assignments for app_g_special_registers_top:U_APP_G_SPECIAL_REGISTERS|rtl_doc_reg2:U_BP_GHR_REG
 29. Source assignments for app_d_reg_file_top:U_APP_D_RON|rtl_doc_reg16:U_RON0
 30. Source assignments for app_d_reg_file_top:U_APP_D_RON|rtl_doc_reg16:U_RON1
 31. Source assignments for app_d_reg_file_top:U_APP_D_RON|rtl_doc_reg16:U_RON2
 32. Source assignments for app_d_reg_file_top:U_APP_D_RON|rtl_doc_reg16:U_RON3
 33. Source assignments for app_d_reg_file_top:U_APP_D_RON|rtl_doc_reg16:U_RON4
 34. Source assignments for app_d_reg_file_top:U_APP_D_RON|rtl_doc_reg16:U_RON5
 35. Source assignments for app_d_reg_file_top:U_APP_D_RON|rtl_doc_reg16:U_RON6
 36. Source assignments for app_d_reg_file_top:U_APP_D_RON|rtl_doc_reg16:U_RON7
 37. Source assignments for app_d_reg_file_top:U_APP_D_RON|rtl_doc_reg16:U_RON8
 38. Source assignments for app_d_reg_file_top:U_APP_D_RON|rtl_doc_reg16:U_RON9
 39. Source assignments for app_d_reg_file_top:U_APP_D_RON|rtl_doc_reg16:U_RON10
 40. Source assignments for app_d_reg_file_top:U_APP_D_RON|rtl_doc_reg16:U_RON11
 41. Source assignments for app_e_common_ops_top:U_APP_E_COMMON_OPERATIONS|rtl_doc_reg16:U_PC_REGISTER
 42. Source assignments for app_e_common_ops_top:U_APP_E_COMMON_OPERATIONS|rtl_doc_reg16:U_CACHE_READ_WRITE_BUF
 43. Source assignments for app_e_common_ops_top:U_APP_E_COMMON_OPERATIONS|rtl_doc_reg16:U_STACK_PUSH_POP_BUF
 44. Source assignments for app_zh_jmp_top:U_APP_ZH_JMP|rtl_doc_reg16:U_PC_LOAD_REG
 45. Source assignments for app_i_m_to_r_top:U_APP_I_M_TO_R|rtl_doc_ram16x16:U_CACHE_OR_RAM_READ
 46. Source assignments for app_i_m_to_r_top:U_APP_I_M_TO_R|rtl_doc_reg16:U_READ_DATA_REG
 47. Source assignments for app_i_m_to_r_top:U_APP_I_M_TO_R|rtl_doc_reg16:U_RF_WRITEBACK_REG
 48. Source assignments for app_k_r_to_m_top:U_APP_K_R_TO_M|rtl_doc_ram16x16:U_CACHE_WRITE_RAM
 49. Source assignments for app_l_alu_top:U_APP_L_ALU|app_n_nor_top:U_OPERATION_NOR|rtl_doc_nor_bit:\GEN_NOR_BITS:0:U_NOR_BIT
 50. Source assignments for app_l_alu_top:U_APP_L_ALU|app_n_nor_top:U_OPERATION_NOR|rtl_doc_nor_bit:\GEN_NOR_BITS:1:U_NOR_BIT
 51. Source assignments for app_l_alu_top:U_APP_L_ALU|app_n_nor_top:U_OPERATION_NOR|rtl_doc_nor_bit:\GEN_NOR_BITS:2:U_NOR_BIT
 52. Source assignments for app_l_alu_top:U_APP_L_ALU|app_n_nor_top:U_OPERATION_NOR|rtl_doc_nor_bit:\GEN_NOR_BITS:3:U_NOR_BIT
 53. Source assignments for app_l_alu_top:U_APP_L_ALU|app_n_nor_top:U_OPERATION_NOR|rtl_doc_nor_bit:\GEN_NOR_BITS:4:U_NOR_BIT
 54. Source assignments for app_l_alu_top:U_APP_L_ALU|app_n_nor_top:U_OPERATION_NOR|rtl_doc_nor_bit:\GEN_NOR_BITS:5:U_NOR_BIT
 55. Source assignments for app_l_alu_top:U_APP_L_ALU|app_n_nor_top:U_OPERATION_NOR|rtl_doc_nor_bit:\GEN_NOR_BITS:6:U_NOR_BIT
 56. Source assignments for app_l_alu_top:U_APP_L_ALU|app_n_nor_top:U_OPERATION_NOR|rtl_doc_nor_bit:\GEN_NOR_BITS:7:U_NOR_BIT
 57. Source assignments for app_l_alu_top:U_APP_L_ALU|app_n_nor_top:U_OPERATION_NOR|rtl_doc_nor_bit:\GEN_NOR_BITS:8:U_NOR_BIT
 58. Source assignments for app_l_alu_top:U_APP_L_ALU|app_n_nor_top:U_OPERATION_NOR|rtl_doc_nor_bit:\GEN_NOR_BITS:9:U_NOR_BIT
 59. Source assignments for app_l_alu_top:U_APP_L_ALU|app_n_nor_top:U_OPERATION_NOR|rtl_doc_nor_bit:\GEN_NOR_BITS:10:U_NOR_BIT
 60. Source assignments for app_l_alu_top:U_APP_L_ALU|app_n_nor_top:U_OPERATION_NOR|rtl_doc_nor_bit:\GEN_NOR_BITS:11:U_NOR_BIT
 61. Source assignments for app_l_alu_top:U_APP_L_ALU|app_n_nor_top:U_OPERATION_NOR|rtl_doc_nor_bit:\GEN_NOR_BITS:12:U_NOR_BIT
 62. Source assignments for app_l_alu_top:U_APP_L_ALU|app_n_nor_top:U_OPERATION_NOR|rtl_doc_nor_bit:\GEN_NOR_BITS:13:U_NOR_BIT
 63. Source assignments for app_l_alu_top:U_APP_L_ALU|app_n_nor_top:U_OPERATION_NOR|rtl_doc_nor_bit:\GEN_NOR_BITS:14:U_NOR_BIT
 64. Source assignments for app_l_alu_top:U_APP_L_ALU|app_n_nor_top:U_OPERATION_NOR|rtl_doc_nor_bit:\GEN_NOR_BITS:15:U_NOR_BIT
 65. Source assignments for app_l_alu_top:U_APP_L_ALU|rtl_doc_incs16:U_OPERATION_INCS
 66. Source assignments for app_n_nor_top:U_APP_N_NOR|rtl_doc_nor_bit:\GEN_NOR_BITS:0:U_NOR_BIT
 67. Source assignments for app_n_nor_top:U_APP_N_NOR|rtl_doc_nor_bit:\GEN_NOR_BITS:1:U_NOR_BIT
 68. Source assignments for app_n_nor_top:U_APP_N_NOR|rtl_doc_nor_bit:\GEN_NOR_BITS:2:U_NOR_BIT
 69. Source assignments for app_n_nor_top:U_APP_N_NOR|rtl_doc_nor_bit:\GEN_NOR_BITS:3:U_NOR_BIT
 70. Source assignments for app_n_nor_top:U_APP_N_NOR|rtl_doc_nor_bit:\GEN_NOR_BITS:4:U_NOR_BIT
 71. Source assignments for app_n_nor_top:U_APP_N_NOR|rtl_doc_nor_bit:\GEN_NOR_BITS:5:U_NOR_BIT
 72. Source assignments for app_n_nor_top:U_APP_N_NOR|rtl_doc_nor_bit:\GEN_NOR_BITS:6:U_NOR_BIT
 73. Source assignments for app_n_nor_top:U_APP_N_NOR|rtl_doc_nor_bit:\GEN_NOR_BITS:7:U_NOR_BIT
 74. Source assignments for app_n_nor_top:U_APP_N_NOR|rtl_doc_nor_bit:\GEN_NOR_BITS:8:U_NOR_BIT
 75. Source assignments for app_n_nor_top:U_APP_N_NOR|rtl_doc_nor_bit:\GEN_NOR_BITS:9:U_NOR_BIT
 76. Source assignments for app_n_nor_top:U_APP_N_NOR|rtl_doc_nor_bit:\GEN_NOR_BITS:10:U_NOR_BIT
 77. Source assignments for app_n_nor_top:U_APP_N_NOR|rtl_doc_nor_bit:\GEN_NOR_BITS:11:U_NOR_BIT
 78. Source assignments for app_n_nor_top:U_APP_N_NOR|rtl_doc_nor_bit:\GEN_NOR_BITS:12:U_NOR_BIT
 79. Source assignments for app_n_nor_top:U_APP_N_NOR|rtl_doc_nor_bit:\GEN_NOR_BITS:13:U_NOR_BIT
 80. Source assignments for app_n_nor_top:U_APP_N_NOR|rtl_doc_nor_bit:\GEN_NOR_BITS:14:U_NOR_BIT
 81. Source assignments for app_n_nor_top:U_APP_N_NOR|rtl_doc_nor_bit:\GEN_NOR_BITS:15:U_NOR_BIT
 82. Source assignments for app_r_incs_top:U_APP_R_INCS|rtl_doc_incs16:U_ADD_ONE_WHEN_S_FLAG
 83. Source assignments for app_s_flags_top:U_APP_S_FLAGS|rtl_doc_reg4:U_FLAG_REGISTER
 84. Source assignments for app_t_stack_top:U_APP_T_STACK|rtl_doc_reg3:U_SP_UP_DOWN_COUNTER
 85. Source assignments for app_t_stack_top:U_APP_T_STACK|rtl_doc_reg16:U_STACK0
 86. Source assignments for app_t_stack_top:U_APP_T_STACK|rtl_doc_reg16:U_STACK1
 87. Source assignments for app_t_stack_top:U_APP_T_STACK|rtl_doc_reg16:U_STACK2
 88. Source assignments for app_t_stack_top:U_APP_T_STACK|rtl_doc_reg16:U_STACK3
 89. Source assignments for app_t_stack_top:U_APP_T_STACK|rtl_doc_reg16:U_STACK4
 90. Source assignments for app_t_stack_top:U_APP_T_STACK|rtl_doc_reg16:U_STACK5
 91. Source assignments for app_t_stack_top:U_APP_T_STACK|rtl_doc_reg16:U_STACK6
 92. Source assignments for app_u_stack_exec_top:U_APP_U_STACK_EXEC|rtl_doc_reg16:U_RF_SOURCE_REGISTER
 93. Source assignments for app_u_stack_exec_top:U_APP_U_STACK_EXEC|app_t_stack_top:U_STACK_DEVICE_7X16|rtl_doc_reg3:U_SP_UP_DOWN_COUNTER
 94. Source assignments for app_u_stack_exec_top:U_APP_U_STACK_EXEC|app_t_stack_top:U_STACK_DEVICE_7X16|rtl_doc_reg16:U_STACK0
 95. Source assignments for app_u_stack_exec_top:U_APP_U_STACK_EXEC|app_t_stack_top:U_STACK_DEVICE_7X16|rtl_doc_reg16:U_STACK1
 96. Source assignments for app_u_stack_exec_top:U_APP_U_STACK_EXEC|app_t_stack_top:U_STACK_DEVICE_7X16|rtl_doc_reg16:U_STACK2
 97. Source assignments for app_u_stack_exec_top:U_APP_U_STACK_EXEC|app_t_stack_top:U_STACK_DEVICE_7X16|rtl_doc_reg16:U_STACK3
 98. Source assignments for app_u_stack_exec_top:U_APP_U_STACK_EXEC|app_t_stack_top:U_STACK_DEVICE_7X16|rtl_doc_reg16:U_STACK4
 99. Source assignments for app_u_stack_exec_top:U_APP_U_STACK_EXEC|app_t_stack_top:U_STACK_DEVICE_7X16|rtl_doc_reg16:U_STACK5
100. Source assignments for app_u_stack_exec_top:U_APP_U_STACK_EXEC|app_t_stack_top:U_STACK_DEVICE_7X16|rtl_doc_reg16:U_STACK6
101. Source assignments for app_u_stack_exec_top:U_APP_U_STACK_EXEC|rtl_doc_reg16:U_POP_WRITEBACK_REGISTER
102. Source assignments for app_sh_microevm_top:U_APP_SH_MICRO_EVM|app_v_control_top:U_CPU_CORE_CU_RON_ALU_STACK|rtl_doc_reg8:U_OPCODE_REGISTER
103. Source assignments for app_sh_microevm_top:U_APP_SH_MICRO_EVM|app_v_control_top:U_CPU_CORE_CU_RON_ALU_STACK|rtl_doc_reg4:U_STATE_REGISTER
104. Source assignments for app_sh_microevm_top:U_APP_SH_MICRO_EVM|rtl_doc_ram16x16:U_DATA_RAM
105. Source assignments for app_sh_microevm_top:U_APP_SH_MICRO_EVM|rtl_doc_dma3word:U_DMA_CONTROLLER_3_WORD
106. Source assignments for app_sh_microevm_top:U_APP_SH_MICRO_EVM|app_shch_branch_predictor_top:U_BRANCH_PREDICTOR_A4|rtl_doc_reg2:U_GLOBAL_HISTORY_REG
107. Source assignments for app_sh_microevm_top:U_APP_SH_MICRO_EVM|app_shch_branch_predictor_top:U_BRANCH_PREDICTOR_A4|rtl_doc_reg2:U_PHT_COUNTER_REG
108. Source assignments for app_sh_microevm_top:U_APP_SH_MICRO_EVM|app_shch_branch_predictor_top:U_BRANCH_PREDICTOR_A4|rtl_doc_reg16:U_BTB_TARGET_REG
109. Source assignments for app_shch_branch_predictor_top:U_APP_SHCH_BRANCH_PREDICTOR|rtl_doc_reg2:U_GLOBAL_HISTORY_REG
110. Source assignments for app_shch_branch_predictor_top:U_APP_SHCH_BRANCH_PREDICTOR|rtl_doc_reg2:U_PHT_COUNTER_REG
111. Source assignments for app_shch_branch_predictor_top:U_APP_SHCH_BRANCH_PREDICTOR|rtl_doc_reg16:U_BTB_TARGET_REG
112. Port Connectivity Checks: "app_sh_microevm_top:U_APP_SH_MICRO_EVM|app_shch_branch_predictor_top:U_BRANCH_PREDICTOR_A4"
113. Port Connectivity Checks: "app_sh_microevm_top:U_APP_SH_MICRO_EVM|rtl_doc_dma3word:U_DMA_CONTROLLER_3_WORD"
114. Port Connectivity Checks: "app_sh_microevm_top:U_APP_SH_MICRO_EVM|app_f_cache_top:U_DATA_CACHE_4WAY"
115. Port Connectivity Checks: "app_sh_microevm_top:U_APP_SH_MICRO_EVM|app_v_control_top:U_CPU_CORE_CU_RON_ALU_STACK"
116. Port Connectivity Checks: "app_ts_cache_flags_top:U_APP_TS_CACHE_FLAGS|cache_age_way_doc:U_AGE_WAY3"
117. Port Connectivity Checks: "app_ts_cache_flags_top:U_APP_TS_CACHE_FLAGS|cache_age_way_doc:U_AGE_WAY2"
118. Port Connectivity Checks: "app_ts_cache_flags_top:U_APP_TS_CACHE_FLAGS|cache_age_way_doc:U_AGE_WAY1"
119. Port Connectivity Checks: "app_ts_cache_flags_top:U_APP_TS_CACHE_FLAGS|cache_age_way_doc:U_AGE_WAY0"
120. Port Connectivity Checks: "app_ts_cache_flags_top:U_APP_TS_CACHE_FLAGS|cache_valid_way_doc:U_VALID_WAY3"
121. Port Connectivity Checks: "app_ts_cache_flags_top:U_APP_TS_CACHE_FLAGS|cache_valid_way_doc:U_VALID_WAY2"
122. Port Connectivity Checks: "app_ts_cache_flags_top:U_APP_TS_CACHE_FLAGS|cache_valid_way_doc:U_VALID_WAY1"
123. Port Connectivity Checks: "app_ts_cache_flags_top:U_APP_TS_CACHE_FLAGS|cache_valid_way_doc:U_VALID_WAY0"
124. Port Connectivity Checks: "app_ts_cache_flags_top:U_APP_TS_CACHE_FLAGS|cache_address_split_doc:U_ADDRESS_SPLIT_FOR_FLAGS"
125. Port Connectivity Checks: "app_h_cache_data_top:U_APP_H_CACHE_DATA|cache_hit_mux_doc:U_HIT_DATA_MUX4"
126. Port Connectivity Checks: "app_f_cache_top:U_APP_F_CACHE|cache_4way_structural_doc:U_CACHE_4WAY_STRUCTURAL_DOC|cache_age_way_doc:U_AGE_WAY3"
127. Port Connectivity Checks: "app_f_cache_top:U_APP_F_CACHE|cache_4way_structural_doc:U_CACHE_4WAY_STRUCTURAL_DOC|cache_age_way_doc:U_AGE_WAY2"
128. Port Connectivity Checks: "app_f_cache_top:U_APP_F_CACHE|cache_4way_structural_doc:U_CACHE_4WAY_STRUCTURAL_DOC|cache_age_way_doc:U_AGE_WAY1"
129. Port Connectivity Checks: "app_f_cache_top:U_APP_F_CACHE|cache_4way_structural_doc:U_CACHE_4WAY_STRUCTURAL_DOC|cache_age_way_doc:U_AGE_WAY0"
130. Port Connectivity Checks: "app_f_cache_top:U_APP_F_CACHE|cache_4way_structural_doc:U_CACHE_4WAY_STRUCTURAL_DOC|cache_valid_way_doc:U_VALID_WAY3"
131. Port Connectivity Checks: "app_f_cache_top:U_APP_F_CACHE|cache_4way_structural_doc:U_CACHE_4WAY_STRUCTURAL_DOC|cache_valid_way_doc:U_VALID_WAY2"
132. Port Connectivity Checks: "app_f_cache_top:U_APP_F_CACHE|cache_4way_structural_doc:U_CACHE_4WAY_STRUCTURAL_DOC|cache_valid_way_doc:U_VALID_WAY1"
133. Port Connectivity Checks: "app_f_cache_top:U_APP_F_CACHE|cache_4way_structural_doc:U_CACHE_4WAY_STRUCTURAL_DOC|cache_valid_way_doc:U_VALID_WAY0"
134. Port Connectivity Checks: "app_f_cache_top:U_APP_F_CACHE|cache_4way_structural_doc:U_CACHE_4WAY_STRUCTURAL_DOC"
135. Port Connectivity Checks: "app_u_stack_exec_top:U_APP_U_STACK_EXEC|app_t_stack_top:U_STACK_DEVICE_7X16"
136. Port Connectivity Checks: "app_u_stack_exec_top:U_APP_U_STACK_EXEC|rtl_doc_control_matrix:U_PUSH_POP_CONTROL"
137. Port Connectivity Checks: "app_l_alu_top:U_APP_L_ALU|rtl_doc_flags_logic:U_ALU_FLAGS"
138. Port Connectivity Checks: "app_l_alu_top:U_APP_L_ALU|app_n_nor_top:U_OPERATION_NOR"
139. Port Connectivity Checks: "app_l_alu_top:U_APP_L_ALU|app_m_or_top:U_OPERATION_OR"
140. Port Connectivity Checks: "app_k_r_to_m_top:U_APP_K_R_TO_M|rtl_doc_arbiter2:U_WRITE_GRANT_ARBITER"
141. Port Connectivity Checks: "app_i_m_to_r_top:U_APP_I_M_TO_R|rtl_doc_ram16x16:U_CACHE_OR_RAM_READ"
142. Port Connectivity Checks: "app_g_special_registers_top:U_APP_G_SPECIAL_REGISTERS|rtl_doc_reg2:U_BP_GHR_REG"
143. Port Connectivity Checks: "app_g_special_registers_top:U_APP_G_SPECIAL_REGISTERS|rtl_doc_reg4:U_STATE_REG"
144. Port Connectivity Checks: "app_g_special_registers_top:U_APP_G_SPECIAL_REGISTERS|rtl_doc_reg3:U_STACK_PTR"
145. Port Connectivity Checks: "app_b_memory_top:U_APP_B_MEMORY|rtl_doc_dma3word:U_DMA_3_WORDS_AT_0A"
146. Analysis & Synthesis Messages



----------------
; Legal Notice ;
----------------
Copyright (C) 1991-2009 Altera Corporation
Your use of Altera Corporation's design tools, logic functions 
and other software and tools, and its AMPP partner logic 
functions, and any output files from any of the foregoing 
(including device programming or simulation files), and any 
associated documentation or information are expressly subject 
to the terms and conditions of the Altera Program License 
Subscription Agreement, Altera MegaCore Function License 
Agreement, or other applicable license agreement, including, 
without limitation, that your use is for the sole purpose of 
programming logic devices manufactured by Altera and sold by 
Altera or its authorized distributors.  Please refer to the 
applicable agreement for further details.



+------------------------------------------------------------------------------+
; Analysis & Synthesis Summary                                                 ;
+------------------------------------+-----------------------------------------+
; Analysis & Synthesis Status        ; Successful - Tue May 19 01:41:07 2026   ;
; Quartus II Version                 ; 9.1 Build 222 10/21/2009 SJ Web Edition ;
; Revision Name                      ; rtl_appendix                            ;
; Top-level Entity Name              ; rtl_appendix_all_top                    ;
; Family                             ; Cyclone II                              ;
; Total logic elements               ; 12,963                                  ;
;     Total combinational functions  ; 6,240                                   ;
;     Dedicated logic registers      ; 7,246                                   ;
; Total registers                    ; 7246                                    ;
; Total pins                         ; 76                                      ;
; Total virtual pins                 ; 0                                       ;
; Total memory bits                  ; 0                                       ;
; Embedded Multiplier 9-bit elements ; 0                                       ;
; Total PLLs                         ; 0                                       ;
+------------------------------------+-----------------------------------------+


+------------------------------------------------------------------------------------------------------------------------+
; Analysis & Synthesis Settings                                                                                          ;
+----------------------------------------------------------------------------+----------------------+--------------------+
; Option                                                                     ; Setting              ; Default Value      ;
+----------------------------------------------------------------------------+----------------------+--------------------+
; Top-level entity name                                                      ; rtl_appendix_all_top ; rtl_appendix       ;
; Family name                                                                ; Cyclone II           ; Stratix II         ;
; Use smart compilation                                                      ; Off                  ; Off                ;
; Enable parallel Assembler and TimeQuest Timing Analyzer during compilation ; On                   ; On                 ;
; Enable compact report table                                                ; Off                  ; Off                ;
; Restructure Multiplexers                                                   ; Auto                 ; Auto               ;
; Create Debugging Nodes for IP Cores                                        ; Off                  ; Off                ;
; Preserve fewer node names                                                  ; On                   ; On                 ;
; Disable OpenCore Plus hardware evaluation                                  ; Off                  ; Off                ;
; Verilog Version                                                            ; Verilog_2001         ; Verilog_2001       ;
; VHDL Version                                                               ; VHDL_1993            ; VHDL_1993          ;
; State Machine Processing                                                   ; Auto                 ; Auto               ;
; Safe State Machine                                                         ; Off                  ; Off                ;
; Extract Verilog State Machines                                             ; On                   ; On                 ;
; Extract VHDL State Machines                                                ; On                   ; On                 ;
; Ignore Verilog initial constructs                                          ; Off                  ; Off                ;
; Iteration limit for constant Verilog loops                                 ; 5000                 ; 5000               ;
; Iteration limit for non-constant Verilog loops                             ; 250                  ; 250                ;
; Add Pass-Through Logic to Inferred RAMs                                    ; On                   ; On                 ;
; Parallel Synthesis                                                         ; On                   ; On                 ;
; DSP Block Balancing                                                        ; Auto                 ; Auto               ;
; NOT Gate Push-Back                                                         ; On                   ; On                 ;
; Power-Up Don't Care                                                        ; On                   ; On                 ;
; Remove Redundant Logic Cells                                               ; Off                  ; Off                ;
; Remove Duplicate Registers                                                 ; On                   ; On                 ;
; Ignore CARRY Buffers                                                       ; Off                  ; Off                ;
; Ignore CASCADE Buffers                                                     ; Off                  ; Off                ;
; Ignore GLOBAL Buffers                                                      ; Off                  ; Off                ;
; Ignore ROW GLOBAL Buffers                                                  ; Off                  ; Off                ;
; Ignore LCELL Buffers                                                       ; Off                  ; Off                ;
; Ignore SOFT Buffers                                                        ; On                   ; On                 ;
; Limit AHDL Integers to 32 Bits                                             ; Off                  ; Off                ;
; Optimization Technique                                                     ; Balanced             ; Balanced           ;
; Carry Chain Length                                                         ; 70                   ; 70                 ;
; Auto Carry Chains                                                          ; On                   ; On                 ;
; Auto Open-Drain Pins                                                       ; On                   ; On                 ;
; Perform WYSIWYG Primitive Resynthesis                                      ; Off                  ; Off                ;
; Auto ROM Replacement                                                       ; On                   ; On                 ;
; Auto RAM Replacement                                                       ; On                   ; On                 ;
; Auto Shift Register Replacement                                            ; Auto                 ; Auto               ;
; Auto Clock Enable Replacement                                              ; On                   ; On                 ;
; Strict RAM Replacement                                                     ; Off                  ; Off                ;
; Allow Synchronous Control Signals                                          ; On                   ; On                 ;
; Force Use of Synchronous Clear Signals                                     ; Off                  ; Off                ;
; Auto RAM to Logic Cell Conversion                                          ; Off                  ; Off                ;
; Auto Resource Sharing                                                      ; Off                  ; Off                ;
; Allow Any RAM Size For Recognition                                         ; Off                  ; Off                ;
; Allow Any ROM Size For Recognition                                         ; Off                  ; Off                ;
; Allow Any Shift Register Size For Recognition                              ; Off                  ; Off                ;
; Use LogicLock Constraints during Resource Balancing                        ; On                   ; On                 ;
; Ignore translate_off and synthesis_off directives                          ; Off                  ; Off                ;
; Timing-Driven Synthesis                                                    ; Off                  ; Off                ;
; Show Parameter Settings Tables in Synthesis Report                         ; On                   ; On                 ;
; Ignore Maximum Fan-Out Assignments                                         ; Off                  ; Off                ;
; Synchronization Register Chain Length                                      ; 2                    ; 2                  ;
; PowerPlay Power Optimization                                               ; Normal compilation   ; Normal compilation ;
; HDL message level                                                          ; Level2               ; Level2             ;
; Suppress Register Optimization Related Messages                            ; Off                  ; Off                ;
; Number of Removed Registers Reported in Synthesis Report                   ; 100                  ; 100                ;
; Number of Inverted Registers Reported in Synthesis Report                  ; 100                  ; 100                ;
; Clock MUX Protection                                                       ; On                   ; On                 ;
; Auto Gated Clock Conversion                                                ; Off                  ; Off                ;
; Block Design Naming                                                        ; Auto                 ; Auto               ;
; SDC constraint protection                                                  ; Off                  ; Off                ;
; Synthesis Effort                                                           ; Auto                 ; Auto               ;
; Shift Register Replacement - Allow Asynchronous Clear Signal               ; On                   ; On                 ;
; Analysis & Synthesis Message Level                                         ; Medium               ; Medium             ;
; Disable Register Merging Across Hierarchies                                ; Auto                 ; Auto               ;
; Resource Aware Inference For Block RAM                                     ; On                   ; On                 ;
+----------------------------------------------------------------------------+----------------------+--------------------+


Parallel compilation was disabled, but you have multiple processors available. Enable parallel compilation to reduce compilation time.
+-------------------------------------+
; Parallel Compilation                ;
+----------------------------+--------+
; Processors                 ; Number ;
+----------------------------+--------+
; Number detected on machine ; 12     ;
; Maximum allowed            ; 1      ;
+----------------------------+--------+


+-----------------------------------------------------------------------------------------------------------------------------------------------+
; Analysis & Synthesis Source Files Read                                                                                                        ;
+--------------------------------------+-----------------+-----------------+--------------------------------------------------------------------+
; File Name with User-Entered Path     ; Used in Netlist ; File Type       ; File Name with Absolute Path                                       ;
+--------------------------------------+-----------------+-----------------+--------------------------------------------------------------------+
; ../src/microcomputer_pkg.vhd         ; yes             ; User VHDL File  ; D:/git/sifovm/coursework_project/src/microcomputer_pkg.vhd         ;
; ../src/cache_4way_structural_doc.vhd ; yes             ; User VHDL File  ; D:/git/sifovm/coursework_project/src/cache_4way_structural_doc.vhd ;
; ../src/rtl_appendix_doc_views.vhd    ; yes             ; User VHDL File  ; D:/git/sifovm/coursework_project/src/rtl_appendix_doc_views.vhd    ;
+--------------------------------------+-----------------+-----------------+--------------------------------------------------------------------+


+------------------------------------------------------+
; Analysis & Synthesis Resource Usage Summary          ;
+---------------------------------------------+--------+
; Resource                                    ; Usage  ;
+---------------------------------------------+--------+
; Estimated Total logic elements              ; 12,963 ;
;                                             ;        ;
; Total combinational functions               ; 6240   ;
; Logic element usage by number of LUT inputs ;        ;
;     -- 4 input functions                    ; 5137   ;
;     -- 3 input functions                    ; 526    ;
;     -- <=2 input functions                  ; 577    ;
;                                             ;        ;
; Logic elements by mode                      ;        ;
;     -- normal mode                          ; 6135   ;
;     -- arithmetic mode                      ; 105    ;
;                                             ;        ;
; Total registers                             ; 7246   ;
;     -- Dedicated logic registers            ; 7246   ;
;     -- I/O registers                        ; 0      ;
;                                             ;        ;
; I/O pins                                    ; 76     ;
; Maximum fan-out node                        ; clk_i  ;
; Maximum fan-out                             ; 7246   ;
; Total fan-out                               ; 45008  ;
; Average fan-out                             ; 3.32   ;
+---------------------------------------------+--------+


+-----------------------------------------------------------------------------------------------------------------------------------------------------------------------------------------------------------------------------------------------------------------------------------------------------------------------------------------------------------------------------------------------------------+
; Analysis & Synthesis Resource Utilization by Entity                                                                                                                                                                                                                                                                                                                                                       ;
+--------------------------------------------------------------------+-------------------+--------------+-------------+--------------+---------+-----------+------+--------------+-----------------------------------------------------------------------------------------------------------------------------------------------------------------------------------------------------------+--------------+
; Compilation Hierarchy Node                                         ; LC Combinationals ; LC Registers ; Memory Bits ; DSP Elements ; DSP 9x9 ; DSP 18x18 ; Pins ; Virtual Pins ; Full Hierarchy Name                                                                                                                                                                                       ; Library Name ;
+--------------------------------------------------------------------+-------------------+--------------+-------------+--------------+---------+-----------+------+--------------+-----------------------------------------------------------------------------------------------------------------------------------------------------------------------------------------------------------+--------------+
; |rtl_appendix_all_top                                              ; 6240 (228)        ; 7246 (0)     ; 0           ; 0            ; 0       ; 0         ; 76   ; 0            ; |rtl_appendix_all_top                                                                                                                                                                                     ; work         ;
;    |app_a_command_system_top:U_APP_A_COMMAND_SYSTEM|               ; 32 (0)            ; 48 (0)       ; 0           ; 0            ; 0       ; 0         ; 0    ; 0            ; |rtl_appendix_all_top|app_a_command_system_top:U_APP_A_COMMAND_SYSTEM                                                                                                                                     ;              ;
;       |rtl_doc_reg16:U_IR_WORD0_OPCODE_RN|                         ; 16 (16)           ; 16 (16)      ; 0           ; 0            ; 0       ; 0         ; 0    ; 0            ; |rtl_appendix_all_top|app_a_command_system_top:U_APP_A_COMMAND_SYSTEM|rtl_doc_reg16:U_IR_WORD0_OPCODE_RN                                                                                                  ;              ;
;       |rtl_doc_reg16:U_IR_WORD1_ADDR_IMM|                          ; 0 (0)             ; 16 (16)      ; 0           ; 0            ; 0       ; 0         ; 0    ; 0            ; |rtl_appendix_all_top|app_a_command_system_top:U_APP_A_COMMAND_SYSTEM|rtl_doc_reg16:U_IR_WORD1_ADDR_IMM                                                                                                   ; work         ;
;       |rtl_doc_reg16:U_PC_REG|                                     ; 16 (16)           ; 16 (16)      ; 0           ; 0            ; 0       ; 0         ; 0    ; 0            ; |rtl_appendix_all_top|app_a_command_system_top:U_APP_A_COMMAND_SYSTEM|rtl_doc_reg16:U_PC_REG                                                                                                              ;              ;
;    |app_b_memory_top:U_APP_B_MEMORY|                               ; 231 (2)           ; 259 (0)      ; 0           ; 0            ; 0       ; 0         ; 0    ; 0            ; |rtl_appendix_all_top|app_b_memory_top:U_APP_B_MEMORY                                                                                                                                                     ; work         ;
;       |rtl_doc_dma3word:U_DMA_3_WORDS_AT_0A|                       ; 5 (5)             ; 3 (3)        ; 0           ; 0            ; 0       ; 0         ; 0    ; 0            ; |rtl_appendix_all_top|app_b_memory_top:U_APP_B_MEMORY|rtl_doc_dma3word:U_DMA_3_WORDS_AT_0A                                                                                                                ; work         ;
;       |rtl_doc_ram16x16:U_DATA_RAM_256X16|                         ; 224 (224)         ; 256 (256)    ; 0           ; 0            ; 0       ; 0         ; 0    ; 0            ; |rtl_appendix_all_top|app_b_memory_top:U_APP_B_MEMORY|rtl_doc_ram16x16:U_DATA_RAM_256X16                                                                                                                  ; work         ;
;    |app_d_reg_file_top:U_APP_D_RON|                                ; 269 (0)           ; 192 (0)      ; 0           ; 0            ; 0       ; 0         ; 0    ; 0            ; |rtl_appendix_all_top|app_d_reg_file_top:U_APP_D_RON                                                                                                                                                      ; work         ;
;       |rtl_doc_decode12:U_WRITE_ADDR_DECODER_12|                   ; 12 (12)           ; 0 (0)        ; 0           ; 0            ; 0       ; 0         ; 0    ; 0            ; |rtl_appendix_all_top|app_d_reg_file_top:U_APP_D_RON|rtl_doc_decode12:U_WRITE_ADDR_DECODER_12                                                                                                             ;              ;
;       |rtl_doc_mux12_16:U_READ_PORT_A_MUX12|                       ; 129 (129)         ; 0 (0)        ; 0           ; 0            ; 0       ; 0         ; 0    ; 0            ; |rtl_appendix_all_top|app_d_reg_file_top:U_APP_D_RON|rtl_doc_mux12_16:U_READ_PORT_A_MUX12                                                                                                                 ;              ;
;       |rtl_doc_mux12_16:U_READ_PORT_B_MUX12|                       ; 116 (116)         ; 0 (0)        ; 0           ; 0            ; 0       ; 0         ; 0    ; 0            ; |rtl_appendix_all_top|app_d_reg_file_top:U_APP_D_RON|rtl_doc_mux12_16:U_READ_PORT_B_MUX12                                                                                                                 ; work         ;
;       |rtl_doc_reg16:U_RON0|                                       ; 1 (1)             ; 16 (16)      ; 0           ; 0            ; 0       ; 0         ; 0    ; 0            ; |rtl_appendix_all_top|app_d_reg_file_top:U_APP_D_RON|rtl_doc_reg16:U_RON0                                                                                                                                 ; work         ;
;       |rtl_doc_reg16:U_RON10|                                      ; 1 (1)             ; 16 (16)      ; 0           ; 0            ; 0       ; 0         ; 0    ; 0            ; |rtl_appendix_all_top|app_d_reg_file_top:U_APP_D_RON|rtl_doc_reg16:U_RON10                                                                                                                                ; work         ;
;       |rtl_doc_reg16:U_RON11|                                      ; 1 (1)             ; 16 (16)      ; 0           ; 0            ; 0       ; 0         ; 0    ; 0            ; |rtl_appendix_all_top|app_d_reg_file_top:U_APP_D_RON|rtl_doc_reg16:U_RON11                                                                                                                                ; work         ;
;       |rtl_doc_reg16:U_RON1|                                       ; 1 (1)             ; 16 (16)      ; 0           ; 0            ; 0       ; 0         ; 0    ; 0            ; |rtl_appendix_all_top|app_d_reg_file_top:U_APP_D_RON|rtl_doc_reg16:U_RON1                                                                                                                                 ; work         ;
;       |rtl_doc_reg16:U_RON2|                                       ; 1 (1)             ; 16 (16)      ; 0           ; 0            ; 0       ; 0         ; 0    ; 0            ; |rtl_appendix_all_top|app_d_reg_file_top:U_APP_D_RON|rtl_doc_reg16:U_RON2                                                                                                                                 ;              ;
;       |rtl_doc_reg16:U_RON3|                                       ; 1 (1)             ; 16 (16)      ; 0           ; 0            ; 0       ; 0         ; 0    ; 0            ; |rtl_appendix_all_top|app_d_reg_file_top:U_APP_D_RON|rtl_doc_reg16:U_RON3                                                                                                                                 ; work         ;
;       |rtl_doc_reg16:U_RON4|                                       ; 1 (1)             ; 16 (16)      ; 0           ; 0            ; 0       ; 0         ; 0    ; 0            ; |rtl_appendix_all_top|app_d_reg_file_top:U_APP_D_RON|rtl_doc_reg16:U_RON4                                                                                                                                 ;              ;
;       |rtl_doc_reg16:U_RON5|                                       ; 1 (1)             ; 16 (16)      ; 0           ; 0            ; 0       ; 0         ; 0    ; 0            ; |rtl_appendix_all_top|app_d_reg_file_top:U_APP_D_RON|rtl_doc_reg16:U_RON5                                                                                                                                 ; work         ;
;       |rtl_doc_reg16:U_RON6|                                       ; 1 (1)             ; 16 (16)      ; 0           ; 0            ; 0       ; 0         ; 0    ; 0            ; |rtl_appendix_all_top|app_d_reg_file_top:U_APP_D_RON|rtl_doc_reg16:U_RON6                                                                                                                                 ;              ;
;       |rtl_doc_reg16:U_RON7|                                       ; 1 (1)             ; 16 (16)      ; 0           ; 0            ; 0       ; 0         ; 0    ; 0            ; |rtl_appendix_all_top|app_d_reg_file_top:U_APP_D_RON|rtl_doc_reg16:U_RON7                                                                                                                                 ; work         ;
;       |rtl_doc_reg16:U_RON8|                                       ; 1 (1)             ; 16 (16)      ; 0           ; 0            ; 0       ; 0         ; 0    ; 0            ; |rtl_appendix_all_top|app_d_reg_file_top:U_APP_D_RON|rtl_doc_reg16:U_RON8                                                                                                                                 ; work         ;
;       |rtl_doc_reg16:U_RON9|                                       ; 1 (1)             ; 16 (16)      ; 0           ; 0            ; 0       ; 0         ; 0    ; 0            ; |rtl_appendix_all_top|app_d_reg_file_top:U_APP_D_RON|rtl_doc_reg16:U_RON9                                                                                                                                 ; work         ;
;    |app_e_common_ops_top:U_APP_E_COMMON_OPERATIONS|                ; 33 (0)            ; 48 (0)       ; 0           ; 0            ; 0       ; 0         ; 0    ; 0            ; |rtl_appendix_all_top|app_e_common_ops_top:U_APP_E_COMMON_OPERATIONS                                                                                                                                      ; work         ;
;       |rtl_doc_control_matrix:U_COMMON_CONTROL_MATRIX|             ; 6 (6)             ; 0 (0)        ; 0           ; 0            ; 0       ; 0         ; 0    ; 0            ; |rtl_appendix_all_top|app_e_common_ops_top:U_APP_E_COMMON_OPERATIONS|rtl_doc_control_matrix:U_COMMON_CONTROL_MATRIX                                                                                       ; work         ;
;       |rtl_doc_opcode_decode11:U_COMMON_OPCODE_DECODER|            ; 9 (9)             ; 0 (0)        ; 0           ; 0            ; 0       ; 0         ; 0    ; 0            ; |rtl_appendix_all_top|app_e_common_ops_top:U_APP_E_COMMON_OPERATIONS|rtl_doc_opcode_decode11:U_COMMON_OPCODE_DECODER                                                                                      ;              ;
;       |rtl_doc_reg16:U_CACHE_READ_WRITE_BUF|                       ; 1 (1)             ; 16 (16)      ; 0           ; 0            ; 0       ; 0         ; 0    ; 0            ; |rtl_appendix_all_top|app_e_common_ops_top:U_APP_E_COMMON_OPERATIONS|rtl_doc_reg16:U_CACHE_READ_WRITE_BUF                                                                                                 ;              ;
;       |rtl_doc_reg16:U_PC_REGISTER|                                ; 16 (16)           ; 16 (16)      ; 0           ; 0            ; 0       ; 0         ; 0    ; 0            ; |rtl_appendix_all_top|app_e_common_ops_top:U_APP_E_COMMON_OPERATIONS|rtl_doc_reg16:U_PC_REGISTER                                                                                                          ; work         ;
;       |rtl_doc_reg16:U_STACK_PUSH_POP_BUF|                         ; 1 (1)             ; 16 (16)      ; 0           ; 0            ; 0       ; 0         ; 0    ; 0            ; |rtl_appendix_all_top|app_e_common_ops_top:U_APP_E_COMMON_OPERATIONS|rtl_doc_reg16:U_STACK_PUSH_POP_BUF                                                                                                   ; work         ;
;    |app_f_cache_top:U_APP_F_CACHE|                                 ; 1582 (0)          ; 1989 (0)     ; 0           ; 0            ; 0       ; 0         ; 0    ; 0            ; |rtl_appendix_all_top|app_f_cache_top:U_APP_F_CACHE                                                                                                                                                       ; work         ;
;       |cache_4way_structural_doc:U_CACHE_4WAY_STRUCTURAL_DOC|      ; 1582 (705)        ; 1989 (0)     ; 0           ; 0            ; 0       ; 0         ; 0    ; 0            ; |rtl_appendix_all_top|app_f_cache_top:U_APP_F_CACHE|cache_4way_structural_doc:U_CACHE_4WAY_STRUCTURAL_DOC                                                                                                 ; work         ;
;          |cache_age_way_doc:U_AGE_WAY0|                            ; 39 (39)           ; 32 (32)      ; 0           ; 0            ; 0       ; 0         ; 0    ; 0            ; |rtl_appendix_all_top|app_f_cache_top:U_APP_F_CACHE|cache_4way_structural_doc:U_CACHE_4WAY_STRUCTURAL_DOC|cache_age_way_doc:U_AGE_WAY0                                                                    ; work         ;
;          |cache_age_way_doc:U_AGE_WAY1|                            ; 39 (39)           ; 32 (32)      ; 0           ; 0            ; 0       ; 0         ; 0    ; 0            ; |rtl_appendix_all_top|app_f_cache_top:U_APP_F_CACHE|cache_4way_structural_doc:U_CACHE_4WAY_STRUCTURAL_DOC|cache_age_way_doc:U_AGE_WAY1                                                                    ; work         ;
;          |cache_age_way_doc:U_AGE_WAY2|                            ; 39 (39)           ; 32 (32)      ; 0           ; 0            ; 0       ; 0         ; 0    ; 0            ; |rtl_appendix_all_top|app_f_cache_top:U_APP_F_CACHE|cache_4way_structural_doc:U_CACHE_4WAY_STRUCTURAL_DOC|cache_age_way_doc:U_AGE_WAY2                                                                    ; work         ;
;          |cache_age_way_doc:U_AGE_WAY3|                            ; 39 (39)           ; 32 (32)      ; 0           ; 0            ; 0       ; 0         ; 0    ; 0            ; |rtl_appendix_all_top|app_f_cache_top:U_APP_F_CACHE|cache_4way_structural_doc:U_CACHE_4WAY_STRUCTURAL_DOC|cache_age_way_doc:U_AGE_WAY3                                                                    ; work         ;
;          |cache_control_doc:U_CACHE_CONTROL|                       ; 17 (17)           ; 5 (5)        ; 0           ; 0            ; 0       ; 0         ; 0    ; 0            ; |rtl_appendix_all_top|app_f_cache_top:U_APP_F_CACHE|cache_4way_structural_doc:U_CACHE_4WAY_STRUCTURAL_DOC|cache_control_doc:U_CACHE_CONTROL                                                               ; work         ;
;          |cache_data_way_doc:U_DATA_WAY0|                          ; 1 (1)             ; 256 (256)    ; 0           ; 0            ; 0       ; 0         ; 0    ; 0            ; |rtl_appendix_all_top|app_f_cache_top:U_APP_F_CACHE|cache_4way_structural_doc:U_CACHE_4WAY_STRUCTURAL_DOC|cache_data_way_doc:U_DATA_WAY0                                                                  ; work         ;
;          |cache_data_way_doc:U_DATA_WAY1|                          ; 0 (0)             ; 256 (256)    ; 0           ; 0            ; 0       ; 0         ; 0    ; 0            ; |rtl_appendix_all_top|app_f_cache_top:U_APP_F_CACHE|cache_4way_structural_doc:U_CACHE_4WAY_STRUCTURAL_DOC|cache_data_way_doc:U_DATA_WAY1                                                                  ;              ;
;          |cache_data_way_doc:U_DATA_WAY2|                          ; 0 (0)             ; 256 (256)    ; 0           ; 0            ; 0       ; 0         ; 0    ; 0            ; |rtl_appendix_all_top|app_f_cache_top:U_APP_F_CACHE|cache_4way_structural_doc:U_CACHE_4WAY_STRUCTURAL_DOC|cache_data_way_doc:U_DATA_WAY2                                                                  ; work         ;
;          |cache_data_way_doc:U_DATA_WAY3|                          ; 16 (16)           ; 256 (256)    ; 0           ; 0            ; 0       ; 0         ; 0    ; 0            ; |rtl_appendix_all_top|app_f_cache_top:U_APP_F_CACHE|cache_4way_structural_doc:U_CACHE_4WAY_STRUCTURAL_DOC|cache_data_way_doc:U_DATA_WAY3                                                                  ; work         ;
;          |cache_hit_miss_logic_doc:U_HIT_MISS_LOGIC_AND_OR_NOT|    ; 34 (34)           ; 0 (0)        ; 0           ; 0            ; 0       ; 0         ; 0    ; 0            ; |rtl_appendix_all_top|app_f_cache_top:U_APP_F_CACHE|cache_4way_structural_doc:U_CACHE_4WAY_STRUCTURAL_DOC|cache_hit_miss_logic_doc:U_HIT_MISS_LOGIC_AND_OR_NOT                                            ; work         ;
;          |cache_tag_way_doc:U_TAG_WAY0|                            ; 135 (135)         ; 192 (192)    ; 0           ; 0            ; 0       ; 0         ; 0    ; 0            ; |rtl_appendix_all_top|app_f_cache_top:U_APP_F_CACHE|cache_4way_structural_doc:U_CACHE_4WAY_STRUCTURAL_DOC|cache_tag_way_doc:U_TAG_WAY0                                                                    ; work         ;
;          |cache_tag_way_doc:U_TAG_WAY1|                            ; 136 (136)         ; 192 (192)    ; 0           ; 0            ; 0       ; 0         ; 0    ; 0            ; |rtl_appendix_all_top|app_f_cache_top:U_APP_F_CACHE|cache_4way_structural_doc:U_CACHE_4WAY_STRUCTURAL_DOC|cache_tag_way_doc:U_TAG_WAY1                                                                    ;              ;
;          |cache_tag_way_doc:U_TAG_WAY2|                            ; 136 (136)         ; 192 (192)    ; 0           ; 0            ; 0       ; 0         ; 0    ; 0            ; |rtl_appendix_all_top|app_f_cache_top:U_APP_F_CACHE|cache_4way_structural_doc:U_CACHE_4WAY_STRUCTURAL_DOC|cache_tag_way_doc:U_TAG_WAY2                                                                    ; work         ;
;          |cache_tag_way_doc:U_TAG_WAY3|                            ; 120 (120)         ; 192 (192)    ; 0           ; 0            ; 0       ; 0         ; 0    ; 0            ; |rtl_appendix_all_top|app_f_cache_top:U_APP_F_CACHE|cache_4way_structural_doc:U_CACHE_4WAY_STRUCTURAL_DOC|cache_tag_way_doc:U_TAG_WAY3                                                                    ; work         ;
;          |cache_valid_way_doc:U_VALID_WAY0|                        ; 26 (26)           ; 16 (16)      ; 0           ; 0            ; 0       ; 0         ; 0    ; 0            ; |rtl_appendix_all_top|app_f_cache_top:U_APP_F_CACHE|cache_4way_structural_doc:U_CACHE_4WAY_STRUCTURAL_DOC|cache_valid_way_doc:U_VALID_WAY0                                                                ;              ;
;          |cache_valid_way_doc:U_VALID_WAY1|                        ; 26 (26)           ; 16 (16)      ; 0           ; 0            ; 0       ; 0         ; 0    ; 0            ; |rtl_appendix_all_top|app_f_cache_top:U_APP_F_CACHE|cache_4way_structural_doc:U_CACHE_4WAY_STRUCTURAL_DOC|cache_valid_way_doc:U_VALID_WAY1                                                                ; work         ;
;          |cache_valid_way_doc:U_VALID_WAY2|                        ; 26 (26)           ; 16 (16)      ; 0           ; 0            ; 0       ; 0         ; 0    ; 0            ; |rtl_appendix_all_top|app_f_cache_top:U_APP_F_CACHE|cache_4way_structural_doc:U_CACHE_4WAY_STRUCTURAL_DOC|cache_valid_way_doc:U_VALID_WAY2                                                                ; work         ;
;          |cache_valid_way_doc:U_VALID_WAY3|                        ; 26 (26)           ; 16 (16)      ; 0           ; 0            ; 0       ; 0         ; 0    ; 0            ; |rtl_appendix_all_top|app_f_cache_top:U_APP_F_CACHE|cache_4way_structural_doc:U_CACHE_4WAY_STRUCTURAL_DOC|cache_valid_way_doc:U_VALID_WAY3                                                                ; work         ;
;          |cache_victim_select_doc:U_VICTIM_SELECT|                 ; 22 (22)           ; 0 (0)        ; 0           ; 0            ; 0       ; 0         ; 0    ; 0            ; |rtl_appendix_all_top|app_f_cache_top:U_APP_F_CACHE|cache_4way_structural_doc:U_CACHE_4WAY_STRUCTURAL_DOC|cache_victim_select_doc:U_VICTIM_SELECT                                                         ; work         ;
;    |app_g_special_registers_top:U_APP_G_SPECIAL_REGISTERS|         ; 44 (0)            ; 52 (0)       ; 0           ; 0            ; 0       ; 0         ; 0    ; 0            ; |rtl_appendix_all_top|app_g_special_registers_top:U_APP_G_SPECIAL_REGISTERS                                                                                                                               ;              ;
;       |rtl_doc_reg16:U_IR0_REGISTER|                               ; 8 (8)             ; 16 (16)      ; 0           ; 0            ; 0       ; 0         ; 0    ; 0            ; |rtl_appendix_all_top|app_g_special_registers_top:U_APP_G_SPECIAL_REGISTERS|rtl_doc_reg16:U_IR0_REGISTER                                                                                                  ; work         ;
;       |rtl_doc_reg16:U_IR1_REGISTER|                               ; 16 (16)           ; 16 (16)      ; 0           ; 0            ; 0       ; 0         ; 0    ; 0            ; |rtl_appendix_all_top|app_g_special_registers_top:U_APP_G_SPECIAL_REGISTERS|rtl_doc_reg16:U_IR1_REGISTER                                                                                                  ;              ;
;       |rtl_doc_reg16:U_PC_REGISTER|                                ; 16 (16)           ; 16 (16)      ; 0           ; 0            ; 0       ; 0         ; 0    ; 0            ; |rtl_appendix_all_top|app_g_special_registers_top:U_APP_G_SPECIAL_REGISTERS|rtl_doc_reg16:U_PC_REGISTER                                                                                                   ;              ;
;       |rtl_doc_reg4:U_FLAGS_REG|                                   ; 4 (4)             ; 4 (4)        ; 0           ; 0            ; 0       ; 0         ; 0    ; 0            ; |rtl_appendix_all_top|app_g_special_registers_top:U_APP_G_SPECIAL_REGISTERS|rtl_doc_reg4:U_FLAGS_REG                                                                                                      ; work         ;
;    |app_h_cache_data_top:U_APP_H_CACHE_DATA|                       ; 1120 (0)          ; 1600 (0)     ; 0           ; 0            ; 0       ; 0         ; 0    ; 0            ; |rtl_appendix_all_top|app_h_cache_data_top:U_APP_H_CACHE_DATA                                                                                                                                             ; work         ;
;       |cache_data_way_doc:U_DATA_WAY0|                             ; 0 (0)             ; 256 (256)    ; 0           ; 0            ; 0       ; 0         ; 0    ; 0            ; |rtl_appendix_all_top|app_h_cache_data_top:U_APP_H_CACHE_DATA|cache_data_way_doc:U_DATA_WAY0                                                                                                              ; work         ;
;       |cache_data_way_doc:U_DATA_WAY1|                             ; 1 (1)             ; 256 (256)    ; 0           ; 0            ; 0       ; 0         ; 0    ; 0            ; |rtl_appendix_all_top|app_h_cache_data_top:U_APP_H_CACHE_DATA|cache_data_way_doc:U_DATA_WAY1                                                                                                              ; work         ;
;       |cache_data_way_doc:U_DATA_WAY2|                             ; 1 (1)             ; 256 (256)    ; 0           ; 0            ; 0       ; 0         ; 0    ; 0            ; |rtl_appendix_all_top|app_h_cache_data_top:U_APP_H_CACHE_DATA|cache_data_way_doc:U_DATA_WAY2                                                                                                              ; work         ;
;       |cache_data_way_doc:U_DATA_WAY3|                             ; 16 (16)           ; 256 (256)    ; 0           ; 0            ; 0       ; 0         ; 0    ; 0            ; |rtl_appendix_all_top|app_h_cache_data_top:U_APP_H_CACHE_DATA|cache_data_way_doc:U_DATA_WAY3                                                                                                              ; work         ;
;       |cache_hit_mux_doc:U_HIT_DATA_MUX4|                          ; 679 (679)         ; 0 (0)        ; 0           ; 0            ; 0       ; 0         ; 0    ; 0            ; |rtl_appendix_all_top|app_h_cache_data_top:U_APP_H_CACHE_DATA|cache_hit_mux_doc:U_HIT_DATA_MUX4                                                                                                           ; work         ;
;       |cache_tag_compare_doc:U_CMP0|                               ; 9 (9)             ; 0 (0)        ; 0           ; 0            ; 0       ; 0         ; 0    ; 0            ; |rtl_appendix_all_top|app_h_cache_data_top:U_APP_H_CACHE_DATA|cache_tag_compare_doc:U_CMP0                                                                                                                ; work         ;
;       |cache_tag_compare_doc:U_CMP1|                               ; 8 (8)             ; 0 (0)        ; 0           ; 0            ; 0       ; 0         ; 0    ; 0            ; |rtl_appendix_all_top|app_h_cache_data_top:U_APP_H_CACHE_DATA|cache_tag_compare_doc:U_CMP1                                                                                                                ; work         ;
;       |cache_tag_way_doc:U_TAG_WAY0|                               ; 136 (136)         ; 192 (192)    ; 0           ; 0            ; 0       ; 0         ; 0    ; 0            ; |rtl_appendix_all_top|app_h_cache_data_top:U_APP_H_CACHE_DATA|cache_tag_way_doc:U_TAG_WAY0                                                                                                                ; work         ;
;       |cache_tag_way_doc:U_TAG_WAY1|                               ; 135 (135)         ; 192 (192)    ; 0           ; 0            ; 0       ; 0         ; 0    ; 0            ; |rtl_appendix_all_top|app_h_cache_data_top:U_APP_H_CACHE_DATA|cache_tag_way_doc:U_TAG_WAY1                                                                                                                ; work         ;
;       |cache_tag_way_doc:U_TAG_WAY2|                               ; 135 (135)         ; 192 (192)    ; 0           ; 0            ; 0       ; 0         ; 0    ; 0            ; |rtl_appendix_all_top|app_h_cache_data_top:U_APP_H_CACHE_DATA|cache_tag_way_doc:U_TAG_WAY2                                                                                                                ; work         ;
;    |app_i_m_to_r_top:U_APP_I_M_TO_R|                               ; 33 (0)            ; 32 (0)       ; 0           ; 0            ; 0       ; 0         ; 0    ; 0            ; |rtl_appendix_all_top|app_i_m_to_r_top:U_APP_I_M_TO_R                                                                                                                                                     ; work         ;
;       |rtl_doc_reg16:U_READ_DATA_REG|                              ; 16 (16)           ; 16 (16)      ; 0           ; 0            ; 0       ; 0         ; 0    ; 0            ; |rtl_appendix_all_top|app_i_m_to_r_top:U_APP_I_M_TO_R|rtl_doc_reg16:U_READ_DATA_REG                                                                                                                       ; work         ;
;       |rtl_doc_reg16:U_RF_WRITEBACK_REG|                           ; 17 (17)           ; 16 (16)      ; 0           ; 0            ; 0       ; 0         ; 0    ; 0            ; |rtl_appendix_all_top|app_i_m_to_r_top:U_APP_I_M_TO_R|rtl_doc_reg16:U_RF_WRITEBACK_REG                                                                                                                    ; work         ;
;    |app_k_r_to_m_top:U_APP_K_R_TO_M|                               ; 177 (0)           ; 256 (0)      ; 0           ; 0            ; 0       ; 0         ; 0    ; 0            ; |rtl_appendix_all_top|app_k_r_to_m_top:U_APP_K_R_TO_M                                                                                                                                                     ; work         ;
;       |rtl_doc_arbiter2:U_WRITE_GRANT_ARBITER|                     ; 1 (1)             ; 0 (0)        ; 0           ; 0            ; 0       ; 0         ; 0    ; 0            ; |rtl_appendix_all_top|app_k_r_to_m_top:U_APP_K_R_TO_M|rtl_doc_arbiter2:U_WRITE_GRANT_ARBITER                                                                                                              ; work         ;
;       |rtl_doc_ram16x16:U_CACHE_WRITE_RAM|                         ; 176 (176)         ; 256 (256)    ; 0           ; 0            ; 0       ; 0         ; 0    ; 0            ; |rtl_appendix_all_top|app_k_r_to_m_top:U_APP_K_R_TO_M|rtl_doc_ram16x16:U_CACHE_WRITE_RAM                                                                                                                  ; work         ;
;    |app_l_alu_top:U_APP_L_ALU|                                     ; 96 (0)            ; 0 (0)        ; 0           ; 0            ; 0       ; 0         ; 0    ; 0            ; |rtl_appendix_all_top|app_l_alu_top:U_APP_L_ALU                                                                                                                                                           ;              ;
;       |app_n_nor_top:U_OPERATION_NOR|                              ; 16 (0)            ; 0 (0)        ; 0           ; 0            ; 0       ; 0         ; 0    ; 0            ; |rtl_appendix_all_top|app_l_alu_top:U_APP_L_ALU|app_n_nor_top:U_OPERATION_NOR                                                                                                                             ; work         ;
;          |rtl_doc_nor_bit:\GEN_NOR_BITS:0:U_NOR_BIT|               ; 1 (1)             ; 0 (0)        ; 0           ; 0            ; 0       ; 0         ; 0    ; 0            ; |rtl_appendix_all_top|app_l_alu_top:U_APP_L_ALU|app_n_nor_top:U_OPERATION_NOR|rtl_doc_nor_bit:\GEN_NOR_BITS:0:U_NOR_BIT                                                                                   ; work         ;
;          |rtl_doc_nor_bit:\GEN_NOR_BITS:10:U_NOR_BIT|              ; 1 (1)             ; 0 (0)        ; 0           ; 0            ; 0       ; 0         ; 0    ; 0            ; |rtl_appendix_all_top|app_l_alu_top:U_APP_L_ALU|app_n_nor_top:U_OPERATION_NOR|rtl_doc_nor_bit:\GEN_NOR_BITS:10:U_NOR_BIT                                                                                  ;              ;
;          |rtl_doc_nor_bit:\GEN_NOR_BITS:11:U_NOR_BIT|              ; 1 (1)             ; 0 (0)        ; 0           ; 0            ; 0       ; 0         ; 0    ; 0            ; |rtl_appendix_all_top|app_l_alu_top:U_APP_L_ALU|app_n_nor_top:U_OPERATION_NOR|rtl_doc_nor_bit:\GEN_NOR_BITS:11:U_NOR_BIT                                                                                  ; work         ;
;          |rtl_doc_nor_bit:\GEN_NOR_BITS:12:U_NOR_BIT|              ; 1 (1)             ; 0 (0)        ; 0           ; 0            ; 0       ; 0         ; 0    ; 0            ; |rtl_appendix_all_top|app_l_alu_top:U_APP_L_ALU|app_n_nor_top:U_OPERATION_NOR|rtl_doc_nor_bit:\GEN_NOR_BITS:12:U_NOR_BIT                                                                                  ;              ;
;          |rtl_doc_nor_bit:\GEN_NOR_BITS:13:U_NOR_BIT|              ; 1 (1)             ; 0 (0)        ; 0           ; 0            ; 0       ; 0         ; 0    ; 0            ; |rtl_appendix_all_top|app_l_alu_top:U_APP_L_ALU|app_n_nor_top:U_OPERATION_NOR|rtl_doc_nor_bit:\GEN_NOR_BITS:13:U_NOR_BIT                                                                                  ; work         ;
;          |rtl_doc_nor_bit:\GEN_NOR_BITS:14:U_NOR_BIT|              ; 1 (1)             ; 0 (0)        ; 0           ; 0            ; 0       ; 0         ; 0    ; 0            ; |rtl_appendix_all_top|app_l_alu_top:U_APP_L_ALU|app_n_nor_top:U_OPERATION_NOR|rtl_doc_nor_bit:\GEN_NOR_BITS:14:U_NOR_BIT                                                                                  ; work         ;
;          |rtl_doc_nor_bit:\GEN_NOR_BITS:15:U_NOR_BIT|              ; 1 (1)             ; 0 (0)        ; 0           ; 0            ; 0       ; 0         ; 0    ; 0            ; |rtl_appendix_all_top|app_l_alu_top:U_APP_L_ALU|app_n_nor_top:U_OPERATION_NOR|rtl_doc_nor_bit:\GEN_NOR_BITS:15:U_NOR_BIT                                                                                  ; work         ;
;          |rtl_doc_nor_bit:\GEN_NOR_BITS:1:U_NOR_BIT|               ; 1 (1)             ; 0 (0)        ; 0           ; 0            ; 0       ; 0         ; 0    ; 0            ; |rtl_appendix_all_top|app_l_alu_top:U_APP_L_ALU|app_n_nor_top:U_OPERATION_NOR|rtl_doc_nor_bit:\GEN_NOR_BITS:1:U_NOR_BIT                                                                                   ; work         ;
;          |rtl_doc_nor_bit:\GEN_NOR_BITS:2:U_NOR_BIT|               ; 1 (1)             ; 0 (0)        ; 0           ; 0            ; 0       ; 0         ; 0    ; 0            ; |rtl_appendix_all_top|app_l_alu_top:U_APP_L_ALU|app_n_nor_top:U_OPERATION_NOR|rtl_doc_nor_bit:\GEN_NOR_BITS:2:U_NOR_BIT                                                                                   ; work         ;
;          |rtl_doc_nor_bit:\GEN_NOR_BITS:3:U_NOR_BIT|               ; 1 (1)             ; 0 (0)        ; 0           ; 0            ; 0       ; 0         ; 0    ; 0            ; |rtl_appendix_all_top|app_l_alu_top:U_APP_L_ALU|app_n_nor_top:U_OPERATION_NOR|rtl_doc_nor_bit:\GEN_NOR_BITS:3:U_NOR_BIT                                                                                   ;              ;
;          |rtl_doc_nor_bit:\GEN_NOR_BITS:4:U_NOR_BIT|               ; 1 (1)             ; 0 (0)        ; 0           ; 0            ; 0       ; 0         ; 0    ; 0            ; |rtl_appendix_all_top|app_l_alu_top:U_APP_L_ALU|app_n_nor_top:U_OPERATION_NOR|rtl_doc_nor_bit:\GEN_NOR_BITS:4:U_NOR_BIT                                                                                   ; work         ;
;          |rtl_doc_nor_bit:\GEN_NOR_BITS:5:U_NOR_BIT|               ; 1 (1)             ; 0 (0)        ; 0           ; 0            ; 0       ; 0         ; 0    ; 0            ; |rtl_appendix_all_top|app_l_alu_top:U_APP_L_ALU|app_n_nor_top:U_OPERATION_NOR|rtl_doc_nor_bit:\GEN_NOR_BITS:5:U_NOR_BIT                                                                                   ; work         ;
;          |rtl_doc_nor_bit:\GEN_NOR_BITS:6:U_NOR_BIT|               ; 1 (1)             ; 0 (0)        ; 0           ; 0            ; 0       ; 0         ; 0    ; 0            ; |rtl_appendix_all_top|app_l_alu_top:U_APP_L_ALU|app_n_nor_top:U_OPERATION_NOR|rtl_doc_nor_bit:\GEN_NOR_BITS:6:U_NOR_BIT                                                                                   ; work         ;
;          |rtl_doc_nor_bit:\GEN_NOR_BITS:7:U_NOR_BIT|               ; 1 (1)             ; 0 (0)        ; 0           ; 0            ; 0       ; 0         ; 0    ; 0            ; |rtl_appendix_all_top|app_l_alu_top:U_APP_L_ALU|app_n_nor_top:U_OPERATION_NOR|rtl_doc_nor_bit:\GEN_NOR_BITS:7:U_NOR_BIT                                                                                   ; work         ;
;          |rtl_doc_nor_bit:\GEN_NOR_BITS:8:U_NOR_BIT|               ; 1 (1)             ; 0 (0)        ; 0           ; 0            ; 0       ; 0         ; 0    ; 0            ; |rtl_appendix_all_top|app_l_alu_top:U_APP_L_ALU|app_n_nor_top:U_OPERATION_NOR|rtl_doc_nor_bit:\GEN_NOR_BITS:8:U_NOR_BIT                                                                                   ;              ;
;          |rtl_doc_nor_bit:\GEN_NOR_BITS:9:U_NOR_BIT|               ; 1 (1)             ; 0 (0)        ; 0           ; 0            ; 0       ; 0         ; 0    ; 0            ; |rtl_appendix_all_top|app_l_alu_top:U_APP_L_ALU|app_n_nor_top:U_OPERATION_NOR|rtl_doc_nor_bit:\GEN_NOR_BITS:9:U_NOR_BIT                                                                                   ; work         ;
;       |rtl_doc_incs16:U_OPERATION_INCS|                            ; 48 (48)           ; 0 (0)        ; 0           ; 0            ; 0       ; 0         ; 0    ; 0            ; |rtl_appendix_all_top|app_l_alu_top:U_APP_L_ALU|rtl_doc_incs16:U_OPERATION_INCS                                                                                                                           ; work         ;
;       |rtl_doc_mux4_16:U_RESULT_MUX4|                              ; 32 (32)           ; 0 (0)        ; 0           ; 0            ; 0       ; 0         ; 0    ; 0            ; |rtl_appendix_all_top|app_l_alu_top:U_APP_L_ALU|rtl_doc_mux4_16:U_RESULT_MUX4                                                                                                                             ; work         ;
;    |app_n_nor_top:U_APP_N_NOR|                                     ; 16 (0)            ; 0 (0)        ; 0           ; 0            ; 0       ; 0         ; 0    ; 0            ; |rtl_appendix_all_top|app_n_nor_top:U_APP_N_NOR                                                                                                                                                           ; work         ;
;       |rtl_doc_nor_bit:\GEN_NOR_BITS:0:U_NOR_BIT|                  ; 1 (1)             ; 0 (0)        ; 0           ; 0            ; 0       ; 0         ; 0    ; 0            ; |rtl_appendix_all_top|app_n_nor_top:U_APP_N_NOR|rtl_doc_nor_bit:\GEN_NOR_BITS:0:U_NOR_BIT                                                                                                                 ; work         ;
;       |rtl_doc_nor_bit:\GEN_NOR_BITS:10:U_NOR_BIT|                 ; 1 (1)             ; 0 (0)        ; 0           ; 0            ; 0       ; 0         ; 0    ; 0            ; |rtl_appendix_all_top|app_n_nor_top:U_APP_N_NOR|rtl_doc_nor_bit:\GEN_NOR_BITS:10:U_NOR_BIT                                                                                                                ;              ;
;       |rtl_doc_nor_bit:\GEN_NOR_BITS:11:U_NOR_BIT|                 ; 1 (1)             ; 0 (0)        ; 0           ; 0            ; 0       ; 0         ; 0    ; 0            ; |rtl_appendix_all_top|app_n_nor_top:U_APP_N_NOR|rtl_doc_nor_bit:\GEN_NOR_BITS:11:U_NOR_BIT                                                                                                                ; work         ;
;       |rtl_doc_nor_bit:\GEN_NOR_BITS:12:U_NOR_BIT|                 ; 1 (1)             ; 0 (0)        ; 0           ; 0            ; 0       ; 0         ; 0    ; 0            ; |rtl_appendix_all_top|app_n_nor_top:U_APP_N_NOR|rtl_doc_nor_bit:\GEN_NOR_BITS:12:U_NOR_BIT                                                                                                                ;              ;
;       |rtl_doc_nor_bit:\GEN_NOR_BITS:13:U_NOR_BIT|                 ; 1 (1)             ; 0 (0)        ; 0           ; 0            ; 0       ; 0         ; 0    ; 0            ; |rtl_appendix_all_top|app_n_nor_top:U_APP_N_NOR|rtl_doc_nor_bit:\GEN_NOR_BITS:13:U_NOR_BIT                                                                                                                ; work         ;
;       |rtl_doc_nor_bit:\GEN_NOR_BITS:14:U_NOR_BIT|                 ; 1 (1)             ; 0 (0)        ; 0           ; 0            ; 0       ; 0         ; 0    ; 0            ; |rtl_appendix_all_top|app_n_nor_top:U_APP_N_NOR|rtl_doc_nor_bit:\GEN_NOR_BITS:14:U_NOR_BIT                                                                                                                ;              ;
;       |rtl_doc_nor_bit:\GEN_NOR_BITS:15:U_NOR_BIT|                 ; 1 (1)             ; 0 (0)        ; 0           ; 0            ; 0       ; 0         ; 0    ; 0            ; |rtl_appendix_all_top|app_n_nor_top:U_APP_N_NOR|rtl_doc_nor_bit:\GEN_NOR_BITS:15:U_NOR_BIT                                                                                                                ; work         ;
;       |rtl_doc_nor_bit:\GEN_NOR_BITS:1:U_NOR_BIT|                  ; 1 (1)             ; 0 (0)        ; 0           ; 0            ; 0       ; 0         ; 0    ; 0            ; |rtl_appendix_all_top|app_n_nor_top:U_APP_N_NOR|rtl_doc_nor_bit:\GEN_NOR_BITS:1:U_NOR_BIT                                                                                                                 ; work         ;
;       |rtl_doc_nor_bit:\GEN_NOR_BITS:2:U_NOR_BIT|                  ; 1 (1)             ; 0 (0)        ; 0           ; 0            ; 0       ; 0         ; 0    ; 0            ; |rtl_appendix_all_top|app_n_nor_top:U_APP_N_NOR|rtl_doc_nor_bit:\GEN_NOR_BITS:2:U_NOR_BIT                                                                                                                 ; work         ;
;       |rtl_doc_nor_bit:\GEN_NOR_BITS:3:U_NOR_BIT|                  ; 1 (1)             ; 0 (0)        ; 0           ; 0            ; 0       ; 0         ; 0    ; 0            ; |rtl_appendix_all_top|app_n_nor_top:U_APP_N_NOR|rtl_doc_nor_bit:\GEN_NOR_BITS:3:U_NOR_BIT                                                                                                                 ; work         ;
;       |rtl_doc_nor_bit:\GEN_NOR_BITS:4:U_NOR_BIT|                  ; 1 (1)             ; 0 (0)        ; 0           ; 0            ; 0       ; 0         ; 0    ; 0            ; |rtl_appendix_all_top|app_n_nor_top:U_APP_N_NOR|rtl_doc_nor_bit:\GEN_NOR_BITS:4:U_NOR_BIT                                                                                                                 ; work         ;
;       |rtl_doc_nor_bit:\GEN_NOR_BITS:5:U_NOR_BIT|                  ; 1 (1)             ; 0 (0)        ; 0           ; 0            ; 0       ; 0         ; 0    ; 0            ; |rtl_appendix_all_top|app_n_nor_top:U_APP_N_NOR|rtl_doc_nor_bit:\GEN_NOR_BITS:5:U_NOR_BIT                                                                                                                 ; work         ;
;       |rtl_doc_nor_bit:\GEN_NOR_BITS:6:U_NOR_BIT|                  ; 1 (1)             ; 0 (0)        ; 0           ; 0            ; 0       ; 0         ; 0    ; 0            ; |rtl_appendix_all_top|app_n_nor_top:U_APP_N_NOR|rtl_doc_nor_bit:\GEN_NOR_BITS:6:U_NOR_BIT                                                                                                                 ; work         ;
;       |rtl_doc_nor_bit:\GEN_NOR_BITS:7:U_NOR_BIT|                  ; 1 (1)             ; 0 (0)        ; 0           ; 0            ; 0       ; 0         ; 0    ; 0            ; |rtl_appendix_all_top|app_n_nor_top:U_APP_N_NOR|rtl_doc_nor_bit:\GEN_NOR_BITS:7:U_NOR_BIT                                                                                                                 ; work         ;
;       |rtl_doc_nor_bit:\GEN_NOR_BITS:8:U_NOR_BIT|                  ; 1 (1)             ; 0 (0)        ; 0           ; 0            ; 0       ; 0         ; 0    ; 0            ; |rtl_appendix_all_top|app_n_nor_top:U_APP_N_NOR|rtl_doc_nor_bit:\GEN_NOR_BITS:8:U_NOR_BIT                                                                                                                 ; work         ;
;       |rtl_doc_nor_bit:\GEN_NOR_BITS:9:U_NOR_BIT|                  ; 1 (1)             ; 0 (0)        ; 0           ; 0            ; 0       ; 0         ; 0    ; 0            ; |rtl_appendix_all_top|app_n_nor_top:U_APP_N_NOR|rtl_doc_nor_bit:\GEN_NOR_BITS:9:U_NOR_BIT                                                                                                                 ; work         ;
;    |app_r_incs_top:U_APP_R_INCS|                                   ; 48 (0)            ; 0 (0)        ; 0           ; 0            ; 0       ; 0         ; 0    ; 0            ; |rtl_appendix_all_top|app_r_incs_top:U_APP_R_INCS                                                                                                                                                         ; work         ;
;       |rtl_doc_incs16:U_ADD_ONE_WHEN_S_FLAG|                       ; 48 (48)           ; 0 (0)        ; 0           ; 0            ; 0       ; 0         ; 0    ; 0            ; |rtl_appendix_all_top|app_r_incs_top:U_APP_R_INCS|rtl_doc_incs16:U_ADD_ONE_WHEN_S_FLAG                                                                                                                    ; work         ;
;    |app_s_flags_top:U_APP_S_FLAGS|                                 ; 5 (0)             ; 4 (0)        ; 0           ; 0            ; 0       ; 0         ; 0    ; 0            ; |rtl_appendix_all_top|app_s_flags_top:U_APP_S_FLAGS                                                                                                                                                       ; work         ;
;       |rtl_doc_flags_logic:U_FLAG_COMBINATIONAL_LOGIC|             ; 5 (5)             ; 0 (0)        ; 0           ; 0            ; 0       ; 0         ; 0    ; 0            ; |rtl_appendix_all_top|app_s_flags_top:U_APP_S_FLAGS|rtl_doc_flags_logic:U_FLAG_COMBINATIONAL_LOGIC                                                                                                        ; work         ;
;       |rtl_doc_reg4:U_FLAG_REGISTER|                               ; 0 (0)             ; 4 (4)        ; 0           ; 0            ; 0       ; 0         ; 0    ; 0            ; |rtl_appendix_all_top|app_s_flags_top:U_APP_S_FLAGS|rtl_doc_reg4:U_FLAG_REGISTER                                                                                                                          ; work         ;
;    |app_sh_microevm_top:U_APP_SH_MICRO_EVM|                        ; 1825 (0)          ; 2268 (0)     ; 0           ; 0            ; 0       ; 0         ; 0    ; 0            ; |rtl_appendix_all_top|app_sh_microevm_top:U_APP_SH_MICRO_EVM                                                                                                                                              ; work         ;
;       |app_f_cache_top:U_DATA_CACHE_4WAY|                          ; 1587 (0)          ; 1989 (0)     ; 0           ; 0            ; 0       ; 0         ; 0    ; 0            ; |rtl_appendix_all_top|app_sh_microevm_top:U_APP_SH_MICRO_EVM|app_f_cache_top:U_DATA_CACHE_4WAY                                                                                                            ; work         ;
;          |cache_4way_structural_doc:U_CACHE_4WAY_STRUCTURAL_DOC|   ; 1587 (694)        ; 1989 (0)     ; 0           ; 0            ; 0       ; 0         ; 0    ; 0            ; |rtl_appendix_all_top|app_sh_microevm_top:U_APP_SH_MICRO_EVM|app_f_cache_top:U_DATA_CACHE_4WAY|cache_4way_structural_doc:U_CACHE_4WAY_STRUCTURAL_DOC                                                      ;              ;
;             |cache_age_way_doc:U_AGE_WAY0|                         ; 39 (39)           ; 32 (32)      ; 0           ; 0            ; 0       ; 0         ; 0    ; 0            ; |rtl_appendix_all_top|app_sh_microevm_top:U_APP_SH_MICRO_EVM|app_f_cache_top:U_DATA_CACHE_4WAY|cache_4way_structural_doc:U_CACHE_4WAY_STRUCTURAL_DOC|cache_age_way_doc:U_AGE_WAY0                         ; work         ;
;             |cache_age_way_doc:U_AGE_WAY1|                         ; 39 (39)           ; 32 (32)      ; 0           ; 0            ; 0       ; 0         ; 0    ; 0            ; |rtl_appendix_all_top|app_sh_microevm_top:U_APP_SH_MICRO_EVM|app_f_cache_top:U_DATA_CACHE_4WAY|cache_4way_structural_doc:U_CACHE_4WAY_STRUCTURAL_DOC|cache_age_way_doc:U_AGE_WAY1                         ; work         ;
;             |cache_age_way_doc:U_AGE_WAY2|                         ; 39 (39)           ; 32 (32)      ; 0           ; 0            ; 0       ; 0         ; 0    ; 0            ; |rtl_appendix_all_top|app_sh_microevm_top:U_APP_SH_MICRO_EVM|app_f_cache_top:U_DATA_CACHE_4WAY|cache_4way_structural_doc:U_CACHE_4WAY_STRUCTURAL_DOC|cache_age_way_doc:U_AGE_WAY2                         ;              ;
;             |cache_age_way_doc:U_AGE_WAY3|                         ; 39 (39)           ; 32 (32)      ; 0           ; 0            ; 0       ; 0         ; 0    ; 0            ; |rtl_appendix_all_top|app_sh_microevm_top:U_APP_SH_MICRO_EVM|app_f_cache_top:U_DATA_CACHE_4WAY|cache_4way_structural_doc:U_CACHE_4WAY_STRUCTURAL_DOC|cache_age_way_doc:U_AGE_WAY3                         ; work         ;
;             |cache_control_doc:U_CACHE_CONTROL|                    ; 17 (17)           ; 5 (5)        ; 0           ; 0            ; 0       ; 0         ; 0    ; 0            ; |rtl_appendix_all_top|app_sh_microevm_top:U_APP_SH_MICRO_EVM|app_f_cache_top:U_DATA_CACHE_4WAY|cache_4way_structural_doc:U_CACHE_4WAY_STRUCTURAL_DOC|cache_control_doc:U_CACHE_CONTROL                    ; work         ;
;             |cache_data_way_doc:U_DATA_WAY0|                       ; 0 (0)             ; 256 (256)    ; 0           ; 0            ; 0       ; 0         ; 0    ; 0            ; |rtl_appendix_all_top|app_sh_microevm_top:U_APP_SH_MICRO_EVM|app_f_cache_top:U_DATA_CACHE_4WAY|cache_4way_structural_doc:U_CACHE_4WAY_STRUCTURAL_DOC|cache_data_way_doc:U_DATA_WAY0                       ; work         ;
;             |cache_data_way_doc:U_DATA_WAY1|                       ; 0 (0)             ; 256 (256)    ; 0           ; 0            ; 0       ; 0         ; 0    ; 0            ; |rtl_appendix_all_top|app_sh_microevm_top:U_APP_SH_MICRO_EVM|app_f_cache_top:U_DATA_CACHE_4WAY|cache_4way_structural_doc:U_CACHE_4WAY_STRUCTURAL_DOC|cache_data_way_doc:U_DATA_WAY1                       ; work         ;
;             |cache_data_way_doc:U_DATA_WAY2|                       ; 0 (0)             ; 256 (256)    ; 0           ; 0            ; 0       ; 0         ; 0    ; 0            ; |rtl_appendix_all_top|app_sh_microevm_top:U_APP_SH_MICRO_EVM|app_f_cache_top:U_DATA_CACHE_4WAY|cache_4way_structural_doc:U_CACHE_4WAY_STRUCTURAL_DOC|cache_data_way_doc:U_DATA_WAY2                       ; work         ;
;             |cache_data_way_doc:U_DATA_WAY3|                       ; 0 (0)             ; 256 (256)    ; 0           ; 0            ; 0       ; 0         ; 0    ; 0            ; |rtl_appendix_all_top|app_sh_microevm_top:U_APP_SH_MICRO_EVM|app_f_cache_top:U_DATA_CACHE_4WAY|cache_4way_structural_doc:U_CACHE_4WAY_STRUCTURAL_DOC|cache_data_way_doc:U_DATA_WAY3                       ; work         ;
;             |cache_hit_miss_logic_doc:U_HIT_MISS_LOGIC_AND_OR_NOT| ; 34 (34)           ; 0 (0)        ; 0           ; 0            ; 0       ; 0         ; 0    ; 0            ; |rtl_appendix_all_top|app_sh_microevm_top:U_APP_SH_MICRO_EVM|app_f_cache_top:U_DATA_CACHE_4WAY|cache_4way_structural_doc:U_CACHE_4WAY_STRUCTURAL_DOC|cache_hit_miss_logic_doc:U_HIT_MISS_LOGIC_AND_OR_NOT ; work         ;
;             |cache_tag_way_doc:U_TAG_WAY0|                         ; 136 (136)         ; 192 (192)    ; 0           ; 0            ; 0       ; 0         ; 0    ; 0            ; |rtl_appendix_all_top|app_sh_microevm_top:U_APP_SH_MICRO_EVM|app_f_cache_top:U_DATA_CACHE_4WAY|cache_4way_structural_doc:U_CACHE_4WAY_STRUCTURAL_DOC|cache_tag_way_doc:U_TAG_WAY0                         ;              ;
;             |cache_tag_way_doc:U_TAG_WAY1|                         ; 136 (136)         ; 192 (192)    ; 0           ; 0            ; 0       ; 0         ; 0    ; 0            ; |rtl_appendix_all_top|app_sh_microevm_top:U_APP_SH_MICRO_EVM|app_f_cache_top:U_DATA_CACHE_4WAY|cache_4way_structural_doc:U_CACHE_4WAY_STRUCTURAL_DOC|cache_tag_way_doc:U_TAG_WAY1                         ; work         ;
;             |cache_tag_way_doc:U_TAG_WAY2|                         ; 152 (152)         ; 192 (192)    ; 0           ; 0            ; 0       ; 0         ; 0    ; 0            ; |rtl_appendix_all_top|app_sh_microevm_top:U_APP_SH_MICRO_EVM|app_f_cache_top:U_DATA_CACHE_4WAY|cache_4way_structural_doc:U_CACHE_4WAY_STRUCTURAL_DOC|cache_tag_way_doc:U_TAG_WAY2                         ; work         ;
;             |cache_tag_way_doc:U_TAG_WAY3|                         ; 136 (136)         ; 192 (192)    ; 0           ; 0            ; 0       ; 0         ; 0    ; 0            ; |rtl_appendix_all_top|app_sh_microevm_top:U_APP_SH_MICRO_EVM|app_f_cache_top:U_DATA_CACHE_4WAY|cache_4way_structural_doc:U_CACHE_4WAY_STRUCTURAL_DOC|cache_tag_way_doc:U_TAG_WAY3                         ; work         ;
;             |cache_valid_way_doc:U_VALID_WAY0|                     ; 26 (26)           ; 16 (16)      ; 0           ; 0            ; 0       ; 0         ; 0    ; 0            ; |rtl_appendix_all_top|app_sh_microevm_top:U_APP_SH_MICRO_EVM|app_f_cache_top:U_DATA_CACHE_4WAY|cache_4way_structural_doc:U_CACHE_4WAY_STRUCTURAL_DOC|cache_valid_way_doc:U_VALID_WAY0                     ; work         ;
;             |cache_valid_way_doc:U_VALID_WAY1|                     ; 26 (26)           ; 16 (16)      ; 0           ; 0            ; 0       ; 0         ; 0    ; 0            ; |rtl_appendix_all_top|app_sh_microevm_top:U_APP_SH_MICRO_EVM|app_f_cache_top:U_DATA_CACHE_4WAY|cache_4way_structural_doc:U_CACHE_4WAY_STRUCTURAL_DOC|cache_valid_way_doc:U_VALID_WAY1                     ;              ;
;             |cache_valid_way_doc:U_VALID_WAY2|                     ; 26 (26)           ; 16 (16)      ; 0           ; 0            ; 0       ; 0         ; 0    ; 0            ; |rtl_appendix_all_top|app_sh_microevm_top:U_APP_SH_MICRO_EVM|app_f_cache_top:U_DATA_CACHE_4WAY|cache_4way_structural_doc:U_CACHE_4WAY_STRUCTURAL_DOC|cache_valid_way_doc:U_VALID_WAY2                     ; work         ;
;             |cache_valid_way_doc:U_VALID_WAY3|                     ; 26 (26)           ; 16 (16)      ; 0           ; 0            ; 0       ; 0         ; 0    ; 0            ; |rtl_appendix_all_top|app_sh_microevm_top:U_APP_SH_MICRO_EVM|app_f_cache_top:U_DATA_CACHE_4WAY|cache_4way_structural_doc:U_CACHE_4WAY_STRUCTURAL_DOC|cache_valid_way_doc:U_VALID_WAY3                     ; work         ;
;             |cache_victim_select_doc:U_VICTIM_SELECT|              ; 22 (22)           ; 0 (0)        ; 0           ; 0            ; 0       ; 0         ; 0    ; 0            ; |rtl_appendix_all_top|app_sh_microevm_top:U_APP_SH_MICRO_EVM|app_f_cache_top:U_DATA_CACHE_4WAY|cache_4way_structural_doc:U_CACHE_4WAY_STRUCTURAL_DOC|cache_victim_select_doc:U_VICTIM_SELECT              ; work         ;
;       |app_shch_branch_predictor_top:U_BRANCH_PREDICTOR_A4|        ; 58 (16)           ; 20 (0)       ; 0           ; 0            ; 0       ; 0         ; 0    ; 0            ; |rtl_appendix_all_top|app_sh_microevm_top:U_APP_SH_MICRO_EVM|app_shch_branch_predictor_top:U_BRANCH_PREDICTOR_A4                                                                                          ; work         ;
;          |rtl_doc_compare16:U_PC_TAG_COMPARE|                      ; 20 (20)           ; 0 (0)        ; 0           ; 0            ; 0       ; 0         ; 0    ; 0            ; |rtl_appendix_all_top|app_sh_microevm_top:U_APP_SH_MICRO_EVM|app_shch_branch_predictor_top:U_BRANCH_PREDICTOR_A4|rtl_doc_compare16:U_PC_TAG_COMPARE                                                       ; work         ;
;          |rtl_doc_mux2_16:U_TARGET_MUX|                            ; 16 (16)           ; 0 (0)        ; 0           ; 0            ; 0       ; 0         ; 0    ; 0            ; |rtl_appendix_all_top|app_sh_microevm_top:U_APP_SH_MICRO_EVM|app_shch_branch_predictor_top:U_BRANCH_PREDICTOR_A4|rtl_doc_mux2_16:U_TARGET_MUX                                                             ; work         ;
;          |rtl_doc_reg16:U_BTB_TARGET_REG|                          ; 0 (0)             ; 16 (16)      ; 0           ; 0            ; 0       ; 0         ; 0    ; 0            ; |rtl_appendix_all_top|app_sh_microevm_top:U_APP_SH_MICRO_EVM|app_shch_branch_predictor_top:U_BRANCH_PREDICTOR_A4|rtl_doc_reg16:U_BTB_TARGET_REG                                                           ; work         ;
;          |rtl_doc_reg2:U_GLOBAL_HISTORY_REG|                       ; 1 (1)             ; 2 (2)        ; 0           ; 0            ; 0       ; 0         ; 0    ; 0            ; |rtl_appendix_all_top|app_sh_microevm_top:U_APP_SH_MICRO_EVM|app_shch_branch_predictor_top:U_BRANCH_PREDICTOR_A4|rtl_doc_reg2:U_GLOBAL_HISTORY_REG                                                        ; work         ;
;          |rtl_doc_reg2:U_PHT_COUNTER_REG|                          ; 5 (5)             ; 2 (2)        ; 0           ; 0            ; 0       ; 0         ; 0    ; 0            ; |rtl_appendix_all_top|app_sh_microevm_top:U_APP_SH_MICRO_EVM|app_shch_branch_predictor_top:U_BRANCH_PREDICTOR_A4|rtl_doc_reg2:U_PHT_COUNTER_REG                                                           ; work         ;
;       |rtl_doc_dma3word:U_DMA_CONTROLLER_3_WORD|                   ; 4 (4)             ; 3 (3)        ; 0           ; 0            ; 0       ; 0         ; 0    ; 0            ; |rtl_appendix_all_top|app_sh_microevm_top:U_APP_SH_MICRO_EVM|rtl_doc_dma3word:U_DMA_CONTROLLER_3_WORD                                                                                                     ; work         ;
;       |rtl_doc_ram16x16:U_DATA_RAM|                                ; 176 (176)         ; 256 (256)    ; 0           ; 0            ; 0       ; 0         ; 0    ; 0            ; |rtl_appendix_all_top|app_sh_microevm_top:U_APP_SH_MICRO_EVM|rtl_doc_ram16x16:U_DATA_RAM                                                                                                                  ; work         ;
;    |app_shch_branch_predictor_top:U_APP_SHCH_BRANCH_PREDICTOR|     ; 6 (1)             ; 20 (0)       ; 0           ; 0            ; 0       ; 0         ; 0    ; 0            ; |rtl_appendix_all_top|app_shch_branch_predictor_top:U_APP_SHCH_BRANCH_PREDICTOR                                                                                                                           ; work         ;
;       |rtl_doc_reg16:U_BTB_TARGET_REG|                             ; 0 (0)             ; 16 (16)      ; 0           ; 0            ; 0       ; 0         ; 0    ; 0            ; |rtl_appendix_all_top|app_shch_branch_predictor_top:U_APP_SHCH_BRANCH_PREDICTOR|rtl_doc_reg16:U_BTB_TARGET_REG                                                                                            ; work         ;
;       |rtl_doc_reg2:U_GLOBAL_HISTORY_REG|                          ; 1 (1)             ; 2 (2)        ; 0           ; 0            ; 0       ; 0         ; 0    ; 0            ; |rtl_appendix_all_top|app_shch_branch_predictor_top:U_APP_SHCH_BRANCH_PREDICTOR|rtl_doc_reg2:U_GLOBAL_HISTORY_REG                                                                                         ; work         ;
;       |rtl_doc_reg2:U_PHT_COUNTER_REG|                             ; 4 (4)             ; 2 (2)        ; 0           ; 0            ; 0       ; 0         ; 0    ; 0            ; |rtl_appendix_all_top|app_shch_branch_predictor_top:U_APP_SHCH_BRANCH_PREDICTOR|rtl_doc_reg2:U_PHT_COUNTER_REG                                                                                            ;              ;
;    |app_t_stack_top:U_APP_T_STACK|                                 ; 82 (0)            ; 115 (0)      ; 0           ; 0            ; 0       ; 0         ; 0    ; 0            ; |rtl_appendix_all_top|app_t_stack_top:U_APP_T_STACK                                                                                                                                                       ; work         ;
;       |rtl_doc_mux7_16:U_STACK_READ_MUX7|                          ; 66 (66)           ; 0 (0)        ; 0           ; 0            ; 0       ; 0         ; 0    ; 0            ; |rtl_appendix_all_top|app_t_stack_top:U_APP_T_STACK|rtl_doc_mux7_16:U_STACK_READ_MUX7                                                                                                                     ; work         ;
;       |rtl_doc_reg16:U_STACK0|                                     ; 2 (2)             ; 16 (16)      ; 0           ; 0            ; 0       ; 0         ; 0    ; 0            ; |rtl_appendix_all_top|app_t_stack_top:U_APP_T_STACK|rtl_doc_reg16:U_STACK0                                                                                                                                ; work         ;
;       |rtl_doc_reg16:U_STACK1|                                     ; 1 (1)             ; 16 (16)      ; 0           ; 0            ; 0       ; 0         ; 0    ; 0            ; |rtl_appendix_all_top|app_t_stack_top:U_APP_T_STACK|rtl_doc_reg16:U_STACK1                                                                                                                                ; work         ;
;       |rtl_doc_reg16:U_STACK2|                                     ; 1 (1)             ; 16 (16)      ; 0           ; 0            ; 0       ; 0         ; 0    ; 0            ; |rtl_appendix_all_top|app_t_stack_top:U_APP_T_STACK|rtl_doc_reg16:U_STACK2                                                                                                                                ; work         ;
;       |rtl_doc_reg16:U_STACK3|                                     ; 2 (2)             ; 16 (16)      ; 0           ; 0            ; 0       ; 0         ; 0    ; 0            ; |rtl_appendix_all_top|app_t_stack_top:U_APP_T_STACK|rtl_doc_reg16:U_STACK3                                                                                                                                ; work         ;
;       |rtl_doc_reg16:U_STACK4|                                     ; 2 (2)             ; 16 (16)      ; 0           ; 0            ; 0       ; 0         ; 0    ; 0            ; |rtl_appendix_all_top|app_t_stack_top:U_APP_T_STACK|rtl_doc_reg16:U_STACK4                                                                                                                                ; work         ;
;       |rtl_doc_reg16:U_STACK5|                                     ; 2 (2)             ; 16 (16)      ; 0           ; 0            ; 0       ; 0         ; 0    ; 0            ; |rtl_appendix_all_top|app_t_stack_top:U_APP_T_STACK|rtl_doc_reg16:U_STACK5                                                                                                                                ; work         ;
;       |rtl_doc_reg16:U_STACK6|                                     ; 1 (1)             ; 16 (16)      ; 0           ; 0            ; 0       ; 0         ; 0    ; 0            ; |rtl_appendix_all_top|app_t_stack_top:U_APP_T_STACK|rtl_doc_reg16:U_STACK6                                                                                                                                ; work         ;
;       |rtl_doc_reg3:U_SP_UP_DOWN_COUNTER|                          ; 5 (5)             ; 3 (3)        ; 0           ; 0            ; 0       ; 0         ; 0    ; 0            ; |rtl_appendix_all_top|app_t_stack_top:U_APP_T_STACK|rtl_doc_reg3:U_SP_UP_DOWN_COUNTER                                                                                                                     ; work         ;
;    |app_ts_cache_flags_top:U_APP_TS_CACHE_FLAGS|                   ; 276 (0)           ; 192 (0)      ; 0           ; 0            ; 0       ; 0         ; 0    ; 0            ; |rtl_appendix_all_top|app_ts_cache_flags_top:U_APP_TS_CACHE_FLAGS                                                                                                                                         ;              ;
;       |cache_age_way_doc:U_AGE_WAY0|                               ; 38 (38)           ; 32 (32)      ; 0           ; 0            ; 0       ; 0         ; 0    ; 0            ; |rtl_appendix_all_top|app_ts_cache_flags_top:U_APP_TS_CACHE_FLAGS|cache_age_way_doc:U_AGE_WAY0                                                                                                            ;              ;
;       |cache_age_way_doc:U_AGE_WAY1|                               ; 38 (38)           ; 32 (32)      ; 0           ; 0            ; 0       ; 0         ; 0    ; 0            ; |rtl_appendix_all_top|app_ts_cache_flags_top:U_APP_TS_CACHE_FLAGS|cache_age_way_doc:U_AGE_WAY1                                                                                                            ; work         ;
;       |cache_age_way_doc:U_AGE_WAY2|                               ; 38 (38)           ; 32 (32)      ; 0           ; 0            ; 0       ; 0         ; 0    ; 0            ; |rtl_appendix_all_top|app_ts_cache_flags_top:U_APP_TS_CACHE_FLAGS|cache_age_way_doc:U_AGE_WAY2                                                                                                            ;              ;
;       |cache_age_way_doc:U_AGE_WAY3|                               ; 38 (38)           ; 32 (32)      ; 0           ; 0            ; 0       ; 0         ; 0    ; 0            ; |rtl_appendix_all_top|app_ts_cache_flags_top:U_APP_TS_CACHE_FLAGS|cache_age_way_doc:U_AGE_WAY3                                                                                                            ; work         ;
;       |cache_valid_way_doc:U_VALID_WAY0|                           ; 26 (26)           ; 16 (16)      ; 0           ; 0            ; 0       ; 0         ; 0    ; 0            ; |rtl_appendix_all_top|app_ts_cache_flags_top:U_APP_TS_CACHE_FLAGS|cache_valid_way_doc:U_VALID_WAY0                                                                                                        ;              ;
;       |cache_valid_way_doc:U_VALID_WAY1|                           ; 26 (26)           ; 16 (16)      ; 0           ; 0            ; 0       ; 0         ; 0    ; 0            ; |rtl_appendix_all_top|app_ts_cache_flags_top:U_APP_TS_CACHE_FLAGS|cache_valid_way_doc:U_VALID_WAY1                                                                                                        ; work         ;
;       |cache_valid_way_doc:U_VALID_WAY2|                           ; 26 (26)           ; 16 (16)      ; 0           ; 0            ; 0       ; 0         ; 0    ; 0            ; |rtl_appendix_all_top|app_ts_cache_flags_top:U_APP_TS_CACHE_FLAGS|cache_valid_way_doc:U_VALID_WAY2                                                                                                        ;              ;
;       |cache_valid_way_doc:U_VALID_WAY3|                           ; 26 (26)           ; 16 (16)      ; 0           ; 0            ; 0       ; 0         ; 0    ; 0            ; |rtl_appendix_all_top|app_ts_cache_flags_top:U_APP_TS_CACHE_FLAGS|cache_valid_way_doc:U_VALID_WAY3                                                                                                        ; work         ;
;       |cache_victim_select_doc:U_VICTIM_SELECT_INVALID_OR_MAX_AGE| ; 20 (20)           ; 0 (0)        ; 0           ; 0            ; 0       ; 0         ; 0    ; 0            ; |rtl_appendix_all_top|app_ts_cache_flags_top:U_APP_TS_CACHE_FLAGS|cache_victim_select_doc:U_VICTIM_SELECT_INVALID_OR_MAX_AGE                                                                              ;              ;
;    |app_u_stack_exec_top:U_APP_U_STACK_EXEC|                       ; 97 (0)            ; 147 (0)      ; 0           ; 0            ; 0       ; 0         ; 0    ; 0            ; |rtl_appendix_all_top|app_u_stack_exec_top:U_APP_U_STACK_EXEC                                                                                                                                             ; work         ;
;       |app_t_stack_top:U_STACK_DEVICE_7X16|                        ; 30 (0)            ; 115 (0)      ; 0           ; 0            ; 0       ; 0         ; 0    ; 0            ; |rtl_appendix_all_top|app_u_stack_exec_top:U_APP_U_STACK_EXEC|app_t_stack_top:U_STACK_DEVICE_7X16                                                                                                         ; work         ;
;          |rtl_doc_reg16:U_STACK0|                                  ; 17 (17)           ; 16 (16)      ; 0           ; 0            ; 0       ; 0         ; 0    ; 0            ; |rtl_appendix_all_top|app_u_stack_exec_top:U_APP_U_STACK_EXEC|app_t_stack_top:U_STACK_DEVICE_7X16|rtl_doc_reg16:U_STACK0                                                                                  ; work         ;
;          |rtl_doc_reg16:U_STACK1|                                  ; 1 (1)             ; 16 (16)      ; 0           ; 0            ; 0       ; 0         ; 0    ; 0            ; |rtl_appendix_all_top|app_u_stack_exec_top:U_APP_U_STACK_EXEC|app_t_stack_top:U_STACK_DEVICE_7X16|rtl_doc_reg16:U_STACK1                                                                                  ; work         ;
;          |rtl_doc_reg16:U_STACK2|                                  ; 1 (1)             ; 16 (16)      ; 0           ; 0            ; 0       ; 0         ; 0    ; 0            ; |rtl_appendix_all_top|app_u_stack_exec_top:U_APP_U_STACK_EXEC|app_t_stack_top:U_STACK_DEVICE_7X16|rtl_doc_reg16:U_STACK2                                                                                  ; work         ;
;          |rtl_doc_reg16:U_STACK3|                                  ; 2 (2)             ; 16 (16)      ; 0           ; 0            ; 0       ; 0         ; 0    ; 0            ; |rtl_appendix_all_top|app_u_stack_exec_top:U_APP_U_STACK_EXEC|app_t_stack_top:U_STACK_DEVICE_7X16|rtl_doc_reg16:U_STACK3                                                                                  ; work         ;
;          |rtl_doc_reg16:U_STACK4|                                  ; 2 (2)             ; 16 (16)      ; 0           ; 0            ; 0       ; 0         ; 0    ; 0            ; |rtl_appendix_all_top|app_u_stack_exec_top:U_APP_U_STACK_EXEC|app_t_stack_top:U_STACK_DEVICE_7X16|rtl_doc_reg16:U_STACK4                                                                                  ; work         ;
;          |rtl_doc_reg16:U_STACK5|                                  ; 1 (1)             ; 16 (16)      ; 0           ; 0            ; 0       ; 0         ; 0    ; 0            ; |rtl_appendix_all_top|app_u_stack_exec_top:U_APP_U_STACK_EXEC|app_t_stack_top:U_STACK_DEVICE_7X16|rtl_doc_reg16:U_STACK5                                                                                  ; work         ;
;          |rtl_doc_reg16:U_STACK6|                                  ; 1 (1)             ; 16 (16)      ; 0           ; 0            ; 0       ; 0         ; 0    ; 0            ; |rtl_appendix_all_top|app_u_stack_exec_top:U_APP_U_STACK_EXEC|app_t_stack_top:U_STACK_DEVICE_7X16|rtl_doc_reg16:U_STACK6                                                                                  ; work         ;
;          |rtl_doc_reg3:U_SP_UP_DOWN_COUNTER|                       ; 5 (5)             ; 3 (3)        ; 0           ; 0            ; 0       ; 0         ; 0    ; 0            ; |rtl_appendix_all_top|app_u_stack_exec_top:U_APP_U_STACK_EXEC|app_t_stack_top:U_STACK_DEVICE_7X16|rtl_doc_reg3:U_SP_UP_DOWN_COUNTER                                                                       ; work         ;
;       |rtl_doc_reg16:U_POP_WRITEBACK_REGISTER|                     ; 67 (67)           ; 16 (16)      ; 0           ; 0            ; 0       ; 0         ; 0    ; 0            ; |rtl_appendix_all_top|app_u_stack_exec_top:U_APP_U_STACK_EXEC|rtl_doc_reg16:U_POP_WRITEBACK_REGISTER                                                                                                      ; work         ;
;       |rtl_doc_reg16:U_RF_SOURCE_REGISTER|                         ; 0 (0)             ; 16 (16)      ; 0           ; 0            ; 0       ; 0         ; 0    ; 0            ; |rtl_appendix_all_top|app_u_stack_exec_top:U_APP_U_STACK_EXEC|rtl_doc_reg16:U_RF_SOURCE_REGISTER                                                                                                          ; work         ;
;    |app_v_control_top:U_APP_V_CONTROL_UNIT|                        ; 24 (0)            ; 8 (0)        ; 0           ; 0            ; 0       ; 0         ; 0    ; 0            ; |rtl_appendix_all_top|app_v_control_top:U_APP_V_CONTROL_UNIT                                                                                                                                              ;              ;
;       |rtl_doc_control_matrix:U_CONTROL_MATRIX|                    ; 5 (5)             ; 0 (0)        ; 0           ; 0            ; 0       ; 0         ; 0    ; 0            ; |rtl_appendix_all_top|app_v_control_top:U_APP_V_CONTROL_UNIT|rtl_doc_control_matrix:U_CONTROL_MATRIX                                                                                                      ; work         ;
;       |rtl_doc_opcode_decode11:U_OPCODE_DECODER|                   ; 10 (10)           ; 0 (0)        ; 0           ; 0            ; 0       ; 0         ; 0    ; 0            ; |rtl_appendix_all_top|app_v_control_top:U_APP_V_CONTROL_UNIT|rtl_doc_opcode_decode11:U_OPCODE_DECODER                                                                                                     ; work         ;
;       |rtl_doc_reg8:U_OPCODE_REGISTER|                             ; 9 (9)             ; 8 (8)        ; 0           ; 0            ; 0       ; 0         ; 0    ; 0            ; |rtl_appendix_all_top|app_v_control_top:U_APP_V_CONTROL_UNIT|rtl_doc_reg8:U_OPCODE_REGISTER                                                                                                               ; work         ;
;    |app_zh_jmp_top:U_APP_ZH_JMP|                                   ; 16 (0)            ; 16 (0)       ; 0           ; 0            ; 0       ; 0         ; 0    ; 0            ; |rtl_appendix_all_top|app_zh_jmp_top:U_APP_ZH_JMP                                                                                                                                                         ; work         ;
;       |rtl_doc_reg16:U_PC_LOAD_REG|                                ; 16 (16)           ; 16 (16)      ; 0           ; 0            ; 0       ; 0         ; 0    ; 0            ; |rtl_appendix_all_top|app_zh_jmp_top:U_APP_ZH_JMP|rtl_doc_reg16:U_PC_LOAD_REG                                                                                                                             ; work         ;
+--------------------------------------------------------------------+-------------------+--------------+-------------+--------------+---------+-----------+------+--------------+-----------------------------------------------------------------------------------------------------------------------------------------------------------------------------------------------------------+--------------+
Note: For table entries with two numbers listed, the numbers in parentheses indicate the number of resources of the given type used by the specific entity alone. The numbers listed outside of parentheses indicate the total resources of the given type used by the specific entity and all of its sub-entities in the hierarchy.


Encoding Type:  One-Hot
+----------------------------------------------------------------------------------------------------------------------------------------------------------------------------------------------------------------+
; State Machine - |rtl_appendix_all_top|app_sh_microevm_top:U_APP_SH_MICRO_EVM|app_f_cache_top:U_DATA_CACHE_4WAY|cache_4way_structural_doc:U_CACHE_4WAY_STRUCTURAL_DOC|cache_control_doc:U_CACHE_CONTROL|state_r ;
+-----------------------+-----------------------+-------------------+-----------------------+------------------+-------------------------------------------------------------------------------------------------+
; Name                  ; state_r.WRITE_THROUGH ; state_r.MISS_FILL ; state_r.MISS_READ_REQ ; state_r.HIT_READ ; state_r.IDLE                                                                                    ;
+-----------------------+-----------------------+-------------------+-----------------------+------------------+-------------------------------------------------------------------------------------------------+
; state_r.IDLE          ; 0                     ; 0                 ; 0                     ; 0                ; 0                                                                                               ;
; state_r.HIT_READ      ; 0                     ; 0                 ; 0                     ; 1                ; 1                                                                                               ;
; state_r.MISS_READ_REQ ; 0                     ; 0                 ; 1                     ; 0                ; 1                                                                                               ;
; state_r.MISS_FILL     ; 0                     ; 1                 ; 0                     ; 0                ; 1                                                                                               ;
; state_r.WRITE_THROUGH ; 1                     ; 0                 ; 0                     ; 0                ; 1                                                                                               ;
+-----------------------+-----------------------+-------------------+-----------------------+------------------+-------------------------------------------------------------------------------------------------+


Encoding Type:  One-Hot
+---------------------------------------------------------------------------------------------------------------------------------------------------------------------+
; State Machine - |rtl_appendix_all_top|app_f_cache_top:U_APP_F_CACHE|cache_4way_structural_doc:U_CACHE_4WAY_STRUCTURAL_DOC|cache_control_doc:U_CACHE_CONTROL|state_r ;
+-----------------------+-----------------------+-------------------+-----------------------+------------------+------------------------------------------------------+
; Name                  ; state_r.WRITE_THROUGH ; state_r.MISS_FILL ; state_r.MISS_READ_REQ ; state_r.HIT_READ ; state_r.IDLE                                         ;
+-----------------------+-----------------------+-------------------+-----------------------+------------------+------------------------------------------------------+
; state_r.IDLE          ; 0                     ; 0                 ; 0                     ; 0                ; 0                                                    ;
; state_r.HIT_READ      ; 0                     ; 0                 ; 0                     ; 1                ; 1                                                    ;
; state_r.MISS_READ_REQ ; 0                     ; 0                 ; 1                     ; 0                ; 1                                                    ;
; state_r.MISS_FILL     ; 0                     ; 1                 ; 0                     ; 0                ; 1                                                    ;
; state_r.WRITE_THROUGH ; 1                     ; 0                 ; 0                     ; 0                ; 1                                                    ;
+-----------------------+-----------------------+-------------------+-----------------------+------------------+------------------------------------------------------+


+-----------------------------------------------------------------------------------------------------------------------------------------------------------------------------------------------------------------------------------------------------+
; Registers Protected by Synthesis                                                                                                                                                                                                                    ;
+-------------------------------------------------------------------------------------------------------------------------------------+------------------------------------------------------------------+--------------------------------------------+
; Register Name                                                                                                                       ; Protected by Synthesis Attribute or Preserve Register Assignment ; Not to be Touched by Netlist Optimizations ;
+-------------------------------------------------------------------------------------------------------------------------------------+------------------------------------------------------------------+--------------------------------------------+
; app_a_command_system_top:U_APP_A_COMMAND_SYSTEM|rtl_doc_reg16:U_IR_WORD0_OPCODE_RN|q_r[0]                                           ; yes                                                              ; yes                                        ;
; app_b_memory_top:U_APP_B_MEMORY|rtl_doc_dma3word:U_DMA_3_WORDS_AT_0A|idx_r[0]                                                       ; yes                                                              ; yes                                        ;
; app_v_control_top:U_APP_V_CONTROL_UNIT|rtl_doc_reg8:U_OPCODE_REGISTER|q_r[0]                                                        ; yes                                                              ; yes                                        ;
; app_v_control_top:U_APP_V_CONTROL_UNIT|rtl_doc_reg8:U_OPCODE_REGISTER|q_r[1]                                                        ; yes                                                              ; yes                                        ;
; app_v_control_top:U_APP_V_CONTROL_UNIT|rtl_doc_reg8:U_OPCODE_REGISTER|q_r[2]                                                        ; yes                                                              ; yes                                        ;
; app_v_control_top:U_APP_V_CONTROL_UNIT|rtl_doc_reg8:U_OPCODE_REGISTER|q_r[3]                                                        ; yes                                                              ; yes                                        ;
; app_v_control_top:U_APP_V_CONTROL_UNIT|rtl_doc_reg8:U_OPCODE_REGISTER|q_r[4]                                                        ; yes                                                              ; yes                                        ;
; app_v_control_top:U_APP_V_CONTROL_UNIT|rtl_doc_reg8:U_OPCODE_REGISTER|q_r[5]                                                        ; yes                                                              ; yes                                        ;
; app_v_control_top:U_APP_V_CONTROL_UNIT|rtl_doc_reg8:U_OPCODE_REGISTER|q_r[6]                                                        ; yes                                                              ; yes                                        ;
; app_v_control_top:U_APP_V_CONTROL_UNIT|rtl_doc_reg8:U_OPCODE_REGISTER|q_r[7]                                                        ; yes                                                              ; yes                                        ;
; app_g_special_registers_top:U_APP_G_SPECIAL_REGISTERS|rtl_doc_reg16:U_IR0_REGISTER|q_r[0]                                           ; yes                                                              ; yes                                        ;
; app_g_special_registers_top:U_APP_G_SPECIAL_REGISTERS|rtl_doc_reg16:U_IR1_REGISTER|q_r[0]                                           ; yes                                                              ; yes                                        ;
; app_g_special_registers_top:U_APP_G_SPECIAL_REGISTERS|rtl_doc_reg4:U_FLAGS_REG|q_r[0]                                               ; yes                                                              ; yes                                        ;
; app_e_common_ops_top:U_APP_E_COMMON_OPERATIONS|rtl_doc_reg16:U_CACHE_READ_WRITE_BUF|q_r[0]                                          ; yes                                                              ; yes                                        ;
; app_e_common_ops_top:U_APP_E_COMMON_OPERATIONS|rtl_doc_reg16:U_STACK_PUSH_POP_BUF|q_r[0]                                            ; yes                                                              ; yes                                        ;
; app_i_m_to_r_top:U_APP_I_M_TO_R|rtl_doc_reg16:U_RF_WRITEBACK_REG|q_r[0]                                                             ; yes                                                              ; yes                                        ;
; app_u_stack_exec_top:U_APP_U_STACK_EXEC|rtl_doc_reg16:U_RF_SOURCE_REGISTER|q_r[0]                                                   ; yes                                                              ; yes                                        ;
; app_sh_microevm_top:U_APP_SH_MICRO_EVM|rtl_doc_dma3word:U_DMA_CONTROLLER_3_WORD|idx_r[0]                                            ; yes                                                              ; yes                                        ;
; app_sh_microevm_top:U_APP_SH_MICRO_EVM|app_shch_branch_predictor_top:U_BRANCH_PREDICTOR_A4|rtl_doc_reg2:U_GLOBAL_HISTORY_REG|q_r[0] ; yes                                                              ; yes                                        ;
; app_shch_branch_predictor_top:U_APP_SHCH_BRANCH_PREDICTOR|rtl_doc_reg2:U_GLOBAL_HISTORY_REG|q_r[0]                                  ; yes                                                              ; yes                                        ;
; app_a_command_system_top:U_APP_A_COMMAND_SYSTEM|rtl_doc_reg16:U_IR_WORD1_ADDR_IMM|q_r[0]                                            ; yes                                                              ; yes                                        ;
; app_s_flags_top:U_APP_S_FLAGS|rtl_doc_reg4:U_FLAG_REGISTER|q_r[0]                                                                   ; yes                                                              ; yes                                        ;
; app_u_stack_exec_top:U_APP_U_STACK_EXEC|rtl_doc_reg16:U_POP_WRITEBACK_REGISTER|q_r[0]                                               ; yes                                                              ; yes                                        ;
; app_sh_microevm_top:U_APP_SH_MICRO_EVM|app_shch_branch_predictor_top:U_BRANCH_PREDICTOR_A4|rtl_doc_reg16:U_BTB_TARGET_REG|q_r[0]    ; yes                                                              ; yes                                        ;
; app_sh_microevm_top:U_APP_SH_MICRO_EVM|app_shch_branch_predictor_top:U_BRANCH_PREDICTOR_A4|rtl_doc_reg2:U_PHT_COUNTER_REG|q_r[1]    ; yes                                                              ; yes                                        ;
; app_shch_branch_predictor_top:U_APP_SHCH_BRANCH_PREDICTOR|rtl_doc_reg16:U_BTB_TARGET_REG|q_r[0]                                     ; yes                                                              ; yes                                        ;
; app_shch_branch_predictor_top:U_APP_SHCH_BRANCH_PREDICTOR|rtl_doc_reg2:U_PHT_COUNTER_REG|q_r[1]                                     ; yes                                                              ; yes                                        ;
; app_d_reg_file_top:U_APP_D_RON|rtl_doc_reg16:U_RON9|q_r[0]                                                                          ; yes                                                              ; yes                                        ;
; app_d_reg_file_top:U_APP_D_RON|rtl_doc_reg16:U_RON10|q_r[0]                                                                         ; yes                                                              ; yes                                        ;
; app_d_reg_file_top:U_APP_D_RON|rtl_doc_reg16:U_RON8|q_r[0]                                                                          ; yes                                                              ; yes                                        ;
; app_d_reg_file_top:U_APP_D_RON|rtl_doc_reg16:U_RON11|q_r[0]                                                                         ; yes                                                              ; yes                                        ;
; app_d_reg_file_top:U_APP_D_RON|rtl_doc_reg16:U_RON4|q_r[0]                                                                          ; yes                                                              ; yes                                        ;
; app_d_reg_file_top:U_APP_D_RON|rtl_doc_reg16:U_RON2|q_r[0]                                                                          ; yes                                                              ; yes                                        ;
; app_d_reg_file_top:U_APP_D_RON|rtl_doc_reg16:U_RON0|q_r[0]                                                                          ; yes                                                              ; yes                                        ;
; app_d_reg_file_top:U_APP_D_RON|rtl_doc_reg16:U_RON6|q_r[0]                                                                          ; yes                                                              ; yes                                        ;
; app_d_reg_file_top:U_APP_D_RON|rtl_doc_reg16:U_RON3|q_r[0]                                                                          ; yes                                                              ; yes                                        ;
; app_d_reg_file_top:U_APP_D_RON|rtl_doc_reg16:U_RON5|q_r[0]                                                                          ; yes                                                              ; yes                                        ;
; app_d_reg_file_top:U_APP_D_RON|rtl_doc_reg16:U_RON1|q_r[0]                                                                          ; yes                                                              ; yes                                        ;
; app_d_reg_file_top:U_APP_D_RON|rtl_doc_reg16:U_RON7|q_r[0]                                                                          ; yes                                                              ; yes                                        ;
; app_t_stack_top:U_APP_T_STACK|rtl_doc_reg16:U_STACK3|q_r[0]                                                                         ; yes                                                              ; yes                                        ;
; app_t_stack_top:U_APP_T_STACK|rtl_doc_reg3:U_SP_UP_DOWN_COUNTER|q_r[0]                                                              ; yes                                                              ; yes                                        ;
; app_t_stack_top:U_APP_T_STACK|rtl_doc_reg3:U_SP_UP_DOWN_COUNTER|q_r[1]                                                              ; yes                                                              ; yes                                        ;
; app_t_stack_top:U_APP_T_STACK|rtl_doc_reg3:U_SP_UP_DOWN_COUNTER|q_r[2]                                                              ; yes                                                              ; yes                                        ;
; app_t_stack_top:U_APP_T_STACK|rtl_doc_reg16:U_STACK4|q_r[0]                                                                         ; yes                                                              ; yes                                        ;
; app_t_stack_top:U_APP_T_STACK|rtl_doc_reg16:U_STACK1|q_r[0]                                                                         ; yes                                                              ; yes                                        ;
; app_t_stack_top:U_APP_T_STACK|rtl_doc_reg16:U_STACK0|q_r[0]                                                                         ; yes                                                              ; yes                                        ;
; app_t_stack_top:U_APP_T_STACK|rtl_doc_reg16:U_STACK5|q_r[0]                                                                         ; yes                                                              ; yes                                        ;
; app_t_stack_top:U_APP_T_STACK|rtl_doc_reg16:U_STACK2|q_r[0]                                                                         ; yes                                                              ; yes                                        ;
; app_t_stack_top:U_APP_T_STACK|rtl_doc_reg16:U_STACK6|q_r[0]                                                                         ; yes                                                              ; yes                                        ;
; app_a_command_system_top:U_APP_A_COMMAND_SYSTEM|rtl_doc_reg16:U_PC_REG|q_r[0]                                                       ; yes                                                              ; yes                                        ;
; app_g_special_registers_top:U_APP_G_SPECIAL_REGISTERS|rtl_doc_reg16:U_PC_REGISTER|q_r[0]                                            ; yes                                                              ; yes                                        ;
; app_e_common_ops_top:U_APP_E_COMMON_OPERATIONS|rtl_doc_reg16:U_PC_REGISTER|q_r[0]                                                   ; yes                                                              ; yes                                        ;
; app_zh_jmp_top:U_APP_ZH_JMP|rtl_doc_reg16:U_PC_LOAD_REG|q_r[0]                                                                      ; yes                                                              ; yes                                        ;
; app_a_command_system_top:U_APP_A_COMMAND_SYSTEM|rtl_doc_reg16:U_IR_WORD0_OPCODE_RN|q_r[1]                                           ; yes                                                              ; yes                                        ;
; app_b_memory_top:U_APP_B_MEMORY|rtl_doc_dma3word:U_DMA_3_WORDS_AT_0A|idx_r[1]                                                       ; yes                                                              ; yes                                        ;
; app_g_special_registers_top:U_APP_G_SPECIAL_REGISTERS|rtl_doc_reg16:U_IR0_REGISTER|q_r[1]                                           ; yes                                                              ; yes                                        ;
; app_g_special_registers_top:U_APP_G_SPECIAL_REGISTERS|rtl_doc_reg16:U_IR1_REGISTER|q_r[1]                                           ; yes                                                              ; yes                                        ;
; app_g_special_registers_top:U_APP_G_SPECIAL_REGISTERS|rtl_doc_reg4:U_FLAGS_REG|q_r[1]                                               ; yes                                                              ; yes                                        ;
; app_e_common_ops_top:U_APP_E_COMMON_OPERATIONS|rtl_doc_reg16:U_CACHE_READ_WRITE_BUF|q_r[1]                                          ; yes                                                              ; yes                                        ;
; app_e_common_ops_top:U_APP_E_COMMON_OPERATIONS|rtl_doc_reg16:U_STACK_PUSH_POP_BUF|q_r[1]                                            ; yes                                                              ; yes                                        ;
; app_i_m_to_r_top:U_APP_I_M_TO_R|rtl_doc_reg16:U_RF_WRITEBACK_REG|q_r[1]                                                             ; yes                                                              ; yes                                        ;
; app_s_flags_top:U_APP_S_FLAGS|rtl_doc_reg4:U_FLAG_REGISTER|q_r[1]                                                                   ; yes                                                              ; yes                                        ;
; app_u_stack_exec_top:U_APP_U_STACK_EXEC|rtl_doc_reg16:U_RF_SOURCE_REGISTER|q_r[1]                                                   ; yes                                                              ; yes                                        ;
; app_sh_microevm_top:U_APP_SH_MICRO_EVM|rtl_doc_dma3word:U_DMA_CONTROLLER_3_WORD|idx_r[1]                                            ; yes                                                              ; yes                                        ;
; app_sh_microevm_top:U_APP_SH_MICRO_EVM|app_shch_branch_predictor_top:U_BRANCH_PREDICTOR_A4|rtl_doc_reg2:U_GLOBAL_HISTORY_REG|q_r[1] ; yes                                                              ; yes                                        ;
; app_shch_branch_predictor_top:U_APP_SHCH_BRANCH_PREDICTOR|rtl_doc_reg2:U_GLOBAL_HISTORY_REG|q_r[1]                                  ; yes                                                              ; yes                                        ;
; app_a_command_system_top:U_APP_A_COMMAND_SYSTEM|rtl_doc_reg16:U_IR_WORD1_ADDR_IMM|q_r[1]                                            ; yes                                                              ; yes                                        ;
; app_u_stack_exec_top:U_APP_U_STACK_EXEC|rtl_doc_reg16:U_POP_WRITEBACK_REGISTER|q_r[1]                                               ; yes                                                              ; yes                                        ;
; app_sh_microevm_top:U_APP_SH_MICRO_EVM|app_shch_branch_predictor_top:U_BRANCH_PREDICTOR_A4|rtl_doc_reg16:U_BTB_TARGET_REG|q_r[1]    ; yes                                                              ; yes                                        ;
; app_shch_branch_predictor_top:U_APP_SHCH_BRANCH_PREDICTOR|rtl_doc_reg16:U_BTB_TARGET_REG|q_r[1]                                     ; yes                                                              ; yes                                        ;
; app_d_reg_file_top:U_APP_D_RON|rtl_doc_reg16:U_RON10|q_r[1]                                                                         ; yes                                                              ; yes                                        ;
; app_d_reg_file_top:U_APP_D_RON|rtl_doc_reg16:U_RON9|q_r[1]                                                                          ; yes                                                              ; yes                                        ;
; app_d_reg_file_top:U_APP_D_RON|rtl_doc_reg16:U_RON8|q_r[1]                                                                          ; yes                                                              ; yes                                        ;
; app_d_reg_file_top:U_APP_D_RON|rtl_doc_reg16:U_RON11|q_r[1]                                                                         ; yes                                                              ; yes                                        ;
; app_d_reg_file_top:U_APP_D_RON|rtl_doc_reg16:U_RON4|q_r[1]                                                                          ; yes                                                              ; yes                                        ;
; app_d_reg_file_top:U_APP_D_RON|rtl_doc_reg16:U_RON2|q_r[1]                                                                          ; yes                                                              ; yes                                        ;
; app_d_reg_file_top:U_APP_D_RON|rtl_doc_reg16:U_RON0|q_r[1]                                                                          ; yes                                                              ; yes                                        ;
; app_d_reg_file_top:U_APP_D_RON|rtl_doc_reg16:U_RON6|q_r[1]                                                                          ; yes                                                              ; yes                                        ;
; app_d_reg_file_top:U_APP_D_RON|rtl_doc_reg16:U_RON3|q_r[1]                                                                          ; yes                                                              ; yes                                        ;
; app_d_reg_file_top:U_APP_D_RON|rtl_doc_reg16:U_RON5|q_r[1]                                                                          ; yes                                                              ; yes                                        ;
; app_d_reg_file_top:U_APP_D_RON|rtl_doc_reg16:U_RON1|q_r[1]                                                                          ; yes                                                              ; yes                                        ;
; app_d_reg_file_top:U_APP_D_RON|rtl_doc_reg16:U_RON7|q_r[1]                                                                          ; yes                                                              ; yes                                        ;
; app_t_stack_top:U_APP_T_STACK|rtl_doc_reg16:U_STACK4|q_r[1]                                                                         ; yes                                                              ; yes                                        ;
; app_t_stack_top:U_APP_T_STACK|rtl_doc_reg16:U_STACK1|q_r[1]                                                                         ; yes                                                              ; yes                                        ;
; app_t_stack_top:U_APP_T_STACK|rtl_doc_reg16:U_STACK0|q_r[1]                                                                         ; yes                                                              ; yes                                        ;
; app_t_stack_top:U_APP_T_STACK|rtl_doc_reg16:U_STACK5|q_r[1]                                                                         ; yes                                                              ; yes                                        ;
; app_t_stack_top:U_APP_T_STACK|rtl_doc_reg16:U_STACK3|q_r[1]                                                                         ; yes                                                              ; yes                                        ;
; app_t_stack_top:U_APP_T_STACK|rtl_doc_reg16:U_STACK2|q_r[1]                                                                         ; yes                                                              ; yes                                        ;
; app_t_stack_top:U_APP_T_STACK|rtl_doc_reg16:U_STACK6|q_r[1]                                                                         ; yes                                                              ; yes                                        ;
; app_a_command_system_top:U_APP_A_COMMAND_SYSTEM|rtl_doc_reg16:U_PC_REG|q_r[1]                                                       ; yes                                                              ; yes                                        ;
; app_g_special_registers_top:U_APP_G_SPECIAL_REGISTERS|rtl_doc_reg16:U_PC_REGISTER|q_r[1]                                            ; yes                                                              ; yes                                        ;
; app_e_common_ops_top:U_APP_E_COMMON_OPERATIONS|rtl_doc_reg16:U_PC_REGISTER|q_r[1]                                                   ; yes                                                              ; yes                                        ;
; app_zh_jmp_top:U_APP_ZH_JMP|rtl_doc_reg16:U_PC_LOAD_REG|q_r[1]                                                                      ; yes                                                              ; yes                                        ;
; app_a_command_system_top:U_APP_A_COMMAND_SYSTEM|rtl_doc_reg16:U_IR_WORD0_OPCODE_RN|q_r[2]                                           ; yes                                                              ; yes                                        ;
; app_g_special_registers_top:U_APP_G_SPECIAL_REGISTERS|rtl_doc_reg16:U_IR0_REGISTER|q_r[2]                                           ; yes                                                              ; yes                                        ;
; app_g_special_registers_top:U_APP_G_SPECIAL_REGISTERS|rtl_doc_reg16:U_IR1_REGISTER|q_r[2]                                           ; yes                                                              ; yes                                        ;
; app_g_special_registers_top:U_APP_G_SPECIAL_REGISTERS|rtl_doc_reg4:U_FLAGS_REG|q_r[2]                                               ; yes                                                              ; yes                                        ;
; app_e_common_ops_top:U_APP_E_COMMON_OPERATIONS|rtl_doc_reg16:U_CACHE_READ_WRITE_BUF|q_r[2]                                          ; yes                                                              ; yes                                        ;
; app_e_common_ops_top:U_APP_E_COMMON_OPERATIONS|rtl_doc_reg16:U_STACK_PUSH_POP_BUF|q_r[2]                                            ; yes                                                              ; yes                                        ;
; app_i_m_to_r_top:U_APP_I_M_TO_R|rtl_doc_reg16:U_RF_WRITEBACK_REG|q_r[2]                                                             ; yes                                                              ; yes                                        ;
; app_s_flags_top:U_APP_S_FLAGS|rtl_doc_reg4:U_FLAG_REGISTER|q_r[2]                                                                   ; yes                                                              ; yes                                        ;
; app_u_stack_exec_top:U_APP_U_STACK_EXEC|rtl_doc_reg16:U_RF_SOURCE_REGISTER|q_r[2]                                                   ; yes                                                              ; yes                                        ;
; app_a_command_system_top:U_APP_A_COMMAND_SYSTEM|rtl_doc_reg16:U_IR_WORD1_ADDR_IMM|q_r[2]                                            ; yes                                                              ; yes                                        ;
; app_u_stack_exec_top:U_APP_U_STACK_EXEC|rtl_doc_reg16:U_POP_WRITEBACK_REGISTER|q_r[2]                                               ; yes                                                              ; yes                                        ;
; app_sh_microevm_top:U_APP_SH_MICRO_EVM|app_shch_branch_predictor_top:U_BRANCH_PREDICTOR_A4|rtl_doc_reg16:U_BTB_TARGET_REG|q_r[2]    ; yes                                                              ; yes                                        ;
; app_shch_branch_predictor_top:U_APP_SHCH_BRANCH_PREDICTOR|rtl_doc_reg16:U_BTB_TARGET_REG|q_r[2]                                     ; yes                                                              ; yes                                        ;
; app_d_reg_file_top:U_APP_D_RON|rtl_doc_reg16:U_RON9|q_r[2]                                                                          ; yes                                                              ; yes                                        ;
; app_d_reg_file_top:U_APP_D_RON|rtl_doc_reg16:U_RON10|q_r[2]                                                                         ; yes                                                              ; yes                                        ;
; app_d_reg_file_top:U_APP_D_RON|rtl_doc_reg16:U_RON8|q_r[2]                                                                          ; yes                                                              ; yes                                        ;
; app_d_reg_file_top:U_APP_D_RON|rtl_doc_reg16:U_RON11|q_r[2]                                                                         ; yes                                                              ; yes                                        ;
; app_d_reg_file_top:U_APP_D_RON|rtl_doc_reg16:U_RON4|q_r[2]                                                                          ; yes                                                              ; yes                                        ;
; app_d_reg_file_top:U_APP_D_RON|rtl_doc_reg16:U_RON2|q_r[2]                                                                          ; yes                                                              ; yes                                        ;
; app_d_reg_file_top:U_APP_D_RON|rtl_doc_reg16:U_RON0|q_r[2]                                                                          ; yes                                                              ; yes                                        ;
; app_d_reg_file_top:U_APP_D_RON|rtl_doc_reg16:U_RON6|q_r[2]                                                                          ; yes                                                              ; yes                                        ;
; app_d_reg_file_top:U_APP_D_RON|rtl_doc_reg16:U_RON3|q_r[2]                                                                          ; yes                                                              ; yes                                        ;
; app_d_reg_file_top:U_APP_D_RON|rtl_doc_reg16:U_RON5|q_r[2]                                                                          ; yes                                                              ; yes                                        ;
; app_d_reg_file_top:U_APP_D_RON|rtl_doc_reg16:U_RON1|q_r[2]                                                                          ; yes                                                              ; yes                                        ;
; app_d_reg_file_top:U_APP_D_RON|rtl_doc_reg16:U_RON7|q_r[2]                                                                          ; yes                                                              ; yes                                        ;
; app_t_stack_top:U_APP_T_STACK|rtl_doc_reg16:U_STACK3|q_r[2]                                                                         ; yes                                                              ; yes                                        ;
; app_t_stack_top:U_APP_T_STACK|rtl_doc_reg16:U_STACK4|q_r[2]                                                                         ; yes                                                              ; yes                                        ;
; app_t_stack_top:U_APP_T_STACK|rtl_doc_reg16:U_STACK1|q_r[2]                                                                         ; yes                                                              ; yes                                        ;
; app_t_stack_top:U_APP_T_STACK|rtl_doc_reg16:U_STACK0|q_r[2]                                                                         ; yes                                                              ; yes                                        ;
; app_t_stack_top:U_APP_T_STACK|rtl_doc_reg16:U_STACK5|q_r[2]                                                                         ; yes                                                              ; yes                                        ;
; app_t_stack_top:U_APP_T_STACK|rtl_doc_reg16:U_STACK2|q_r[2]                                                                         ; yes                                                              ; yes                                        ;
; app_t_stack_top:U_APP_T_STACK|rtl_doc_reg16:U_STACK6|q_r[2]                                                                         ; yes                                                              ; yes                                        ;
; app_a_command_system_top:U_APP_A_COMMAND_SYSTEM|rtl_doc_reg16:U_PC_REG|q_r[2]                                                       ; yes                                                              ; yes                                        ;
; app_g_special_registers_top:U_APP_G_SPECIAL_REGISTERS|rtl_doc_reg16:U_PC_REGISTER|q_r[2]                                            ; yes                                                              ; yes                                        ;
; app_e_common_ops_top:U_APP_E_COMMON_OPERATIONS|rtl_doc_reg16:U_PC_REGISTER|q_r[2]                                                   ; yes                                                              ; yes                                        ;
; app_zh_jmp_top:U_APP_ZH_JMP|rtl_doc_reg16:U_PC_LOAD_REG|q_r[2]                                                                      ; yes                                                              ; yes                                        ;
; app_a_command_system_top:U_APP_A_COMMAND_SYSTEM|rtl_doc_reg16:U_IR_WORD0_OPCODE_RN|q_r[3]                                           ; yes                                                              ; yes                                        ;
; app_g_special_registers_top:U_APP_G_SPECIAL_REGISTERS|rtl_doc_reg16:U_IR0_REGISTER|q_r[3]                                           ; yes                                                              ; yes                                        ;
; app_g_special_registers_top:U_APP_G_SPECIAL_REGISTERS|rtl_doc_reg16:U_IR1_REGISTER|q_r[3]                                           ; yes                                                              ; yes                                        ;
; app_g_special_registers_top:U_APP_G_SPECIAL_REGISTERS|rtl_doc_reg4:U_FLAGS_REG|q_r[3]                                               ; yes                                                              ; yes                                        ;
; app_e_common_ops_top:U_APP_E_COMMON_OPERATIONS|rtl_doc_reg16:U_CACHE_READ_WRITE_BUF|q_r[3]                                          ; yes                                                              ; yes                                        ;
; app_e_common_ops_top:U_APP_E_COMMON_OPERATIONS|rtl_doc_reg16:U_STACK_PUSH_POP_BUF|q_r[3]                                            ; yes                                                              ; yes                                        ;
; app_i_m_to_r_top:U_APP_I_M_TO_R|rtl_doc_reg16:U_RF_WRITEBACK_REG|q_r[3]                                                             ; yes                                                              ; yes                                        ;
; app_s_flags_top:U_APP_S_FLAGS|rtl_doc_reg4:U_FLAG_REGISTER|q_r[3]                                                                   ; yes                                                              ; yes                                        ;
; app_u_stack_exec_top:U_APP_U_STACK_EXEC|rtl_doc_reg16:U_RF_SOURCE_REGISTER|q_r[3]                                                   ; yes                                                              ; yes                                        ;
; app_a_command_system_top:U_APP_A_COMMAND_SYSTEM|rtl_doc_reg16:U_IR_WORD1_ADDR_IMM|q_r[3]                                            ; yes                                                              ; yes                                        ;
; app_u_stack_exec_top:U_APP_U_STACK_EXEC|rtl_doc_reg16:U_POP_WRITEBACK_REGISTER|q_r[3]                                               ; yes                                                              ; yes                                        ;
; app_sh_microevm_top:U_APP_SH_MICRO_EVM|app_shch_branch_predictor_top:U_BRANCH_PREDICTOR_A4|rtl_doc_reg16:U_BTB_TARGET_REG|q_r[3]    ; yes                                                              ; yes                                        ;
; app_shch_branch_predictor_top:U_APP_SHCH_BRANCH_PREDICTOR|rtl_doc_reg16:U_BTB_TARGET_REG|q_r[3]                                     ; yes                                                              ; yes                                        ;
; app_d_reg_file_top:U_APP_D_RON|rtl_doc_reg16:U_RON10|q_r[3]                                                                         ; yes                                                              ; yes                                        ;
; app_d_reg_file_top:U_APP_D_RON|rtl_doc_reg16:U_RON9|q_r[3]                                                                          ; yes                                                              ; yes                                        ;
; app_d_reg_file_top:U_APP_D_RON|rtl_doc_reg16:U_RON8|q_r[3]                                                                          ; yes                                                              ; yes                                        ;
; app_d_reg_file_top:U_APP_D_RON|rtl_doc_reg16:U_RON11|q_r[3]                                                                         ; yes                                                              ; yes                                        ;
; app_d_reg_file_top:U_APP_D_RON|rtl_doc_reg16:U_RON4|q_r[3]                                                                          ; yes                                                              ; yes                                        ;
; app_d_reg_file_top:U_APP_D_RON|rtl_doc_reg16:U_RON2|q_r[3]                                                                          ; yes                                                              ; yes                                        ;
; app_d_reg_file_top:U_APP_D_RON|rtl_doc_reg16:U_RON0|q_r[3]                                                                          ; yes                                                              ; yes                                        ;
; app_d_reg_file_top:U_APP_D_RON|rtl_doc_reg16:U_RON6|q_r[3]                                                                          ; yes                                                              ; yes                                        ;
; app_d_reg_file_top:U_APP_D_RON|rtl_doc_reg16:U_RON3|q_r[3]                                                                          ; yes                                                              ; yes                                        ;
; app_d_reg_file_top:U_APP_D_RON|rtl_doc_reg16:U_RON5|q_r[3]                                                                          ; yes                                                              ; yes                                        ;
; app_d_reg_file_top:U_APP_D_RON|rtl_doc_reg16:U_RON1|q_r[3]                                                                          ; yes                                                              ; yes                                        ;
; app_d_reg_file_top:U_APP_D_RON|rtl_doc_reg16:U_RON7|q_r[3]                                                                          ; yes                                                              ; yes                                        ;
; app_t_stack_top:U_APP_T_STACK|rtl_doc_reg16:U_STACK1|q_r[3]                                                                         ; yes                                                              ; yes                                        ;
; app_t_stack_top:U_APP_T_STACK|rtl_doc_reg16:U_STACK4|q_r[3]                                                                         ; yes                                                              ; yes                                        ;
; app_t_stack_top:U_APP_T_STACK|rtl_doc_reg16:U_STACK0|q_r[3]                                                                         ; yes                                                              ; yes                                        ;
; app_t_stack_top:U_APP_T_STACK|rtl_doc_reg16:U_STACK5|q_r[3]                                                                         ; yes                                                              ; yes                                        ;
; app_t_stack_top:U_APP_T_STACK|rtl_doc_reg16:U_STACK3|q_r[3]                                                                         ; yes                                                              ; yes                                        ;
; app_t_stack_top:U_APP_T_STACK|rtl_doc_reg16:U_STACK2|q_r[3]                                                                         ; yes                                                              ; yes                                        ;
; app_t_stack_top:U_APP_T_STACK|rtl_doc_reg16:U_STACK6|q_r[3]                                                                         ; yes                                                              ; yes                                        ;
; app_a_command_system_top:U_APP_A_COMMAND_SYSTEM|rtl_doc_reg16:U_PC_REG|q_r[3]                                                       ; yes                                                              ; yes                                        ;
; app_g_special_registers_top:U_APP_G_SPECIAL_REGISTERS|rtl_doc_reg16:U_PC_REGISTER|q_r[3]                                            ; yes                                                              ; yes                                        ;
; app_e_common_ops_top:U_APP_E_COMMON_OPERATIONS|rtl_doc_reg16:U_PC_REGISTER|q_r[3]                                                   ; yes                                                              ; yes                                        ;
; app_zh_jmp_top:U_APP_ZH_JMP|rtl_doc_reg16:U_PC_LOAD_REG|q_r[3]                                                                      ; yes                                                              ; yes                                        ;
; app_a_command_system_top:U_APP_A_COMMAND_SYSTEM|rtl_doc_reg16:U_IR_WORD0_OPCODE_RN|q_r[4]                                           ; yes                                                              ; yes                                        ;
; app_g_special_registers_top:U_APP_G_SPECIAL_REGISTERS|rtl_doc_reg16:U_IR0_REGISTER|q_r[4]                                           ; yes                                                              ; yes                                        ;
; app_g_special_registers_top:U_APP_G_SPECIAL_REGISTERS|rtl_doc_reg16:U_IR1_REGISTER|q_r[4]                                           ; yes                                                              ; yes                                        ;
; app_e_common_ops_top:U_APP_E_COMMON_OPERATIONS|rtl_doc_reg16:U_CACHE_READ_WRITE_BUF|q_r[4]                                          ; yes                                                              ; yes                                        ;
; app_e_common_ops_top:U_APP_E_COMMON_OPERATIONS|rtl_doc_reg16:U_STACK_PUSH_POP_BUF|q_r[4]                                            ; yes                                                              ; yes                                        ;
; app_i_m_to_r_top:U_APP_I_M_TO_R|rtl_doc_reg16:U_RF_WRITEBACK_REG|q_r[4]                                                             ; yes                                                              ; yes                                        ;
; app_u_stack_exec_top:U_APP_U_STACK_EXEC|rtl_doc_reg16:U_RF_SOURCE_REGISTER|q_r[4]                                                   ; yes                                                              ; yes                                        ;
; app_a_command_system_top:U_APP_A_COMMAND_SYSTEM|rtl_doc_reg16:U_IR_WORD1_ADDR_IMM|q_r[4]                                            ; yes                                                              ; yes                                        ;
; app_u_stack_exec_top:U_APP_U_STACK_EXEC|rtl_doc_reg16:U_POP_WRITEBACK_REGISTER|q_r[4]                                               ; yes                                                              ; yes                                        ;
; app_sh_microevm_top:U_APP_SH_MICRO_EVM|app_shch_branch_predictor_top:U_BRANCH_PREDICTOR_A4|rtl_doc_reg16:U_BTB_TARGET_REG|q_r[4]    ; yes                                                              ; yes                                        ;
; app_shch_branch_predictor_top:U_APP_SHCH_BRANCH_PREDICTOR|rtl_doc_reg16:U_BTB_TARGET_REG|q_r[4]                                     ; yes                                                              ; yes                                        ;
; app_d_reg_file_top:U_APP_D_RON|rtl_doc_reg16:U_RON9|q_r[4]                                                                          ; yes                                                              ; yes                                        ;
; app_d_reg_file_top:U_APP_D_RON|rtl_doc_reg16:U_RON10|q_r[4]                                                                         ; yes                                                              ; yes                                        ;
; app_d_reg_file_top:U_APP_D_RON|rtl_doc_reg16:U_RON8|q_r[4]                                                                          ; yes                                                              ; yes                                        ;
; app_d_reg_file_top:U_APP_D_RON|rtl_doc_reg16:U_RON11|q_r[4]                                                                         ; yes                                                              ; yes                                        ;
; app_d_reg_file_top:U_APP_D_RON|rtl_doc_reg16:U_RON4|q_r[4]                                                                          ; yes                                                              ; yes                                        ;
; app_d_reg_file_top:U_APP_D_RON|rtl_doc_reg16:U_RON2|q_r[4]                                                                          ; yes                                                              ; yes                                        ;
; app_d_reg_file_top:U_APP_D_RON|rtl_doc_reg16:U_RON0|q_r[4]                                                                          ; yes                                                              ; yes                                        ;
; app_d_reg_file_top:U_APP_D_RON|rtl_doc_reg16:U_RON6|q_r[4]                                                                          ; yes                                                              ; yes                                        ;
; app_d_reg_file_top:U_APP_D_RON|rtl_doc_reg16:U_RON3|q_r[4]                                                                          ; yes                                                              ; yes                                        ;
; app_d_reg_file_top:U_APP_D_RON|rtl_doc_reg16:U_RON5|q_r[4]                                                                          ; yes                                                              ; yes                                        ;
; app_d_reg_file_top:U_APP_D_RON|rtl_doc_reg16:U_RON1|q_r[4]                                                                          ; yes                                                              ; yes                                        ;
; app_d_reg_file_top:U_APP_D_RON|rtl_doc_reg16:U_RON7|q_r[4]                                                                          ; yes                                                              ; yes                                        ;
; app_t_stack_top:U_APP_T_STACK|rtl_doc_reg16:U_STACK3|q_r[4]                                                                         ; yes                                                              ; yes                                        ;
; app_t_stack_top:U_APP_T_STACK|rtl_doc_reg16:U_STACK4|q_r[4]                                                                         ; yes                                                              ; yes                                        ;
; app_t_stack_top:U_APP_T_STACK|rtl_doc_reg16:U_STACK1|q_r[4]                                                                         ; yes                                                              ; yes                                        ;
; app_t_stack_top:U_APP_T_STACK|rtl_doc_reg16:U_STACK0|q_r[4]                                                                         ; yes                                                              ; yes                                        ;
; app_t_stack_top:U_APP_T_STACK|rtl_doc_reg16:U_STACK5|q_r[4]                                                                         ; yes                                                              ; yes                                        ;
; app_t_stack_top:U_APP_T_STACK|rtl_doc_reg16:U_STACK2|q_r[4]                                                                         ; yes                                                              ; yes                                        ;
; app_t_stack_top:U_APP_T_STACK|rtl_doc_reg16:U_STACK6|q_r[4]                                                                         ; yes                                                              ; yes                                        ;
; app_a_command_system_top:U_APP_A_COMMAND_SYSTEM|rtl_doc_reg16:U_PC_REG|q_r[4]                                                       ; yes                                                              ; yes                                        ;
; app_g_special_registers_top:U_APP_G_SPECIAL_REGISTERS|rtl_doc_reg16:U_PC_REGISTER|q_r[4]                                            ; yes                                                              ; yes                                        ;
; app_e_common_ops_top:U_APP_E_COMMON_OPERATIONS|rtl_doc_reg16:U_PC_REGISTER|q_r[4]                                                   ; yes                                                              ; yes                                        ;
; app_zh_jmp_top:U_APP_ZH_JMP|rtl_doc_reg16:U_PC_LOAD_REG|q_r[4]                                                                      ; yes                                                              ; yes                                        ;
; app_a_command_system_top:U_APP_A_COMMAND_SYSTEM|rtl_doc_reg16:U_IR_WORD0_OPCODE_RN|q_r[5]                                           ; yes                                                              ; yes                                        ;
; app_g_special_registers_top:U_APP_G_SPECIAL_REGISTERS|rtl_doc_reg16:U_IR0_REGISTER|q_r[5]                                           ; yes                                                              ; yes                                        ;
; app_g_special_registers_top:U_APP_G_SPECIAL_REGISTERS|rtl_doc_reg16:U_IR1_REGISTER|q_r[5]                                           ; yes                                                              ; yes                                        ;
; app_e_common_ops_top:U_APP_E_COMMON_OPERATIONS|rtl_doc_reg16:U_CACHE_READ_WRITE_BUF|q_r[5]                                          ; yes                                                              ; yes                                        ;
; app_e_common_ops_top:U_APP_E_COMMON_OPERATIONS|rtl_doc_reg16:U_STACK_PUSH_POP_BUF|q_r[5]                                            ; yes                                                              ; yes                                        ;
; app_i_m_to_r_top:U_APP_I_M_TO_R|rtl_doc_reg16:U_RF_WRITEBACK_REG|q_r[5]                                                             ; yes                                                              ; yes                                        ;
; app_u_stack_exec_top:U_APP_U_STACK_EXEC|rtl_doc_reg16:U_RF_SOURCE_REGISTER|q_r[5]                                                   ; yes                                                              ; yes                                        ;
; app_a_command_system_top:U_APP_A_COMMAND_SYSTEM|rtl_doc_reg16:U_IR_WORD1_ADDR_IMM|q_r[5]                                            ; yes                                                              ; yes                                        ;
; app_u_stack_exec_top:U_APP_U_STACK_EXEC|rtl_doc_reg16:U_POP_WRITEBACK_REGISTER|q_r[5]                                               ; yes                                                              ; yes                                        ;
; app_sh_microevm_top:U_APP_SH_MICRO_EVM|app_shch_branch_predictor_top:U_BRANCH_PREDICTOR_A4|rtl_doc_reg16:U_BTB_TARGET_REG|q_r[5]    ; yes                                                              ; yes                                        ;
; app_shch_branch_predictor_top:U_APP_SHCH_BRANCH_PREDICTOR|rtl_doc_reg16:U_BTB_TARGET_REG|q_r[5]                                     ; yes                                                              ; yes                                        ;
; app_d_reg_file_top:U_APP_D_RON|rtl_doc_reg16:U_RON10|q_r[5]                                                                         ; yes                                                              ; yes                                        ;
; app_d_reg_file_top:U_APP_D_RON|rtl_doc_reg16:U_RON9|q_r[5]                                                                          ; yes                                                              ; yes                                        ;
; app_d_reg_file_top:U_APP_D_RON|rtl_doc_reg16:U_RON8|q_r[5]                                                                          ; yes                                                              ; yes                                        ;
; app_d_reg_file_top:U_APP_D_RON|rtl_doc_reg16:U_RON11|q_r[5]                                                                         ; yes                                                              ; yes                                        ;
; app_d_reg_file_top:U_APP_D_RON|rtl_doc_reg16:U_RON4|q_r[5]                                                                          ; yes                                                              ; yes                                        ;
; app_d_reg_file_top:U_APP_D_RON|rtl_doc_reg16:U_RON2|q_r[5]                                                                          ; yes                                                              ; yes                                        ;
; app_d_reg_file_top:U_APP_D_RON|rtl_doc_reg16:U_RON0|q_r[5]                                                                          ; yes                                                              ; yes                                        ;
; app_d_reg_file_top:U_APP_D_RON|rtl_doc_reg16:U_RON6|q_r[5]                                                                          ; yes                                                              ; yes                                        ;
; app_d_reg_file_top:U_APP_D_RON|rtl_doc_reg16:U_RON3|q_r[5]                                                                          ; yes                                                              ; yes                                        ;
; app_d_reg_file_top:U_APP_D_RON|rtl_doc_reg16:U_RON5|q_r[5]                                                                          ; yes                                                              ; yes                                        ;
; app_d_reg_file_top:U_APP_D_RON|rtl_doc_reg16:U_RON1|q_r[5]                                                                          ; yes                                                              ; yes                                        ;
; app_d_reg_file_top:U_APP_D_RON|rtl_doc_reg16:U_RON7|q_r[5]                                                                          ; yes                                                              ; yes                                        ;
; app_t_stack_top:U_APP_T_STACK|rtl_doc_reg16:U_STACK1|q_r[5]                                                                         ; yes                                                              ; yes                                        ;
; app_t_stack_top:U_APP_T_STACK|rtl_doc_reg16:U_STACK4|q_r[5]                                                                         ; yes                                                              ; yes                                        ;
; app_t_stack_top:U_APP_T_STACK|rtl_doc_reg16:U_STACK0|q_r[5]                                                                         ; yes                                                              ; yes                                        ;
; app_t_stack_top:U_APP_T_STACK|rtl_doc_reg16:U_STACK5|q_r[5]                                                                         ; yes                                                              ; yes                                        ;
; app_t_stack_top:U_APP_T_STACK|rtl_doc_reg16:U_STACK3|q_r[5]                                                                         ; yes                                                              ; yes                                        ;
; app_t_stack_top:U_APP_T_STACK|rtl_doc_reg16:U_STACK2|q_r[5]                                                                         ; yes                                                              ; yes                                        ;
; app_t_stack_top:U_APP_T_STACK|rtl_doc_reg16:U_STACK6|q_r[5]                                                                         ; yes                                                              ; yes                                        ;
; app_a_command_system_top:U_APP_A_COMMAND_SYSTEM|rtl_doc_reg16:U_PC_REG|q_r[5]                                                       ; yes                                                              ; yes                                        ;
; app_g_special_registers_top:U_APP_G_SPECIAL_REGISTERS|rtl_doc_reg16:U_PC_REGISTER|q_r[5]                                            ; yes                                                              ; yes                                        ;
; app_e_common_ops_top:U_APP_E_COMMON_OPERATIONS|rtl_doc_reg16:U_PC_REGISTER|q_r[5]                                                   ; yes                                                              ; yes                                        ;
; app_zh_jmp_top:U_APP_ZH_JMP|rtl_doc_reg16:U_PC_LOAD_REG|q_r[5]                                                                      ; yes                                                              ; yes                                        ;
; app_a_command_system_top:U_APP_A_COMMAND_SYSTEM|rtl_doc_reg16:U_IR_WORD0_OPCODE_RN|q_r[6]                                           ; yes                                                              ; yes                                        ;
; app_g_special_registers_top:U_APP_G_SPECIAL_REGISTERS|rtl_doc_reg16:U_IR0_REGISTER|q_r[6]                                           ; yes                                                              ; yes                                        ;
; app_g_special_registers_top:U_APP_G_SPECIAL_REGISTERS|rtl_doc_reg16:U_IR1_REGISTER|q_r[6]                                           ; yes                                                              ; yes                                        ;
; app_e_common_ops_top:U_APP_E_COMMON_OPERATIONS|rtl_doc_reg16:U_CACHE_READ_WRITE_BUF|q_r[6]                                          ; yes                                                              ; yes                                        ;
; app_e_common_ops_top:U_APP_E_COMMON_OPERATIONS|rtl_doc_reg16:U_STACK_PUSH_POP_BUF|q_r[6]                                            ; yes                                                              ; yes                                        ;
; app_i_m_to_r_top:U_APP_I_M_TO_R|rtl_doc_reg16:U_RF_WRITEBACK_REG|q_r[6]                                                             ; yes                                                              ; yes                                        ;
; app_u_stack_exec_top:U_APP_U_STACK_EXEC|rtl_doc_reg16:U_RF_SOURCE_REGISTER|q_r[6]                                                   ; yes                                                              ; yes                                        ;
; app_a_command_system_top:U_APP_A_COMMAND_SYSTEM|rtl_doc_reg16:U_IR_WORD1_ADDR_IMM|q_r[6]                                            ; yes                                                              ; yes                                        ;
; app_u_stack_exec_top:U_APP_U_STACK_EXEC|rtl_doc_reg16:U_POP_WRITEBACK_REGISTER|q_r[6]                                               ; yes                                                              ; yes                                        ;
; app_sh_microevm_top:U_APP_SH_MICRO_EVM|app_shch_branch_predictor_top:U_BRANCH_PREDICTOR_A4|rtl_doc_reg16:U_BTB_TARGET_REG|q_r[6]    ; yes                                                              ; yes                                        ;
; app_shch_branch_predictor_top:U_APP_SHCH_BRANCH_PREDICTOR|rtl_doc_reg16:U_BTB_TARGET_REG|q_r[6]                                     ; yes                                                              ; yes                                        ;
; app_d_reg_file_top:U_APP_D_RON|rtl_doc_reg16:U_RON9|q_r[6]                                                                          ; yes                                                              ; yes                                        ;
; app_d_reg_file_top:U_APP_D_RON|rtl_doc_reg16:U_RON10|q_r[6]                                                                         ; yes                                                              ; yes                                        ;
; app_d_reg_file_top:U_APP_D_RON|rtl_doc_reg16:U_RON8|q_r[6]                                                                          ; yes                                                              ; yes                                        ;
; app_d_reg_file_top:U_APP_D_RON|rtl_doc_reg16:U_RON11|q_r[6]                                                                         ; yes                                                              ; yes                                        ;
; app_d_reg_file_top:U_APP_D_RON|rtl_doc_reg16:U_RON4|q_r[6]                                                                          ; yes                                                              ; yes                                        ;
; app_d_reg_file_top:U_APP_D_RON|rtl_doc_reg16:U_RON2|q_r[6]                                                                          ; yes                                                              ; yes                                        ;
; app_d_reg_file_top:U_APP_D_RON|rtl_doc_reg16:U_RON0|q_r[6]                                                                          ; yes                                                              ; yes                                        ;
; app_d_reg_file_top:U_APP_D_RON|rtl_doc_reg16:U_RON6|q_r[6]                                                                          ; yes                                                              ; yes                                        ;
; app_d_reg_file_top:U_APP_D_RON|rtl_doc_reg16:U_RON3|q_r[6]                                                                          ; yes                                                              ; yes                                        ;
; app_d_reg_file_top:U_APP_D_RON|rtl_doc_reg16:U_RON5|q_r[6]                                                                          ; yes                                                              ; yes                                        ;
; app_d_reg_file_top:U_APP_D_RON|rtl_doc_reg16:U_RON1|q_r[6]                                                                          ; yes                                                              ; yes                                        ;
; app_d_reg_file_top:U_APP_D_RON|rtl_doc_reg16:U_RON7|q_r[6]                                                                          ; yes                                                              ; yes                                        ;
; app_t_stack_top:U_APP_T_STACK|rtl_doc_reg16:U_STACK3|q_r[6]                                                                         ; yes                                                              ; yes                                        ;
; app_t_stack_top:U_APP_T_STACK|rtl_doc_reg16:U_STACK4|q_r[6]                                                                         ; yes                                                              ; yes                                        ;
; app_t_stack_top:U_APP_T_STACK|rtl_doc_reg16:U_STACK1|q_r[6]                                                                         ; yes                                                              ; yes                                        ;
; app_t_stack_top:U_APP_T_STACK|rtl_doc_reg16:U_STACK0|q_r[6]                                                                         ; yes                                                              ; yes                                        ;
; app_t_stack_top:U_APP_T_STACK|rtl_doc_reg16:U_STACK5|q_r[6]                                                                         ; yes                                                              ; yes                                        ;
; app_t_stack_top:U_APP_T_STACK|rtl_doc_reg16:U_STACK2|q_r[6]                                                                         ; yes                                                              ; yes                                        ;
; app_t_stack_top:U_APP_T_STACK|rtl_doc_reg16:U_STACK6|q_r[6]                                                                         ; yes                                                              ; yes                                        ;
; app_a_command_system_top:U_APP_A_COMMAND_SYSTEM|rtl_doc_reg16:U_PC_REG|q_r[6]                                                       ; yes                                                              ; yes                                        ;
; app_g_special_registers_top:U_APP_G_SPECIAL_REGISTERS|rtl_doc_reg16:U_PC_REGISTER|q_r[6]                                            ; yes                                                              ; yes                                        ;
; app_e_common_ops_top:U_APP_E_COMMON_OPERATIONS|rtl_doc_reg16:U_PC_REGISTER|q_r[6]                                                   ; yes                                                              ; yes                                        ;
; app_zh_jmp_top:U_APP_ZH_JMP|rtl_doc_reg16:U_PC_LOAD_REG|q_r[6]                                                                      ; yes                                                              ; yes                                        ;
; app_a_command_system_top:U_APP_A_COMMAND_SYSTEM|rtl_doc_reg16:U_IR_WORD0_OPCODE_RN|q_r[7]                                           ; yes                                                              ; yes                                        ;
; app_g_special_registers_top:U_APP_G_SPECIAL_REGISTERS|rtl_doc_reg16:U_IR0_REGISTER|q_r[7]                                           ; yes                                                              ; yes                                        ;
; app_g_special_registers_top:U_APP_G_SPECIAL_REGISTERS|rtl_doc_reg16:U_IR1_REGISTER|q_r[7]                                           ; yes                                                              ; yes                                        ;
; app_e_common_ops_top:U_APP_E_COMMON_OPERATIONS|rtl_doc_reg16:U_CACHE_READ_WRITE_BUF|q_r[7]                                          ; yes                                                              ; yes                                        ;
; app_e_common_ops_top:U_APP_E_COMMON_OPERATIONS|rtl_doc_reg16:U_STACK_PUSH_POP_BUF|q_r[7]                                            ; yes                                                              ; yes                                        ;
; app_i_m_to_r_top:U_APP_I_M_TO_R|rtl_doc_reg16:U_RF_WRITEBACK_REG|q_r[7]                                                             ; yes                                                              ; yes                                        ;
; app_u_stack_exec_top:U_APP_U_STACK_EXEC|rtl_doc_reg16:U_RF_SOURCE_REGISTER|q_r[7]                                                   ; yes                                                              ; yes                                        ;
; app_a_command_system_top:U_APP_A_COMMAND_SYSTEM|rtl_doc_reg16:U_IR_WORD1_ADDR_IMM|q_r[7]                                            ; yes                                                              ; yes                                        ;
; app_u_stack_exec_top:U_APP_U_STACK_EXEC|rtl_doc_reg16:U_POP_WRITEBACK_REGISTER|q_r[7]                                               ; yes                                                              ; yes                                        ;
; app_sh_microevm_top:U_APP_SH_MICRO_EVM|app_shch_branch_predictor_top:U_BRANCH_PREDICTOR_A4|rtl_doc_reg16:U_BTB_TARGET_REG|q_r[7]    ; yes                                                              ; yes                                        ;
; app_shch_branch_predictor_top:U_APP_SHCH_BRANCH_PREDICTOR|rtl_doc_reg16:U_BTB_TARGET_REG|q_r[7]                                     ; yes                                                              ; yes                                        ;
; app_d_reg_file_top:U_APP_D_RON|rtl_doc_reg16:U_RON10|q_r[7]                                                                         ; yes                                                              ; yes                                        ;
; app_d_reg_file_top:U_APP_D_RON|rtl_doc_reg16:U_RON9|q_r[7]                                                                          ; yes                                                              ; yes                                        ;
; app_d_reg_file_top:U_APP_D_RON|rtl_doc_reg16:U_RON8|q_r[7]                                                                          ; yes                                                              ; yes                                        ;
; app_d_reg_file_top:U_APP_D_RON|rtl_doc_reg16:U_RON11|q_r[7]                                                                         ; yes                                                              ; yes                                        ;
; app_d_reg_file_top:U_APP_D_RON|rtl_doc_reg16:U_RON4|q_r[7]                                                                          ; yes                                                              ; yes                                        ;
; app_d_reg_file_top:U_APP_D_RON|rtl_doc_reg16:U_RON2|q_r[7]                                                                          ; yes                                                              ; yes                                        ;
; app_d_reg_file_top:U_APP_D_RON|rtl_doc_reg16:U_RON0|q_r[7]                                                                          ; yes                                                              ; yes                                        ;
; app_d_reg_file_top:U_APP_D_RON|rtl_doc_reg16:U_RON6|q_r[7]                                                                          ; yes                                                              ; yes                                        ;
; app_d_reg_file_top:U_APP_D_RON|rtl_doc_reg16:U_RON3|q_r[7]                                                                          ; yes                                                              ; yes                                        ;
; app_d_reg_file_top:U_APP_D_RON|rtl_doc_reg16:U_RON5|q_r[7]                                                                          ; yes                                                              ; yes                                        ;
; app_d_reg_file_top:U_APP_D_RON|rtl_doc_reg16:U_RON1|q_r[7]                                                                          ; yes                                                              ; yes                                        ;
; app_d_reg_file_top:U_APP_D_RON|rtl_doc_reg16:U_RON7|q_r[7]                                                                          ; yes                                                              ; yes                                        ;
; app_t_stack_top:U_APP_T_STACK|rtl_doc_reg16:U_STACK1|q_r[7]                                                                         ; yes                                                              ; yes                                        ;
; app_t_stack_top:U_APP_T_STACK|rtl_doc_reg16:U_STACK4|q_r[7]                                                                         ; yes                                                              ; yes                                        ;
; app_t_stack_top:U_APP_T_STACK|rtl_doc_reg16:U_STACK0|q_r[7]                                                                         ; yes                                                              ; yes                                        ;
; app_t_stack_top:U_APP_T_STACK|rtl_doc_reg16:U_STACK5|q_r[7]                                                                         ; yes                                                              ; yes                                        ;
; app_t_stack_top:U_APP_T_STACK|rtl_doc_reg16:U_STACK3|q_r[7]                                                                         ; yes                                                              ; yes                                        ;
; app_t_stack_top:U_APP_T_STACK|rtl_doc_reg16:U_STACK2|q_r[7]                                                                         ; yes                                                              ; yes                                        ;
; app_t_stack_top:U_APP_T_STACK|rtl_doc_reg16:U_STACK6|q_r[7]                                                                         ; yes                                                              ; yes                                        ;
; app_a_command_system_top:U_APP_A_COMMAND_SYSTEM|rtl_doc_reg16:U_PC_REG|q_r[7]                                                       ; yes                                                              ; yes                                        ;
; app_g_special_registers_top:U_APP_G_SPECIAL_REGISTERS|rtl_doc_reg16:U_PC_REGISTER|q_r[7]                                            ; yes                                                              ; yes                                        ;
; app_e_common_ops_top:U_APP_E_COMMON_OPERATIONS|rtl_doc_reg16:U_PC_REGISTER|q_r[7]                                                   ; yes                                                              ; yes                                        ;
; app_zh_jmp_top:U_APP_ZH_JMP|rtl_doc_reg16:U_PC_LOAD_REG|q_r[7]                                                                      ; yes                                                              ; yes                                        ;
; app_a_command_system_top:U_APP_A_COMMAND_SYSTEM|rtl_doc_reg16:U_IR_WORD0_OPCODE_RN|q_r[8]                                           ; yes                                                              ; yes                                        ;
; app_g_special_registers_top:U_APP_G_SPECIAL_REGISTERS|rtl_doc_reg16:U_IR0_REGISTER|q_r[8]                                           ; yes                                                              ; yes                                        ;
; app_g_special_registers_top:U_APP_G_SPECIAL_REGISTERS|rtl_doc_reg16:U_IR1_REGISTER|q_r[8]                                           ; yes                                                              ; yes                                        ;
; app_e_common_ops_top:U_APP_E_COMMON_OPERATIONS|rtl_doc_reg16:U_CACHE_READ_WRITE_BUF|q_r[8]                                          ; yes                                                              ; yes                                        ;
; app_e_common_ops_top:U_APP_E_COMMON_OPERATIONS|rtl_doc_reg16:U_STACK_PUSH_POP_BUF|q_r[8]                                            ; yes                                                              ; yes                                        ;
; app_i_m_to_r_top:U_APP_I_M_TO_R|rtl_doc_reg16:U_RF_WRITEBACK_REG|q_r[8]                                                             ; yes                                                              ; yes                                        ;
; app_u_stack_exec_top:U_APP_U_STACK_EXEC|rtl_doc_reg16:U_RF_SOURCE_REGISTER|q_r[8]                                                   ; yes                                                              ; yes                                        ;
; app_a_command_system_top:U_APP_A_COMMAND_SYSTEM|rtl_doc_reg16:U_IR_WORD1_ADDR_IMM|q_r[8]                                            ; yes                                                              ; yes                                        ;
; app_u_stack_exec_top:U_APP_U_STACK_EXEC|rtl_doc_reg16:U_POP_WRITEBACK_REGISTER|q_r[8]                                               ; yes                                                              ; yes                                        ;
; app_sh_microevm_top:U_APP_SH_MICRO_EVM|app_shch_branch_predictor_top:U_BRANCH_PREDICTOR_A4|rtl_doc_reg16:U_BTB_TARGET_REG|q_r[8]    ; yes                                                              ; yes                                        ;
; app_shch_branch_predictor_top:U_APP_SHCH_BRANCH_PREDICTOR|rtl_doc_reg16:U_BTB_TARGET_REG|q_r[8]                                     ; yes                                                              ; yes                                        ;
; app_d_reg_file_top:U_APP_D_RON|rtl_doc_reg16:U_RON9|q_r[8]                                                                          ; yes                                                              ; yes                                        ;
; app_d_reg_file_top:U_APP_D_RON|rtl_doc_reg16:U_RON10|q_r[8]                                                                         ; yes                                                              ; yes                                        ;
; app_d_reg_file_top:U_APP_D_RON|rtl_doc_reg16:U_RON8|q_r[8]                                                                          ; yes                                                              ; yes                                        ;
; app_d_reg_file_top:U_APP_D_RON|rtl_doc_reg16:U_RON11|q_r[8]                                                                         ; yes                                                              ; yes                                        ;
; app_d_reg_file_top:U_APP_D_RON|rtl_doc_reg16:U_RON4|q_r[8]                                                                          ; yes                                                              ; yes                                        ;
; app_d_reg_file_top:U_APP_D_RON|rtl_doc_reg16:U_RON2|q_r[8]                                                                          ; yes                                                              ; yes                                        ;
; app_d_reg_file_top:U_APP_D_RON|rtl_doc_reg16:U_RON0|q_r[8]                                                                          ; yes                                                              ; yes                                        ;
; app_d_reg_file_top:U_APP_D_RON|rtl_doc_reg16:U_RON6|q_r[8]                                                                          ; yes                                                              ; yes                                        ;
; app_d_reg_file_top:U_APP_D_RON|rtl_doc_reg16:U_RON3|q_r[8]                                                                          ; yes                                                              ; yes                                        ;
; app_d_reg_file_top:U_APP_D_RON|rtl_doc_reg16:U_RON5|q_r[8]                                                                          ; yes                                                              ; yes                                        ;
; app_d_reg_file_top:U_APP_D_RON|rtl_doc_reg16:U_RON1|q_r[8]                                                                          ; yes                                                              ; yes                                        ;
; app_d_reg_file_top:U_APP_D_RON|rtl_doc_reg16:U_RON7|q_r[8]                                                                          ; yes                                                              ; yes                                        ;
; app_t_stack_top:U_APP_T_STACK|rtl_doc_reg16:U_STACK3|q_r[8]                                                                         ; yes                                                              ; yes                                        ;
; app_t_stack_top:U_APP_T_STACK|rtl_doc_reg16:U_STACK4|q_r[8]                                                                         ; yes                                                              ; yes                                        ;
; app_t_stack_top:U_APP_T_STACK|rtl_doc_reg16:U_STACK1|q_r[8]                                                                         ; yes                                                              ; yes                                        ;
; app_t_stack_top:U_APP_T_STACK|rtl_doc_reg16:U_STACK0|q_r[8]                                                                         ; yes                                                              ; yes                                        ;
; app_t_stack_top:U_APP_T_STACK|rtl_doc_reg16:U_STACK5|q_r[8]                                                                         ; yes                                                              ; yes                                        ;
; app_t_stack_top:U_APP_T_STACK|rtl_doc_reg16:U_STACK2|q_r[8]                                                                         ; yes                                                              ; yes                                        ;
; app_t_stack_top:U_APP_T_STACK|rtl_doc_reg16:U_STACK6|q_r[8]                                                                         ; yes                                                              ; yes                                        ;
; app_a_command_system_top:U_APP_A_COMMAND_SYSTEM|rtl_doc_reg16:U_PC_REG|q_r[8]                                                       ; yes                                                              ; yes                                        ;
; app_g_special_registers_top:U_APP_G_SPECIAL_REGISTERS|rtl_doc_reg16:U_PC_REGISTER|q_r[8]                                            ; yes                                                              ; yes                                        ;
; app_e_common_ops_top:U_APP_E_COMMON_OPERATIONS|rtl_doc_reg16:U_PC_REGISTER|q_r[8]                                                   ; yes                                                              ; yes                                        ;
; app_zh_jmp_top:U_APP_ZH_JMP|rtl_doc_reg16:U_PC_LOAD_REG|q_r[8]                                                                      ; yes                                                              ; yes                                        ;
; app_a_command_system_top:U_APP_A_COMMAND_SYSTEM|rtl_doc_reg16:U_IR_WORD0_OPCODE_RN|q_r[9]                                           ; yes                                                              ; yes                                        ;
; app_g_special_registers_top:U_APP_G_SPECIAL_REGISTERS|rtl_doc_reg16:U_IR0_REGISTER|q_r[9]                                           ; yes                                                              ; yes                                        ;
; app_g_special_registers_top:U_APP_G_SPECIAL_REGISTERS|rtl_doc_reg16:U_IR1_REGISTER|q_r[9]                                           ; yes                                                              ; yes                                        ;
; app_e_common_ops_top:U_APP_E_COMMON_OPERATIONS|rtl_doc_reg16:U_CACHE_READ_WRITE_BUF|q_r[9]                                          ; yes                                                              ; yes                                        ;
; app_e_common_ops_top:U_APP_E_COMMON_OPERATIONS|rtl_doc_reg16:U_STACK_PUSH_POP_BUF|q_r[9]                                            ; yes                                                              ; yes                                        ;
; app_i_m_to_r_top:U_APP_I_M_TO_R|rtl_doc_reg16:U_RF_WRITEBACK_REG|q_r[9]                                                             ; yes                                                              ; yes                                        ;
; app_u_stack_exec_top:U_APP_U_STACK_EXEC|rtl_doc_reg16:U_RF_SOURCE_REGISTER|q_r[9]                                                   ; yes                                                              ; yes                                        ;
; app_a_command_system_top:U_APP_A_COMMAND_SYSTEM|rtl_doc_reg16:U_IR_WORD1_ADDR_IMM|q_r[9]                                            ; yes                                                              ; yes                                        ;
; app_u_stack_exec_top:U_APP_U_STACK_EXEC|rtl_doc_reg16:U_POP_WRITEBACK_REGISTER|q_r[9]                                               ; yes                                                              ; yes                                        ;
; app_sh_microevm_top:U_APP_SH_MICRO_EVM|app_shch_branch_predictor_top:U_BRANCH_PREDICTOR_A4|rtl_doc_reg16:U_BTB_TARGET_REG|q_r[9]    ; yes                                                              ; yes                                        ;
; app_shch_branch_predictor_top:U_APP_SHCH_BRANCH_PREDICTOR|rtl_doc_reg16:U_BTB_TARGET_REG|q_r[9]                                     ; yes                                                              ; yes                                        ;
; app_d_reg_file_top:U_APP_D_RON|rtl_doc_reg16:U_RON10|q_r[9]                                                                         ; yes                                                              ; yes                                        ;
; app_d_reg_file_top:U_APP_D_RON|rtl_doc_reg16:U_RON9|q_r[9]                                                                          ; yes                                                              ; yes                                        ;
; app_d_reg_file_top:U_APP_D_RON|rtl_doc_reg16:U_RON8|q_r[9]                                                                          ; yes                                                              ; yes                                        ;
; app_d_reg_file_top:U_APP_D_RON|rtl_doc_reg16:U_RON11|q_r[9]                                                                         ; yes                                                              ; yes                                        ;
; app_d_reg_file_top:U_APP_D_RON|rtl_doc_reg16:U_RON4|q_r[9]                                                                          ; yes                                                              ; yes                                        ;
; app_d_reg_file_top:U_APP_D_RON|rtl_doc_reg16:U_RON2|q_r[9]                                                                          ; yes                                                              ; yes                                        ;
; app_d_reg_file_top:U_APP_D_RON|rtl_doc_reg16:U_RON0|q_r[9]                                                                          ; yes                                                              ; yes                                        ;
; app_d_reg_file_top:U_APP_D_RON|rtl_doc_reg16:U_RON6|q_r[9]                                                                          ; yes                                                              ; yes                                        ;
; app_d_reg_file_top:U_APP_D_RON|rtl_doc_reg16:U_RON3|q_r[9]                                                                          ; yes                                                              ; yes                                        ;
; app_d_reg_file_top:U_APP_D_RON|rtl_doc_reg16:U_RON5|q_r[9]                                                                          ; yes                                                              ; yes                                        ;
; app_d_reg_file_top:U_APP_D_RON|rtl_doc_reg16:U_RON1|q_r[9]                                                                          ; yes                                                              ; yes                                        ;
; app_d_reg_file_top:U_APP_D_RON|rtl_doc_reg16:U_RON7|q_r[9]                                                                          ; yes                                                              ; yes                                        ;
; app_t_stack_top:U_APP_T_STACK|rtl_doc_reg16:U_STACK1|q_r[9]                                                                         ; yes                                                              ; yes                                        ;
; app_t_stack_top:U_APP_T_STACK|rtl_doc_reg16:U_STACK4|q_r[9]                                                                         ; yes                                                              ; yes                                        ;
; app_t_stack_top:U_APP_T_STACK|rtl_doc_reg16:U_STACK0|q_r[9]                                                                         ; yes                                                              ; yes                                        ;
; app_t_stack_top:U_APP_T_STACK|rtl_doc_reg16:U_STACK5|q_r[9]                                                                         ; yes                                                              ; yes                                        ;
; app_t_stack_top:U_APP_T_STACK|rtl_doc_reg16:U_STACK3|q_r[9]                                                                         ; yes                                                              ; yes                                        ;
; app_t_stack_top:U_APP_T_STACK|rtl_doc_reg16:U_STACK2|q_r[9]                                                                         ; yes                                                              ; yes                                        ;
; app_t_stack_top:U_APP_T_STACK|rtl_doc_reg16:U_STACK6|q_r[9]                                                                         ; yes                                                              ; yes                                        ;
; app_a_command_system_top:U_APP_A_COMMAND_SYSTEM|rtl_doc_reg16:U_PC_REG|q_r[9]                                                       ; yes                                                              ; yes                                        ;
; app_g_special_registers_top:U_APP_G_SPECIAL_REGISTERS|rtl_doc_reg16:U_PC_REGISTER|q_r[9]                                            ; yes                                                              ; yes                                        ;
; app_e_common_ops_top:U_APP_E_COMMON_OPERATIONS|rtl_doc_reg16:U_PC_REGISTER|q_r[9]                                                   ; yes                                                              ; yes                                        ;
; app_zh_jmp_top:U_APP_ZH_JMP|rtl_doc_reg16:U_PC_LOAD_REG|q_r[9]                                                                      ; yes                                                              ; yes                                        ;
; app_a_command_system_top:U_APP_A_COMMAND_SYSTEM|rtl_doc_reg16:U_IR_WORD0_OPCODE_RN|q_r[10]                                          ; yes                                                              ; yes                                        ;
; app_g_special_registers_top:U_APP_G_SPECIAL_REGISTERS|rtl_doc_reg16:U_IR0_REGISTER|q_r[10]                                          ; yes                                                              ; yes                                        ;
; app_g_special_registers_top:U_APP_G_SPECIAL_REGISTERS|rtl_doc_reg16:U_IR1_REGISTER|q_r[10]                                          ; yes                                                              ; yes                                        ;
; app_e_common_ops_top:U_APP_E_COMMON_OPERATIONS|rtl_doc_reg16:U_CACHE_READ_WRITE_BUF|q_r[10]                                         ; yes                                                              ; yes                                        ;
; app_e_common_ops_top:U_APP_E_COMMON_OPERATIONS|rtl_doc_reg16:U_STACK_PUSH_POP_BUF|q_r[10]                                           ; yes                                                              ; yes                                        ;
; app_i_m_to_r_top:U_APP_I_M_TO_R|rtl_doc_reg16:U_RF_WRITEBACK_REG|q_r[10]                                                            ; yes                                                              ; yes                                        ;
; app_u_stack_exec_top:U_APP_U_STACK_EXEC|rtl_doc_reg16:U_RF_SOURCE_REGISTER|q_r[10]                                                  ; yes                                                              ; yes                                        ;
; app_a_command_system_top:U_APP_A_COMMAND_SYSTEM|rtl_doc_reg16:U_IR_WORD1_ADDR_IMM|q_r[10]                                           ; yes                                                              ; yes                                        ;
; app_u_stack_exec_top:U_APP_U_STACK_EXEC|rtl_doc_reg16:U_POP_WRITEBACK_REGISTER|q_r[10]                                              ; yes                                                              ; yes                                        ;
; app_sh_microevm_top:U_APP_SH_MICRO_EVM|app_shch_branch_predictor_top:U_BRANCH_PREDICTOR_A4|rtl_doc_reg16:U_BTB_TARGET_REG|q_r[10]   ; yes                                                              ; yes                                        ;
; app_shch_branch_predictor_top:U_APP_SHCH_BRANCH_PREDICTOR|rtl_doc_reg16:U_BTB_TARGET_REG|q_r[10]                                    ; yes                                                              ; yes                                        ;
; app_d_reg_file_top:U_APP_D_RON|rtl_doc_reg16:U_RON9|q_r[10]                                                                         ; yes                                                              ; yes                                        ;
; app_d_reg_file_top:U_APP_D_RON|rtl_doc_reg16:U_RON10|q_r[10]                                                                        ; yes                                                              ; yes                                        ;
; app_d_reg_file_top:U_APP_D_RON|rtl_doc_reg16:U_RON8|q_r[10]                                                                         ; yes                                                              ; yes                                        ;
; app_d_reg_file_top:U_APP_D_RON|rtl_doc_reg16:U_RON11|q_r[10]                                                                        ; yes                                                              ; yes                                        ;
; app_d_reg_file_top:U_APP_D_RON|rtl_doc_reg16:U_RON4|q_r[10]                                                                         ; yes                                                              ; yes                                        ;
; app_d_reg_file_top:U_APP_D_RON|rtl_doc_reg16:U_RON2|q_r[10]                                                                         ; yes                                                              ; yes                                        ;
; app_d_reg_file_top:U_APP_D_RON|rtl_doc_reg16:U_RON0|q_r[10]                                                                         ; yes                                                              ; yes                                        ;
; app_d_reg_file_top:U_APP_D_RON|rtl_doc_reg16:U_RON6|q_r[10]                                                                         ; yes                                                              ; yes                                        ;
; app_d_reg_file_top:U_APP_D_RON|rtl_doc_reg16:U_RON3|q_r[10]                                                                         ; yes                                                              ; yes                                        ;
; app_d_reg_file_top:U_APP_D_RON|rtl_doc_reg16:U_RON5|q_r[10]                                                                         ; yes                                                              ; yes                                        ;
; app_d_reg_file_top:U_APP_D_RON|rtl_doc_reg16:U_RON1|q_r[10]                                                                         ; yes                                                              ; yes                                        ;
; app_d_reg_file_top:U_APP_D_RON|rtl_doc_reg16:U_RON7|q_r[10]                                                                         ; yes                                                              ; yes                                        ;
; app_t_stack_top:U_APP_T_STACK|rtl_doc_reg16:U_STACK3|q_r[10]                                                                        ; yes                                                              ; yes                                        ;
; app_t_stack_top:U_APP_T_STACK|rtl_doc_reg16:U_STACK4|q_r[10]                                                                        ; yes                                                              ; yes                                        ;
; app_t_stack_top:U_APP_T_STACK|rtl_doc_reg16:U_STACK1|q_r[10]                                                                        ; yes                                                              ; yes                                        ;
; app_t_stack_top:U_APP_T_STACK|rtl_doc_reg16:U_STACK0|q_r[10]                                                                        ; yes                                                              ; yes                                        ;
; app_t_stack_top:U_APP_T_STACK|rtl_doc_reg16:U_STACK5|q_r[10]                                                                        ; yes                                                              ; yes                                        ;
; app_t_stack_top:U_APP_T_STACK|rtl_doc_reg16:U_STACK2|q_r[10]                                                                        ; yes                                                              ; yes                                        ;
; app_t_stack_top:U_APP_T_STACK|rtl_doc_reg16:U_STACK6|q_r[10]                                                                        ; yes                                                              ; yes                                        ;
; app_a_command_system_top:U_APP_A_COMMAND_SYSTEM|rtl_doc_reg16:U_PC_REG|q_r[10]                                                      ; yes                                                              ; yes                                        ;
; app_g_special_registers_top:U_APP_G_SPECIAL_REGISTERS|rtl_doc_reg16:U_PC_REGISTER|q_r[10]                                           ; yes                                                              ; yes                                        ;
; app_e_common_ops_top:U_APP_E_COMMON_OPERATIONS|rtl_doc_reg16:U_PC_REGISTER|q_r[10]                                                  ; yes                                                              ; yes                                        ;
; app_zh_jmp_top:U_APP_ZH_JMP|rtl_doc_reg16:U_PC_LOAD_REG|q_r[10]                                                                     ; yes                                                              ; yes                                        ;
; app_a_command_system_top:U_APP_A_COMMAND_SYSTEM|rtl_doc_reg16:U_IR_WORD0_OPCODE_RN|q_r[11]                                          ; yes                                                              ; yes                                        ;
; app_g_special_registers_top:U_APP_G_SPECIAL_REGISTERS|rtl_doc_reg16:U_IR0_REGISTER|q_r[11]                                          ; yes                                                              ; yes                                        ;
; app_g_special_registers_top:U_APP_G_SPECIAL_REGISTERS|rtl_doc_reg16:U_IR1_REGISTER|q_r[11]                                          ; yes                                                              ; yes                                        ;
; app_e_common_ops_top:U_APP_E_COMMON_OPERATIONS|rtl_doc_reg16:U_CACHE_READ_WRITE_BUF|q_r[11]                                         ; yes                                                              ; yes                                        ;
; app_e_common_ops_top:U_APP_E_COMMON_OPERATIONS|rtl_doc_reg16:U_STACK_PUSH_POP_BUF|q_r[11]                                           ; yes                                                              ; yes                                        ;
; app_i_m_to_r_top:U_APP_I_M_TO_R|rtl_doc_reg16:U_RF_WRITEBACK_REG|q_r[11]                                                            ; yes                                                              ; yes                                        ;
; app_u_stack_exec_top:U_APP_U_STACK_EXEC|rtl_doc_reg16:U_RF_SOURCE_REGISTER|q_r[11]                                                  ; yes                                                              ; yes                                        ;
; app_a_command_system_top:U_APP_A_COMMAND_SYSTEM|rtl_doc_reg16:U_IR_WORD1_ADDR_IMM|q_r[11]                                           ; yes                                                              ; yes                                        ;
; app_u_stack_exec_top:U_APP_U_STACK_EXEC|rtl_doc_reg16:U_POP_WRITEBACK_REGISTER|q_r[11]                                              ; yes                                                              ; yes                                        ;
; app_sh_microevm_top:U_APP_SH_MICRO_EVM|app_shch_branch_predictor_top:U_BRANCH_PREDICTOR_A4|rtl_doc_reg16:U_BTB_TARGET_REG|q_r[11]   ; yes                                                              ; yes                                        ;
; app_shch_branch_predictor_top:U_APP_SHCH_BRANCH_PREDICTOR|rtl_doc_reg16:U_BTB_TARGET_REG|q_r[11]                                    ; yes                                                              ; yes                                        ;
; app_d_reg_file_top:U_APP_D_RON|rtl_doc_reg16:U_RON10|q_r[11]                                                                        ; yes                                                              ; yes                                        ;
; app_d_reg_file_top:U_APP_D_RON|rtl_doc_reg16:U_RON9|q_r[11]                                                                         ; yes                                                              ; yes                                        ;
; app_d_reg_file_top:U_APP_D_RON|rtl_doc_reg16:U_RON8|q_r[11]                                                                         ; yes                                                              ; yes                                        ;
; app_d_reg_file_top:U_APP_D_RON|rtl_doc_reg16:U_RON11|q_r[11]                                                                        ; yes                                                              ; yes                                        ;
; app_d_reg_file_top:U_APP_D_RON|rtl_doc_reg16:U_RON4|q_r[11]                                                                         ; yes                                                              ; yes                                        ;
; app_d_reg_file_top:U_APP_D_RON|rtl_doc_reg16:U_RON2|q_r[11]                                                                         ; yes                                                              ; yes                                        ;
; app_d_reg_file_top:U_APP_D_RON|rtl_doc_reg16:U_RON0|q_r[11]                                                                         ; yes                                                              ; yes                                        ;
; app_d_reg_file_top:U_APP_D_RON|rtl_doc_reg16:U_RON6|q_r[11]                                                                         ; yes                                                              ; yes                                        ;
; app_d_reg_file_top:U_APP_D_RON|rtl_doc_reg16:U_RON3|q_r[11]                                                                         ; yes                                                              ; yes                                        ;
; app_d_reg_file_top:U_APP_D_RON|rtl_doc_reg16:U_RON5|q_r[11]                                                                         ; yes                                                              ; yes                                        ;
; app_d_reg_file_top:U_APP_D_RON|rtl_doc_reg16:U_RON1|q_r[11]                                                                         ; yes                                                              ; yes                                        ;
; app_d_reg_file_top:U_APP_D_RON|rtl_doc_reg16:U_RON7|q_r[11]                                                                         ; yes                                                              ; yes                                        ;
; app_t_stack_top:U_APP_T_STACK|rtl_doc_reg16:U_STACK1|q_r[11]                                                                        ; yes                                                              ; yes                                        ;
; app_t_stack_top:U_APP_T_STACK|rtl_doc_reg16:U_STACK4|q_r[11]                                                                        ; yes                                                              ; yes                                        ;
; app_t_stack_top:U_APP_T_STACK|rtl_doc_reg16:U_STACK0|q_r[11]                                                                        ; yes                                                              ; yes                                        ;
; app_t_stack_top:U_APP_T_STACK|rtl_doc_reg16:U_STACK5|q_r[11]                                                                        ; yes                                                              ; yes                                        ;
; app_t_stack_top:U_APP_T_STACK|rtl_doc_reg16:U_STACK3|q_r[11]                                                                        ; yes                                                              ; yes                                        ;
; app_t_stack_top:U_APP_T_STACK|rtl_doc_reg16:U_STACK2|q_r[11]                                                                        ; yes                                                              ; yes                                        ;
; app_t_stack_top:U_APP_T_STACK|rtl_doc_reg16:U_STACK6|q_r[11]                                                                        ; yes                                                              ; yes                                        ;
; app_a_command_system_top:U_APP_A_COMMAND_SYSTEM|rtl_doc_reg16:U_PC_REG|q_r[11]                                                      ; yes                                                              ; yes                                        ;
; app_g_special_registers_top:U_APP_G_SPECIAL_REGISTERS|rtl_doc_reg16:U_PC_REGISTER|q_r[11]                                           ; yes                                                              ; yes                                        ;
; app_e_common_ops_top:U_APP_E_COMMON_OPERATIONS|rtl_doc_reg16:U_PC_REGISTER|q_r[11]                                                  ; yes                                                              ; yes                                        ;
; app_zh_jmp_top:U_APP_ZH_JMP|rtl_doc_reg16:U_PC_LOAD_REG|q_r[11]                                                                     ; yes                                                              ; yes                                        ;
; app_a_command_system_top:U_APP_A_COMMAND_SYSTEM|rtl_doc_reg16:U_IR_WORD0_OPCODE_RN|q_r[12]                                          ; yes                                                              ; yes                                        ;
; app_g_special_registers_top:U_APP_G_SPECIAL_REGISTERS|rtl_doc_reg16:U_IR0_REGISTER|q_r[12]                                          ; yes                                                              ; yes                                        ;
; app_g_special_registers_top:U_APP_G_SPECIAL_REGISTERS|rtl_doc_reg16:U_IR1_REGISTER|q_r[12]                                          ; yes                                                              ; yes                                        ;
; app_e_common_ops_top:U_APP_E_COMMON_OPERATIONS|rtl_doc_reg16:U_CACHE_READ_WRITE_BUF|q_r[12]                                         ; yes                                                              ; yes                                        ;
; app_e_common_ops_top:U_APP_E_COMMON_OPERATIONS|rtl_doc_reg16:U_STACK_PUSH_POP_BUF|q_r[12]                                           ; yes                                                              ; yes                                        ;
; app_i_m_to_r_top:U_APP_I_M_TO_R|rtl_doc_reg16:U_RF_WRITEBACK_REG|q_r[12]                                                            ; yes                                                              ; yes                                        ;
; app_u_stack_exec_top:U_APP_U_STACK_EXEC|rtl_doc_reg16:U_RF_SOURCE_REGISTER|q_r[12]                                                  ; yes                                                              ; yes                                        ;
; app_a_command_system_top:U_APP_A_COMMAND_SYSTEM|rtl_doc_reg16:U_IR_WORD1_ADDR_IMM|q_r[12]                                           ; yes                                                              ; yes                                        ;
; app_u_stack_exec_top:U_APP_U_STACK_EXEC|rtl_doc_reg16:U_POP_WRITEBACK_REGISTER|q_r[12]                                              ; yes                                                              ; yes                                        ;
; app_sh_microevm_top:U_APP_SH_MICRO_EVM|app_shch_branch_predictor_top:U_BRANCH_PREDICTOR_A4|rtl_doc_reg16:U_BTB_TARGET_REG|q_r[12]   ; yes                                                              ; yes                                        ;
; app_shch_branch_predictor_top:U_APP_SHCH_BRANCH_PREDICTOR|rtl_doc_reg16:U_BTB_TARGET_REG|q_r[12]                                    ; yes                                                              ; yes                                        ;
; app_d_reg_file_top:U_APP_D_RON|rtl_doc_reg16:U_RON9|q_r[12]                                                                         ; yes                                                              ; yes                                        ;
; app_d_reg_file_top:U_APP_D_RON|rtl_doc_reg16:U_RON10|q_r[12]                                                                        ; yes                                                              ; yes                                        ;
; app_d_reg_file_top:U_APP_D_RON|rtl_doc_reg16:U_RON8|q_r[12]                                                                         ; yes                                                              ; yes                                        ;
; app_d_reg_file_top:U_APP_D_RON|rtl_doc_reg16:U_RON11|q_r[12]                                                                        ; yes                                                              ; yes                                        ;
; app_d_reg_file_top:U_APP_D_RON|rtl_doc_reg16:U_RON4|q_r[12]                                                                         ; yes                                                              ; yes                                        ;
; app_d_reg_file_top:U_APP_D_RON|rtl_doc_reg16:U_RON2|q_r[12]                                                                         ; yes                                                              ; yes                                        ;
; app_d_reg_file_top:U_APP_D_RON|rtl_doc_reg16:U_RON0|q_r[12]                                                                         ; yes                                                              ; yes                                        ;
; app_d_reg_file_top:U_APP_D_RON|rtl_doc_reg16:U_RON6|q_r[12]                                                                         ; yes                                                              ; yes                                        ;
; app_d_reg_file_top:U_APP_D_RON|rtl_doc_reg16:U_RON3|q_r[12]                                                                         ; yes                                                              ; yes                                        ;
; app_d_reg_file_top:U_APP_D_RON|rtl_doc_reg16:U_RON5|q_r[12]                                                                         ; yes                                                              ; yes                                        ;
; app_d_reg_file_top:U_APP_D_RON|rtl_doc_reg16:U_RON1|q_r[12]                                                                         ; yes                                                              ; yes                                        ;
; app_d_reg_file_top:U_APP_D_RON|rtl_doc_reg16:U_RON7|q_r[12]                                                                         ; yes                                                              ; yes                                        ;
; app_t_stack_top:U_APP_T_STACK|rtl_doc_reg16:U_STACK3|q_r[12]                                                                        ; yes                                                              ; yes                                        ;
; app_t_stack_top:U_APP_T_STACK|rtl_doc_reg16:U_STACK4|q_r[12]                                                                        ; yes                                                              ; yes                                        ;
; app_t_stack_top:U_APP_T_STACK|rtl_doc_reg16:U_STACK1|q_r[12]                                                                        ; yes                                                              ; yes                                        ;
; app_t_stack_top:U_APP_T_STACK|rtl_doc_reg16:U_STACK0|q_r[12]                                                                        ; yes                                                              ; yes                                        ;
; app_t_stack_top:U_APP_T_STACK|rtl_doc_reg16:U_STACK5|q_r[12]                                                                        ; yes                                                              ; yes                                        ;
; app_t_stack_top:U_APP_T_STACK|rtl_doc_reg16:U_STACK2|q_r[12]                                                                        ; yes                                                              ; yes                                        ;
; app_t_stack_top:U_APP_T_STACK|rtl_doc_reg16:U_STACK6|q_r[12]                                                                        ; yes                                                              ; yes                                        ;
; app_a_command_system_top:U_APP_A_COMMAND_SYSTEM|rtl_doc_reg16:U_PC_REG|q_r[12]                                                      ; yes                                                              ; yes                                        ;
; app_g_special_registers_top:U_APP_G_SPECIAL_REGISTERS|rtl_doc_reg16:U_PC_REGISTER|q_r[12]                                           ; yes                                                              ; yes                                        ;
; app_e_common_ops_top:U_APP_E_COMMON_OPERATIONS|rtl_doc_reg16:U_PC_REGISTER|q_r[12]                                                  ; yes                                                              ; yes                                        ;
; app_zh_jmp_top:U_APP_ZH_JMP|rtl_doc_reg16:U_PC_LOAD_REG|q_r[12]                                                                     ; yes                                                              ; yes                                        ;
; app_a_command_system_top:U_APP_A_COMMAND_SYSTEM|rtl_doc_reg16:U_IR_WORD0_OPCODE_RN|q_r[13]                                          ; yes                                                              ; yes                                        ;
; app_g_special_registers_top:U_APP_G_SPECIAL_REGISTERS|rtl_doc_reg16:U_IR0_REGISTER|q_r[13]                                          ; yes                                                              ; yes                                        ;
; app_g_special_registers_top:U_APP_G_SPECIAL_REGISTERS|rtl_doc_reg16:U_IR1_REGISTER|q_r[13]                                          ; yes                                                              ; yes                                        ;
; app_e_common_ops_top:U_APP_E_COMMON_OPERATIONS|rtl_doc_reg16:U_CACHE_READ_WRITE_BUF|q_r[13]                                         ; yes                                                              ; yes                                        ;
; app_e_common_ops_top:U_APP_E_COMMON_OPERATIONS|rtl_doc_reg16:U_STACK_PUSH_POP_BUF|q_r[13]                                           ; yes                                                              ; yes                                        ;
; app_i_m_to_r_top:U_APP_I_M_TO_R|rtl_doc_reg16:U_RF_WRITEBACK_REG|q_r[13]                                                            ; yes                                                              ; yes                                        ;
; app_u_stack_exec_top:U_APP_U_STACK_EXEC|rtl_doc_reg16:U_RF_SOURCE_REGISTER|q_r[13]                                                  ; yes                                                              ; yes                                        ;
; app_a_command_system_top:U_APP_A_COMMAND_SYSTEM|rtl_doc_reg16:U_IR_WORD1_ADDR_IMM|q_r[13]                                           ; yes                                                              ; yes                                        ;
; app_u_stack_exec_top:U_APP_U_STACK_EXEC|rtl_doc_reg16:U_POP_WRITEBACK_REGISTER|q_r[13]                                              ; yes                                                              ; yes                                        ;
; app_sh_microevm_top:U_APP_SH_MICRO_EVM|app_shch_branch_predictor_top:U_BRANCH_PREDICTOR_A4|rtl_doc_reg16:U_BTB_TARGET_REG|q_r[13]   ; yes                                                              ; yes                                        ;
; app_shch_branch_predictor_top:U_APP_SHCH_BRANCH_PREDICTOR|rtl_doc_reg16:U_BTB_TARGET_REG|q_r[13]                                    ; yes                                                              ; yes                                        ;
; app_d_reg_file_top:U_APP_D_RON|rtl_doc_reg16:U_RON10|q_r[13]                                                                        ; yes                                                              ; yes                                        ;
; app_d_reg_file_top:U_APP_D_RON|rtl_doc_reg16:U_RON9|q_r[13]                                                                         ; yes                                                              ; yes                                        ;
; app_d_reg_file_top:U_APP_D_RON|rtl_doc_reg16:U_RON8|q_r[13]                                                                         ; yes                                                              ; yes                                        ;
; app_d_reg_file_top:U_APP_D_RON|rtl_doc_reg16:U_RON11|q_r[13]                                                                        ; yes                                                              ; yes                                        ;
; app_d_reg_file_top:U_APP_D_RON|rtl_doc_reg16:U_RON4|q_r[13]                                                                         ; yes                                                              ; yes                                        ;
; app_d_reg_file_top:U_APP_D_RON|rtl_doc_reg16:U_RON2|q_r[13]                                                                         ; yes                                                              ; yes                                        ;
; app_d_reg_file_top:U_APP_D_RON|rtl_doc_reg16:U_RON0|q_r[13]                                                                         ; yes                                                              ; yes                                        ;
; app_d_reg_file_top:U_APP_D_RON|rtl_doc_reg16:U_RON6|q_r[13]                                                                         ; yes                                                              ; yes                                        ;
; app_d_reg_file_top:U_APP_D_RON|rtl_doc_reg16:U_RON3|q_r[13]                                                                         ; yes                                                              ; yes                                        ;
; app_d_reg_file_top:U_APP_D_RON|rtl_doc_reg16:U_RON5|q_r[13]                                                                         ; yes                                                              ; yes                                        ;
; app_d_reg_file_top:U_APP_D_RON|rtl_doc_reg16:U_RON1|q_r[13]                                                                         ; yes                                                              ; yes                                        ;
; app_d_reg_file_top:U_APP_D_RON|rtl_doc_reg16:U_RON7|q_r[13]                                                                         ; yes                                                              ; yes                                        ;
; app_t_stack_top:U_APP_T_STACK|rtl_doc_reg16:U_STACK1|q_r[13]                                                                        ; yes                                                              ; yes                                        ;
; app_t_stack_top:U_APP_T_STACK|rtl_doc_reg16:U_STACK4|q_r[13]                                                                        ; yes                                                              ; yes                                        ;
; app_t_stack_top:U_APP_T_STACK|rtl_doc_reg16:U_STACK0|q_r[13]                                                                        ; yes                                                              ; yes                                        ;
; app_t_stack_top:U_APP_T_STACK|rtl_doc_reg16:U_STACK5|q_r[13]                                                                        ; yes                                                              ; yes                                        ;
; app_t_stack_top:U_APP_T_STACK|rtl_doc_reg16:U_STACK3|q_r[13]                                                                        ; yes                                                              ; yes                                        ;
; app_t_stack_top:U_APP_T_STACK|rtl_doc_reg16:U_STACK2|q_r[13]                                                                        ; yes                                                              ; yes                                        ;
; app_t_stack_top:U_APP_T_STACK|rtl_doc_reg16:U_STACK6|q_r[13]                                                                        ; yes                                                              ; yes                                        ;
; app_a_command_system_top:U_APP_A_COMMAND_SYSTEM|rtl_doc_reg16:U_PC_REG|q_r[13]                                                      ; yes                                                              ; yes                                        ;
; app_g_special_registers_top:U_APP_G_SPECIAL_REGISTERS|rtl_doc_reg16:U_PC_REGISTER|q_r[13]                                           ; yes                                                              ; yes                                        ;
; app_e_common_ops_top:U_APP_E_COMMON_OPERATIONS|rtl_doc_reg16:U_PC_REGISTER|q_r[13]                                                  ; yes                                                              ; yes                                        ;
; app_zh_jmp_top:U_APP_ZH_JMP|rtl_doc_reg16:U_PC_LOAD_REG|q_r[13]                                                                     ; yes                                                              ; yes                                        ;
; app_a_command_system_top:U_APP_A_COMMAND_SYSTEM|rtl_doc_reg16:U_IR_WORD0_OPCODE_RN|q_r[14]                                          ; yes                                                              ; yes                                        ;
; app_g_special_registers_top:U_APP_G_SPECIAL_REGISTERS|rtl_doc_reg16:U_IR0_REGISTER|q_r[14]                                          ; yes                                                              ; yes                                        ;
; app_g_special_registers_top:U_APP_G_SPECIAL_REGISTERS|rtl_doc_reg16:U_IR1_REGISTER|q_r[14]                                          ; yes                                                              ; yes                                        ;
; app_e_common_ops_top:U_APP_E_COMMON_OPERATIONS|rtl_doc_reg16:U_CACHE_READ_WRITE_BUF|q_r[14]                                         ; yes                                                              ; yes                                        ;
; app_e_common_ops_top:U_APP_E_COMMON_OPERATIONS|rtl_doc_reg16:U_STACK_PUSH_POP_BUF|q_r[14]                                           ; yes                                                              ; yes                                        ;
; app_i_m_to_r_top:U_APP_I_M_TO_R|rtl_doc_reg16:U_RF_WRITEBACK_REG|q_r[14]                                                            ; yes                                                              ; yes                                        ;
; app_u_stack_exec_top:U_APP_U_STACK_EXEC|rtl_doc_reg16:U_RF_SOURCE_REGISTER|q_r[14]                                                  ; yes                                                              ; yes                                        ;
; app_a_command_system_top:U_APP_A_COMMAND_SYSTEM|rtl_doc_reg16:U_IR_WORD1_ADDR_IMM|q_r[14]                                           ; yes                                                              ; yes                                        ;
; app_u_stack_exec_top:U_APP_U_STACK_EXEC|rtl_doc_reg16:U_POP_WRITEBACK_REGISTER|q_r[14]                                              ; yes                                                              ; yes                                        ;
; app_sh_microevm_top:U_APP_SH_MICRO_EVM|app_shch_branch_predictor_top:U_BRANCH_PREDICTOR_A4|rtl_doc_reg16:U_BTB_TARGET_REG|q_r[14]   ; yes                                                              ; yes                                        ;
; app_shch_branch_predictor_top:U_APP_SHCH_BRANCH_PREDICTOR|rtl_doc_reg16:U_BTB_TARGET_REG|q_r[14]                                    ; yes                                                              ; yes                                        ;
; app_d_reg_file_top:U_APP_D_RON|rtl_doc_reg16:U_RON9|q_r[14]                                                                         ; yes                                                              ; yes                                        ;
; app_d_reg_file_top:U_APP_D_RON|rtl_doc_reg16:U_RON10|q_r[14]                                                                        ; yes                                                              ; yes                                        ;
; app_d_reg_file_top:U_APP_D_RON|rtl_doc_reg16:U_RON8|q_r[14]                                                                         ; yes                                                              ; yes                                        ;
; app_d_reg_file_top:U_APP_D_RON|rtl_doc_reg16:U_RON11|q_r[14]                                                                        ; yes                                                              ; yes                                        ;
; app_d_reg_file_top:U_APP_D_RON|rtl_doc_reg16:U_RON4|q_r[14]                                                                         ; yes                                                              ; yes                                        ;
; app_d_reg_file_top:U_APP_D_RON|rtl_doc_reg16:U_RON2|q_r[14]                                                                         ; yes                                                              ; yes                                        ;
; app_d_reg_file_top:U_APP_D_RON|rtl_doc_reg16:U_RON0|q_r[14]                                                                         ; yes                                                              ; yes                                        ;
; app_d_reg_file_top:U_APP_D_RON|rtl_doc_reg16:U_RON6|q_r[14]                                                                         ; yes                                                              ; yes                                        ;
; app_d_reg_file_top:U_APP_D_RON|rtl_doc_reg16:U_RON3|q_r[14]                                                                         ; yes                                                              ; yes                                        ;
; app_d_reg_file_top:U_APP_D_RON|rtl_doc_reg16:U_RON5|q_r[14]                                                                         ; yes                                                              ; yes                                        ;
; app_d_reg_file_top:U_APP_D_RON|rtl_doc_reg16:U_RON1|q_r[14]                                                                         ; yes                                                              ; yes                                        ;
; app_d_reg_file_top:U_APP_D_RON|rtl_doc_reg16:U_RON7|q_r[14]                                                                         ; yes                                                              ; yes                                        ;
; app_t_stack_top:U_APP_T_STACK|rtl_doc_reg16:U_STACK3|q_r[14]                                                                        ; yes                                                              ; yes                                        ;
; app_t_stack_top:U_APP_T_STACK|rtl_doc_reg16:U_STACK4|q_r[14]                                                                        ; yes                                                              ; yes                                        ;
; app_t_stack_top:U_APP_T_STACK|rtl_doc_reg16:U_STACK1|q_r[14]                                                                        ; yes                                                              ; yes                                        ;
; app_t_stack_top:U_APP_T_STACK|rtl_doc_reg16:U_STACK0|q_r[14]                                                                        ; yes                                                              ; yes                                        ;
; app_t_stack_top:U_APP_T_STACK|rtl_doc_reg16:U_STACK5|q_r[14]                                                                        ; yes                                                              ; yes                                        ;
; app_t_stack_top:U_APP_T_STACK|rtl_doc_reg16:U_STACK2|q_r[14]                                                                        ; yes                                                              ; yes                                        ;
; app_t_stack_top:U_APP_T_STACK|rtl_doc_reg16:U_STACK6|q_r[14]                                                                        ; yes                                                              ; yes                                        ;
; app_a_command_system_top:U_APP_A_COMMAND_SYSTEM|rtl_doc_reg16:U_PC_REG|q_r[14]                                                      ; yes                                                              ; yes                                        ;
; app_g_special_registers_top:U_APP_G_SPECIAL_REGISTERS|rtl_doc_reg16:U_PC_REGISTER|q_r[14]                                           ; yes                                                              ; yes                                        ;
; app_e_common_ops_top:U_APP_E_COMMON_OPERATIONS|rtl_doc_reg16:U_PC_REGISTER|q_r[14]                                                  ; yes                                                              ; yes                                        ;
; app_zh_jmp_top:U_APP_ZH_JMP|rtl_doc_reg16:U_PC_LOAD_REG|q_r[14]                                                                     ; yes                                                              ; yes                                        ;
; app_a_command_system_top:U_APP_A_COMMAND_SYSTEM|rtl_doc_reg16:U_IR_WORD0_OPCODE_RN|q_r[15]                                          ; yes                                                              ; yes                                        ;
; app_g_special_registers_top:U_APP_G_SPECIAL_REGISTERS|rtl_doc_reg16:U_IR0_REGISTER|q_r[15]                                          ; yes                                                              ; yes                                        ;
; app_g_special_registers_top:U_APP_G_SPECIAL_REGISTERS|rtl_doc_reg16:U_IR1_REGISTER|q_r[15]                                          ; yes                                                              ; yes                                        ;
; app_e_common_ops_top:U_APP_E_COMMON_OPERATIONS|rtl_doc_reg16:U_CACHE_READ_WRITE_BUF|q_r[15]                                         ; yes                                                              ; yes                                        ;
; app_e_common_ops_top:U_APP_E_COMMON_OPERATIONS|rtl_doc_reg16:U_STACK_PUSH_POP_BUF|q_r[15]                                           ; yes                                                              ; yes                                        ;
; app_i_m_to_r_top:U_APP_I_M_TO_R|rtl_doc_reg16:U_RF_WRITEBACK_REG|q_r[15]                                                            ; yes                                                              ; yes                                        ;
; app_u_stack_exec_top:U_APP_U_STACK_EXEC|rtl_doc_reg16:U_RF_SOURCE_REGISTER|q_r[15]                                                  ; yes                                                              ; yes                                        ;
; app_a_command_system_top:U_APP_A_COMMAND_SYSTEM|rtl_doc_reg16:U_IR_WORD1_ADDR_IMM|q_r[15]                                           ; yes                                                              ; yes                                        ;
; app_u_stack_exec_top:U_APP_U_STACK_EXEC|rtl_doc_reg16:U_POP_WRITEBACK_REGISTER|q_r[15]                                              ; yes                                                              ; yes                                        ;
; app_sh_microevm_top:U_APP_SH_MICRO_EVM|app_shch_branch_predictor_top:U_BRANCH_PREDICTOR_A4|rtl_doc_reg16:U_BTB_TARGET_REG|q_r[15]   ; yes                                                              ; yes                                        ;
; app_shch_branch_predictor_top:U_APP_SHCH_BRANCH_PREDICTOR|rtl_doc_reg16:U_BTB_TARGET_REG|q_r[15]                                    ; yes                                                              ; yes                                        ;
; app_d_reg_file_top:U_APP_D_RON|rtl_doc_reg16:U_RON10|q_r[15]                                                                        ; yes                                                              ; yes                                        ;
; app_d_reg_file_top:U_APP_D_RON|rtl_doc_reg16:U_RON9|q_r[15]                                                                         ; yes                                                              ; yes                                        ;
; app_d_reg_file_top:U_APP_D_RON|rtl_doc_reg16:U_RON8|q_r[15]                                                                         ; yes                                                              ; yes                                        ;
; app_d_reg_file_top:U_APP_D_RON|rtl_doc_reg16:U_RON11|q_r[15]                                                                        ; yes                                                              ; yes                                        ;
; app_d_reg_file_top:U_APP_D_RON|rtl_doc_reg16:U_RON4|q_r[15]                                                                         ; yes                                                              ; yes                                        ;
; app_d_reg_file_top:U_APP_D_RON|rtl_doc_reg16:U_RON2|q_r[15]                                                                         ; yes                                                              ; yes                                        ;
; app_d_reg_file_top:U_APP_D_RON|rtl_doc_reg16:U_RON0|q_r[15]                                                                         ; yes                                                              ; yes                                        ;
; app_d_reg_file_top:U_APP_D_RON|rtl_doc_reg16:U_RON6|q_r[15]                                                                         ; yes                                                              ; yes                                        ;
; app_d_reg_file_top:U_APP_D_RON|rtl_doc_reg16:U_RON3|q_r[15]                                                                         ; yes                                                              ; yes                                        ;
; app_d_reg_file_top:U_APP_D_RON|rtl_doc_reg16:U_RON5|q_r[15]                                                                         ; yes                                                              ; yes                                        ;
; app_d_reg_file_top:U_APP_D_RON|rtl_doc_reg16:U_RON1|q_r[15]                                                                         ; yes                                                              ; yes                                        ;
; app_d_reg_file_top:U_APP_D_RON|rtl_doc_reg16:U_RON7|q_r[15]                                                                         ; yes                                                              ; yes                                        ;
; app_t_stack_top:U_APP_T_STACK|rtl_doc_reg16:U_STACK1|q_r[15]                                                                        ; yes                                                              ; yes                                        ;
; app_t_stack_top:U_APP_T_STACK|rtl_doc_reg16:U_STACK4|q_r[15]                                                                        ; yes                                                              ; yes                                        ;
; app_t_stack_top:U_APP_T_STACK|rtl_doc_reg16:U_STACK0|q_r[15]                                                                        ; yes                                                              ; yes                                        ;
; app_t_stack_top:U_APP_T_STACK|rtl_doc_reg16:U_STACK5|q_r[15]                                                                        ; yes                                                              ; yes                                        ;
; app_t_stack_top:U_APP_T_STACK|rtl_doc_reg16:U_STACK3|q_r[15]                                                                        ; yes                                                              ; yes                                        ;
; app_t_stack_top:U_APP_T_STACK|rtl_doc_reg16:U_STACK2|q_r[15]                                                                        ; yes                                                              ; yes                                        ;
; app_t_stack_top:U_APP_T_STACK|rtl_doc_reg16:U_STACK6|q_r[15]                                                                        ; yes                                                              ; yes                                        ;
; app_a_command_system_top:U_APP_A_COMMAND_SYSTEM|rtl_doc_reg16:U_PC_REG|q_r[15]                                                      ; yes                                                              ; yes                                        ;
; app_g_special_registers_top:U_APP_G_SPECIAL_REGISTERS|rtl_doc_reg16:U_PC_REGISTER|q_r[15]                                           ; yes                                                              ; yes                                        ;
; app_e_common_ops_top:U_APP_E_COMMON_OPERATIONS|rtl_doc_reg16:U_PC_REGISTER|q_r[15]                                                  ; yes                                                              ; yes                                        ;
; app_zh_jmp_top:U_APP_ZH_JMP|rtl_doc_reg16:U_PC_LOAD_REG|q_r[15]                                                                     ; yes                                                              ; yes                                        ;
; app_b_memory_top:U_APP_B_MEMORY|rtl_doc_dma3word:U_DMA_3_WORDS_AT_0A|busy_r                                                         ; yes                                                              ; yes                                        ;
; app_i_m_to_r_top:U_APP_I_M_TO_R|rtl_doc_reg16:U_READ_DATA_REG|q_r[0]                                                                ; yes                                                              ; yes                                        ;
; app_sh_microevm_top:U_APP_SH_MICRO_EVM|rtl_doc_dma3word:U_DMA_CONTROLLER_3_WORD|busy_r                                              ; yes                                                              ; yes                                        ;
; app_u_stack_exec_top:U_APP_U_STACK_EXEC|app_t_stack_top:U_STACK_DEVICE_7X16|rtl_doc_reg16:U_STACK3|q_r[0]                           ; yes                                                              ; yes                                        ;
; app_u_stack_exec_top:U_APP_U_STACK_EXEC|app_t_stack_top:U_STACK_DEVICE_7X16|rtl_doc_reg3:U_SP_UP_DOWN_COUNTER|q_r[0]                ; yes                                                              ; yes                                        ;
; app_u_stack_exec_top:U_APP_U_STACK_EXEC|app_t_stack_top:U_STACK_DEVICE_7X16|rtl_doc_reg3:U_SP_UP_DOWN_COUNTER|q_r[1]                ; yes                                                              ; yes                                        ;
; app_u_stack_exec_top:U_APP_U_STACK_EXEC|app_t_stack_top:U_STACK_DEVICE_7X16|rtl_doc_reg3:U_SP_UP_DOWN_COUNTER|q_r[2]                ; yes                                                              ; yes                                        ;
; app_u_stack_exec_top:U_APP_U_STACK_EXEC|app_t_stack_top:U_STACK_DEVICE_7X16|rtl_doc_reg16:U_STACK4|q_r[0]                           ; yes                                                              ; yes                                        ;
; app_u_stack_exec_top:U_APP_U_STACK_EXEC|app_t_stack_top:U_STACK_DEVICE_7X16|rtl_doc_reg16:U_STACK1|q_r[0]                           ; yes                                                              ; yes                                        ;
; app_u_stack_exec_top:U_APP_U_STACK_EXEC|app_t_stack_top:U_STACK_DEVICE_7X16|rtl_doc_reg16:U_STACK0|q_r[0]                           ; yes                                                              ; yes                                        ;
; app_u_stack_exec_top:U_APP_U_STACK_EXEC|app_t_stack_top:U_STACK_DEVICE_7X16|rtl_doc_reg16:U_STACK5|q_r[0]                           ; yes                                                              ; yes                                        ;
; app_u_stack_exec_top:U_APP_U_STACK_EXEC|app_t_stack_top:U_STACK_DEVICE_7X16|rtl_doc_reg16:U_STACK2|q_r[0]                           ; yes                                                              ; yes                                        ;
; app_u_stack_exec_top:U_APP_U_STACK_EXEC|app_t_stack_top:U_STACK_DEVICE_7X16|rtl_doc_reg16:U_STACK6|q_r[0]                           ; yes                                                              ; yes                                        ;
; app_sh_microevm_top:U_APP_SH_MICRO_EVM|app_shch_branch_predictor_top:U_BRANCH_PREDICTOR_A4|rtl_doc_reg2:U_PHT_COUNTER_REG|q_r[0]    ; yes                                                              ; yes                                        ;
; app_shch_branch_predictor_top:U_APP_SHCH_BRANCH_PREDICTOR|rtl_doc_reg2:U_PHT_COUNTER_REG|q_r[0]                                     ; yes                                                              ; yes                                        ;
; app_i_m_to_r_top:U_APP_I_M_TO_R|rtl_doc_reg16:U_READ_DATA_REG|q_r[1]                                                                ; yes                                                              ; yes                                        ;
; app_u_stack_exec_top:U_APP_U_STACK_EXEC|app_t_stack_top:U_STACK_DEVICE_7X16|rtl_doc_reg16:U_STACK4|q_r[1]                           ; yes                                                              ; yes                                        ;
; app_u_stack_exec_top:U_APP_U_STACK_EXEC|app_t_stack_top:U_STACK_DEVICE_7X16|rtl_doc_reg16:U_STACK1|q_r[1]                           ; yes                                                              ; yes                                        ;
; app_u_stack_exec_top:U_APP_U_STACK_EXEC|app_t_stack_top:U_STACK_DEVICE_7X16|rtl_doc_reg16:U_STACK0|q_r[1]                           ; yes                                                              ; yes                                        ;
; app_u_stack_exec_top:U_APP_U_STACK_EXEC|app_t_stack_top:U_STACK_DEVICE_7X16|rtl_doc_reg16:U_STACK5|q_r[1]                           ; yes                                                              ; yes                                        ;
; app_u_stack_exec_top:U_APP_U_STACK_EXEC|app_t_stack_top:U_STACK_DEVICE_7X16|rtl_doc_reg16:U_STACK3|q_r[1]                           ; yes                                                              ; yes                                        ;
; app_u_stack_exec_top:U_APP_U_STACK_EXEC|app_t_stack_top:U_STACK_DEVICE_7X16|rtl_doc_reg16:U_STACK2|q_r[1]                           ; yes                                                              ; yes                                        ;
; app_u_stack_exec_top:U_APP_U_STACK_EXEC|app_t_stack_top:U_STACK_DEVICE_7X16|rtl_doc_reg16:U_STACK6|q_r[1]                           ; yes                                                              ; yes                                        ;
; app_i_m_to_r_top:U_APP_I_M_TO_R|rtl_doc_reg16:U_READ_DATA_REG|q_r[2]                                                                ; yes                                                              ; yes                                        ;
; app_u_stack_exec_top:U_APP_U_STACK_EXEC|app_t_stack_top:U_STACK_DEVICE_7X16|rtl_doc_reg16:U_STACK3|q_r[2]                           ; yes                                                              ; yes                                        ;
; app_u_stack_exec_top:U_APP_U_STACK_EXEC|app_t_stack_top:U_STACK_DEVICE_7X16|rtl_doc_reg16:U_STACK4|q_r[2]                           ; yes                                                              ; yes                                        ;
; app_u_stack_exec_top:U_APP_U_STACK_EXEC|app_t_stack_top:U_STACK_DEVICE_7X16|rtl_doc_reg16:U_STACK1|q_r[2]                           ; yes                                                              ; yes                                        ;
; app_u_stack_exec_top:U_APP_U_STACK_EXEC|app_t_stack_top:U_STACK_DEVICE_7X16|rtl_doc_reg16:U_STACK0|q_r[2]                           ; yes                                                              ; yes                                        ;
; app_u_stack_exec_top:U_APP_U_STACK_EXEC|app_t_stack_top:U_STACK_DEVICE_7X16|rtl_doc_reg16:U_STACK5|q_r[2]                           ; yes                                                              ; yes                                        ;
; app_u_stack_exec_top:U_APP_U_STACK_EXEC|app_t_stack_top:U_STACK_DEVICE_7X16|rtl_doc_reg16:U_STACK2|q_r[2]                           ; yes                                                              ; yes                                        ;
; app_u_stack_exec_top:U_APP_U_STACK_EXEC|app_t_stack_top:U_STACK_DEVICE_7X16|rtl_doc_reg16:U_STACK6|q_r[2]                           ; yes                                                              ; yes                                        ;
; app_i_m_to_r_top:U_APP_I_M_TO_R|rtl_doc_reg16:U_READ_DATA_REG|q_r[3]                                                                ; yes                                                              ; yes                                        ;
; app_u_stack_exec_top:U_APP_U_STACK_EXEC|app_t_stack_top:U_STACK_DEVICE_7X16|rtl_doc_reg16:U_STACK1|q_r[3]                           ; yes                                                              ; yes                                        ;
; app_u_stack_exec_top:U_APP_U_STACK_EXEC|app_t_stack_top:U_STACK_DEVICE_7X16|rtl_doc_reg16:U_STACK4|q_r[3]                           ; yes                                                              ; yes                                        ;
; app_u_stack_exec_top:U_APP_U_STACK_EXEC|app_t_stack_top:U_STACK_DEVICE_7X16|rtl_doc_reg16:U_STACK0|q_r[3]                           ; yes                                                              ; yes                                        ;
; app_u_stack_exec_top:U_APP_U_STACK_EXEC|app_t_stack_top:U_STACK_DEVICE_7X16|rtl_doc_reg16:U_STACK5|q_r[3]                           ; yes                                                              ; yes                                        ;
; app_u_stack_exec_top:U_APP_U_STACK_EXEC|app_t_stack_top:U_STACK_DEVICE_7X16|rtl_doc_reg16:U_STACK3|q_r[3]                           ; yes                                                              ; yes                                        ;
; app_u_stack_exec_top:U_APP_U_STACK_EXEC|app_t_stack_top:U_STACK_DEVICE_7X16|rtl_doc_reg16:U_STACK2|q_r[3]                           ; yes                                                              ; yes                                        ;
; app_u_stack_exec_top:U_APP_U_STACK_EXEC|app_t_stack_top:U_STACK_DEVICE_7X16|rtl_doc_reg16:U_STACK6|q_r[3]                           ; yes                                                              ; yes                                        ;
; app_i_m_to_r_top:U_APP_I_M_TO_R|rtl_doc_reg16:U_READ_DATA_REG|q_r[4]                                                                ; yes                                                              ; yes                                        ;
; app_u_stack_exec_top:U_APP_U_STACK_EXEC|app_t_stack_top:U_STACK_DEVICE_7X16|rtl_doc_reg16:U_STACK3|q_r[4]                           ; yes                                                              ; yes                                        ;
; app_u_stack_exec_top:U_APP_U_STACK_EXEC|app_t_stack_top:U_STACK_DEVICE_7X16|rtl_doc_reg16:U_STACK4|q_r[4]                           ; yes                                                              ; yes                                        ;
; app_u_stack_exec_top:U_APP_U_STACK_EXEC|app_t_stack_top:U_STACK_DEVICE_7X16|rtl_doc_reg16:U_STACK1|q_r[4]                           ; yes                                                              ; yes                                        ;
; app_u_stack_exec_top:U_APP_U_STACK_EXEC|app_t_stack_top:U_STACK_DEVICE_7X16|rtl_doc_reg16:U_STACK0|q_r[4]                           ; yes                                                              ; yes                                        ;
; app_u_stack_exec_top:U_APP_U_STACK_EXEC|app_t_stack_top:U_STACK_DEVICE_7X16|rtl_doc_reg16:U_STACK5|q_r[4]                           ; yes                                                              ; yes                                        ;
; app_u_stack_exec_top:U_APP_U_STACK_EXEC|app_t_stack_top:U_STACK_DEVICE_7X16|rtl_doc_reg16:U_STACK2|q_r[4]                           ; yes                                                              ; yes                                        ;
; app_u_stack_exec_top:U_APP_U_STACK_EXEC|app_t_stack_top:U_STACK_DEVICE_7X16|rtl_doc_reg16:U_STACK6|q_r[4]                           ; yes                                                              ; yes                                        ;
; app_i_m_to_r_top:U_APP_I_M_TO_R|rtl_doc_reg16:U_READ_DATA_REG|q_r[5]                                                                ; yes                                                              ; yes                                        ;
; app_u_stack_exec_top:U_APP_U_STACK_EXEC|app_t_stack_top:U_STACK_DEVICE_7X16|rtl_doc_reg16:U_STACK1|q_r[5]                           ; yes                                                              ; yes                                        ;
; app_u_stack_exec_top:U_APP_U_STACK_EXEC|app_t_stack_top:U_STACK_DEVICE_7X16|rtl_doc_reg16:U_STACK4|q_r[5]                           ; yes                                                              ; yes                                        ;
; app_u_stack_exec_top:U_APP_U_STACK_EXEC|app_t_stack_top:U_STACK_DEVICE_7X16|rtl_doc_reg16:U_STACK0|q_r[5]                           ; yes                                                              ; yes                                        ;
; app_u_stack_exec_top:U_APP_U_STACK_EXEC|app_t_stack_top:U_STACK_DEVICE_7X16|rtl_doc_reg16:U_STACK5|q_r[5]                           ; yes                                                              ; yes                                        ;
; app_u_stack_exec_top:U_APP_U_STACK_EXEC|app_t_stack_top:U_STACK_DEVICE_7X16|rtl_doc_reg16:U_STACK3|q_r[5]                           ; yes                                                              ; yes                                        ;
; app_u_stack_exec_top:U_APP_U_STACK_EXEC|app_t_stack_top:U_STACK_DEVICE_7X16|rtl_doc_reg16:U_STACK2|q_r[5]                           ; yes                                                              ; yes                                        ;
; app_u_stack_exec_top:U_APP_U_STACK_EXEC|app_t_stack_top:U_STACK_DEVICE_7X16|rtl_doc_reg16:U_STACK6|q_r[5]                           ; yes                                                              ; yes                                        ;
; app_i_m_to_r_top:U_APP_I_M_TO_R|rtl_doc_reg16:U_READ_DATA_REG|q_r[6]                                                                ; yes                                                              ; yes                                        ;
; app_u_stack_exec_top:U_APP_U_STACK_EXEC|app_t_stack_top:U_STACK_DEVICE_7X16|rtl_doc_reg16:U_STACK3|q_r[6]                           ; yes                                                              ; yes                                        ;
; app_u_stack_exec_top:U_APP_U_STACK_EXEC|app_t_stack_top:U_STACK_DEVICE_7X16|rtl_doc_reg16:U_STACK4|q_r[6]                           ; yes                                                              ; yes                                        ;
; app_u_stack_exec_top:U_APP_U_STACK_EXEC|app_t_stack_top:U_STACK_DEVICE_7X16|rtl_doc_reg16:U_STACK1|q_r[6]                           ; yes                                                              ; yes                                        ;
; app_u_stack_exec_top:U_APP_U_STACK_EXEC|app_t_stack_top:U_STACK_DEVICE_7X16|rtl_doc_reg16:U_STACK0|q_r[6]                           ; yes                                                              ; yes                                        ;
; app_u_stack_exec_top:U_APP_U_STACK_EXEC|app_t_stack_top:U_STACK_DEVICE_7X16|rtl_doc_reg16:U_STACK5|q_r[6]                           ; yes                                                              ; yes                                        ;
; app_u_stack_exec_top:U_APP_U_STACK_EXEC|app_t_stack_top:U_STACK_DEVICE_7X16|rtl_doc_reg16:U_STACK2|q_r[6]                           ; yes                                                              ; yes                                        ;
; app_u_stack_exec_top:U_APP_U_STACK_EXEC|app_t_stack_top:U_STACK_DEVICE_7X16|rtl_doc_reg16:U_STACK6|q_r[6]                           ; yes                                                              ; yes                                        ;
; app_i_m_to_r_top:U_APP_I_M_TO_R|rtl_doc_reg16:U_READ_DATA_REG|q_r[7]                                                                ; yes                                                              ; yes                                        ;
; app_u_stack_exec_top:U_APP_U_STACK_EXEC|app_t_stack_top:U_STACK_DEVICE_7X16|rtl_doc_reg16:U_STACK1|q_r[7]                           ; yes                                                              ; yes                                        ;
; app_u_stack_exec_top:U_APP_U_STACK_EXEC|app_t_stack_top:U_STACK_DEVICE_7X16|rtl_doc_reg16:U_STACK4|q_r[7]                           ; yes                                                              ; yes                                        ;
; app_u_stack_exec_top:U_APP_U_STACK_EXEC|app_t_stack_top:U_STACK_DEVICE_7X16|rtl_doc_reg16:U_STACK0|q_r[7]                           ; yes                                                              ; yes                                        ;
; app_u_stack_exec_top:U_APP_U_STACK_EXEC|app_t_stack_top:U_STACK_DEVICE_7X16|rtl_doc_reg16:U_STACK5|q_r[7]                           ; yes                                                              ; yes                                        ;
; app_u_stack_exec_top:U_APP_U_STACK_EXEC|app_t_stack_top:U_STACK_DEVICE_7X16|rtl_doc_reg16:U_STACK3|q_r[7]                           ; yes                                                              ; yes                                        ;
; app_u_stack_exec_top:U_APP_U_STACK_EXEC|app_t_stack_top:U_STACK_DEVICE_7X16|rtl_doc_reg16:U_STACK2|q_r[7]                           ; yes                                                              ; yes                                        ;
; app_u_stack_exec_top:U_APP_U_STACK_EXEC|app_t_stack_top:U_STACK_DEVICE_7X16|rtl_doc_reg16:U_STACK6|q_r[7]                           ; yes                                                              ; yes                                        ;
; app_i_m_to_r_top:U_APP_I_M_TO_R|rtl_doc_reg16:U_READ_DATA_REG|q_r[8]                                                                ; yes                                                              ; yes                                        ;
; app_u_stack_exec_top:U_APP_U_STACK_EXEC|app_t_stack_top:U_STACK_DEVICE_7X16|rtl_doc_reg16:U_STACK3|q_r[8]                           ; yes                                                              ; yes                                        ;
; app_u_stack_exec_top:U_APP_U_STACK_EXEC|app_t_stack_top:U_STACK_DEVICE_7X16|rtl_doc_reg16:U_STACK4|q_r[8]                           ; yes                                                              ; yes                                        ;
; app_u_stack_exec_top:U_APP_U_STACK_EXEC|app_t_stack_top:U_STACK_DEVICE_7X16|rtl_doc_reg16:U_STACK1|q_r[8]                           ; yes                                                              ; yes                                        ;
; app_u_stack_exec_top:U_APP_U_STACK_EXEC|app_t_stack_top:U_STACK_DEVICE_7X16|rtl_doc_reg16:U_STACK0|q_r[8]                           ; yes                                                              ; yes                                        ;
; app_u_stack_exec_top:U_APP_U_STACK_EXEC|app_t_stack_top:U_STACK_DEVICE_7X16|rtl_doc_reg16:U_STACK5|q_r[8]                           ; yes                                                              ; yes                                        ;
; app_u_stack_exec_top:U_APP_U_STACK_EXEC|app_t_stack_top:U_STACK_DEVICE_7X16|rtl_doc_reg16:U_STACK2|q_r[8]                           ; yes                                                              ; yes                                        ;
; app_u_stack_exec_top:U_APP_U_STACK_EXEC|app_t_stack_top:U_STACK_DEVICE_7X16|rtl_doc_reg16:U_STACK6|q_r[8]                           ; yes                                                              ; yes                                        ;
; app_i_m_to_r_top:U_APP_I_M_TO_R|rtl_doc_reg16:U_READ_DATA_REG|q_r[9]                                                                ; yes                                                              ; yes                                        ;
; app_u_stack_exec_top:U_APP_U_STACK_EXEC|app_t_stack_top:U_STACK_DEVICE_7X16|rtl_doc_reg16:U_STACK1|q_r[9]                           ; yes                                                              ; yes                                        ;
; app_u_stack_exec_top:U_APP_U_STACK_EXEC|app_t_stack_top:U_STACK_DEVICE_7X16|rtl_doc_reg16:U_STACK4|q_r[9]                           ; yes                                                              ; yes                                        ;
; app_u_stack_exec_top:U_APP_U_STACK_EXEC|app_t_stack_top:U_STACK_DEVICE_7X16|rtl_doc_reg16:U_STACK0|q_r[9]                           ; yes                                                              ; yes                                        ;
; app_u_stack_exec_top:U_APP_U_STACK_EXEC|app_t_stack_top:U_STACK_DEVICE_7X16|rtl_doc_reg16:U_STACK5|q_r[9]                           ; yes                                                              ; yes                                        ;
; app_u_stack_exec_top:U_APP_U_STACK_EXEC|app_t_stack_top:U_STACK_DEVICE_7X16|rtl_doc_reg16:U_STACK3|q_r[9]                           ; yes                                                              ; yes                                        ;
; app_u_stack_exec_top:U_APP_U_STACK_EXEC|app_t_stack_top:U_STACK_DEVICE_7X16|rtl_doc_reg16:U_STACK2|q_r[9]                           ; yes                                                              ; yes                                        ;
; app_u_stack_exec_top:U_APP_U_STACK_EXEC|app_t_stack_top:U_STACK_DEVICE_7X16|rtl_doc_reg16:U_STACK6|q_r[9]                           ; yes                                                              ; yes                                        ;
; app_i_m_to_r_top:U_APP_I_M_TO_R|rtl_doc_reg16:U_READ_DATA_REG|q_r[10]                                                               ; yes                                                              ; yes                                        ;
; app_u_stack_exec_top:U_APP_U_STACK_EXEC|app_t_stack_top:U_STACK_DEVICE_7X16|rtl_doc_reg16:U_STACK3|q_r[10]                          ; yes                                                              ; yes                                        ;
; app_u_stack_exec_top:U_APP_U_STACK_EXEC|app_t_stack_top:U_STACK_DEVICE_7X16|rtl_doc_reg16:U_STACK4|q_r[10]                          ; yes                                                              ; yes                                        ;
; app_u_stack_exec_top:U_APP_U_STACK_EXEC|app_t_stack_top:U_STACK_DEVICE_7X16|rtl_doc_reg16:U_STACK1|q_r[10]                          ; yes                                                              ; yes                                        ;
; app_u_stack_exec_top:U_APP_U_STACK_EXEC|app_t_stack_top:U_STACK_DEVICE_7X16|rtl_doc_reg16:U_STACK0|q_r[10]                          ; yes                                                              ; yes                                        ;
; app_u_stack_exec_top:U_APP_U_STACK_EXEC|app_t_stack_top:U_STACK_DEVICE_7X16|rtl_doc_reg16:U_STACK5|q_r[10]                          ; yes                                                              ; yes                                        ;
; app_u_stack_exec_top:U_APP_U_STACK_EXEC|app_t_stack_top:U_STACK_DEVICE_7X16|rtl_doc_reg16:U_STACK2|q_r[10]                          ; yes                                                              ; yes                                        ;
; app_u_stack_exec_top:U_APP_U_STACK_EXEC|app_t_stack_top:U_STACK_DEVICE_7X16|rtl_doc_reg16:U_STACK6|q_r[10]                          ; yes                                                              ; yes                                        ;
; app_i_m_to_r_top:U_APP_I_M_TO_R|rtl_doc_reg16:U_READ_DATA_REG|q_r[11]                                                               ; yes                                                              ; yes                                        ;
; app_u_stack_exec_top:U_APP_U_STACK_EXEC|app_t_stack_top:U_STACK_DEVICE_7X16|rtl_doc_reg16:U_STACK1|q_r[11]                          ; yes                                                              ; yes                                        ;
; app_u_stack_exec_top:U_APP_U_STACK_EXEC|app_t_stack_top:U_STACK_DEVICE_7X16|rtl_doc_reg16:U_STACK4|q_r[11]                          ; yes                                                              ; yes                                        ;
; app_u_stack_exec_top:U_APP_U_STACK_EXEC|app_t_stack_top:U_STACK_DEVICE_7X16|rtl_doc_reg16:U_STACK0|q_r[11]                          ; yes                                                              ; yes                                        ;
; app_u_stack_exec_top:U_APP_U_STACK_EXEC|app_t_stack_top:U_STACK_DEVICE_7X16|rtl_doc_reg16:U_STACK5|q_r[11]                          ; yes                                                              ; yes                                        ;
; app_u_stack_exec_top:U_APP_U_STACK_EXEC|app_t_stack_top:U_STACK_DEVICE_7X16|rtl_doc_reg16:U_STACK3|q_r[11]                          ; yes                                                              ; yes                                        ;
; app_u_stack_exec_top:U_APP_U_STACK_EXEC|app_t_stack_top:U_STACK_DEVICE_7X16|rtl_doc_reg16:U_STACK2|q_r[11]                          ; yes                                                              ; yes                                        ;
; app_u_stack_exec_top:U_APP_U_STACK_EXEC|app_t_stack_top:U_STACK_DEVICE_7X16|rtl_doc_reg16:U_STACK6|q_r[11]                          ; yes                                                              ; yes                                        ;
; app_i_m_to_r_top:U_APP_I_M_TO_R|rtl_doc_reg16:U_READ_DATA_REG|q_r[12]                                                               ; yes                                                              ; yes                                        ;
; app_u_stack_exec_top:U_APP_U_STACK_EXEC|app_t_stack_top:U_STACK_DEVICE_7X16|rtl_doc_reg16:U_STACK3|q_r[12]                          ; yes                                                              ; yes                                        ;
; app_u_stack_exec_top:U_APP_U_STACK_EXEC|app_t_stack_top:U_STACK_DEVICE_7X16|rtl_doc_reg16:U_STACK4|q_r[12]                          ; yes                                                              ; yes                                        ;
; app_u_stack_exec_top:U_APP_U_STACK_EXEC|app_t_stack_top:U_STACK_DEVICE_7X16|rtl_doc_reg16:U_STACK1|q_r[12]                          ; yes                                                              ; yes                                        ;
; app_u_stack_exec_top:U_APP_U_STACK_EXEC|app_t_stack_top:U_STACK_DEVICE_7X16|rtl_doc_reg16:U_STACK0|q_r[12]                          ; yes                                                              ; yes                                        ;
; app_u_stack_exec_top:U_APP_U_STACK_EXEC|app_t_stack_top:U_STACK_DEVICE_7X16|rtl_doc_reg16:U_STACK5|q_r[12]                          ; yes                                                              ; yes                                        ;
; app_u_stack_exec_top:U_APP_U_STACK_EXEC|app_t_stack_top:U_STACK_DEVICE_7X16|rtl_doc_reg16:U_STACK2|q_r[12]                          ; yes                                                              ; yes                                        ;
; app_u_stack_exec_top:U_APP_U_STACK_EXEC|app_t_stack_top:U_STACK_DEVICE_7X16|rtl_doc_reg16:U_STACK6|q_r[12]                          ; yes                                                              ; yes                                        ;
; app_i_m_to_r_top:U_APP_I_M_TO_R|rtl_doc_reg16:U_READ_DATA_REG|q_r[13]                                                               ; yes                                                              ; yes                                        ;
; app_u_stack_exec_top:U_APP_U_STACK_EXEC|app_t_stack_top:U_STACK_DEVICE_7X16|rtl_doc_reg16:U_STACK1|q_r[13]                          ; yes                                                              ; yes                                        ;
; app_u_stack_exec_top:U_APP_U_STACK_EXEC|app_t_stack_top:U_STACK_DEVICE_7X16|rtl_doc_reg16:U_STACK4|q_r[13]                          ; yes                                                              ; yes                                        ;
; app_u_stack_exec_top:U_APP_U_STACK_EXEC|app_t_stack_top:U_STACK_DEVICE_7X16|rtl_doc_reg16:U_STACK0|q_r[13]                          ; yes                                                              ; yes                                        ;
; app_u_stack_exec_top:U_APP_U_STACK_EXEC|app_t_stack_top:U_STACK_DEVICE_7X16|rtl_doc_reg16:U_STACK5|q_r[13]                          ; yes                                                              ; yes                                        ;
; app_u_stack_exec_top:U_APP_U_STACK_EXEC|app_t_stack_top:U_STACK_DEVICE_7X16|rtl_doc_reg16:U_STACK3|q_r[13]                          ; yes                                                              ; yes                                        ;
; app_u_stack_exec_top:U_APP_U_STACK_EXEC|app_t_stack_top:U_STACK_DEVICE_7X16|rtl_doc_reg16:U_STACK2|q_r[13]                          ; yes                                                              ; yes                                        ;
; app_u_stack_exec_top:U_APP_U_STACK_EXEC|app_t_stack_top:U_STACK_DEVICE_7X16|rtl_doc_reg16:U_STACK6|q_r[13]                          ; yes                                                              ; yes                                        ;
; app_i_m_to_r_top:U_APP_I_M_TO_R|rtl_doc_reg16:U_READ_DATA_REG|q_r[14]                                                               ; yes                                                              ; yes                                        ;
; app_u_stack_exec_top:U_APP_U_STACK_EXEC|app_t_stack_top:U_STACK_DEVICE_7X16|rtl_doc_reg16:U_STACK3|q_r[14]                          ; yes                                                              ; yes                                        ;
; app_u_stack_exec_top:U_APP_U_STACK_EXEC|app_t_stack_top:U_STACK_DEVICE_7X16|rtl_doc_reg16:U_STACK4|q_r[14]                          ; yes                                                              ; yes                                        ;
; app_u_stack_exec_top:U_APP_U_STACK_EXEC|app_t_stack_top:U_STACK_DEVICE_7X16|rtl_doc_reg16:U_STACK1|q_r[14]                          ; yes                                                              ; yes                                        ;
; app_u_stack_exec_top:U_APP_U_STACK_EXEC|app_t_stack_top:U_STACK_DEVICE_7X16|rtl_doc_reg16:U_STACK0|q_r[14]                          ; yes                                                              ; yes                                        ;
; app_u_stack_exec_top:U_APP_U_STACK_EXEC|app_t_stack_top:U_STACK_DEVICE_7X16|rtl_doc_reg16:U_STACK5|q_r[14]                          ; yes                                                              ; yes                                        ;
; app_u_stack_exec_top:U_APP_U_STACK_EXEC|app_t_stack_top:U_STACK_DEVICE_7X16|rtl_doc_reg16:U_STACK2|q_r[14]                          ; yes                                                              ; yes                                        ;
; app_u_stack_exec_top:U_APP_U_STACK_EXEC|app_t_stack_top:U_STACK_DEVICE_7X16|rtl_doc_reg16:U_STACK6|q_r[14]                          ; yes                                                              ; yes                                        ;
; app_i_m_to_r_top:U_APP_I_M_TO_R|rtl_doc_reg16:U_READ_DATA_REG|q_r[15]                                                               ; yes                                                              ; yes                                        ;
; app_u_stack_exec_top:U_APP_U_STACK_EXEC|app_t_stack_top:U_STACK_DEVICE_7X16|rtl_doc_reg16:U_STACK1|q_r[15]                          ; yes                                                              ; yes                                        ;
; app_u_stack_exec_top:U_APP_U_STACK_EXEC|app_t_stack_top:U_STACK_DEVICE_7X16|rtl_doc_reg16:U_STACK4|q_r[15]                          ; yes                                                              ; yes                                        ;
; app_u_stack_exec_top:U_APP_U_STACK_EXEC|app_t_stack_top:U_STACK_DEVICE_7X16|rtl_doc_reg16:U_STACK0|q_r[15]                          ; yes                                                              ; yes                                        ;
; app_u_stack_exec_top:U_APP_U_STACK_EXEC|app_t_stack_top:U_STACK_DEVICE_7X16|rtl_doc_reg16:U_STACK5|q_r[15]                          ; yes                                                              ; yes                                        ;
; app_u_stack_exec_top:U_APP_U_STACK_EXEC|app_t_stack_top:U_STACK_DEVICE_7X16|rtl_doc_reg16:U_STACK3|q_r[15]                          ; yes                                                              ; yes                                        ;
; app_u_stack_exec_top:U_APP_U_STACK_EXEC|app_t_stack_top:U_STACK_DEVICE_7X16|rtl_doc_reg16:U_STACK2|q_r[15]                          ; yes                                                              ; yes                                        ;
; app_u_stack_exec_top:U_APP_U_STACK_EXEC|app_t_stack_top:U_STACK_DEVICE_7X16|rtl_doc_reg16:U_STACK6|q_r[15]                          ; yes                                                              ; yes                                        ;
+-------------------------------------------------------------------------------------------------------------------------------------+------------------------------------------------------------------+--------------------------------------------+


+----------------------------------------------------------------------------------------------------------------------------------------------------+
; Registers Removed During Synthesis                                                                                                                 ;
+-------------------------------------------------------------------------------------------------------------------------------+--------------------+
; Register name                                                                                                                 ; Reason for Removal ;
+-------------------------------------------------------------------------------------------------------------------------------+--------------------+
; app_sh_microevm_top:U_APP_SH_MICRO_EVM|app_v_control_top:U_CPU_CORE_CU_RON_ALU_STACK|rtl_doc_reg8:U_OPCODE_REGISTER|q_r[0..7] ; Lost fanout        ;
; app_g_special_registers_top:U_APP_G_SPECIAL_REGISTERS|rtl_doc_reg3:U_STACK_PTR|q_r[0]                                         ; Lost fanout        ;
; app_g_special_registers_top:U_APP_G_SPECIAL_REGISTERS|rtl_doc_reg2:U_BP_GHR_REG|q_r[0]                                        ; Lost fanout        ;
; app_g_special_registers_top:U_APP_G_SPECIAL_REGISTERS|rtl_doc_reg4:U_STATE_REG|q_r[0]                                         ; Lost fanout        ;
; Total Number of Removed Registers = 11                                                                                        ;                    ;
+-------------------------------------------------------------------------------------------------------------------------------+--------------------+


+------------------------------------------------------+
; General Register Statistics                          ;
+----------------------------------------------+-------+
; Statistic                                    ; Value ;
+----------------------------------------------+-------+
; Total registers                              ; 7246  ;
; Number of registers using Synchronous Clear  ; 291   ;
; Number of registers using Synchronous Load   ; 50    ;
; Number of registers using Asynchronous Clear ; 0     ;
; Number of registers using Asynchronous Load  ; 0     ;
; Number of registers using Clock Enable       ; 7010  ;
; Number of registers using Preset             ; 0     ;
+----------------------------------------------+-------+


+--------------------------------------------------------------------------------------------------------------------------------+
; Inverted Register Statistics                                                                                                   ;
+----------------------------------------------------------------------------------------------------------------------+---------+
; Inverted Register                                                                                                    ; Fan out ;
+----------------------------------------------------------------------------------------------------------------------+---------+
; app_t_stack_top:U_APP_T_STACK|rtl_doc_reg3:U_SP_UP_DOWN_COUNTER|q_r[0]                                               ; 33      ;
; app_t_stack_top:U_APP_T_STACK|rtl_doc_reg3:U_SP_UP_DOWN_COUNTER|q_r[2]                                               ; 33      ;
; app_t_stack_top:U_APP_T_STACK|rtl_doc_reg3:U_SP_UP_DOWN_COUNTER|q_r[1]                                               ; 9       ;
; app_u_stack_exec_top:U_APP_U_STACK_EXEC|app_t_stack_top:U_STACK_DEVICE_7X16|rtl_doc_reg3:U_SP_UP_DOWN_COUNTER|q_r[0] ; 33      ;
; app_u_stack_exec_top:U_APP_U_STACK_EXEC|app_t_stack_top:U_STACK_DEVICE_7X16|rtl_doc_reg3:U_SP_UP_DOWN_COUNTER|q_r[2] ; 31      ;
; app_u_stack_exec_top:U_APP_U_STACK_EXEC|app_t_stack_top:U_STACK_DEVICE_7X16|rtl_doc_reg3:U_SP_UP_DOWN_COUNTER|q_r[1] ; 10      ;
; Total number of inverted registers = 6                                                                               ;         ;
+----------------------------------------------------------------------------------------------------------------------+---------+


+------------------------------------------------------------------------------------------------------------------------------------------------------------------------------------------------------------------------------------------------------------------------------------------------------------------------+
; Multiplexer Restructuring Statistics (Restructuring Performed)                                                                                                                                                                                                                                                         ;
+--------------------+-----------+---------------+----------------------+------------------------+------------+----------------------------------------------------------------------------------------------------------------------------------------------------------------------------------------------------------+
; Multiplexer Inputs ; Bus Width ; Baseline Area ; Area if Restructured ; Saving if Restructured ; Registered ; Example Multiplexer Output                                                                                                                                                                               ;
+--------------------+-----------+---------------+----------------------+------------------------+------------+----------------------------------------------------------------------------------------------------------------------------------------------------------------------------------------------------------+
; 3:1                ; 16 bits   ; 32 LEs        ; 16 LEs               ; 16 LEs                 ; Yes        ; |rtl_appendix_all_top|app_i_m_to_r_top:U_APP_I_M_TO_R|rtl_doc_reg16:U_RF_WRITEBACK_REG|q_r[14]                                                                                                           ;
; 3:1                ; 16 bits   ; 32 LEs        ; 16 LEs               ; 16 LEs                 ; Yes        ; |rtl_appendix_all_top|app_e_common_ops_top:U_APP_E_COMMON_OPERATIONS|rtl_doc_reg16:U_CACHE_READ_WRITE_BUF|q_r[12]                                                                                        ;
; 3:1                ; 132 bits  ; 264 LEs       ; 132 LEs              ; 132 LEs                ; Yes        ; |rtl_appendix_all_top|app_v_control_top:U_APP_V_CONTROL_UNIT|rtl_doc_reg8:U_OPCODE_REGISTER|q_r[6]                                                                                                       ;
; 3:1                ; 16 bits   ; 32 LEs        ; 16 LEs               ; 16 LEs                 ; Yes        ; |rtl_appendix_all_top|app_d_reg_file_top:U_APP_D_RON|rtl_doc_reg16:U_RON0|q_r[5]                                                                                                                         ;
; 3:1                ; 16 bits   ; 32 LEs        ; 16 LEs               ; 16 LEs                 ; Yes        ; |rtl_appendix_all_top|app_d_reg_file_top:U_APP_D_RON|rtl_doc_reg16:U_RON1|q_r[5]                                                                                                                         ;
; 3:1                ; 16 bits   ; 32 LEs        ; 16 LEs               ; 16 LEs                 ; Yes        ; |rtl_appendix_all_top|app_d_reg_file_top:U_APP_D_RON|rtl_doc_reg16:U_RON2|q_r[5]                                                                                                                         ;
; 3:1                ; 16 bits   ; 32 LEs        ; 16 LEs               ; 16 LEs                 ; Yes        ; |rtl_appendix_all_top|app_d_reg_file_top:U_APP_D_RON|rtl_doc_reg16:U_RON3|q_r[5]                                                                                                                         ;
; 3:1                ; 16 bits   ; 32 LEs        ; 16 LEs               ; 16 LEs                 ; Yes        ; |rtl_appendix_all_top|app_d_reg_file_top:U_APP_D_RON|rtl_doc_reg16:U_RON4|q_r[5]                                                                                                                         ;
; 3:1                ; 16 bits   ; 32 LEs        ; 16 LEs               ; 16 LEs                 ; Yes        ; |rtl_appendix_all_top|app_d_reg_file_top:U_APP_D_RON|rtl_doc_reg16:U_RON5|q_r[5]                                                                                                                         ;
; 3:1                ; 16 bits   ; 32 LEs        ; 16 LEs               ; 16 LEs                 ; Yes        ; |rtl_appendix_all_top|app_d_reg_file_top:U_APP_D_RON|rtl_doc_reg16:U_RON6|q_r[6]                                                                                                                         ;
; 3:1                ; 16 bits   ; 32 LEs        ; 16 LEs               ; 16 LEs                 ; Yes        ; |rtl_appendix_all_top|app_d_reg_file_top:U_APP_D_RON|rtl_doc_reg16:U_RON7|q_r[13]                                                                                                                        ;
; 3:1                ; 16 bits   ; 32 LEs        ; 16 LEs               ; 16 LEs                 ; Yes        ; |rtl_appendix_all_top|app_d_reg_file_top:U_APP_D_RON|rtl_doc_reg16:U_RON8|q_r[6]                                                                                                                         ;
; 3:1                ; 16 bits   ; 32 LEs        ; 16 LEs               ; 16 LEs                 ; Yes        ; |rtl_appendix_all_top|app_d_reg_file_top:U_APP_D_RON|rtl_doc_reg16:U_RON9|q_r[4]                                                                                                                         ;
; 3:1                ; 16 bits   ; 32 LEs        ; 16 LEs               ; 16 LEs                 ; Yes        ; |rtl_appendix_all_top|app_d_reg_file_top:U_APP_D_RON|rtl_doc_reg16:U_RON10|q_r[7]                                                                                                                        ;
; 3:1                ; 16 bits   ; 32 LEs        ; 16 LEs               ; 16 LEs                 ; Yes        ; |rtl_appendix_all_top|app_d_reg_file_top:U_APP_D_RON|rtl_doc_reg16:U_RON11|q_r[9]                                                                                                                        ;
; 3:1                ; 16 bits   ; 32 LEs        ; 16 LEs               ; 16 LEs                 ; Yes        ; |rtl_appendix_all_top|app_e_common_ops_top:U_APP_E_COMMON_OPERATIONS|rtl_doc_reg16:U_STACK_PUSH_POP_BUF|q_r[1]                                                                                           ;
; 3:1                ; 16 bits   ; 32 LEs        ; 16 LEs               ; 16 LEs                 ; Yes        ; |rtl_appendix_all_top|app_t_stack_top:U_APP_T_STACK|rtl_doc_reg16:U_STACK0|q_r[1]                                                                                                                        ;
; 3:1                ; 16 bits   ; 32 LEs        ; 16 LEs               ; 16 LEs                 ; Yes        ; |rtl_appendix_all_top|app_t_stack_top:U_APP_T_STACK|rtl_doc_reg16:U_STACK1|q_r[0]                                                                                                                        ;
; 3:1                ; 16 bits   ; 32 LEs        ; 16 LEs               ; 16 LEs                 ; Yes        ; |rtl_appendix_all_top|app_t_stack_top:U_APP_T_STACK|rtl_doc_reg16:U_STACK2|q_r[6]                                                                                                                        ;
; 3:1                ; 16 bits   ; 32 LEs        ; 16 LEs               ; 16 LEs                 ; Yes        ; |rtl_appendix_all_top|app_t_stack_top:U_APP_T_STACK|rtl_doc_reg16:U_STACK3|q_r[5]                                                                                                                        ;
; 3:1                ; 16 bits   ; 32 LEs        ; 16 LEs               ; 16 LEs                 ; Yes        ; |rtl_appendix_all_top|app_t_stack_top:U_APP_T_STACK|rtl_doc_reg16:U_STACK4|q_r[5]                                                                                                                        ;
; 3:1                ; 16 bits   ; 32 LEs        ; 16 LEs               ; 16 LEs                 ; Yes        ; |rtl_appendix_all_top|app_t_stack_top:U_APP_T_STACK|rtl_doc_reg16:U_STACK5|q_r[5]                                                                                                                        ;
; 3:1                ; 16 bits   ; 32 LEs        ; 16 LEs               ; 16 LEs                 ; Yes        ; |rtl_appendix_all_top|app_t_stack_top:U_APP_T_STACK|rtl_doc_reg16:U_STACK6|q_r[12]                                                                                                                       ;
; 3:1                ; 16 bits   ; 32 LEs        ; 16 LEs               ; 16 LEs                 ; Yes        ; |rtl_appendix_all_top|app_u_stack_exec_top:U_APP_U_STACK_EXEC|app_t_stack_top:U_STACK_DEVICE_7X16|rtl_doc_reg16:U_STACK0|q_r[9]                                                                          ;
; 3:1                ; 16 bits   ; 32 LEs        ; 16 LEs               ; 16 LEs                 ; Yes        ; |rtl_appendix_all_top|app_u_stack_exec_top:U_APP_U_STACK_EXEC|app_t_stack_top:U_STACK_DEVICE_7X16|rtl_doc_reg16:U_STACK1|q_r[6]                                                                          ;
; 3:1                ; 16 bits   ; 32 LEs        ; 16 LEs               ; 16 LEs                 ; Yes        ; |rtl_appendix_all_top|app_u_stack_exec_top:U_APP_U_STACK_EXEC|app_t_stack_top:U_STACK_DEVICE_7X16|rtl_doc_reg16:U_STACK2|q_r[11]                                                                         ;
; 3:1                ; 16 bits   ; 32 LEs        ; 16 LEs               ; 16 LEs                 ; Yes        ; |rtl_appendix_all_top|app_u_stack_exec_top:U_APP_U_STACK_EXEC|app_t_stack_top:U_STACK_DEVICE_7X16|rtl_doc_reg16:U_STACK3|q_r[13]                                                                         ;
; 3:1                ; 16 bits   ; 32 LEs        ; 16 LEs               ; 16 LEs                 ; Yes        ; |rtl_appendix_all_top|app_u_stack_exec_top:U_APP_U_STACK_EXEC|app_t_stack_top:U_STACK_DEVICE_7X16|rtl_doc_reg16:U_STACK4|q_r[11]                                                                         ;
; 3:1                ; 16 bits   ; 32 LEs        ; 16 LEs               ; 16 LEs                 ; Yes        ; |rtl_appendix_all_top|app_u_stack_exec_top:U_APP_U_STACK_EXEC|app_t_stack_top:U_STACK_DEVICE_7X16|rtl_doc_reg16:U_STACK5|q_r[1]                                                                          ;
; 3:1                ; 16 bits   ; 32 LEs        ; 16 LEs               ; 16 LEs                 ; Yes        ; |rtl_appendix_all_top|app_u_stack_exec_top:U_APP_U_STACK_EXEC|app_t_stack_top:U_STACK_DEVICE_7X16|rtl_doc_reg16:U_STACK6|q_r[12]                                                                         ;
; 4:1                ; 32 bits   ; 64 LEs        ; 64 LEs               ; 0 LEs                  ; Yes        ; |rtl_appendix_all_top|app_g_special_registers_top:U_APP_G_SPECIAL_REGISTERS|rtl_doc_reg16:U_PC_REGISTER|q_r[7]                                                                                           ;
; 4:1                ; 16 bits   ; 32 LEs        ; 32 LEs               ; 0 LEs                  ; Yes        ; |rtl_appendix_all_top|app_e_common_ops_top:U_APP_E_COMMON_OPERATIONS|rtl_doc_reg16:U_PC_REGISTER|q_r[2]                                                                                                  ;
; 4:1                ; 2 bits    ; 4 LEs         ; 2 LEs                ; 2 LEs                  ; Yes        ; |rtl_appendix_all_top|app_b_memory_top:U_APP_B_MEMORY|rtl_doc_dma3word:U_DMA_3_WORDS_AT_0A|idx_r[1]                                                                                                      ;
; 4:1                ; 2 bits    ; 4 LEs         ; 2 LEs                ; 2 LEs                  ; Yes        ; |rtl_appendix_all_top|app_sh_microevm_top:U_APP_SH_MICRO_EVM|rtl_doc_dma3word:U_DMA_CONTROLLER_3_WORD|idx_r[0]                                                                                           ;
; 10:1               ; 16 bits   ; 96 LEs        ; 80 LEs               ; 16 LEs                 ; Yes        ; |rtl_appendix_all_top|app_u_stack_exec_top:U_APP_U_STACK_EXEC|rtl_doc_reg16:U_POP_WRITEBACK_REGISTER|q_r[14]                                                                                             ;
; 6:1                ; 2 bits    ; 8 LEs         ; 2 LEs                ; 6 LEs                  ; Yes        ; |rtl_appendix_all_top|app_ts_cache_flags_top:U_APP_TS_CACHE_FLAGS|cache_age_way_doc:U_AGE_WAY3|mem_r[15][1]                                                                                              ;
; 6:1                ; 2 bits    ; 8 LEs         ; 2 LEs                ; 6 LEs                  ; Yes        ; |rtl_appendix_all_top|app_ts_cache_flags_top:U_APP_TS_CACHE_FLAGS|cache_age_way_doc:U_AGE_WAY2|mem_r[15][0]                                                                                              ;
; 6:1                ; 2 bits    ; 8 LEs         ; 2 LEs                ; 6 LEs                  ; Yes        ; |rtl_appendix_all_top|app_ts_cache_flags_top:U_APP_TS_CACHE_FLAGS|cache_age_way_doc:U_AGE_WAY1|mem_r[15][1]                                                                                              ;
; 6:1                ; 2 bits    ; 8 LEs         ; 2 LEs                ; 6 LEs                  ; Yes        ; |rtl_appendix_all_top|app_ts_cache_flags_top:U_APP_TS_CACHE_FLAGS|cache_age_way_doc:U_AGE_WAY0|mem_r[15][1]                                                                                              ;
; 6:1                ; 2 bits    ; 8 LEs         ; 2 LEs                ; 6 LEs                  ; Yes        ; |rtl_appendix_all_top|app_f_cache_top:U_APP_F_CACHE|cache_4way_structural_doc:U_CACHE_4WAY_STRUCTURAL_DOC|cache_age_way_doc:U_AGE_WAY0|mem_r[15][1]                                                      ;
; 6:1                ; 2 bits    ; 8 LEs         ; 2 LEs                ; 6 LEs                  ; Yes        ; |rtl_appendix_all_top|app_f_cache_top:U_APP_F_CACHE|cache_4way_structural_doc:U_CACHE_4WAY_STRUCTURAL_DOC|cache_age_way_doc:U_AGE_WAY3|mem_r[15][1]                                                      ;
; 6:1                ; 2 bits    ; 8 LEs         ; 2 LEs                ; 6 LEs                  ; Yes        ; |rtl_appendix_all_top|app_f_cache_top:U_APP_F_CACHE|cache_4way_structural_doc:U_CACHE_4WAY_STRUCTURAL_DOC|cache_age_way_doc:U_AGE_WAY1|mem_r[15][0]                                                      ;
; 6:1                ; 2 bits    ; 8 LEs         ; 2 LEs                ; 6 LEs                  ; Yes        ; |rtl_appendix_all_top|app_f_cache_top:U_APP_F_CACHE|cache_4way_structural_doc:U_CACHE_4WAY_STRUCTURAL_DOC|cache_age_way_doc:U_AGE_WAY2|mem_r[15][1]                                                      ;
; 6:1                ; 2 bits    ; 8 LEs         ; 2 LEs                ; 6 LEs                  ; Yes        ; |rtl_appendix_all_top|app_sh_microevm_top:U_APP_SH_MICRO_EVM|app_f_cache_top:U_DATA_CACHE_4WAY|cache_4way_structural_doc:U_CACHE_4WAY_STRUCTURAL_DOC|cache_age_way_doc:U_AGE_WAY0|mem_r[15][0]           ;
; 6:1                ; 2 bits    ; 8 LEs         ; 2 LEs                ; 6 LEs                  ; Yes        ; |rtl_appendix_all_top|app_sh_microevm_top:U_APP_SH_MICRO_EVM|app_f_cache_top:U_DATA_CACHE_4WAY|cache_4way_structural_doc:U_CACHE_4WAY_STRUCTURAL_DOC|cache_age_way_doc:U_AGE_WAY3|mem_r[15][1]           ;
; 6:1                ; 2 bits    ; 8 LEs         ; 2 LEs                ; 6 LEs                  ; Yes        ; |rtl_appendix_all_top|app_sh_microevm_top:U_APP_SH_MICRO_EVM|app_f_cache_top:U_DATA_CACHE_4WAY|cache_4way_structural_doc:U_CACHE_4WAY_STRUCTURAL_DOC|cache_age_way_doc:U_AGE_WAY1|mem_r[15][0]           ;
; 6:1                ; 2 bits    ; 8 LEs         ; 2 LEs                ; 6 LEs                  ; Yes        ; |rtl_appendix_all_top|app_sh_microevm_top:U_APP_SH_MICRO_EVM|app_f_cache_top:U_DATA_CACHE_4WAY|cache_4way_structural_doc:U_CACHE_4WAY_STRUCTURAL_DOC|cache_age_way_doc:U_AGE_WAY2|mem_r[15][1]           ;
; 6:1                ; 2 bits    ; 8 LEs         ; 2 LEs                ; 6 LEs                  ; Yes        ; |rtl_appendix_all_top|app_ts_cache_flags_top:U_APP_TS_CACHE_FLAGS|cache_age_way_doc:U_AGE_WAY3|mem_r[14][1]                                                                                              ;
; 6:1                ; 2 bits    ; 8 LEs         ; 2 LEs                ; 6 LEs                  ; Yes        ; |rtl_appendix_all_top|app_ts_cache_flags_top:U_APP_TS_CACHE_FLAGS|cache_age_way_doc:U_AGE_WAY2|mem_r[14][0]                                                                                              ;
; 6:1                ; 2 bits    ; 8 LEs         ; 2 LEs                ; 6 LEs                  ; Yes        ; |rtl_appendix_all_top|app_ts_cache_flags_top:U_APP_TS_CACHE_FLAGS|cache_age_way_doc:U_AGE_WAY1|mem_r[14][0]                                                                                              ;
; 6:1                ; 2 bits    ; 8 LEs         ; 2 LEs                ; 6 LEs                  ; Yes        ; |rtl_appendix_all_top|app_ts_cache_flags_top:U_APP_TS_CACHE_FLAGS|cache_age_way_doc:U_AGE_WAY0|mem_r[14][1]                                                                                              ;
; 6:1                ; 2 bits    ; 8 LEs         ; 2 LEs                ; 6 LEs                  ; Yes        ; |rtl_appendix_all_top|app_f_cache_top:U_APP_F_CACHE|cache_4way_structural_doc:U_CACHE_4WAY_STRUCTURAL_DOC|cache_age_way_doc:U_AGE_WAY0|mem_r[14][0]                                                      ;
; 6:1                ; 2 bits    ; 8 LEs         ; 2 LEs                ; 6 LEs                  ; Yes        ; |rtl_appendix_all_top|app_f_cache_top:U_APP_F_CACHE|cache_4way_structural_doc:U_CACHE_4WAY_STRUCTURAL_DOC|cache_age_way_doc:U_AGE_WAY3|mem_r[14][0]                                                      ;
; 6:1                ; 2 bits    ; 8 LEs         ; 2 LEs                ; 6 LEs                  ; Yes        ; |rtl_appendix_all_top|app_f_cache_top:U_APP_F_CACHE|cache_4way_structural_doc:U_CACHE_4WAY_STRUCTURAL_DOC|cache_age_way_doc:U_AGE_WAY1|mem_r[14][1]                                                      ;
; 6:1                ; 2 bits    ; 8 LEs         ; 2 LEs                ; 6 LEs                  ; Yes        ; |rtl_appendix_all_top|app_f_cache_top:U_APP_F_CACHE|cache_4way_structural_doc:U_CACHE_4WAY_STRUCTURAL_DOC|cache_age_way_doc:U_AGE_WAY2|mem_r[14][0]                                                      ;
; 6:1                ; 2 bits    ; 8 LEs         ; 2 LEs                ; 6 LEs                  ; Yes        ; |rtl_appendix_all_top|app_sh_microevm_top:U_APP_SH_MICRO_EVM|app_f_cache_top:U_DATA_CACHE_4WAY|cache_4way_structural_doc:U_CACHE_4WAY_STRUCTURAL_DOC|cache_age_way_doc:U_AGE_WAY0|mem_r[14][1]           ;
; 6:1                ; 2 bits    ; 8 LEs         ; 2 LEs                ; 6 LEs                  ; Yes        ; |rtl_appendix_all_top|app_sh_microevm_top:U_APP_SH_MICRO_EVM|app_f_cache_top:U_DATA_CACHE_4WAY|cache_4way_structural_doc:U_CACHE_4WAY_STRUCTURAL_DOC|cache_age_way_doc:U_AGE_WAY3|mem_r[14][0]           ;
; 6:1                ; 2 bits    ; 8 LEs         ; 2 LEs                ; 6 LEs                  ; Yes        ; |rtl_appendix_all_top|app_sh_microevm_top:U_APP_SH_MICRO_EVM|app_f_cache_top:U_DATA_CACHE_4WAY|cache_4way_structural_doc:U_CACHE_4WAY_STRUCTURAL_DOC|cache_age_way_doc:U_AGE_WAY1|mem_r[14][1]           ;
; 6:1                ; 2 bits    ; 8 LEs         ; 2 LEs                ; 6 LEs                  ; Yes        ; |rtl_appendix_all_top|app_sh_microevm_top:U_APP_SH_MICRO_EVM|app_f_cache_top:U_DATA_CACHE_4WAY|cache_4way_structural_doc:U_CACHE_4WAY_STRUCTURAL_DOC|cache_age_way_doc:U_AGE_WAY2|mem_r[14][1]           ;
; 6:1                ; 2 bits    ; 8 LEs         ; 2 LEs                ; 6 LEs                  ; Yes        ; |rtl_appendix_all_top|app_ts_cache_flags_top:U_APP_TS_CACHE_FLAGS|cache_age_way_doc:U_AGE_WAY3|mem_r[13][1]                                                                                              ;
; 6:1                ; 2 bits    ; 8 LEs         ; 2 LEs                ; 6 LEs                  ; Yes        ; |rtl_appendix_all_top|app_ts_cache_flags_top:U_APP_TS_CACHE_FLAGS|cache_age_way_doc:U_AGE_WAY2|mem_r[13][0]                                                                                              ;
; 6:1                ; 2 bits    ; 8 LEs         ; 2 LEs                ; 6 LEs                  ; Yes        ; |rtl_appendix_all_top|app_ts_cache_flags_top:U_APP_TS_CACHE_FLAGS|cache_age_way_doc:U_AGE_WAY1|mem_r[13][1]                                                                                              ;
; 6:1                ; 2 bits    ; 8 LEs         ; 2 LEs                ; 6 LEs                  ; Yes        ; |rtl_appendix_all_top|app_ts_cache_flags_top:U_APP_TS_CACHE_FLAGS|cache_age_way_doc:U_AGE_WAY0|mem_r[13][1]                                                                                              ;
; 6:1                ; 2 bits    ; 8 LEs         ; 2 LEs                ; 6 LEs                  ; Yes        ; |rtl_appendix_all_top|app_f_cache_top:U_APP_F_CACHE|cache_4way_structural_doc:U_CACHE_4WAY_STRUCTURAL_DOC|cache_age_way_doc:U_AGE_WAY0|mem_r[13][0]                                                      ;
; 6:1                ; 2 bits    ; 8 LEs         ; 2 LEs                ; 6 LEs                  ; Yes        ; |rtl_appendix_all_top|app_f_cache_top:U_APP_F_CACHE|cache_4way_structural_doc:U_CACHE_4WAY_STRUCTURAL_DOC|cache_age_way_doc:U_AGE_WAY3|mem_r[13][1]                                                      ;
; 6:1                ; 2 bits    ; 8 LEs         ; 2 LEs                ; 6 LEs                  ; Yes        ; |rtl_appendix_all_top|app_f_cache_top:U_APP_F_CACHE|cache_4way_structural_doc:U_CACHE_4WAY_STRUCTURAL_DOC|cache_age_way_doc:U_AGE_WAY1|mem_r[13][0]                                                      ;
; 6:1                ; 2 bits    ; 8 LEs         ; 2 LEs                ; 6 LEs                  ; Yes        ; |rtl_appendix_all_top|app_f_cache_top:U_APP_F_CACHE|cache_4way_structural_doc:U_CACHE_4WAY_STRUCTURAL_DOC|cache_age_way_doc:U_AGE_WAY2|mem_r[13][1]                                                      ;
; 6:1                ; 2 bits    ; 8 LEs         ; 2 LEs                ; 6 LEs                  ; Yes        ; |rtl_appendix_all_top|app_sh_microevm_top:U_APP_SH_MICRO_EVM|app_f_cache_top:U_DATA_CACHE_4WAY|cache_4way_structural_doc:U_CACHE_4WAY_STRUCTURAL_DOC|cache_age_way_doc:U_AGE_WAY0|mem_r[13][0]           ;
; 6:1                ; 2 bits    ; 8 LEs         ; 2 LEs                ; 6 LEs                  ; Yes        ; |rtl_appendix_all_top|app_sh_microevm_top:U_APP_SH_MICRO_EVM|app_f_cache_top:U_DATA_CACHE_4WAY|cache_4way_structural_doc:U_CACHE_4WAY_STRUCTURAL_DOC|cache_age_way_doc:U_AGE_WAY3|mem_r[13][1]           ;
; 6:1                ; 2 bits    ; 8 LEs         ; 2 LEs                ; 6 LEs                  ; Yes        ; |rtl_appendix_all_top|app_sh_microevm_top:U_APP_SH_MICRO_EVM|app_f_cache_top:U_DATA_CACHE_4WAY|cache_4way_structural_doc:U_CACHE_4WAY_STRUCTURAL_DOC|cache_age_way_doc:U_AGE_WAY1|mem_r[13][1]           ;
; 6:1                ; 2 bits    ; 8 LEs         ; 2 LEs                ; 6 LEs                  ; Yes        ; |rtl_appendix_all_top|app_sh_microevm_top:U_APP_SH_MICRO_EVM|app_f_cache_top:U_DATA_CACHE_4WAY|cache_4way_structural_doc:U_CACHE_4WAY_STRUCTURAL_DOC|cache_age_way_doc:U_AGE_WAY2|mem_r[13][0]           ;
; 6:1                ; 2 bits    ; 8 LEs         ; 2 LEs                ; 6 LEs                  ; Yes        ; |rtl_appendix_all_top|app_ts_cache_flags_top:U_APP_TS_CACHE_FLAGS|cache_age_way_doc:U_AGE_WAY3|mem_r[12][0]                                                                                              ;
; 6:1                ; 2 bits    ; 8 LEs         ; 2 LEs                ; 6 LEs                  ; Yes        ; |rtl_appendix_all_top|app_ts_cache_flags_top:U_APP_TS_CACHE_FLAGS|cache_age_way_doc:U_AGE_WAY2|mem_r[12][1]                                                                                              ;
; 6:1                ; 2 bits    ; 8 LEs         ; 2 LEs                ; 6 LEs                  ; Yes        ; |rtl_appendix_all_top|app_ts_cache_flags_top:U_APP_TS_CACHE_FLAGS|cache_age_way_doc:U_AGE_WAY1|mem_r[12][0]                                                                                              ;
; 6:1                ; 2 bits    ; 8 LEs         ; 2 LEs                ; 6 LEs                  ; Yes        ; |rtl_appendix_all_top|app_ts_cache_flags_top:U_APP_TS_CACHE_FLAGS|cache_age_way_doc:U_AGE_WAY0|mem_r[12][1]                                                                                              ;
; 6:1                ; 2 bits    ; 8 LEs         ; 2 LEs                ; 6 LEs                  ; Yes        ; |rtl_appendix_all_top|app_f_cache_top:U_APP_F_CACHE|cache_4way_structural_doc:U_CACHE_4WAY_STRUCTURAL_DOC|cache_age_way_doc:U_AGE_WAY0|mem_r[12][1]                                                      ;
; 6:1                ; 2 bits    ; 8 LEs         ; 2 LEs                ; 6 LEs                  ; Yes        ; |rtl_appendix_all_top|app_f_cache_top:U_APP_F_CACHE|cache_4way_structural_doc:U_CACHE_4WAY_STRUCTURAL_DOC|cache_age_way_doc:U_AGE_WAY3|mem_r[12][0]                                                      ;
; 6:1                ; 2 bits    ; 8 LEs         ; 2 LEs                ; 6 LEs                  ; Yes        ; |rtl_appendix_all_top|app_f_cache_top:U_APP_F_CACHE|cache_4way_structural_doc:U_CACHE_4WAY_STRUCTURAL_DOC|cache_age_way_doc:U_AGE_WAY1|mem_r[12][0]                                                      ;
; 6:1                ; 2 bits    ; 8 LEs         ; 2 LEs                ; 6 LEs                  ; Yes        ; |rtl_appendix_all_top|app_f_cache_top:U_APP_F_CACHE|cache_4way_structural_doc:U_CACHE_4WAY_STRUCTURAL_DOC|cache_age_way_doc:U_AGE_WAY2|mem_r[12][1]                                                      ;
; 6:1                ; 2 bits    ; 8 LEs         ; 2 LEs                ; 6 LEs                  ; Yes        ; |rtl_appendix_all_top|app_sh_microevm_top:U_APP_SH_MICRO_EVM|app_f_cache_top:U_DATA_CACHE_4WAY|cache_4way_structural_doc:U_CACHE_4WAY_STRUCTURAL_DOC|cache_age_way_doc:U_AGE_WAY0|mem_r[12][1]           ;
; 6:1                ; 2 bits    ; 8 LEs         ; 2 LEs                ; 6 LEs                  ; Yes        ; |rtl_appendix_all_top|app_sh_microevm_top:U_APP_SH_MICRO_EVM|app_f_cache_top:U_DATA_CACHE_4WAY|cache_4way_structural_doc:U_CACHE_4WAY_STRUCTURAL_DOC|cache_age_way_doc:U_AGE_WAY3|mem_r[12][1]           ;
; 6:1                ; 2 bits    ; 8 LEs         ; 2 LEs                ; 6 LEs                  ; Yes        ; |rtl_appendix_all_top|app_sh_microevm_top:U_APP_SH_MICRO_EVM|app_f_cache_top:U_DATA_CACHE_4WAY|cache_4way_structural_doc:U_CACHE_4WAY_STRUCTURAL_DOC|cache_age_way_doc:U_AGE_WAY1|mem_r[12][0]           ;
; 6:1                ; 2 bits    ; 8 LEs         ; 2 LEs                ; 6 LEs                  ; Yes        ; |rtl_appendix_all_top|app_sh_microevm_top:U_APP_SH_MICRO_EVM|app_f_cache_top:U_DATA_CACHE_4WAY|cache_4way_structural_doc:U_CACHE_4WAY_STRUCTURAL_DOC|cache_age_way_doc:U_AGE_WAY2|mem_r[12][0]           ;
; 6:1                ; 2 bits    ; 8 LEs         ; 2 LEs                ; 6 LEs                  ; Yes        ; |rtl_appendix_all_top|app_ts_cache_flags_top:U_APP_TS_CACHE_FLAGS|cache_age_way_doc:U_AGE_WAY3|mem_r[11][0]                                                                                              ;
; 6:1                ; 2 bits    ; 8 LEs         ; 2 LEs                ; 6 LEs                  ; Yes        ; |rtl_appendix_all_top|app_ts_cache_flags_top:U_APP_TS_CACHE_FLAGS|cache_age_way_doc:U_AGE_WAY2|mem_r[11][0]                                                                                              ;
; 6:1                ; 2 bits    ; 8 LEs         ; 2 LEs                ; 6 LEs                  ; Yes        ; |rtl_appendix_all_top|app_ts_cache_flags_top:U_APP_TS_CACHE_FLAGS|cache_age_way_doc:U_AGE_WAY1|mem_r[11][1]                                                                                              ;
; 6:1                ; 2 bits    ; 8 LEs         ; 2 LEs                ; 6 LEs                  ; Yes        ; |rtl_appendix_all_top|app_ts_cache_flags_top:U_APP_TS_CACHE_FLAGS|cache_age_way_doc:U_AGE_WAY0|mem_r[11][0]                                                                                              ;
; 6:1                ; 2 bits    ; 8 LEs         ; 2 LEs                ; 6 LEs                  ; Yes        ; |rtl_appendix_all_top|app_f_cache_top:U_APP_F_CACHE|cache_4way_structural_doc:U_CACHE_4WAY_STRUCTURAL_DOC|cache_age_way_doc:U_AGE_WAY0|mem_r[11][1]                                                      ;
; 6:1                ; 2 bits    ; 8 LEs         ; 2 LEs                ; 6 LEs                  ; Yes        ; |rtl_appendix_all_top|app_f_cache_top:U_APP_F_CACHE|cache_4way_structural_doc:U_CACHE_4WAY_STRUCTURAL_DOC|cache_age_way_doc:U_AGE_WAY3|mem_r[11][1]                                                      ;
; 6:1                ; 2 bits    ; 8 LEs         ; 2 LEs                ; 6 LEs                  ; Yes        ; |rtl_appendix_all_top|app_f_cache_top:U_APP_F_CACHE|cache_4way_structural_doc:U_CACHE_4WAY_STRUCTURAL_DOC|cache_age_way_doc:U_AGE_WAY1|mem_r[11][1]                                                      ;
; 6:1                ; 2 bits    ; 8 LEs         ; 2 LEs                ; 6 LEs                  ; Yes        ; |rtl_appendix_all_top|app_f_cache_top:U_APP_F_CACHE|cache_4way_structural_doc:U_CACHE_4WAY_STRUCTURAL_DOC|cache_age_way_doc:U_AGE_WAY2|mem_r[11][0]                                                      ;
; 6:1                ; 2 bits    ; 8 LEs         ; 2 LEs                ; 6 LEs                  ; Yes        ; |rtl_appendix_all_top|app_sh_microevm_top:U_APP_SH_MICRO_EVM|app_f_cache_top:U_DATA_CACHE_4WAY|cache_4way_structural_doc:U_CACHE_4WAY_STRUCTURAL_DOC|cache_age_way_doc:U_AGE_WAY0|mem_r[11][0]           ;
; 6:1                ; 2 bits    ; 8 LEs         ; 2 LEs                ; 6 LEs                  ; Yes        ; |rtl_appendix_all_top|app_sh_microevm_top:U_APP_SH_MICRO_EVM|app_f_cache_top:U_DATA_CACHE_4WAY|cache_4way_structural_doc:U_CACHE_4WAY_STRUCTURAL_DOC|cache_age_way_doc:U_AGE_WAY3|mem_r[11][1]           ;
; 6:1                ; 2 bits    ; 8 LEs         ; 2 LEs                ; 6 LEs                  ; Yes        ; |rtl_appendix_all_top|app_sh_microevm_top:U_APP_SH_MICRO_EVM|app_f_cache_top:U_DATA_CACHE_4WAY|cache_4way_structural_doc:U_CACHE_4WAY_STRUCTURAL_DOC|cache_age_way_doc:U_AGE_WAY1|mem_r[11][1]           ;
; 6:1                ; 2 bits    ; 8 LEs         ; 2 LEs                ; 6 LEs                  ; Yes        ; |rtl_appendix_all_top|app_sh_microevm_top:U_APP_SH_MICRO_EVM|app_f_cache_top:U_DATA_CACHE_4WAY|cache_4way_structural_doc:U_CACHE_4WAY_STRUCTURAL_DOC|cache_age_way_doc:U_AGE_WAY2|mem_r[11][0]           ;
; 6:1                ; 2 bits    ; 8 LEs         ; 2 LEs                ; 6 LEs                  ; Yes        ; |rtl_appendix_all_top|app_ts_cache_flags_top:U_APP_TS_CACHE_FLAGS|cache_age_way_doc:U_AGE_WAY3|mem_r[10][0]                                                                                              ;
; 6:1                ; 2 bits    ; 8 LEs         ; 2 LEs                ; 6 LEs                  ; Yes        ; |rtl_appendix_all_top|app_ts_cache_flags_top:U_APP_TS_CACHE_FLAGS|cache_age_way_doc:U_AGE_WAY2|mem_r[10][1]                                                                                              ;
; 6:1                ; 2 bits    ; 8 LEs         ; 2 LEs                ; 6 LEs                  ; Yes        ; |rtl_appendix_all_top|app_ts_cache_flags_top:U_APP_TS_CACHE_FLAGS|cache_age_way_doc:U_AGE_WAY1|mem_r[10][1]                                                                                              ;
; 6:1                ; 2 bits    ; 8 LEs         ; 2 LEs                ; 6 LEs                  ; Yes        ; |rtl_appendix_all_top|app_ts_cache_flags_top:U_APP_TS_CACHE_FLAGS|cache_age_way_doc:U_AGE_WAY0|mem_r[10][0]                                                                                              ;
; 6:1                ; 2 bits    ; 8 LEs         ; 2 LEs                ; 6 LEs                  ; Yes        ; |rtl_appendix_all_top|app_f_cache_top:U_APP_F_CACHE|cache_4way_structural_doc:U_CACHE_4WAY_STRUCTURAL_DOC|cache_age_way_doc:U_AGE_WAY0|mem_r[10][0]                                                      ;
; 6:1                ; 2 bits    ; 8 LEs         ; 2 LEs                ; 6 LEs                  ; Yes        ; |rtl_appendix_all_top|app_f_cache_top:U_APP_F_CACHE|cache_4way_structural_doc:U_CACHE_4WAY_STRUCTURAL_DOC|cache_age_way_doc:U_AGE_WAY3|mem_r[10][1]                                                      ;
; 6:1                ; 2 bits    ; 8 LEs         ; 2 LEs                ; 6 LEs                  ; Yes        ; |rtl_appendix_all_top|app_f_cache_top:U_APP_F_CACHE|cache_4way_structural_doc:U_CACHE_4WAY_STRUCTURAL_DOC|cache_age_way_doc:U_AGE_WAY1|mem_r[10][0]                                                      ;
; 6:1                ; 2 bits    ; 8 LEs         ; 2 LEs                ; 6 LEs                  ; Yes        ; |rtl_appendix_all_top|app_f_cache_top:U_APP_F_CACHE|cache_4way_structural_doc:U_CACHE_4WAY_STRUCTURAL_DOC|cache_age_way_doc:U_AGE_WAY2|mem_r[10][1]                                                      ;
; 6:1                ; 2 bits    ; 8 LEs         ; 2 LEs                ; 6 LEs                  ; Yes        ; |rtl_appendix_all_top|app_sh_microevm_top:U_APP_SH_MICRO_EVM|app_f_cache_top:U_DATA_CACHE_4WAY|cache_4way_structural_doc:U_CACHE_4WAY_STRUCTURAL_DOC|cache_age_way_doc:U_AGE_WAY0|mem_r[10][1]           ;
; 6:1                ; 2 bits    ; 8 LEs         ; 2 LEs                ; 6 LEs                  ; Yes        ; |rtl_appendix_all_top|app_sh_microevm_top:U_APP_SH_MICRO_EVM|app_f_cache_top:U_DATA_CACHE_4WAY|cache_4way_structural_doc:U_CACHE_4WAY_STRUCTURAL_DOC|cache_age_way_doc:U_AGE_WAY3|mem_r[10][1]           ;
; 6:1                ; 2 bits    ; 8 LEs         ; 2 LEs                ; 6 LEs                  ; Yes        ; |rtl_appendix_all_top|app_sh_microevm_top:U_APP_SH_MICRO_EVM|app_f_cache_top:U_DATA_CACHE_4WAY|cache_4way_structural_doc:U_CACHE_4WAY_STRUCTURAL_DOC|cache_age_way_doc:U_AGE_WAY1|mem_r[10][0]           ;
; 6:1                ; 2 bits    ; 8 LEs         ; 2 LEs                ; 6 LEs                  ; Yes        ; |rtl_appendix_all_top|app_sh_microevm_top:U_APP_SH_MICRO_EVM|app_f_cache_top:U_DATA_CACHE_4WAY|cache_4way_structural_doc:U_CACHE_4WAY_STRUCTURAL_DOC|cache_age_way_doc:U_AGE_WAY2|mem_r[10][1]           ;
; 6:1                ; 2 bits    ; 8 LEs         ; 2 LEs                ; 6 LEs                  ; Yes        ; |rtl_appendix_all_top|app_ts_cache_flags_top:U_APP_TS_CACHE_FLAGS|cache_age_way_doc:U_AGE_WAY3|mem_r[9][1]                                                                                               ;
; 6:1                ; 2 bits    ; 8 LEs         ; 2 LEs                ; 6 LEs                  ; Yes        ; |rtl_appendix_all_top|app_ts_cache_flags_top:U_APP_TS_CACHE_FLAGS|cache_age_way_doc:U_AGE_WAY2|mem_r[9][0]                                                                                               ;
; 6:1                ; 2 bits    ; 8 LEs         ; 2 LEs                ; 6 LEs                  ; Yes        ; |rtl_appendix_all_top|app_ts_cache_flags_top:U_APP_TS_CACHE_FLAGS|cache_age_way_doc:U_AGE_WAY1|mem_r[9][0]                                                                                               ;
; 6:1                ; 2 bits    ; 8 LEs         ; 2 LEs                ; 6 LEs                  ; Yes        ; |rtl_appendix_all_top|app_ts_cache_flags_top:U_APP_TS_CACHE_FLAGS|cache_age_way_doc:U_AGE_WAY0|mem_r[9][1]                                                                                               ;
; 6:1                ; 2 bits    ; 8 LEs         ; 2 LEs                ; 6 LEs                  ; Yes        ; |rtl_appendix_all_top|app_f_cache_top:U_APP_F_CACHE|cache_4way_structural_doc:U_CACHE_4WAY_STRUCTURAL_DOC|cache_age_way_doc:U_AGE_WAY0|mem_r[9][1]                                                       ;
; 6:1                ; 2 bits    ; 8 LEs         ; 2 LEs                ; 6 LEs                  ; Yes        ; |rtl_appendix_all_top|app_f_cache_top:U_APP_F_CACHE|cache_4way_structural_doc:U_CACHE_4WAY_STRUCTURAL_DOC|cache_age_way_doc:U_AGE_WAY3|mem_r[9][0]                                                       ;
; 6:1                ; 2 bits    ; 8 LEs         ; 2 LEs                ; 6 LEs                  ; Yes        ; |rtl_appendix_all_top|app_f_cache_top:U_APP_F_CACHE|cache_4way_structural_doc:U_CACHE_4WAY_STRUCTURAL_DOC|cache_age_way_doc:U_AGE_WAY1|mem_r[9][1]                                                       ;
; 6:1                ; 2 bits    ; 8 LEs         ; 2 LEs                ; 6 LEs                  ; Yes        ; |rtl_appendix_all_top|app_f_cache_top:U_APP_F_CACHE|cache_4way_structural_doc:U_CACHE_4WAY_STRUCTURAL_DOC|cache_age_way_doc:U_AGE_WAY2|mem_r[9][1]                                                       ;
; 6:1                ; 2 bits    ; 8 LEs         ; 2 LEs                ; 6 LEs                  ; Yes        ; |rtl_appendix_all_top|app_sh_microevm_top:U_APP_SH_MICRO_EVM|app_f_cache_top:U_DATA_CACHE_4WAY|cache_4way_structural_doc:U_CACHE_4WAY_STRUCTURAL_DOC|cache_age_way_doc:U_AGE_WAY0|mem_r[9][0]            ;
; 6:1                ; 2 bits    ; 8 LEs         ; 2 LEs                ; 6 LEs                  ; Yes        ; |rtl_appendix_all_top|app_sh_microevm_top:U_APP_SH_MICRO_EVM|app_f_cache_top:U_DATA_CACHE_4WAY|cache_4way_structural_doc:U_CACHE_4WAY_STRUCTURAL_DOC|cache_age_way_doc:U_AGE_WAY3|mem_r[9][0]            ;
; 6:1                ; 2 bits    ; 8 LEs         ; 2 LEs                ; 6 LEs                  ; Yes        ; |rtl_appendix_all_top|app_sh_microevm_top:U_APP_SH_MICRO_EVM|app_f_cache_top:U_DATA_CACHE_4WAY|cache_4way_structural_doc:U_CACHE_4WAY_STRUCTURAL_DOC|cache_age_way_doc:U_AGE_WAY1|mem_r[9][1]            ;
; 6:1                ; 2 bits    ; 8 LEs         ; 2 LEs                ; 6 LEs                  ; Yes        ; |rtl_appendix_all_top|app_sh_microevm_top:U_APP_SH_MICRO_EVM|app_f_cache_top:U_DATA_CACHE_4WAY|cache_4way_structural_doc:U_CACHE_4WAY_STRUCTURAL_DOC|cache_age_way_doc:U_AGE_WAY2|mem_r[9][0]            ;
; 6:1                ; 2 bits    ; 8 LEs         ; 2 LEs                ; 6 LEs                  ; Yes        ; |rtl_appendix_all_top|app_ts_cache_flags_top:U_APP_TS_CACHE_FLAGS|cache_age_way_doc:U_AGE_WAY3|mem_r[8][0]                                                                                               ;
; 6:1                ; 2 bits    ; 8 LEs         ; 2 LEs                ; 6 LEs                  ; Yes        ; |rtl_appendix_all_top|app_ts_cache_flags_top:U_APP_TS_CACHE_FLAGS|cache_age_way_doc:U_AGE_WAY2|mem_r[8][0]                                                                                               ;
; 6:1                ; 2 bits    ; 8 LEs         ; 2 LEs                ; 6 LEs                  ; Yes        ; |rtl_appendix_all_top|app_ts_cache_flags_top:U_APP_TS_CACHE_FLAGS|cache_age_way_doc:U_AGE_WAY1|mem_r[8][0]                                                                                               ;
; 6:1                ; 2 bits    ; 8 LEs         ; 2 LEs                ; 6 LEs                  ; Yes        ; |rtl_appendix_all_top|app_ts_cache_flags_top:U_APP_TS_CACHE_FLAGS|cache_age_way_doc:U_AGE_WAY0|mem_r[8][1]                                                                                               ;
; 6:1                ; 2 bits    ; 8 LEs         ; 2 LEs                ; 6 LEs                  ; Yes        ; |rtl_appendix_all_top|app_f_cache_top:U_APP_F_CACHE|cache_4way_structural_doc:U_CACHE_4WAY_STRUCTURAL_DOC|cache_age_way_doc:U_AGE_WAY0|mem_r[8][1]                                                       ;
; 6:1                ; 2 bits    ; 8 LEs         ; 2 LEs                ; 6 LEs                  ; Yes        ; |rtl_appendix_all_top|app_f_cache_top:U_APP_F_CACHE|cache_4way_structural_doc:U_CACHE_4WAY_STRUCTURAL_DOC|cache_age_way_doc:U_AGE_WAY3|mem_r[8][1]                                                       ;
; 6:1                ; 2 bits    ; 8 LEs         ; 2 LEs                ; 6 LEs                  ; Yes        ; |rtl_appendix_all_top|app_f_cache_top:U_APP_F_CACHE|cache_4way_structural_doc:U_CACHE_4WAY_STRUCTURAL_DOC|cache_age_way_doc:U_AGE_WAY1|mem_r[8][1]                                                       ;
; 6:1                ; 2 bits    ; 8 LEs         ; 2 LEs                ; 6 LEs                  ; Yes        ; |rtl_appendix_all_top|app_f_cache_top:U_APP_F_CACHE|cache_4way_structural_doc:U_CACHE_4WAY_STRUCTURAL_DOC|cache_age_way_doc:U_AGE_WAY2|mem_r[8][1]                                                       ;
; 6:1                ; 2 bits    ; 8 LEs         ; 2 LEs                ; 6 LEs                  ; Yes        ; |rtl_appendix_all_top|app_sh_microevm_top:U_APP_SH_MICRO_EVM|app_f_cache_top:U_DATA_CACHE_4WAY|cache_4way_structural_doc:U_CACHE_4WAY_STRUCTURAL_DOC|cache_age_way_doc:U_AGE_WAY0|mem_r[8][1]            ;
; 6:1                ; 2 bits    ; 8 LEs         ; 2 LEs                ; 6 LEs                  ; Yes        ; |rtl_appendix_all_top|app_sh_microevm_top:U_APP_SH_MICRO_EVM|app_f_cache_top:U_DATA_CACHE_4WAY|cache_4way_structural_doc:U_CACHE_4WAY_STRUCTURAL_DOC|cache_age_way_doc:U_AGE_WAY3|mem_r[8][0]            ;
; 6:1                ; 2 bits    ; 8 LEs         ; 2 LEs                ; 6 LEs                  ; Yes        ; |rtl_appendix_all_top|app_sh_microevm_top:U_APP_SH_MICRO_EVM|app_f_cache_top:U_DATA_CACHE_4WAY|cache_4way_structural_doc:U_CACHE_4WAY_STRUCTURAL_DOC|cache_age_way_doc:U_AGE_WAY1|mem_r[8][1]            ;
; 6:1                ; 2 bits    ; 8 LEs         ; 2 LEs                ; 6 LEs                  ; Yes        ; |rtl_appendix_all_top|app_sh_microevm_top:U_APP_SH_MICRO_EVM|app_f_cache_top:U_DATA_CACHE_4WAY|cache_4way_structural_doc:U_CACHE_4WAY_STRUCTURAL_DOC|cache_age_way_doc:U_AGE_WAY2|mem_r[8][0]            ;
; 6:1                ; 2 bits    ; 8 LEs         ; 2 LEs                ; 6 LEs                  ; Yes        ; |rtl_appendix_all_top|app_ts_cache_flags_top:U_APP_TS_CACHE_FLAGS|cache_age_way_doc:U_AGE_WAY3|mem_r[7][1]                                                                                               ;
; 6:1                ; 2 bits    ; 8 LEs         ; 2 LEs                ; 6 LEs                  ; Yes        ; |rtl_appendix_all_top|app_ts_cache_flags_top:U_APP_TS_CACHE_FLAGS|cache_age_way_doc:U_AGE_WAY2|mem_r[7][0]                                                                                               ;
; 6:1                ; 2 bits    ; 8 LEs         ; 2 LEs                ; 6 LEs                  ; Yes        ; |rtl_appendix_all_top|app_ts_cache_flags_top:U_APP_TS_CACHE_FLAGS|cache_age_way_doc:U_AGE_WAY1|mem_r[7][0]                                                                                               ;
; 6:1                ; 2 bits    ; 8 LEs         ; 2 LEs                ; 6 LEs                  ; Yes        ; |rtl_appendix_all_top|app_ts_cache_flags_top:U_APP_TS_CACHE_FLAGS|cache_age_way_doc:U_AGE_WAY0|mem_r[7][0]                                                                                               ;
; 6:1                ; 2 bits    ; 8 LEs         ; 2 LEs                ; 6 LEs                  ; Yes        ; |rtl_appendix_all_top|app_f_cache_top:U_APP_F_CACHE|cache_4way_structural_doc:U_CACHE_4WAY_STRUCTURAL_DOC|cache_age_way_doc:U_AGE_WAY0|mem_r[7][1]                                                       ;
; 6:1                ; 2 bits    ; 8 LEs         ; 2 LEs                ; 6 LEs                  ; Yes        ; |rtl_appendix_all_top|app_f_cache_top:U_APP_F_CACHE|cache_4way_structural_doc:U_CACHE_4WAY_STRUCTURAL_DOC|cache_age_way_doc:U_AGE_WAY3|mem_r[7][1]                                                       ;
; 6:1                ; 2 bits    ; 8 LEs         ; 2 LEs                ; 6 LEs                  ; Yes        ; |rtl_appendix_all_top|app_f_cache_top:U_APP_F_CACHE|cache_4way_structural_doc:U_CACHE_4WAY_STRUCTURAL_DOC|cache_age_way_doc:U_AGE_WAY1|mem_r[7][0]                                                       ;
; 6:1                ; 2 bits    ; 8 LEs         ; 2 LEs                ; 6 LEs                  ; Yes        ; |rtl_appendix_all_top|app_f_cache_top:U_APP_F_CACHE|cache_4way_structural_doc:U_CACHE_4WAY_STRUCTURAL_DOC|cache_age_way_doc:U_AGE_WAY2|mem_r[7][1]                                                       ;
; 6:1                ; 2 bits    ; 8 LEs         ; 2 LEs                ; 6 LEs                  ; Yes        ; |rtl_appendix_all_top|app_sh_microevm_top:U_APP_SH_MICRO_EVM|app_f_cache_top:U_DATA_CACHE_4WAY|cache_4way_structural_doc:U_CACHE_4WAY_STRUCTURAL_DOC|cache_age_way_doc:U_AGE_WAY0|mem_r[7][0]            ;
; 6:1                ; 2 bits    ; 8 LEs         ; 2 LEs                ; 6 LEs                  ; Yes        ; |rtl_appendix_all_top|app_sh_microevm_top:U_APP_SH_MICRO_EVM|app_f_cache_top:U_DATA_CACHE_4WAY|cache_4way_structural_doc:U_CACHE_4WAY_STRUCTURAL_DOC|cache_age_way_doc:U_AGE_WAY3|mem_r[7][0]            ;
; 6:1                ; 2 bits    ; 8 LEs         ; 2 LEs                ; 6 LEs                  ; Yes        ; |rtl_appendix_all_top|app_sh_microevm_top:U_APP_SH_MICRO_EVM|app_f_cache_top:U_DATA_CACHE_4WAY|cache_4way_structural_doc:U_CACHE_4WAY_STRUCTURAL_DOC|cache_age_way_doc:U_AGE_WAY1|mem_r[7][0]            ;
; 6:1                ; 2 bits    ; 8 LEs         ; 2 LEs                ; 6 LEs                  ; Yes        ; |rtl_appendix_all_top|app_sh_microevm_top:U_APP_SH_MICRO_EVM|app_f_cache_top:U_DATA_CACHE_4WAY|cache_4way_structural_doc:U_CACHE_4WAY_STRUCTURAL_DOC|cache_age_way_doc:U_AGE_WAY2|mem_r[7][1]            ;
; 6:1                ; 2 bits    ; 8 LEs         ; 2 LEs                ; 6 LEs                  ; Yes        ; |rtl_appendix_all_top|app_ts_cache_flags_top:U_APP_TS_CACHE_FLAGS|cache_age_way_doc:U_AGE_WAY3|mem_r[6][1]                                                                                               ;
; 6:1                ; 2 bits    ; 8 LEs         ; 2 LEs                ; 6 LEs                  ; Yes        ; |rtl_appendix_all_top|app_ts_cache_flags_top:U_APP_TS_CACHE_FLAGS|cache_age_way_doc:U_AGE_WAY2|mem_r[6][0]                                                                                               ;
; 6:1                ; 2 bits    ; 8 LEs         ; 2 LEs                ; 6 LEs                  ; Yes        ; |rtl_appendix_all_top|app_ts_cache_flags_top:U_APP_TS_CACHE_FLAGS|cache_age_way_doc:U_AGE_WAY1|mem_r[6][1]                                                                                               ;
; 6:1                ; 2 bits    ; 8 LEs         ; 2 LEs                ; 6 LEs                  ; Yes        ; |rtl_appendix_all_top|app_ts_cache_flags_top:U_APP_TS_CACHE_FLAGS|cache_age_way_doc:U_AGE_WAY0|mem_r[6][0]                                                                                               ;
; 6:1                ; 2 bits    ; 8 LEs         ; 2 LEs                ; 6 LEs                  ; Yes        ; |rtl_appendix_all_top|app_f_cache_top:U_APP_F_CACHE|cache_4way_structural_doc:U_CACHE_4WAY_STRUCTURAL_DOC|cache_age_way_doc:U_AGE_WAY0|mem_r[6][1]                                                       ;
; 6:1                ; 2 bits    ; 8 LEs         ; 2 LEs                ; 6 LEs                  ; Yes        ; |rtl_appendix_all_top|app_f_cache_top:U_APP_F_CACHE|cache_4way_structural_doc:U_CACHE_4WAY_STRUCTURAL_DOC|cache_age_way_doc:U_AGE_WAY3|mem_r[6][0]                                                       ;
; 6:1                ; 2 bits    ; 8 LEs         ; 2 LEs                ; 6 LEs                  ; Yes        ; |rtl_appendix_all_top|app_f_cache_top:U_APP_F_CACHE|cache_4way_structural_doc:U_CACHE_4WAY_STRUCTURAL_DOC|cache_age_way_doc:U_AGE_WAY1|mem_r[6][0]                                                       ;
; 6:1                ; 2 bits    ; 8 LEs         ; 2 LEs                ; 6 LEs                  ; Yes        ; |rtl_appendix_all_top|app_f_cache_top:U_APP_F_CACHE|cache_4way_structural_doc:U_CACHE_4WAY_STRUCTURAL_DOC|cache_age_way_doc:U_AGE_WAY2|mem_r[6][1]                                                       ;
; 6:1                ; 2 bits    ; 8 LEs         ; 2 LEs                ; 6 LEs                  ; Yes        ; |rtl_appendix_all_top|app_sh_microevm_top:U_APP_SH_MICRO_EVM|app_f_cache_top:U_DATA_CACHE_4WAY|cache_4way_structural_doc:U_CACHE_4WAY_STRUCTURAL_DOC|cache_age_way_doc:U_AGE_WAY0|mem_r[6][0]            ;
; 6:1                ; 2 bits    ; 8 LEs         ; 2 LEs                ; 6 LEs                  ; Yes        ; |rtl_appendix_all_top|app_sh_microevm_top:U_APP_SH_MICRO_EVM|app_f_cache_top:U_DATA_CACHE_4WAY|cache_4way_structural_doc:U_CACHE_4WAY_STRUCTURAL_DOC|cache_age_way_doc:U_AGE_WAY3|mem_r[6][0]            ;
; 6:1                ; 2 bits    ; 8 LEs         ; 2 LEs                ; 6 LEs                  ; Yes        ; |rtl_appendix_all_top|app_sh_microevm_top:U_APP_SH_MICRO_EVM|app_f_cache_top:U_DATA_CACHE_4WAY|cache_4way_structural_doc:U_CACHE_4WAY_STRUCTURAL_DOC|cache_age_way_doc:U_AGE_WAY1|mem_r[6][1]            ;
; 6:1                ; 2 bits    ; 8 LEs         ; 2 LEs                ; 6 LEs                  ; Yes        ; |rtl_appendix_all_top|app_sh_microevm_top:U_APP_SH_MICRO_EVM|app_f_cache_top:U_DATA_CACHE_4WAY|cache_4way_structural_doc:U_CACHE_4WAY_STRUCTURAL_DOC|cache_age_way_doc:U_AGE_WAY2|mem_r[6][1]            ;
; 6:1                ; 2 bits    ; 8 LEs         ; 2 LEs                ; 6 LEs                  ; Yes        ; |rtl_appendix_all_top|app_ts_cache_flags_top:U_APP_TS_CACHE_FLAGS|cache_age_way_doc:U_AGE_WAY3|mem_r[5][0]                                                                                               ;
; 6:1                ; 2 bits    ; 8 LEs         ; 2 LEs                ; 6 LEs                  ; Yes        ; |rtl_appendix_all_top|app_ts_cache_flags_top:U_APP_TS_CACHE_FLAGS|cache_age_way_doc:U_AGE_WAY2|mem_r[5][1]                                                                                               ;
; 6:1                ; 2 bits    ; 8 LEs         ; 2 LEs                ; 6 LEs                  ; Yes        ; |rtl_appendix_all_top|app_ts_cache_flags_top:U_APP_TS_CACHE_FLAGS|cache_age_way_doc:U_AGE_WAY1|mem_r[5][0]                                                                                               ;
; 6:1                ; 2 bits    ; 8 LEs         ; 2 LEs                ; 6 LEs                  ; Yes        ; |rtl_appendix_all_top|app_ts_cache_flags_top:U_APP_TS_CACHE_FLAGS|cache_age_way_doc:U_AGE_WAY0|mem_r[5][0]                                                                                               ;
; 6:1                ; 2 bits    ; 8 LEs         ; 2 LEs                ; 6 LEs                  ; Yes        ; |rtl_appendix_all_top|app_f_cache_top:U_APP_F_CACHE|cache_4way_structural_doc:U_CACHE_4WAY_STRUCTURAL_DOC|cache_age_way_doc:U_AGE_WAY0|mem_r[5][0]                                                       ;
; 6:1                ; 2 bits    ; 8 LEs         ; 2 LEs                ; 6 LEs                  ; Yes        ; |rtl_appendix_all_top|app_f_cache_top:U_APP_F_CACHE|cache_4way_structural_doc:U_CACHE_4WAY_STRUCTURAL_DOC|cache_age_way_doc:U_AGE_WAY3|mem_r[5][1]                                                       ;
; 6:1                ; 2 bits    ; 8 LEs         ; 2 LEs                ; 6 LEs                  ; Yes        ; |rtl_appendix_all_top|app_f_cache_top:U_APP_F_CACHE|cache_4way_structural_doc:U_CACHE_4WAY_STRUCTURAL_DOC|cache_age_way_doc:U_AGE_WAY1|mem_r[5][0]                                                       ;
; 6:1                ; 2 bits    ; 8 LEs         ; 2 LEs                ; 6 LEs                  ; Yes        ; |rtl_appendix_all_top|app_f_cache_top:U_APP_F_CACHE|cache_4way_structural_doc:U_CACHE_4WAY_STRUCTURAL_DOC|cache_age_way_doc:U_AGE_WAY2|mem_r[5][0]                                                       ;
; 6:1                ; 2 bits    ; 8 LEs         ; 2 LEs                ; 6 LEs                  ; Yes        ; |rtl_appendix_all_top|app_sh_microevm_top:U_APP_SH_MICRO_EVM|app_f_cache_top:U_DATA_CACHE_4WAY|cache_4way_structural_doc:U_CACHE_4WAY_STRUCTURAL_DOC|cache_age_way_doc:U_AGE_WAY0|mem_r[5][0]            ;
; 6:1                ; 2 bits    ; 8 LEs         ; 2 LEs                ; 6 LEs                  ; Yes        ; |rtl_appendix_all_top|app_sh_microevm_top:U_APP_SH_MICRO_EVM|app_f_cache_top:U_DATA_CACHE_4WAY|cache_4way_structural_doc:U_CACHE_4WAY_STRUCTURAL_DOC|cache_age_way_doc:U_AGE_WAY3|mem_r[5][1]            ;
; 6:1                ; 2 bits    ; 8 LEs         ; 2 LEs                ; 6 LEs                  ; Yes        ; |rtl_appendix_all_top|app_sh_microevm_top:U_APP_SH_MICRO_EVM|app_f_cache_top:U_DATA_CACHE_4WAY|cache_4way_structural_doc:U_CACHE_4WAY_STRUCTURAL_DOC|cache_age_way_doc:U_AGE_WAY1|mem_r[5][1]            ;
; 6:1                ; 2 bits    ; 8 LEs         ; 2 LEs                ; 6 LEs                  ; Yes        ; |rtl_appendix_all_top|app_sh_microevm_top:U_APP_SH_MICRO_EVM|app_f_cache_top:U_DATA_CACHE_4WAY|cache_4way_structural_doc:U_CACHE_4WAY_STRUCTURAL_DOC|cache_age_way_doc:U_AGE_WAY2|mem_r[5][0]            ;
; 6:1                ; 2 bits    ; 8 LEs         ; 2 LEs                ; 6 LEs                  ; Yes        ; |rtl_appendix_all_top|app_ts_cache_flags_top:U_APP_TS_CACHE_FLAGS|cache_age_way_doc:U_AGE_WAY3|mem_r[4][0]                                                                                               ;
; 6:1                ; 2 bits    ; 8 LEs         ; 2 LEs                ; 6 LEs                  ; Yes        ; |rtl_appendix_all_top|app_ts_cache_flags_top:U_APP_TS_CACHE_FLAGS|cache_age_way_doc:U_AGE_WAY2|mem_r[4][1]                                                                                               ;
; 6:1                ; 2 bits    ; 8 LEs         ; 2 LEs                ; 6 LEs                  ; Yes        ; |rtl_appendix_all_top|app_ts_cache_flags_top:U_APP_TS_CACHE_FLAGS|cache_age_way_doc:U_AGE_WAY1|mem_r[4][1]                                                                                               ;
; 6:1                ; 2 bits    ; 8 LEs         ; 2 LEs                ; 6 LEs                  ; Yes        ; |rtl_appendix_all_top|app_ts_cache_flags_top:U_APP_TS_CACHE_FLAGS|cache_age_way_doc:U_AGE_WAY0|mem_r[4][0]                                                                                               ;
; 6:1                ; 2 bits    ; 8 LEs         ; 2 LEs                ; 6 LEs                  ; Yes        ; |rtl_appendix_all_top|app_f_cache_top:U_APP_F_CACHE|cache_4way_structural_doc:U_CACHE_4WAY_STRUCTURAL_DOC|cache_age_way_doc:U_AGE_WAY0|mem_r[4][1]                                                       ;
; 6:1                ; 2 bits    ; 8 LEs         ; 2 LEs                ; 6 LEs                  ; Yes        ; |rtl_appendix_all_top|app_f_cache_top:U_APP_F_CACHE|cache_4way_structural_doc:U_CACHE_4WAY_STRUCTURAL_DOC|cache_age_way_doc:U_AGE_WAY3|mem_r[4][0]                                                       ;
; 6:1                ; 2 bits    ; 8 LEs         ; 2 LEs                ; 6 LEs                  ; Yes        ; |rtl_appendix_all_top|app_f_cache_top:U_APP_F_CACHE|cache_4way_structural_doc:U_CACHE_4WAY_STRUCTURAL_DOC|cache_age_way_doc:U_AGE_WAY1|mem_r[4][0]                                                       ;
; 6:1                ; 2 bits    ; 8 LEs         ; 2 LEs                ; 6 LEs                  ; Yes        ; |rtl_appendix_all_top|app_f_cache_top:U_APP_F_CACHE|cache_4way_structural_doc:U_CACHE_4WAY_STRUCTURAL_DOC|cache_age_way_doc:U_AGE_WAY2|mem_r[4][1]                                                       ;
; 6:1                ; 2 bits    ; 8 LEs         ; 2 LEs                ; 6 LEs                  ; Yes        ; |rtl_appendix_all_top|app_sh_microevm_top:U_APP_SH_MICRO_EVM|app_f_cache_top:U_DATA_CACHE_4WAY|cache_4way_structural_doc:U_CACHE_4WAY_STRUCTURAL_DOC|cache_age_way_doc:U_AGE_WAY0|mem_r[4][1]            ;
; 6:1                ; 2 bits    ; 8 LEs         ; 2 LEs                ; 6 LEs                  ; Yes        ; |rtl_appendix_all_top|app_sh_microevm_top:U_APP_SH_MICRO_EVM|app_f_cache_top:U_DATA_CACHE_4WAY|cache_4way_structural_doc:U_CACHE_4WAY_STRUCTURAL_DOC|cache_age_way_doc:U_AGE_WAY3|mem_r[4][0]            ;
; 6:1                ; 2 bits    ; 8 LEs         ; 2 LEs                ; 6 LEs                  ; Yes        ; |rtl_appendix_all_top|app_sh_microevm_top:U_APP_SH_MICRO_EVM|app_f_cache_top:U_DATA_CACHE_4WAY|cache_4way_structural_doc:U_CACHE_4WAY_STRUCTURAL_DOC|cache_age_way_doc:U_AGE_WAY1|mem_r[4][1]            ;
; 6:1                ; 2 bits    ; 8 LEs         ; 2 LEs                ; 6 LEs                  ; Yes        ; |rtl_appendix_all_top|app_sh_microevm_top:U_APP_SH_MICRO_EVM|app_f_cache_top:U_DATA_CACHE_4WAY|cache_4way_structural_doc:U_CACHE_4WAY_STRUCTURAL_DOC|cache_age_way_doc:U_AGE_WAY2|mem_r[4][0]            ;
; 6:1                ; 2 bits    ; 8 LEs         ; 2 LEs                ; 6 LEs                  ; Yes        ; |rtl_appendix_all_top|app_ts_cache_flags_top:U_APP_TS_CACHE_FLAGS|cache_age_way_doc:U_AGE_WAY3|mem_r[3][1]                                                                                               ;
; 6:1                ; 2 bits    ; 8 LEs         ; 2 LEs                ; 6 LEs                  ; Yes        ; |rtl_appendix_all_top|app_ts_cache_flags_top:U_APP_TS_CACHE_FLAGS|cache_age_way_doc:U_AGE_WAY2|mem_r[3][0]                                                                                               ;
; 6:1                ; 2 bits    ; 8 LEs         ; 2 LEs                ; 6 LEs                  ; Yes        ; |rtl_appendix_all_top|app_ts_cache_flags_top:U_APP_TS_CACHE_FLAGS|cache_age_way_doc:U_AGE_WAY1|mem_r[3][0]                                                                                               ;
; 6:1                ; 2 bits    ; 8 LEs         ; 2 LEs                ; 6 LEs                  ; Yes        ; |rtl_appendix_all_top|app_ts_cache_flags_top:U_APP_TS_CACHE_FLAGS|cache_age_way_doc:U_AGE_WAY0|mem_r[3][0]                                                                                               ;
; 6:1                ; 2 bits    ; 8 LEs         ; 2 LEs                ; 6 LEs                  ; Yes        ; |rtl_appendix_all_top|app_f_cache_top:U_APP_F_CACHE|cache_4way_structural_doc:U_CACHE_4WAY_STRUCTURAL_DOC|cache_age_way_doc:U_AGE_WAY0|mem_r[3][0]                                                       ;
; 6:1                ; 2 bits    ; 8 LEs         ; 2 LEs                ; 6 LEs                  ; Yes        ; |rtl_appendix_all_top|app_f_cache_top:U_APP_F_CACHE|cache_4way_structural_doc:U_CACHE_4WAY_STRUCTURAL_DOC|cache_age_way_doc:U_AGE_WAY3|mem_r[3][1]                                                       ;
; 6:1                ; 2 bits    ; 8 LEs         ; 2 LEs                ; 6 LEs                  ; Yes        ; |rtl_appendix_all_top|app_f_cache_top:U_APP_F_CACHE|cache_4way_structural_doc:U_CACHE_4WAY_STRUCTURAL_DOC|cache_age_way_doc:U_AGE_WAY1|mem_r[3][0]                                                       ;
; 6:1                ; 2 bits    ; 8 LEs         ; 2 LEs                ; 6 LEs                  ; Yes        ; |rtl_appendix_all_top|app_f_cache_top:U_APP_F_CACHE|cache_4way_structural_doc:U_CACHE_4WAY_STRUCTURAL_DOC|cache_age_way_doc:U_AGE_WAY2|mem_r[3][0]                                                       ;
; 6:1                ; 2 bits    ; 8 LEs         ; 2 LEs                ; 6 LEs                  ; Yes        ; |rtl_appendix_all_top|app_sh_microevm_top:U_APP_SH_MICRO_EVM|app_f_cache_top:U_DATA_CACHE_4WAY|cache_4way_structural_doc:U_CACHE_4WAY_STRUCTURAL_DOC|cache_age_way_doc:U_AGE_WAY0|mem_r[3][0]            ;
; 6:1                ; 2 bits    ; 8 LEs         ; 2 LEs                ; 6 LEs                  ; Yes        ; |rtl_appendix_all_top|app_sh_microevm_top:U_APP_SH_MICRO_EVM|app_f_cache_top:U_DATA_CACHE_4WAY|cache_4way_structural_doc:U_CACHE_4WAY_STRUCTURAL_DOC|cache_age_way_doc:U_AGE_WAY3|mem_r[3][1]            ;
; 6:1                ; 2 bits    ; 8 LEs         ; 2 LEs                ; 6 LEs                  ; Yes        ; |rtl_appendix_all_top|app_sh_microevm_top:U_APP_SH_MICRO_EVM|app_f_cache_top:U_DATA_CACHE_4WAY|cache_4way_structural_doc:U_CACHE_4WAY_STRUCTURAL_DOC|cache_age_way_doc:U_AGE_WAY1|mem_r[3][0]            ;
; 6:1                ; 2 bits    ; 8 LEs         ; 2 LEs                ; 6 LEs                  ; Yes        ; |rtl_appendix_all_top|app_sh_microevm_top:U_APP_SH_MICRO_EVM|app_f_cache_top:U_DATA_CACHE_4WAY|cache_4way_structural_doc:U_CACHE_4WAY_STRUCTURAL_DOC|cache_age_way_doc:U_AGE_WAY2|mem_r[3][1]            ;
; 6:1                ; 2 bits    ; 8 LEs         ; 2 LEs                ; 6 LEs                  ; Yes        ; |rtl_appendix_all_top|app_ts_cache_flags_top:U_APP_TS_CACHE_FLAGS|cache_age_way_doc:U_AGE_WAY3|mem_r[2][1]                                                                                               ;
; 6:1                ; 2 bits    ; 8 LEs         ; 2 LEs                ; 6 LEs                  ; Yes        ; |rtl_appendix_all_top|app_ts_cache_flags_top:U_APP_TS_CACHE_FLAGS|cache_age_way_doc:U_AGE_WAY2|mem_r[2][1]                                                                                               ;
; 6:1                ; 2 bits    ; 8 LEs         ; 2 LEs                ; 6 LEs                  ; Yes        ; |rtl_appendix_all_top|app_ts_cache_flags_top:U_APP_TS_CACHE_FLAGS|cache_age_way_doc:U_AGE_WAY1|mem_r[2][0]                                                                                               ;
; 6:1                ; 2 bits    ; 8 LEs         ; 2 LEs                ; 6 LEs                  ; Yes        ; |rtl_appendix_all_top|app_ts_cache_flags_top:U_APP_TS_CACHE_FLAGS|cache_age_way_doc:U_AGE_WAY0|mem_r[2][0]                                                                                               ;
; 6:1                ; 2 bits    ; 8 LEs         ; 2 LEs                ; 6 LEs                  ; Yes        ; |rtl_appendix_all_top|app_f_cache_top:U_APP_F_CACHE|cache_4way_structural_doc:U_CACHE_4WAY_STRUCTURAL_DOC|cache_age_way_doc:U_AGE_WAY0|mem_r[2][1]                                                       ;
; 6:1                ; 2 bits    ; 8 LEs         ; 2 LEs                ; 6 LEs                  ; Yes        ; |rtl_appendix_all_top|app_f_cache_top:U_APP_F_CACHE|cache_4way_structural_doc:U_CACHE_4WAY_STRUCTURAL_DOC|cache_age_way_doc:U_AGE_WAY3|mem_r[2][1]                                                       ;
; 6:1                ; 2 bits    ; 8 LEs         ; 2 LEs                ; 6 LEs                  ; Yes        ; |rtl_appendix_all_top|app_f_cache_top:U_APP_F_CACHE|cache_4way_structural_doc:U_CACHE_4WAY_STRUCTURAL_DOC|cache_age_way_doc:U_AGE_WAY1|mem_r[2][1]                                                       ;
; 6:1                ; 2 bits    ; 8 LEs         ; 2 LEs                ; 6 LEs                  ; Yes        ; |rtl_appendix_all_top|app_f_cache_top:U_APP_F_CACHE|cache_4way_structural_doc:U_CACHE_4WAY_STRUCTURAL_DOC|cache_age_way_doc:U_AGE_WAY2|mem_r[2][0]                                                       ;
; 6:1                ; 2 bits    ; 8 LEs         ; 2 LEs                ; 6 LEs                  ; Yes        ; |rtl_appendix_all_top|app_sh_microevm_top:U_APP_SH_MICRO_EVM|app_f_cache_top:U_DATA_CACHE_4WAY|cache_4way_structural_doc:U_CACHE_4WAY_STRUCTURAL_DOC|cache_age_way_doc:U_AGE_WAY0|mem_r[2][1]            ;
; 6:1                ; 2 bits    ; 8 LEs         ; 2 LEs                ; 6 LEs                  ; Yes        ; |rtl_appendix_all_top|app_sh_microevm_top:U_APP_SH_MICRO_EVM|app_f_cache_top:U_DATA_CACHE_4WAY|cache_4way_structural_doc:U_CACHE_4WAY_STRUCTURAL_DOC|cache_age_way_doc:U_AGE_WAY3|mem_r[2][1]            ;
; 6:1                ; 2 bits    ; 8 LEs         ; 2 LEs                ; 6 LEs                  ; Yes        ; |rtl_appendix_all_top|app_sh_microevm_top:U_APP_SH_MICRO_EVM|app_f_cache_top:U_DATA_CACHE_4WAY|cache_4way_structural_doc:U_CACHE_4WAY_STRUCTURAL_DOC|cache_age_way_doc:U_AGE_WAY1|mem_r[2][1]            ;
; 6:1                ; 2 bits    ; 8 LEs         ; 2 LEs                ; 6 LEs                  ; Yes        ; |rtl_appendix_all_top|app_sh_microevm_top:U_APP_SH_MICRO_EVM|app_f_cache_top:U_DATA_CACHE_4WAY|cache_4way_structural_doc:U_CACHE_4WAY_STRUCTURAL_DOC|cache_age_way_doc:U_AGE_WAY2|mem_r[2][0]            ;
; 6:1                ; 2 bits    ; 8 LEs         ; 2 LEs                ; 6 LEs                  ; Yes        ; |rtl_appendix_all_top|app_ts_cache_flags_top:U_APP_TS_CACHE_FLAGS|cache_age_way_doc:U_AGE_WAY3|mem_r[1][1]                                                                                               ;
; 6:1                ; 2 bits    ; 8 LEs         ; 2 LEs                ; 6 LEs                  ; Yes        ; |rtl_appendix_all_top|app_ts_cache_flags_top:U_APP_TS_CACHE_FLAGS|cache_age_way_doc:U_AGE_WAY2|mem_r[1][0]                                                                                               ;
; 6:1                ; 2 bits    ; 8 LEs         ; 2 LEs                ; 6 LEs                  ; Yes        ; |rtl_appendix_all_top|app_ts_cache_flags_top:U_APP_TS_CACHE_FLAGS|cache_age_way_doc:U_AGE_WAY1|mem_r[1][1]                                                                                               ;
; 6:1                ; 2 bits    ; 8 LEs         ; 2 LEs                ; 6 LEs                  ; Yes        ; |rtl_appendix_all_top|app_ts_cache_flags_top:U_APP_TS_CACHE_FLAGS|cache_age_way_doc:U_AGE_WAY0|mem_r[1][0]                                                                                               ;
; 6:1                ; 2 bits    ; 8 LEs         ; 2 LEs                ; 6 LEs                  ; Yes        ; |rtl_appendix_all_top|app_f_cache_top:U_APP_F_CACHE|cache_4way_structural_doc:U_CACHE_4WAY_STRUCTURAL_DOC|cache_age_way_doc:U_AGE_WAY0|mem_r[1][0]                                                       ;
; 6:1                ; 2 bits    ; 8 LEs         ; 2 LEs                ; 6 LEs                  ; Yes        ; |rtl_appendix_all_top|app_f_cache_top:U_APP_F_CACHE|cache_4way_structural_doc:U_CACHE_4WAY_STRUCTURAL_DOC|cache_age_way_doc:U_AGE_WAY3|mem_r[1][0]                                                       ;
; 6:1                ; 2 bits    ; 8 LEs         ; 2 LEs                ; 6 LEs                  ; Yes        ; |rtl_appendix_all_top|app_f_cache_top:U_APP_F_CACHE|cache_4way_structural_doc:U_CACHE_4WAY_STRUCTURAL_DOC|cache_age_way_doc:U_AGE_WAY1|mem_r[1][0]                                                       ;
; 6:1                ; 2 bits    ; 8 LEs         ; 2 LEs                ; 6 LEs                  ; Yes        ; |rtl_appendix_all_top|app_f_cache_top:U_APP_F_CACHE|cache_4way_structural_doc:U_CACHE_4WAY_STRUCTURAL_DOC|cache_age_way_doc:U_AGE_WAY2|mem_r[1][1]                                                       ;
; 6:1                ; 2 bits    ; 8 LEs         ; 2 LEs                ; 6 LEs                  ; Yes        ; |rtl_appendix_all_top|app_sh_microevm_top:U_APP_SH_MICRO_EVM|app_f_cache_top:U_DATA_CACHE_4WAY|cache_4way_structural_doc:U_CACHE_4WAY_STRUCTURAL_DOC|cache_age_way_doc:U_AGE_WAY0|mem_r[1][0]            ;
; 6:1                ; 2 bits    ; 8 LEs         ; 2 LEs                ; 6 LEs                  ; Yes        ; |rtl_appendix_all_top|app_sh_microevm_top:U_APP_SH_MICRO_EVM|app_f_cache_top:U_DATA_CACHE_4WAY|cache_4way_structural_doc:U_CACHE_4WAY_STRUCTURAL_DOC|cache_age_way_doc:U_AGE_WAY3|mem_r[1][1]            ;
; 6:1                ; 2 bits    ; 8 LEs         ; 2 LEs                ; 6 LEs                  ; Yes        ; |rtl_appendix_all_top|app_sh_microevm_top:U_APP_SH_MICRO_EVM|app_f_cache_top:U_DATA_CACHE_4WAY|cache_4way_structural_doc:U_CACHE_4WAY_STRUCTURAL_DOC|cache_age_way_doc:U_AGE_WAY1|mem_r[1][0]            ;
; 6:1                ; 2 bits    ; 8 LEs         ; 2 LEs                ; 6 LEs                  ; Yes        ; |rtl_appendix_all_top|app_sh_microevm_top:U_APP_SH_MICRO_EVM|app_f_cache_top:U_DATA_CACHE_4WAY|cache_4way_structural_doc:U_CACHE_4WAY_STRUCTURAL_DOC|cache_age_way_doc:U_AGE_WAY2|mem_r[1][1]            ;
; 6:1                ; 2 bits    ; 8 LEs         ; 2 LEs                ; 6 LEs                  ; Yes        ; |rtl_appendix_all_top|app_ts_cache_flags_top:U_APP_TS_CACHE_FLAGS|cache_age_way_doc:U_AGE_WAY3|mem_r[0][0]                                                                                               ;
; 6:1                ; 2 bits    ; 8 LEs         ; 2 LEs                ; 6 LEs                  ; Yes        ; |rtl_appendix_all_top|app_ts_cache_flags_top:U_APP_TS_CACHE_FLAGS|cache_age_way_doc:U_AGE_WAY2|mem_r[0][0]                                                                                               ;
; 6:1                ; 2 bits    ; 8 LEs         ; 2 LEs                ; 6 LEs                  ; Yes        ; |rtl_appendix_all_top|app_ts_cache_flags_top:U_APP_TS_CACHE_FLAGS|cache_age_way_doc:U_AGE_WAY1|mem_r[0][0]                                                                                               ;
; 6:1                ; 2 bits    ; 8 LEs         ; 2 LEs                ; 6 LEs                  ; Yes        ; |rtl_appendix_all_top|app_ts_cache_flags_top:U_APP_TS_CACHE_FLAGS|cache_age_way_doc:U_AGE_WAY0|mem_r[0][0]                                                                                               ;
; 6:1                ; 2 bits    ; 8 LEs         ; 2 LEs                ; 6 LEs                  ; Yes        ; |rtl_appendix_all_top|app_f_cache_top:U_APP_F_CACHE|cache_4way_structural_doc:U_CACHE_4WAY_STRUCTURAL_DOC|cache_age_way_doc:U_AGE_WAY0|mem_r[0][1]                                                       ;
; 6:1                ; 2 bits    ; 8 LEs         ; 2 LEs                ; 6 LEs                  ; Yes        ; |rtl_appendix_all_top|app_f_cache_top:U_APP_F_CACHE|cache_4way_structural_doc:U_CACHE_4WAY_STRUCTURAL_DOC|cache_age_way_doc:U_AGE_WAY3|mem_r[0][0]                                                       ;
; 6:1                ; 2 bits    ; 8 LEs         ; 2 LEs                ; 6 LEs                  ; Yes        ; |rtl_appendix_all_top|app_f_cache_top:U_APP_F_CACHE|cache_4way_structural_doc:U_CACHE_4WAY_STRUCTURAL_DOC|cache_age_way_doc:U_AGE_WAY1|mem_r[0][1]                                                       ;
; 6:1                ; 2 bits    ; 8 LEs         ; 2 LEs                ; 6 LEs                  ; Yes        ; |rtl_appendix_all_top|app_f_cache_top:U_APP_F_CACHE|cache_4way_structural_doc:U_CACHE_4WAY_STRUCTURAL_DOC|cache_age_way_doc:U_AGE_WAY2|mem_r[0][0]                                                       ;
; 6:1                ; 2 bits    ; 8 LEs         ; 2 LEs                ; 6 LEs                  ; Yes        ; |rtl_appendix_all_top|app_sh_microevm_top:U_APP_SH_MICRO_EVM|app_f_cache_top:U_DATA_CACHE_4WAY|cache_4way_structural_doc:U_CACHE_4WAY_STRUCTURAL_DOC|cache_age_way_doc:U_AGE_WAY0|mem_r[0][1]            ;
; 6:1                ; 2 bits    ; 8 LEs         ; 2 LEs                ; 6 LEs                  ; Yes        ; |rtl_appendix_all_top|app_sh_microevm_top:U_APP_SH_MICRO_EVM|app_f_cache_top:U_DATA_CACHE_4WAY|cache_4way_structural_doc:U_CACHE_4WAY_STRUCTURAL_DOC|cache_age_way_doc:U_AGE_WAY3|mem_r[0][1]            ;
; 6:1                ; 2 bits    ; 8 LEs         ; 2 LEs                ; 6 LEs                  ; Yes        ; |rtl_appendix_all_top|app_sh_microevm_top:U_APP_SH_MICRO_EVM|app_f_cache_top:U_DATA_CACHE_4WAY|cache_4way_structural_doc:U_CACHE_4WAY_STRUCTURAL_DOC|cache_age_way_doc:U_AGE_WAY1|mem_r[0][0]            ;
; 6:1                ; 2 bits    ; 8 LEs         ; 2 LEs                ; 6 LEs                  ; Yes        ; |rtl_appendix_all_top|app_sh_microevm_top:U_APP_SH_MICRO_EVM|app_f_cache_top:U_DATA_CACHE_4WAY|cache_4way_structural_doc:U_CACHE_4WAY_STRUCTURAL_DOC|cache_age_way_doc:U_AGE_WAY2|mem_r[0][0]            ;
; 6:1                ; 2 bits    ; 8 LEs         ; 4 LEs                ; 4 LEs                  ; Yes        ; |rtl_appendix_all_top|app_sh_microevm_top:U_APP_SH_MICRO_EVM|app_shch_branch_predictor_top:U_BRANCH_PREDICTOR_A4|rtl_doc_reg2:U_PHT_COUNTER_REG|q_r[0]                                                   ;
; 6:1                ; 2 bits    ; 8 LEs         ; 4 LEs                ; 4 LEs                  ; Yes        ; |rtl_appendix_all_top|app_shch_branch_predictor_top:U_APP_SHCH_BRANCH_PREDICTOR|rtl_doc_reg2:U_PHT_COUNTER_REG|q_r[0]                                                                                    ;
; 4:1                ; 3 bits    ; 6 LEs         ; 6 LEs                ; 0 LEs                  ; Yes        ; |rtl_appendix_all_top|app_t_stack_top:U_APP_T_STACK|rtl_doc_reg3:U_SP_UP_DOWN_COUNTER|q_r[0]                                                                                                             ;
; 4:1                ; 3 bits    ; 6 LEs         ; 6 LEs                ; 0 LEs                  ; Yes        ; |rtl_appendix_all_top|app_u_stack_exec_top:U_APP_U_STACK_EXEC|app_t_stack_top:U_STACK_DEVICE_7X16|rtl_doc_reg3:U_SP_UP_DOWN_COUNTER|q_r[0]                                                               ;
; 4:1                ; 16 bits   ; 32 LEs        ; 32 LEs               ; 0 LEs                  ; No         ; |rtl_appendix_all_top|app_l_alu_top:U_APP_L_ALU|rtl_doc_mux4_16:U_RESULT_MUX4|Mux0                                                                                                                       ;
; 3:1                ; 2 bits    ; 4 LEs         ; 4 LEs                ; 0 LEs                  ; No         ; |rtl_appendix_all_top|app_v_control_top:U_APP_V_CONTROL_UNIT|rtl_doc_control_matrix:U_CONTROL_MATRIX|control_o[7]                                                                                        ;
; 3:1                ; 2 bits    ; 4 LEs         ; 4 LEs                ; 0 LEs                  ; No         ; |rtl_appendix_all_top|app_e_common_ops_top:U_APP_E_COMMON_OPERATIONS|rtl_doc_control_matrix:U_COMMON_CONTROL_MATRIX|control_o[7]                                                                         ;
; 8:1                ; 16 bits   ; 80 LEs        ; 64 LEs               ; 16 LEs                 ; No         ; |rtl_appendix_all_top|app_t_stack_top:U_APP_T_STACK|rtl_doc_mux7_16:U_STACK_READ_MUX7|Mux5                                                                                                               ;
; 4:1                ; 16 bits   ; 32 LEs        ; 32 LEs               ; 0 LEs                  ; No         ; |rtl_appendix_all_top|app_h_cache_data_top:U_APP_H_CACHE_DATA|cache_hit_mux_doc:U_HIT_DATA_MUX4|data_o[1]                                                                                                ;
; 16:1               ; 36 bits   ; 360 LEs       ; 360 LEs              ; 0 LEs                  ; No         ; |rtl_appendix_all_top|app_sh_microevm_top:U_APP_SH_MICRO_EVM|app_f_cache_top:U_DATA_CACHE_4WAY|cache_4way_structural_doc:U_CACHE_4WAY_STRUCTURAL_DOC|cache_valid_way_doc:U_VALID_WAY1|Mux0               ;
; 16:1               ; 16 bits   ; 160 LEs       ; 128 LEs              ; 32 LEs                 ; No         ; |rtl_appendix_all_top|app_d_reg_file_top:U_APP_D_RON|rtl_doc_mux12_16:U_READ_PORT_A_MUX12|Mux14                                                                                                          ;
; 16:1               ; 16 bits   ; 160 LEs       ; 128 LEs              ; 32 LEs                 ; No         ; |rtl_appendix_all_top|app_d_reg_file_top:U_APP_D_RON|rtl_doc_mux12_16:U_READ_PORT_B_MUX12|Mux10                                                                                                          ;
; 7:1                ; 4 bits    ; 16 LEs        ; 16 LEs               ; 0 LEs                  ; No         ; |rtl_appendix_all_top|app_sh_microevm_top:U_APP_SH_MICRO_EVM|app_f_cache_top:U_DATA_CACHE_4WAY|cache_4way_structural_doc:U_CACHE_4WAY_STRUCTURAL_DOC|cache_control_doc:U_CACHE_CONTROL|way_we_o[1]       ;
; 7:1                ; 4 bits    ; 16 LEs        ; 16 LEs               ; 0 LEs                  ; No         ; |rtl_appendix_all_top|app_f_cache_top:U_APP_F_CACHE|cache_4way_structural_doc:U_CACHE_4WAY_STRUCTURAL_DOC|cache_control_doc:U_CACHE_CONTROL|way_we_o[1]                                                  ;
; 5:1                ; 16 bits   ; 48 LEs        ; 48 LEs               ; 0 LEs                  ; No         ; |rtl_appendix_all_top|app_f_cache_top:U_APP_F_CACHE|cache_4way_structural_doc:U_CACHE_4WAY_STRUCTURAL_DOC|cpu_rdata_o[5]                                                                                 ;
; 5:1                ; 16 bits   ; 48 LEs        ; 48 LEs               ; 0 LEs                  ; No         ; |rtl_appendix_all_top|app_sh_microevm_top:U_APP_SH_MICRO_EVM|app_f_cache_top:U_DATA_CACHE_4WAY|cache_4way_structural_doc:U_CACHE_4WAY_STRUCTURAL_DOC|cpu_rdata_o[9]                                      ;
; 7:1                ; 2 bits    ; 8 LEs         ; 8 LEs                ; 0 LEs                  ; No         ; |rtl_appendix_all_top|app_ts_cache_flags_top:U_APP_TS_CACHE_FLAGS|cache_victim_select_doc:U_VICTIM_SELECT_INVALID_OR_MAX_AGE|onehot_o[3]                                                                 ;
; 7:1                ; 2 bits    ; 8 LEs         ; 8 LEs                ; 0 LEs                  ; No         ; |rtl_appendix_all_top|app_f_cache_top:U_APP_F_CACHE|cache_4way_structural_doc:U_CACHE_4WAY_STRUCTURAL_DOC|cache_victim_select_doc:U_VICTIM_SELECT|onehot_o[3]                                            ;
; 7:1                ; 2 bits    ; 8 LEs         ; 8 LEs                ; 0 LEs                  ; No         ; |rtl_appendix_all_top|app_sh_microevm_top:U_APP_SH_MICRO_EVM|app_f_cache_top:U_DATA_CACHE_4WAY|cache_4way_structural_doc:U_CACHE_4WAY_STRUCTURAL_DOC|cache_victim_select_doc:U_VICTIM_SELECT|onehot_o[0] ;
; 6:1                ; 2 bits    ; 8 LEs         ; 6 LEs                ; 2 LEs                  ; No         ; |rtl_appendix_all_top|app_sh_microevm_top:U_APP_SH_MICRO_EVM|app_f_cache_top:U_DATA_CACHE_4WAY|cache_4way_structural_doc:U_CACHE_4WAY_STRUCTURAL_DOC|cache_control_doc:U_CACHE_CONTROL|state_r           ;
; 6:1                ; 2 bits    ; 8 LEs         ; 6 LEs                ; 2 LEs                  ; No         ; |rtl_appendix_all_top|app_f_cache_top:U_APP_F_CACHE|cache_4way_structural_doc:U_CACHE_4WAY_STRUCTURAL_DOC|cache_control_doc:U_CACHE_CONTROL|state_r                                                      ;
+--------------------+-----------+---------------+----------------------+------------------------+------------+----------------------------------------------------------------------------------------------------------------------------------------------------------------------------------------------------------+


+-----------------------------------------------------------------------------------------------+
; Source assignments for app_a_command_system_top:U_APP_A_COMMAND_SYSTEM|rtl_doc_reg16:U_PC_REG ;
+-------------------+-------+------+------------------------------------------------------------+
; Assignment        ; Value ; From ; To                                                         ;
+-------------------+-------+------+------------------------------------------------------------+
; PRESERVE_REGISTER ; on    ; -    ; q_r[0]                                                     ;
; PRESERVE_REGISTER ; on    ; -    ; q_r[1]                                                     ;
; PRESERVE_REGISTER ; on    ; -    ; q_r[2]                                                     ;
; PRESERVE_REGISTER ; on    ; -    ; q_r[3]                                                     ;
; PRESERVE_REGISTER ; on    ; -    ; q_r[4]                                                     ;
; PRESERVE_REGISTER ; on    ; -    ; q_r[5]                                                     ;
; PRESERVE_REGISTER ; on    ; -    ; q_r[6]                                                     ;
; PRESERVE_REGISTER ; on    ; -    ; q_r[7]                                                     ;
; PRESERVE_REGISTER ; on    ; -    ; q_r[8]                                                     ;
; PRESERVE_REGISTER ; on    ; -    ; q_r[9]                                                     ;
; PRESERVE_REGISTER ; on    ; -    ; q_r[10]                                                    ;
; PRESERVE_REGISTER ; on    ; -    ; q_r[11]                                                    ;
; PRESERVE_REGISTER ; on    ; -    ; q_r[12]                                                    ;
; PRESERVE_REGISTER ; on    ; -    ; q_r[13]                                                    ;
; PRESERVE_REGISTER ; on    ; -    ; q_r[14]                                                    ;
; PRESERVE_REGISTER ; on    ; -    ; q_r[15]                                                    ;
+-------------------+-------+------+------------------------------------------------------------+


+-----------------------------------------------------------------------------------------------------------+
; Source assignments for app_a_command_system_top:U_APP_A_COMMAND_SYSTEM|rtl_doc_reg16:U_IR_WORD0_OPCODE_RN ;
+-------------------+-------+------+------------------------------------------------------------------------+
; Assignment        ; Value ; From ; To                                                                     ;
+-------------------+-------+------+------------------------------------------------------------------------+
; PRESERVE_REGISTER ; on    ; -    ; q_r[0]                                                                 ;
; PRESERVE_REGISTER ; on    ; -    ; q_r[1]                                                                 ;
; PRESERVE_REGISTER ; on    ; -    ; q_r[2]                                                                 ;
; PRESERVE_REGISTER ; on    ; -    ; q_r[3]                                                                 ;
; PRESERVE_REGISTER ; on    ; -    ; q_r[4]                                                                 ;
; PRESERVE_REGISTER ; on    ; -    ; q_r[5]                                                                 ;
; PRESERVE_REGISTER ; on    ; -    ; q_r[6]                                                                 ;
; PRESERVE_REGISTER ; on    ; -    ; q_r[7]                                                                 ;
; PRESERVE_REGISTER ; on    ; -    ; q_r[8]                                                                 ;
; PRESERVE_REGISTER ; on    ; -    ; q_r[9]                                                                 ;
; PRESERVE_REGISTER ; on    ; -    ; q_r[10]                                                                ;
; PRESERVE_REGISTER ; on    ; -    ; q_r[11]                                                                ;
; PRESERVE_REGISTER ; on    ; -    ; q_r[12]                                                                ;
; PRESERVE_REGISTER ; on    ; -    ; q_r[13]                                                                ;
; PRESERVE_REGISTER ; on    ; -    ; q_r[14]                                                                ;
; PRESERVE_REGISTER ; on    ; -    ; q_r[15]                                                                ;
+-------------------+-------+------+------------------------------------------------------------------------+


+----------------------------------------------------------------------------------------------------------+
; Source assignments for app_a_command_system_top:U_APP_A_COMMAND_SYSTEM|rtl_doc_reg16:U_IR_WORD1_ADDR_IMM ;
+-------------------+-------+------+-----------------------------------------------------------------------+
; Assignment        ; Value ; From ; To                                                                    ;
+-------------------+-------+------+-----------------------------------------------------------------------+
; PRESERVE_REGISTER ; on    ; -    ; q_r[0]                                                                ;
; PRESERVE_REGISTER ; on    ; -    ; q_r[1]                                                                ;
; PRESERVE_REGISTER ; on    ; -    ; q_r[2]                                                                ;
; PRESERVE_REGISTER ; on    ; -    ; q_r[3]                                                                ;
; PRESERVE_REGISTER ; on    ; -    ; q_r[4]                                                                ;
; PRESERVE_REGISTER ; on    ; -    ; q_r[5]                                                                ;
; PRESERVE_REGISTER ; on    ; -    ; q_r[6]                                                                ;
; PRESERVE_REGISTER ; on    ; -    ; q_r[7]                                                                ;
; PRESERVE_REGISTER ; on    ; -    ; q_r[8]                                                                ;
; PRESERVE_REGISTER ; on    ; -    ; q_r[9]                                                                ;
; PRESERVE_REGISTER ; on    ; -    ; q_r[10]                                                               ;
; PRESERVE_REGISTER ; on    ; -    ; q_r[11]                                                               ;
; PRESERVE_REGISTER ; on    ; -    ; q_r[12]                                                               ;
; PRESERVE_REGISTER ; on    ; -    ; q_r[13]                                                               ;
; PRESERVE_REGISTER ; on    ; -    ; q_r[14]                                                               ;
; PRESERVE_REGISTER ; on    ; -    ; q_r[15]                                                               ;
+-------------------+-------+------+-----------------------------------------------------------------------+


+-------------------------------------------------------------------------------------------+
; Source assignments for app_b_memory_top:U_APP_B_MEMORY|rtl_doc_ram16x16:U_DATA_RAM_256X16 ;
+-------------------+-------+------+--------------------------------------------------------+
; Assignment        ; Value ; From ; To                                                     ;
+-------------------+-------+------+--------------------------------------------------------+
; PRESERVE_REGISTER ; on    ; -    ; mem_r                                                  ;
+-------------------+-------+------+--------------------------------------------------------+


+---------------------------------------------------------------------------------------------+
; Source assignments for app_b_memory_top:U_APP_B_MEMORY|rtl_doc_dma3word:U_DMA_3_WORDS_AT_0A ;
+-------------------+-------+------+----------------------------------------------------------+
; Assignment        ; Value ; From ; To                                                       ;
+-------------------+-------+------+----------------------------------------------------------+
; PRESERVE_REGISTER ; on    ; -    ; busy_r                                                   ;
; PRESERVE_REGISTER ; on    ; -    ; idx_r[0]                                                 ;
; PRESERVE_REGISTER ; on    ; -    ; idx_r[1]                                                 ;
+-------------------+-------+------+----------------------------------------------------------+


+----------------------------------------------------------------------------------------------+
; Source assignments for app_v_control_top:U_APP_V_CONTROL_UNIT|rtl_doc_reg8:U_OPCODE_REGISTER ;
+-------------------+-------+------+-----------------------------------------------------------+
; Assignment        ; Value ; From ; To                                                        ;
+-------------------+-------+------+-----------------------------------------------------------+
; PRESERVE_REGISTER ; on    ; -    ; q_r[0]                                                    ;
; PRESERVE_REGISTER ; on    ; -    ; q_r[1]                                                    ;
; PRESERVE_REGISTER ; on    ; -    ; q_r[2]                                                    ;
; PRESERVE_REGISTER ; on    ; -    ; q_r[3]                                                    ;
; PRESERVE_REGISTER ; on    ; -    ; q_r[4]                                                    ;
; PRESERVE_REGISTER ; on    ; -    ; q_r[5]                                                    ;
; PRESERVE_REGISTER ; on    ; -    ; q_r[6]                                                    ;
; PRESERVE_REGISTER ; on    ; -    ; q_r[7]                                                    ;
+-------------------+-------+------+-----------------------------------------------------------+


+---------------------------------------------------------------------------------------------+
; Source assignments for app_v_control_top:U_APP_V_CONTROL_UNIT|rtl_doc_reg4:U_STATE_REGISTER ;
+-------------------+-------+------+----------------------------------------------------------+
; Assignment        ; Value ; From ; To                                                       ;
+-------------------+-------+------+----------------------------------------------------------+
; PRESERVE_REGISTER ; on    ; -    ; q_r[0]                                                   ;
; PRESERVE_REGISTER ; on    ; -    ; q_r[1]                                                   ;
; PRESERVE_REGISTER ; on    ; -    ; q_r[2]                                                   ;
; PRESERVE_REGISTER ; on    ; -    ; q_r[3]                                                   ;
+-------------------+-------+------+----------------------------------------------------------+


+----------------------------------------------------------------------------------------------------------+
; Source assignments for app_g_special_registers_top:U_APP_G_SPECIAL_REGISTERS|rtl_doc_reg16:U_PC_REGISTER ;
+-------------------+-------+------+-----------------------------------------------------------------------+
; Assignment        ; Value ; From ; To                                                                    ;
+-------------------+-------+------+-----------------------------------------------------------------------+
; PRESERVE_REGISTER ; on    ; -    ; q_r[0]                                                                ;
; PRESERVE_REGISTER ; on    ; -    ; q_r[1]                                                                ;
; PRESERVE_REGISTER ; on    ; -    ; q_r[2]                                                                ;
; PRESERVE_REGISTER ; on    ; -    ; q_r[3]                                                                ;
; PRESERVE_REGISTER ; on    ; -    ; q_r[4]                                                                ;
; PRESERVE_REGISTER ; on    ; -    ; q_r[5]                                                                ;
; PRESERVE_REGISTER ; on    ; -    ; q_r[6]                                                                ;
; PRESERVE_REGISTER ; on    ; -    ; q_r[7]                                                                ;
; PRESERVE_REGISTER ; on    ; -    ; q_r[8]                                                                ;
; PRESERVE_REGISTER ; on    ; -    ; q_r[9]                                                                ;
; PRESERVE_REGISTER ; on    ; -    ; q_r[10]                                                               ;
; PRESERVE_REGISTER ; on    ; -    ; q_r[11]                                                               ;
; PRESERVE_REGISTER ; on    ; -    ; q_r[12]                                                               ;
; PRESERVE_REGISTER ; on    ; -    ; q_r[13]                                                               ;
; PRESERVE_REGISTER ; on    ; -    ; q_r[14]                                                               ;
; PRESERVE_REGISTER ; on    ; -    ; q_r[15]                                                               ;
+-------------------+-------+------+-----------------------------------------------------------------------+


+-----------------------------------------------------------------------------------------------------------+
; Source assignments for app_g_special_registers_top:U_APP_G_SPECIAL_REGISTERS|rtl_doc_reg16:U_IR0_REGISTER ;
+-------------------+-------+------+------------------------------------------------------------------------+
; Assignment        ; Value ; From ; To                                                                     ;
+-------------------+-------+------+------------------------------------------------------------------------+
; PRESERVE_REGISTER ; on    ; -    ; q_r[0]                                                                 ;
; PRESERVE_REGISTER ; on    ; -    ; q_r[1]                                                                 ;
; PRESERVE_REGISTER ; on    ; -    ; q_r[2]                                                                 ;
; PRESERVE_REGISTER ; on    ; -    ; q_r[3]                                                                 ;
; PRESERVE_REGISTER ; on    ; -    ; q_r[4]                                                                 ;
; PRESERVE_REGISTER ; on    ; -    ; q_r[5]                                                                 ;
; PRESERVE_REGISTER ; on    ; -    ; q_r[6]                                                                 ;
; PRESERVE_REGISTER ; on    ; -    ; q_r[7]                                                                 ;
; PRESERVE_REGISTER ; on    ; -    ; q_r[8]                                                                 ;
; PRESERVE_REGISTER ; on    ; -    ; q_r[9]                                                                 ;
; PRESERVE_REGISTER ; on    ; -    ; q_r[10]                                                                ;
; PRESERVE_REGISTER ; on    ; -    ; q_r[11]                                                                ;
; PRESERVE_REGISTER ; on    ; -    ; q_r[12]                                                                ;
; PRESERVE_REGISTER ; on    ; -    ; q_r[13]                                                                ;
; PRESERVE_REGISTER ; on    ; -    ; q_r[14]                                                                ;
; PRESERVE_REGISTER ; on    ; -    ; q_r[15]                                                                ;
+-------------------+-------+------+------------------------------------------------------------------------+


+-----------------------------------------------------------------------------------------------------------+
; Source assignments for app_g_special_registers_top:U_APP_G_SPECIAL_REGISTERS|rtl_doc_reg16:U_IR1_REGISTER ;
+-------------------+-------+------+------------------------------------------------------------------------+
; Assignment        ; Value ; From ; To                                                                     ;
+-------------------+-------+------+------------------------------------------------------------------------+
; PRESERVE_REGISTER ; on    ; -    ; q_r[0]                                                                 ;
; PRESERVE_REGISTER ; on    ; -    ; q_r[1]                                                                 ;
; PRESERVE_REGISTER ; on    ; -    ; q_r[2]                                                                 ;
; PRESERVE_REGISTER ; on    ; -    ; q_r[3]                                                                 ;
; PRESERVE_REGISTER ; on    ; -    ; q_r[4]                                                                 ;
; PRESERVE_REGISTER ; on    ; -    ; q_r[5]                                                                 ;
; PRESERVE_REGISTER ; on    ; -    ; q_r[6]                                                                 ;
; PRESERVE_REGISTER ; on    ; -    ; q_r[7]                                                                 ;
; PRESERVE_REGISTER ; on    ; -    ; q_r[8]                                                                 ;
; PRESERVE_REGISTER ; on    ; -    ; q_r[9]                                                                 ;
; PRESERVE_REGISTER ; on    ; -    ; q_r[10]                                                                ;
; PRESERVE_REGISTER ; on    ; -    ; q_r[11]                                                                ;
; PRESERVE_REGISTER ; on    ; -    ; q_r[12]                                                                ;
; PRESERVE_REGISTER ; on    ; -    ; q_r[13]                                                                ;
; PRESERVE_REGISTER ; on    ; -    ; q_r[14]                                                                ;
; PRESERVE_REGISTER ; on    ; -    ; q_r[15]                                                                ;
+-------------------+-------+------+------------------------------------------------------------------------+


+-------------------------------------------------------------------------------------------------------+
; Source assignments for app_g_special_registers_top:U_APP_G_SPECIAL_REGISTERS|rtl_doc_reg4:U_FLAGS_REG ;
+-------------------+-------+------+--------------------------------------------------------------------+
; Assignment        ; Value ; From ; To                                                                 ;
+-------------------+-------+------+--------------------------------------------------------------------+
; PRESERVE_REGISTER ; on    ; -    ; q_r[0]                                                             ;
; PRESERVE_REGISTER ; on    ; -    ; q_r[1]                                                             ;
; PRESERVE_REGISTER ; on    ; -    ; q_r[2]                                                             ;
; PRESERVE_REGISTER ; on    ; -    ; q_r[3]                                                             ;
+-------------------+-------+------+--------------------------------------------------------------------+


+-------------------------------------------------------------------------------------------------------+
; Source assignments for app_g_special_registers_top:U_APP_G_SPECIAL_REGISTERS|rtl_doc_reg3:U_STACK_PTR ;
+-------------------+-------+------+--------------------------------------------------------------------+
; Assignment        ; Value ; From ; To                                                                 ;
+-------------------+-------+------+--------------------------------------------------------------------+
; PRESERVE_REGISTER ; on    ; -    ; q_r[0]                                                             ;
; PRESERVE_REGISTER ; on    ; -    ; q_r[1]                                                             ;
; PRESERVE_REGISTER ; on    ; -    ; q_r[2]                                                             ;
+-------------------+-------+------+--------------------------------------------------------------------+


+-------------------------------------------------------------------------------------------------------+
; Source assignments for app_g_special_registers_top:U_APP_G_SPECIAL_REGISTERS|rtl_doc_reg4:U_STATE_REG ;
+-------------------+-------+------+--------------------------------------------------------------------+
; Assignment        ; Value ; From ; To                                                                 ;
+-------------------+-------+------+--------------------------------------------------------------------+
; PRESERVE_REGISTER ; on    ; -    ; q_r[0]                                                             ;
; PRESERVE_REGISTER ; on    ; -    ; q_r[1]                                                             ;
; PRESERVE_REGISTER ; on    ; -    ; q_r[2]                                                             ;
; PRESERVE_REGISTER ; on    ; -    ; q_r[3]                                                             ;
+-------------------+-------+------+--------------------------------------------------------------------+


+--------------------------------------------------------------------------------------------------------+
; Source assignments for app_g_special_registers_top:U_APP_G_SPECIAL_REGISTERS|rtl_doc_reg2:U_BP_GHR_REG ;
+-------------------+-------+------+---------------------------------------------------------------------+
; Assignment        ; Value ; From ; To                                                                  ;
+-------------------+-------+------+---------------------------------------------------------------------+
; PRESERVE_REGISTER ; on    ; -    ; q_r[0]                                                              ;
; PRESERVE_REGISTER ; on    ; -    ; q_r[1]                                                              ;
+-------------------+-------+------+---------------------------------------------------------------------+


+----------------------------------------------------------------------------+
; Source assignments for app_d_reg_file_top:U_APP_D_RON|rtl_doc_reg16:U_RON0 ;
+-------------------+-------+------+-----------------------------------------+
; Assignment        ; Value ; From ; To                                      ;
+-------------------+-------+------+-----------------------------------------+
; PRESERVE_REGISTER ; on    ; -    ; q_r[0]                                  ;
; PRESERVE_REGISTER ; on    ; -    ; q_r[1]                                  ;
; PRESERVE_REGISTER ; on    ; -    ; q_r[2]                                  ;
; PRESERVE_REGISTER ; on    ; -    ; q_r[3]                                  ;
; PRESERVE_REGISTER ; on    ; -    ; q_r[4]                                  ;
; PRESERVE_REGISTER ; on    ; -    ; q_r[5]                                  ;
; PRESERVE_REGISTER ; on    ; -    ; q_r[6]                                  ;
; PRESERVE_REGISTER ; on    ; -    ; q_r[7]                                  ;
; PRESERVE_REGISTER ; on    ; -    ; q_r[8]                                  ;
; PRESERVE_REGISTER ; on    ; -    ; q_r[9]                                  ;
; PRESERVE_REGISTER ; on    ; -    ; q_r[10]                                 ;
; PRESERVE_REGISTER ; on    ; -    ; q_r[11]                                 ;
; PRESERVE_REGISTER ; on    ; -    ; q_r[12]                                 ;
; PRESERVE_REGISTER ; on    ; -    ; q_r[13]                                 ;
; PRESERVE_REGISTER ; on    ; -    ; q_r[14]                                 ;
; PRESERVE_REGISTER ; on    ; -    ; q_r[15]                                 ;
+-------------------+-------+------+-----------------------------------------+


+----------------------------------------------------------------------------+
; Source assignments for app_d_reg_file_top:U_APP_D_RON|rtl_doc_reg16:U_RON1 ;
+-------------------+-------+------+-----------------------------------------+
; Assignment        ; Value ; From ; To                                      ;
+-------------------+-------+------+-----------------------------------------+
; PRESERVE_REGISTER ; on    ; -    ; q_r[0]                                  ;
; PRESERVE_REGISTER ; on    ; -    ; q_r[1]                                  ;
; PRESERVE_REGISTER ; on    ; -    ; q_r[2]                                  ;
; PRESERVE_REGISTER ; on    ; -    ; q_r[3]                                  ;
; PRESERVE_REGISTER ; on    ; -    ; q_r[4]                                  ;
; PRESERVE_REGISTER ; on    ; -    ; q_r[5]                                  ;
; PRESERVE_REGISTER ; on    ; -    ; q_r[6]                                  ;
; PRESERVE_REGISTER ; on    ; -    ; q_r[7]                                  ;
; PRESERVE_REGISTER ; on    ; -    ; q_r[8]                                  ;
; PRESERVE_REGISTER ; on    ; -    ; q_r[9]                                  ;
; PRESERVE_REGISTER ; on    ; -    ; q_r[10]                                 ;
; PRESERVE_REGISTER ; on    ; -    ; q_r[11]                                 ;
; PRESERVE_REGISTER ; on    ; -    ; q_r[12]                                 ;
; PRESERVE_REGISTER ; on    ; -    ; q_r[13]                                 ;
; PRESERVE_REGISTER ; on    ; -    ; q_r[14]                                 ;
; PRESERVE_REGISTER ; on    ; -    ; q_r[15]                                 ;
+-------------------+-------+------+-----------------------------------------+


+----------------------------------------------------------------------------+
; Source assignments for app_d_reg_file_top:U_APP_D_RON|rtl_doc_reg16:U_RON2 ;
+-------------------+-------+------+-----------------------------------------+
; Assignment        ; Value ; From ; To                                      ;
+-------------------+-------+------+-----------------------------------------+
; PRESERVE_REGISTER ; on    ; -    ; q_r[0]                                  ;
; PRESERVE_REGISTER ; on    ; -    ; q_r[1]                                  ;
; PRESERVE_REGISTER ; on    ; -    ; q_r[2]                                  ;
; PRESERVE_REGISTER ; on    ; -    ; q_r[3]                                  ;
; PRESERVE_REGISTER ; on    ; -    ; q_r[4]                                  ;
; PRESERVE_REGISTER ; on    ; -    ; q_r[5]                                  ;
; PRESERVE_REGISTER ; on    ; -    ; q_r[6]                                  ;
; PRESERVE_REGISTER ; on    ; -    ; q_r[7]                                  ;
; PRESERVE_REGISTER ; on    ; -    ; q_r[8]                                  ;
; PRESERVE_REGISTER ; on    ; -    ; q_r[9]                                  ;
; PRESERVE_REGISTER ; on    ; -    ; q_r[10]                                 ;
; PRESERVE_REGISTER ; on    ; -    ; q_r[11]                                 ;
; PRESERVE_REGISTER ; on    ; -    ; q_r[12]                                 ;
; PRESERVE_REGISTER ; on    ; -    ; q_r[13]                                 ;
; PRESERVE_REGISTER ; on    ; -    ; q_r[14]                                 ;
; PRESERVE_REGISTER ; on    ; -    ; q_r[15]                                 ;
+-------------------+-------+------+-----------------------------------------+


+----------------------------------------------------------------------------+
; Source assignments for app_d_reg_file_top:U_APP_D_RON|rtl_doc_reg16:U_RON3 ;
+-------------------+-------+------+-----------------------------------------+
; Assignment        ; Value ; From ; To                                      ;
+-------------------+-------+------+-----------------------------------------+
; PRESERVE_REGISTER ; on    ; -    ; q_r[0]                                  ;
; PRESERVE_REGISTER ; on    ; -    ; q_r[1]                                  ;
; PRESERVE_REGISTER ; on    ; -    ; q_r[2]                                  ;
; PRESERVE_REGISTER ; on    ; -    ; q_r[3]                                  ;
; PRESERVE_REGISTER ; on    ; -    ; q_r[4]                                  ;
; PRESERVE_REGISTER ; on    ; -    ; q_r[5]                                  ;
; PRESERVE_REGISTER ; on    ; -    ; q_r[6]                                  ;
; PRESERVE_REGISTER ; on    ; -    ; q_r[7]                                  ;
; PRESERVE_REGISTER ; on    ; -    ; q_r[8]                                  ;
; PRESERVE_REGISTER ; on    ; -    ; q_r[9]                                  ;
; PRESERVE_REGISTER ; on    ; -    ; q_r[10]                                 ;
; PRESERVE_REGISTER ; on    ; -    ; q_r[11]                                 ;
; PRESERVE_REGISTER ; on    ; -    ; q_r[12]                                 ;
; PRESERVE_REGISTER ; on    ; -    ; q_r[13]                                 ;
; PRESERVE_REGISTER ; on    ; -    ; q_r[14]                                 ;
; PRESERVE_REGISTER ; on    ; -    ; q_r[15]                                 ;
+-------------------+-------+------+-----------------------------------------+


+----------------------------------------------------------------------------+
; Source assignments for app_d_reg_file_top:U_APP_D_RON|rtl_doc_reg16:U_RON4 ;
+-------------------+-------+------+-----------------------------------------+
; Assignment        ; Value ; From ; To                                      ;
+-------------------+-------+------+-----------------------------------------+
; PRESERVE_REGISTER ; on    ; -    ; q_r[0]                                  ;
; PRESERVE_REGISTER ; on    ; -    ; q_r[1]                                  ;
; PRESERVE_REGISTER ; on    ; -    ; q_r[2]                                  ;
; PRESERVE_REGISTER ; on    ; -    ; q_r[3]                                  ;
; PRESERVE_REGISTER ; on    ; -    ; q_r[4]                                  ;
; PRESERVE_REGISTER ; on    ; -    ; q_r[5]                                  ;
; PRESERVE_REGISTER ; on    ; -    ; q_r[6]                                  ;
; PRESERVE_REGISTER ; on    ; -    ; q_r[7]                                  ;
; PRESERVE_REGISTER ; on    ; -    ; q_r[8]                                  ;
; PRESERVE_REGISTER ; on    ; -    ; q_r[9]                                  ;
; PRESERVE_REGISTER ; on    ; -    ; q_r[10]                                 ;
; PRESERVE_REGISTER ; on    ; -    ; q_r[11]                                 ;
; PRESERVE_REGISTER ; on    ; -    ; q_r[12]                                 ;
; PRESERVE_REGISTER ; on    ; -    ; q_r[13]                                 ;
; PRESERVE_REGISTER ; on    ; -    ; q_r[14]                                 ;
; PRESERVE_REGISTER ; on    ; -    ; q_r[15]                                 ;
+-------------------+-------+------+-----------------------------------------+


+----------------------------------------------------------------------------+
; Source assignments for app_d_reg_file_top:U_APP_D_RON|rtl_doc_reg16:U_RON5 ;
+-------------------+-------+------+-----------------------------------------+
; Assignment        ; Value ; From ; To                                      ;
+-------------------+-------+------+-----------------------------------------+
; PRESERVE_REGISTER ; on    ; -    ; q_r[0]                                  ;
; PRESERVE_REGISTER ; on    ; -    ; q_r[1]                                  ;
; PRESERVE_REGISTER ; on    ; -    ; q_r[2]                                  ;
; PRESERVE_REGISTER ; on    ; -    ; q_r[3]                                  ;
; PRESERVE_REGISTER ; on    ; -    ; q_r[4]                                  ;
; PRESERVE_REGISTER ; on    ; -    ; q_r[5]                                  ;
; PRESERVE_REGISTER ; on    ; -    ; q_r[6]                                  ;
; PRESERVE_REGISTER ; on    ; -    ; q_r[7]                                  ;
; PRESERVE_REGISTER ; on    ; -    ; q_r[8]                                  ;
; PRESERVE_REGISTER ; on    ; -    ; q_r[9]                                  ;
; PRESERVE_REGISTER ; on    ; -    ; q_r[10]                                 ;
; PRESERVE_REGISTER ; on    ; -    ; q_r[11]                                 ;
; PRESERVE_REGISTER ; on    ; -    ; q_r[12]                                 ;
; PRESERVE_REGISTER ; on    ; -    ; q_r[13]                                 ;
; PRESERVE_REGISTER ; on    ; -    ; q_r[14]                                 ;
; PRESERVE_REGISTER ; on    ; -    ; q_r[15]                                 ;
+-------------------+-------+------+-----------------------------------------+


+----------------------------------------------------------------------------+
; Source assignments for app_d_reg_file_top:U_APP_D_RON|rtl_doc_reg16:U_RON6 ;
+-------------------+-------+------+-----------------------------------------+
; Assignment        ; Value ; From ; To                                      ;
+-------------------+-------+------+-----------------------------------------+
; PRESERVE_REGISTER ; on    ; -    ; q_r[0]                                  ;
; PRESERVE_REGISTER ; on    ; -    ; q_r[1]                                  ;
; PRESERVE_REGISTER ; on    ; -    ; q_r[2]                                  ;
; PRESERVE_REGISTER ; on    ; -    ; q_r[3]                                  ;
; PRESERVE_REGISTER ; on    ; -    ; q_r[4]                                  ;
; PRESERVE_REGISTER ; on    ; -    ; q_r[5]                                  ;
; PRESERVE_REGISTER ; on    ; -    ; q_r[6]                                  ;
; PRESERVE_REGISTER ; on    ; -    ; q_r[7]                                  ;
; PRESERVE_REGISTER ; on    ; -    ; q_r[8]                                  ;
; PRESERVE_REGISTER ; on    ; -    ; q_r[9]                                  ;
; PRESERVE_REGISTER ; on    ; -    ; q_r[10]                                 ;
; PRESERVE_REGISTER ; on    ; -    ; q_r[11]                                 ;
; PRESERVE_REGISTER ; on    ; -    ; q_r[12]                                 ;
; PRESERVE_REGISTER ; on    ; -    ; q_r[13]                                 ;
; PRESERVE_REGISTER ; on    ; -    ; q_r[14]                                 ;
; PRESERVE_REGISTER ; on    ; -    ; q_r[15]                                 ;
+-------------------+-------+------+-----------------------------------------+


+----------------------------------------------------------------------------+
; Source assignments for app_d_reg_file_top:U_APP_D_RON|rtl_doc_reg16:U_RON7 ;
+-------------------+-------+------+-----------------------------------------+
; Assignment        ; Value ; From ; To                                      ;
+-------------------+-------+------+-----------------------------------------+
; PRESERVE_REGISTER ; on    ; -    ; q_r[0]                                  ;
; PRESERVE_REGISTER ; on    ; -    ; q_r[1]                                  ;
; PRESERVE_REGISTER ; on    ; -    ; q_r[2]                                  ;
; PRESERVE_REGISTER ; on    ; -    ; q_r[3]                                  ;
; PRESERVE_REGISTER ; on    ; -    ; q_r[4]                                  ;
; PRESERVE_REGISTER ; on    ; -    ; q_r[5]                                  ;
; PRESERVE_REGISTER ; on    ; -    ; q_r[6]                                  ;
; PRESERVE_REGISTER ; on    ; -    ; q_r[7]                                  ;
; PRESERVE_REGISTER ; on    ; -    ; q_r[8]                                  ;
; PRESERVE_REGISTER ; on    ; -    ; q_r[9]                                  ;
; PRESERVE_REGISTER ; on    ; -    ; q_r[10]                                 ;
; PRESERVE_REGISTER ; on    ; -    ; q_r[11]                                 ;
; PRESERVE_REGISTER ; on    ; -    ; q_r[12]                                 ;
; PRESERVE_REGISTER ; on    ; -    ; q_r[13]                                 ;
; PRESERVE_REGISTER ; on    ; -    ; q_r[14]                                 ;
; PRESERVE_REGISTER ; on    ; -    ; q_r[15]                                 ;
+-------------------+-------+------+-----------------------------------------+


+----------------------------------------------------------------------------+
; Source assignments for app_d_reg_file_top:U_APP_D_RON|rtl_doc_reg16:U_RON8 ;
+-------------------+-------+------+-----------------------------------------+
; Assignment        ; Value ; From ; To                                      ;
+-------------------+-------+------+-----------------------------------------+
; PRESERVE_REGISTER ; on    ; -    ; q_r[0]                                  ;
; PRESERVE_REGISTER ; on    ; -    ; q_r[1]                                  ;
; PRESERVE_REGISTER ; on    ; -    ; q_r[2]                                  ;
; PRESERVE_REGISTER ; on    ; -    ; q_r[3]                                  ;
; PRESERVE_REGISTER ; on    ; -    ; q_r[4]                                  ;
; PRESERVE_REGISTER ; on    ; -    ; q_r[5]                                  ;
; PRESERVE_REGISTER ; on    ; -    ; q_r[6]                                  ;
; PRESERVE_REGISTER ; on    ; -    ; q_r[7]                                  ;
; PRESERVE_REGISTER ; on    ; -    ; q_r[8]                                  ;
; PRESERVE_REGISTER ; on    ; -    ; q_r[9]                                  ;
; PRESERVE_REGISTER ; on    ; -    ; q_r[10]                                 ;
; PRESERVE_REGISTER ; on    ; -    ; q_r[11]                                 ;
; PRESERVE_REGISTER ; on    ; -    ; q_r[12]                                 ;
; PRESERVE_REGISTER ; on    ; -    ; q_r[13]                                 ;
; PRESERVE_REGISTER ; on    ; -    ; q_r[14]                                 ;
; PRESERVE_REGISTER ; on    ; -    ; q_r[15]                                 ;
+-------------------+-------+------+-----------------------------------------+


+----------------------------------------------------------------------------+
; Source assignments for app_d_reg_file_top:U_APP_D_RON|rtl_doc_reg16:U_RON9 ;
+-------------------+-------+------+-----------------------------------------+
; Assignment        ; Value ; From ; To                                      ;
+-------------------+-------+------+-----------------------------------------+
; PRESERVE_REGISTER ; on    ; -    ; q_r[0]                                  ;
; PRESERVE_REGISTER ; on    ; -    ; q_r[1]                                  ;
; PRESERVE_REGISTER ; on    ; -    ; q_r[2]                                  ;
; PRESERVE_REGISTER ; on    ; -    ; q_r[3]                                  ;
; PRESERVE_REGISTER ; on    ; -    ; q_r[4]                                  ;
; PRESERVE_REGISTER ; on    ; -    ; q_r[5]                                  ;
; PRESERVE_REGISTER ; on    ; -    ; q_r[6]                                  ;
; PRESERVE_REGISTER ; on    ; -    ; q_r[7]                                  ;
; PRESERVE_REGISTER ; on    ; -    ; q_r[8]                                  ;
; PRESERVE_REGISTER ; on    ; -    ; q_r[9]                                  ;
; PRESERVE_REGISTER ; on    ; -    ; q_r[10]                                 ;
; PRESERVE_REGISTER ; on    ; -    ; q_r[11]                                 ;
; PRESERVE_REGISTER ; on    ; -    ; q_r[12]                                 ;
; PRESERVE_REGISTER ; on    ; -    ; q_r[13]                                 ;
; PRESERVE_REGISTER ; on    ; -    ; q_r[14]                                 ;
; PRESERVE_REGISTER ; on    ; -    ; q_r[15]                                 ;
+-------------------+-------+------+-----------------------------------------+


+-----------------------------------------------------------------------------+
; Source assignments for app_d_reg_file_top:U_APP_D_RON|rtl_doc_reg16:U_RON10 ;
+-------------------+-------+------+------------------------------------------+
; Assignment        ; Value ; From ; To                                       ;
+-------------------+-------+------+------------------------------------------+
; PRESERVE_REGISTER ; on    ; -    ; q_r[0]                                   ;
; PRESERVE_REGISTER ; on    ; -    ; q_r[1]                                   ;
; PRESERVE_REGISTER ; on    ; -    ; q_r[2]                                   ;
; PRESERVE_REGISTER ; on    ; -    ; q_r[3]                                   ;
; PRESERVE_REGISTER ; on    ; -    ; q_r[4]                                   ;
; PRESERVE_REGISTER ; on    ; -    ; q_r[5]                                   ;
; PRESERVE_REGISTER ; on    ; -    ; q_r[6]                                   ;
; PRESERVE_REGISTER ; on    ; -    ; q_r[7]                                   ;
; PRESERVE_REGISTER ; on    ; -    ; q_r[8]                                   ;
; PRESERVE_REGISTER ; on    ; -    ; q_r[9]                                   ;
; PRESERVE_REGISTER ; on    ; -    ; q_r[10]                                  ;
; PRESERVE_REGISTER ; on    ; -    ; q_r[11]                                  ;
; PRESERVE_REGISTER ; on    ; -    ; q_r[12]                                  ;
; PRESERVE_REGISTER ; on    ; -    ; q_r[13]                                  ;
; PRESERVE_REGISTER ; on    ; -    ; q_r[14]                                  ;
; PRESERVE_REGISTER ; on    ; -    ; q_r[15]                                  ;
+-------------------+-------+------+------------------------------------------+


+-----------------------------------------------------------------------------+
; Source assignments for app_d_reg_file_top:U_APP_D_RON|rtl_doc_reg16:U_RON11 ;
+-------------------+-------+------+------------------------------------------+
; Assignment        ; Value ; From ; To                                       ;
+-------------------+-------+------+------------------------------------------+
; PRESERVE_REGISTER ; on    ; -    ; q_r[0]                                   ;
; PRESERVE_REGISTER ; on    ; -    ; q_r[1]                                   ;
; PRESERVE_REGISTER ; on    ; -    ; q_r[2]                                   ;
; PRESERVE_REGISTER ; on    ; -    ; q_r[3]                                   ;
; PRESERVE_REGISTER ; on    ; -    ; q_r[4]                                   ;
; PRESERVE_REGISTER ; on    ; -    ; q_r[5]                                   ;
; PRESERVE_REGISTER ; on    ; -    ; q_r[6]                                   ;
; PRESERVE_REGISTER ; on    ; -    ; q_r[7]                                   ;
; PRESERVE_REGISTER ; on    ; -    ; q_r[8]                                   ;
; PRESERVE_REGISTER ; on    ; -    ; q_r[9]                                   ;
; PRESERVE_REGISTER ; on    ; -    ; q_r[10]                                  ;
; PRESERVE_REGISTER ; on    ; -    ; q_r[11]                                  ;
; PRESERVE_REGISTER ; on    ; -    ; q_r[12]                                  ;
; PRESERVE_REGISTER ; on    ; -    ; q_r[13]                                  ;
; PRESERVE_REGISTER ; on    ; -    ; q_r[14]                                  ;
; PRESERVE_REGISTER ; on    ; -    ; q_r[15]                                  ;
+-------------------+-------+------+------------------------------------------+


+---------------------------------------------------------------------------------------------------+
; Source assignments for app_e_common_ops_top:U_APP_E_COMMON_OPERATIONS|rtl_doc_reg16:U_PC_REGISTER ;
+-------------------+-------+------+----------------------------------------------------------------+
; Assignment        ; Value ; From ; To                                                             ;
+-------------------+-------+------+----------------------------------------------------------------+
; PRESERVE_REGISTER ; on    ; -    ; q_r[0]                                                         ;
; PRESERVE_REGISTER ; on    ; -    ; q_r[1]                                                         ;
; PRESERVE_REGISTER ; on    ; -    ; q_r[2]                                                         ;
; PRESERVE_REGISTER ; on    ; -    ; q_r[3]                                                         ;
; PRESERVE_REGISTER ; on    ; -    ; q_r[4]                                                         ;
; PRESERVE_REGISTER ; on    ; -    ; q_r[5]                                                         ;
; PRESERVE_REGISTER ; on    ; -    ; q_r[6]                                                         ;
; PRESERVE_REGISTER ; on    ; -    ; q_r[7]                                                         ;
; PRESERVE_REGISTER ; on    ; -    ; q_r[8]                                                         ;
; PRESERVE_REGISTER ; on    ; -    ; q_r[9]                                                         ;
; PRESERVE_REGISTER ; on    ; -    ; q_r[10]                                                        ;
; PRESERVE_REGISTER ; on    ; -    ; q_r[11]                                                        ;
; PRESERVE_REGISTER ; on    ; -    ; q_r[12]                                                        ;
; PRESERVE_REGISTER ; on    ; -    ; q_r[13]                                                        ;
; PRESERVE_REGISTER ; on    ; -    ; q_r[14]                                                        ;
; PRESERVE_REGISTER ; on    ; -    ; q_r[15]                                                        ;
+-------------------+-------+------+----------------------------------------------------------------+


+------------------------------------------------------------------------------------------------------------+
; Source assignments for app_e_common_ops_top:U_APP_E_COMMON_OPERATIONS|rtl_doc_reg16:U_CACHE_READ_WRITE_BUF ;
+-------------------+-------+------+-------------------------------------------------------------------------+
; Assignment        ; Value ; From ; To                                                                      ;
+-------------------+-------+------+-------------------------------------------------------------------------+
; PRESERVE_REGISTER ; on    ; -    ; q_r[0]                                                                  ;
; PRESERVE_REGISTER ; on    ; -    ; q_r[1]                                                                  ;
; PRESERVE_REGISTER ; on    ; -    ; q_r[2]                                                                  ;
; PRESERVE_REGISTER ; on    ; -    ; q_r[3]                                                                  ;
; PRESERVE_REGISTER ; on    ; -    ; q_r[4]                                                                  ;
; PRESERVE_REGISTER ; on    ; -    ; q_r[5]                                                                  ;
; PRESERVE_REGISTER ; on    ; -    ; q_r[6]                                                                  ;
; PRESERVE_REGISTER ; on    ; -    ; q_r[7]                                                                  ;
; PRESERVE_REGISTER ; on    ; -    ; q_r[8]                                                                  ;
; PRESERVE_REGISTER ; on    ; -    ; q_r[9]                                                                  ;
; PRESERVE_REGISTER ; on    ; -    ; q_r[10]                                                                 ;
; PRESERVE_REGISTER ; on    ; -    ; q_r[11]                                                                 ;
; PRESERVE_REGISTER ; on    ; -    ; q_r[12]                                                                 ;
; PRESERVE_REGISTER ; on    ; -    ; q_r[13]                                                                 ;
; PRESERVE_REGISTER ; on    ; -    ; q_r[14]                                                                 ;
; PRESERVE_REGISTER ; on    ; -    ; q_r[15]                                                                 ;
+-------------------+-------+------+-------------------------------------------------------------------------+


+----------------------------------------------------------------------------------------------------------+
; Source assignments for app_e_common_ops_top:U_APP_E_COMMON_OPERATIONS|rtl_doc_reg16:U_STACK_PUSH_POP_BUF ;
+-------------------+-------+------+-----------------------------------------------------------------------+
; Assignment        ; Value ; From ; To                                                                    ;
+-------------------+-------+------+-----------------------------------------------------------------------+
; PRESERVE_REGISTER ; on    ; -    ; q_r[0]                                                                ;
; PRESERVE_REGISTER ; on    ; -    ; q_r[1]                                                                ;
; PRESERVE_REGISTER ; on    ; -    ; q_r[2]                                                                ;
; PRESERVE_REGISTER ; on    ; -    ; q_r[3]                                                                ;
; PRESERVE_REGISTER ; on    ; -    ; q_r[4]                                                                ;
; PRESERVE_REGISTER ; on    ; -    ; q_r[5]                                                                ;
; PRESERVE_REGISTER ; on    ; -    ; q_r[6]                                                                ;
; PRESERVE_REGISTER ; on    ; -    ; q_r[7]                                                                ;
; PRESERVE_REGISTER ; on    ; -    ; q_r[8]                                                                ;
; PRESERVE_REGISTER ; on    ; -    ; q_r[9]                                                                ;
; PRESERVE_REGISTER ; on    ; -    ; q_r[10]                                                               ;
; PRESERVE_REGISTER ; on    ; -    ; q_r[11]                                                               ;
; PRESERVE_REGISTER ; on    ; -    ; q_r[12]                                                               ;
; PRESERVE_REGISTER ; on    ; -    ; q_r[13]                                                               ;
; PRESERVE_REGISTER ; on    ; -    ; q_r[14]                                                               ;
; PRESERVE_REGISTER ; on    ; -    ; q_r[15]                                                               ;
+-------------------+-------+------+-----------------------------------------------------------------------+


+--------------------------------------------------------------------------------+
; Source assignments for app_zh_jmp_top:U_APP_ZH_JMP|rtl_doc_reg16:U_PC_LOAD_REG ;
+-------------------+-------+------+---------------------------------------------+
; Assignment        ; Value ; From ; To                                          ;
+-------------------+-------+------+---------------------------------------------+
; PRESERVE_REGISTER ; on    ; -    ; q_r[0]                                      ;
; PRESERVE_REGISTER ; on    ; -    ; q_r[1]                                      ;
; PRESERVE_REGISTER ; on    ; -    ; q_r[2]                                      ;
; PRESERVE_REGISTER ; on    ; -    ; q_r[3]                                      ;
; PRESERVE_REGISTER ; on    ; -    ; q_r[4]                                      ;
; PRESERVE_REGISTER ; on    ; -    ; q_r[5]                                      ;
; PRESERVE_REGISTER ; on    ; -    ; q_r[6]                                      ;
; PRESERVE_REGISTER ; on    ; -    ; q_r[7]                                      ;
; PRESERVE_REGISTER ; on    ; -    ; q_r[8]                                      ;
; PRESERVE_REGISTER ; on    ; -    ; q_r[9]                                      ;
; PRESERVE_REGISTER ; on    ; -    ; q_r[10]                                     ;
; PRESERVE_REGISTER ; on    ; -    ; q_r[11]                                     ;
; PRESERVE_REGISTER ; on    ; -    ; q_r[12]                                     ;
; PRESERVE_REGISTER ; on    ; -    ; q_r[13]                                     ;
; PRESERVE_REGISTER ; on    ; -    ; q_r[14]                                     ;
; PRESERVE_REGISTER ; on    ; -    ; q_r[15]                                     ;
+-------------------+-------+------+---------------------------------------------+


+---------------------------------------------------------------------------------------------+
; Source assignments for app_i_m_to_r_top:U_APP_I_M_TO_R|rtl_doc_ram16x16:U_CACHE_OR_RAM_READ ;
+-------------------+-------+------+----------------------------------------------------------+
; Assignment        ; Value ; From ; To                                                       ;
+-------------------+-------+------+----------------------------------------------------------+
; PRESERVE_REGISTER ; on    ; -    ; mem_r                                                    ;
+-------------------+-------+------+----------------------------------------------------------+


+--------------------------------------------------------------------------------------+
; Source assignments for app_i_m_to_r_top:U_APP_I_M_TO_R|rtl_doc_reg16:U_READ_DATA_REG ;
+-------------------+-------+------+---------------------------------------------------+
; Assignment        ; Value ; From ; To                                                ;
+-------------------+-------+------+---------------------------------------------------+
; PRESERVE_REGISTER ; on    ; -    ; q_r[0]                                            ;
; PRESERVE_REGISTER ; on    ; -    ; q_r[1]                                            ;
; PRESERVE_REGISTER ; on    ; -    ; q_r[2]                                            ;
; PRESERVE_REGISTER ; on    ; -    ; q_r[3]                                            ;
; PRESERVE_REGISTER ; on    ; -    ; q_r[4]                                            ;
; PRESERVE_REGISTER ; on    ; -    ; q_r[5]                                            ;
; PRESERVE_REGISTER ; on    ; -    ; q_r[6]                                            ;
; PRESERVE_REGISTER ; on    ; -    ; q_r[7]                                            ;
; PRESERVE_REGISTER ; on    ; -    ; q_r[8]                                            ;
; PRESERVE_REGISTER ; on    ; -    ; q_r[9]                                            ;
; PRESERVE_REGISTER ; on    ; -    ; q_r[10]                                           ;
; PRESERVE_REGISTER ; on    ; -    ; q_r[11]                                           ;
; PRESERVE_REGISTER ; on    ; -    ; q_r[12]                                           ;
; PRESERVE_REGISTER ; on    ; -    ; q_r[13]                                           ;
; PRESERVE_REGISTER ; on    ; -    ; q_r[14]                                           ;
; PRESERVE_REGISTER ; on    ; -    ; q_r[15]                                           ;
+-------------------+-------+------+---------------------------------------------------+


+-----------------------------------------------------------------------------------------+
; Source assignments for app_i_m_to_r_top:U_APP_I_M_TO_R|rtl_doc_reg16:U_RF_WRITEBACK_REG ;
+-------------------+-------+------+------------------------------------------------------+
; Assignment        ; Value ; From ; To                                                   ;
+-------------------+-------+------+------------------------------------------------------+
; PRESERVE_REGISTER ; on    ; -    ; q_r[0]                                               ;
; PRESERVE_REGISTER ; on    ; -    ; q_r[1]                                               ;
; PRESERVE_REGISTER ; on    ; -    ; q_r[2]                                               ;
; PRESERVE_REGISTER ; on    ; -    ; q_r[3]                                               ;
; PRESERVE_REGISTER ; on    ; -    ; q_r[4]                                               ;
; PRESERVE_REGISTER ; on    ; -    ; q_r[5]                                               ;
; PRESERVE_REGISTER ; on    ; -    ; q_r[6]                                               ;
; PRESERVE_REGISTER ; on    ; -    ; q_r[7]                                               ;
; PRESERVE_REGISTER ; on    ; -    ; q_r[8]                                               ;
; PRESERVE_REGISTER ; on    ; -    ; q_r[9]                                               ;
; PRESERVE_REGISTER ; on    ; -    ; q_r[10]                                              ;
; PRESERVE_REGISTER ; on    ; -    ; q_r[11]                                              ;
; PRESERVE_REGISTER ; on    ; -    ; q_r[12]                                              ;
; PRESERVE_REGISTER ; on    ; -    ; q_r[13]                                              ;
; PRESERVE_REGISTER ; on    ; -    ; q_r[14]                                              ;
; PRESERVE_REGISTER ; on    ; -    ; q_r[15]                                              ;
+-------------------+-------+------+------------------------------------------------------+


+-------------------------------------------------------------------------------------------+
; Source assignments for app_k_r_to_m_top:U_APP_K_R_TO_M|rtl_doc_ram16x16:U_CACHE_WRITE_RAM ;
+-------------------+-------+------+--------------------------------------------------------+
; Assignment        ; Value ; From ; To                                                     ;
+-------------------+-------+------+--------------------------------------------------------+
; PRESERVE_REGISTER ; on    ; -    ; mem_r                                                  ;
+-------------------+-------+------+--------------------------------------------------------+


+--------------------------------------------------------------------------------------------------------------------------+
; Source assignments for app_l_alu_top:U_APP_L_ALU|app_n_nor_top:U_OPERATION_NOR|rtl_doc_nor_bit:\GEN_NOR_BITS:0:U_NOR_BIT ;
+------------------------------+-------+------+----------------------------------------------------------------------------+
; Assignment                   ; Value ; From ; To                                                                         ;
+------------------------------+-------+------+----------------------------------------------------------------------------+
; IGNORE_LCELL_BUFFERS         ; off   ; -    ; or_s                                                                       ;
; REMOVE_REDUNDANT_LOGIC_CELLS ; off   ; -    ; or_s                                                                       ;
+------------------------------+-------+------+----------------------------------------------------------------------------+


+--------------------------------------------------------------------------------------------------------------------------+
; Source assignments for app_l_alu_top:U_APP_L_ALU|app_n_nor_top:U_OPERATION_NOR|rtl_doc_nor_bit:\GEN_NOR_BITS:1:U_NOR_BIT ;
+------------------------------+-------+------+----------------------------------------------------------------------------+
; Assignment                   ; Value ; From ; To                                                                         ;
+------------------------------+-------+------+----------------------------------------------------------------------------+
; IGNORE_LCELL_BUFFERS         ; off   ; -    ; or_s                                                                       ;
; REMOVE_REDUNDANT_LOGIC_CELLS ; off   ; -    ; or_s                                                                       ;
+------------------------------+-------+------+----------------------------------------------------------------------------+


+--------------------------------------------------------------------------------------------------------------------------+
; Source assignments for app_l_alu_top:U_APP_L_ALU|app_n_nor_top:U_OPERATION_NOR|rtl_doc_nor_bit:\GEN_NOR_BITS:2:U_NOR_BIT ;
+------------------------------+-------+------+----------------------------------------------------------------------------+
; Assignment                   ; Value ; From ; To                                                                         ;
+------------------------------+-------+------+----------------------------------------------------------------------------+
; IGNORE_LCELL_BUFFERS         ; off   ; -    ; or_s                                                                       ;
; REMOVE_REDUNDANT_LOGIC_CELLS ; off   ; -    ; or_s                                                                       ;
+------------------------------+-------+------+----------------------------------------------------------------------------+


+--------------------------------------------------------------------------------------------------------------------------+
; Source assignments for app_l_alu_top:U_APP_L_ALU|app_n_nor_top:U_OPERATION_NOR|rtl_doc_nor_bit:\GEN_NOR_BITS:3:U_NOR_BIT ;
+------------------------------+-------+------+----------------------------------------------------------------------------+
; Assignment                   ; Value ; From ; To                                                                         ;
+------------------------------+-------+------+----------------------------------------------------------------------------+
; IGNORE_LCELL_BUFFERS         ; off   ; -    ; or_s                                                                       ;
; REMOVE_REDUNDANT_LOGIC_CELLS ; off   ; -    ; or_s                                                                       ;
+------------------------------+-------+------+----------------------------------------------------------------------------+


+--------------------------------------------------------------------------------------------------------------------------+
; Source assignments for app_l_alu_top:U_APP_L_ALU|app_n_nor_top:U_OPERATION_NOR|rtl_doc_nor_bit:\GEN_NOR_BITS:4:U_NOR_BIT ;
+------------------------------+-------+------+----------------------------------------------------------------------------+
; Assignment                   ; Value ; From ; To                                                                         ;
+------------------------------+-------+------+----------------------------------------------------------------------------+
; IGNORE_LCELL_BUFFERS         ; off   ; -    ; or_s                                                                       ;
; REMOVE_REDUNDANT_LOGIC_CELLS ; off   ; -    ; or_s                                                                       ;
+------------------------------+-------+------+----------------------------------------------------------------------------+


+--------------------------------------------------------------------------------------------------------------------------+
; Source assignments for app_l_alu_top:U_APP_L_ALU|app_n_nor_top:U_OPERATION_NOR|rtl_doc_nor_bit:\GEN_NOR_BITS:5:U_NOR_BIT ;
+------------------------------+-------+------+----------------------------------------------------------------------------+
; Assignment                   ; Value ; From ; To                                                                         ;
+------------------------------+-------+------+----------------------------------------------------------------------------+
; IGNORE_LCELL_BUFFERS         ; off   ; -    ; or_s                                                                       ;
; REMOVE_REDUNDANT_LOGIC_CELLS ; off   ; -    ; or_s                                                                       ;
+------------------------------+-------+------+----------------------------------------------------------------------------+


+--------------------------------------------------------------------------------------------------------------------------+
; Source assignments for app_l_alu_top:U_APP_L_ALU|app_n_nor_top:U_OPERATION_NOR|rtl_doc_nor_bit:\GEN_NOR_BITS:6:U_NOR_BIT ;
+------------------------------+-------+------+----------------------------------------------------------------------------+
; Assignment                   ; Value ; From ; To                                                                         ;
+------------------------------+-------+------+----------------------------------------------------------------------------+
; IGNORE_LCELL_BUFFERS         ; off   ; -    ; or_s                                                                       ;
; REMOVE_REDUNDANT_LOGIC_CELLS ; off   ; -    ; or_s                                                                       ;
+------------------------------+-------+------+----------------------------------------------------------------------------+


+--------------------------------------------------------------------------------------------------------------------------+
; Source assignments for app_l_alu_top:U_APP_L_ALU|app_n_nor_top:U_OPERATION_NOR|rtl_doc_nor_bit:\GEN_NOR_BITS:7:U_NOR_BIT ;
+------------------------------+-------+------+----------------------------------------------------------------------------+
; Assignment                   ; Value ; From ; To                                                                         ;
+------------------------------+-------+------+----------------------------------------------------------------------------+
; IGNORE_LCELL_BUFFERS         ; off   ; -    ; or_s                                                                       ;
; REMOVE_REDUNDANT_LOGIC_CELLS ; off   ; -    ; or_s                                                                       ;
+------------------------------+-------+------+----------------------------------------------------------------------------+


+--------------------------------------------------------------------------------------------------------------------------+
; Source assignments for app_l_alu_top:U_APP_L_ALU|app_n_nor_top:U_OPERATION_NOR|rtl_doc_nor_bit:\GEN_NOR_BITS:8:U_NOR_BIT ;
+------------------------------+-------+------+----------------------------------------------------------------------------+
; Assignment                   ; Value ; From ; To                                                                         ;
+------------------------------+-------+------+----------------------------------------------------------------------------+
; IGNORE_LCELL_BUFFERS         ; off   ; -    ; or_s                                                                       ;
; REMOVE_REDUNDANT_LOGIC_CELLS ; off   ; -    ; or_s                                                                       ;
+------------------------------+-------+------+----------------------------------------------------------------------------+


+--------------------------------------------------------------------------------------------------------------------------+
; Source assignments for app_l_alu_top:U_APP_L_ALU|app_n_nor_top:U_OPERATION_NOR|rtl_doc_nor_bit:\GEN_NOR_BITS:9:U_NOR_BIT ;
+------------------------------+-------+------+----------------------------------------------------------------------------+
; Assignment                   ; Value ; From ; To                                                                         ;
+------------------------------+-------+------+----------------------------------------------------------------------------+
; IGNORE_LCELL_BUFFERS         ; off   ; -    ; or_s                                                                       ;
; REMOVE_REDUNDANT_LOGIC_CELLS ; off   ; -    ; or_s                                                                       ;
+------------------------------+-------+------+----------------------------------------------------------------------------+


+---------------------------------------------------------------------------------------------------------------------------+
; Source assignments for app_l_alu_top:U_APP_L_ALU|app_n_nor_top:U_OPERATION_NOR|rtl_doc_nor_bit:\GEN_NOR_BITS:10:U_NOR_BIT ;
+------------------------------+-------+------+-----------------------------------------------------------------------------+
; Assignment                   ; Value ; From ; To                                                                          ;
+------------------------------+-------+------+-----------------------------------------------------------------------------+
; IGNORE_LCELL_BUFFERS         ; off   ; -    ; or_s                                                                        ;
; REMOVE_REDUNDANT_LOGIC_CELLS ; off   ; -    ; or_s                                                                        ;
+------------------------------+-------+------+-----------------------------------------------------------------------------+


+---------------------------------------------------------------------------------------------------------------------------+
; Source assignments for app_l_alu_top:U_APP_L_ALU|app_n_nor_top:U_OPERATION_NOR|rtl_doc_nor_bit:\GEN_NOR_BITS:11:U_NOR_BIT ;
+------------------------------+-------+------+-----------------------------------------------------------------------------+
; Assignment                   ; Value ; From ; To                                                                          ;
+------------------------------+-------+------+-----------------------------------------------------------------------------+
; IGNORE_LCELL_BUFFERS         ; off   ; -    ; or_s                                                                        ;
; REMOVE_REDUNDANT_LOGIC_CELLS ; off   ; -    ; or_s                                                                        ;
+------------------------------+-------+------+-----------------------------------------------------------------------------+


+---------------------------------------------------------------------------------------------------------------------------+
; Source assignments for app_l_alu_top:U_APP_L_ALU|app_n_nor_top:U_OPERATION_NOR|rtl_doc_nor_bit:\GEN_NOR_BITS:12:U_NOR_BIT ;
+------------------------------+-------+------+-----------------------------------------------------------------------------+
; Assignment                   ; Value ; From ; To                                                                          ;
+------------------------------+-------+------+-----------------------------------------------------------------------------+
; IGNORE_LCELL_BUFFERS         ; off   ; -    ; or_s                                                                        ;
; REMOVE_REDUNDANT_LOGIC_CELLS ; off   ; -    ; or_s                                                                        ;
+------------------------------+-------+------+-----------------------------------------------------------------------------+


+---------------------------------------------------------------------------------------------------------------------------+
; Source assignments for app_l_alu_top:U_APP_L_ALU|app_n_nor_top:U_OPERATION_NOR|rtl_doc_nor_bit:\GEN_NOR_BITS:13:U_NOR_BIT ;
+------------------------------+-------+------+-----------------------------------------------------------------------------+
; Assignment                   ; Value ; From ; To                                                                          ;
+------------------------------+-------+------+-----------------------------------------------------------------------------+
; IGNORE_LCELL_BUFFERS         ; off   ; -    ; or_s                                                                        ;
; REMOVE_REDUNDANT_LOGIC_CELLS ; off   ; -    ; or_s                                                                        ;
+------------------------------+-------+------+-----------------------------------------------------------------------------+


+---------------------------------------------------------------------------------------------------------------------------+
; Source assignments for app_l_alu_top:U_APP_L_ALU|app_n_nor_top:U_OPERATION_NOR|rtl_doc_nor_bit:\GEN_NOR_BITS:14:U_NOR_BIT ;
+------------------------------+-------+------+-----------------------------------------------------------------------------+
; Assignment                   ; Value ; From ; To                                                                          ;
+------------------------------+-------+------+-----------------------------------------------------------------------------+
; IGNORE_LCELL_BUFFERS         ; off   ; -    ; or_s                                                                        ;
; REMOVE_REDUNDANT_LOGIC_CELLS ; off   ; -    ; or_s                                                                        ;
+------------------------------+-------+------+-----------------------------------------------------------------------------+


+---------------------------------------------------------------------------------------------------------------------------+
; Source assignments for app_l_alu_top:U_APP_L_ALU|app_n_nor_top:U_OPERATION_NOR|rtl_doc_nor_bit:\GEN_NOR_BITS:15:U_NOR_BIT ;
+------------------------------+-------+------+-----------------------------------------------------------------------------+
; Assignment                   ; Value ; From ; To                                                                          ;
+------------------------------+-------+------+-----------------------------------------------------------------------------+
; IGNORE_LCELL_BUFFERS         ; off   ; -    ; or_s                                                                        ;
; REMOVE_REDUNDANT_LOGIC_CELLS ; off   ; -    ; or_s                                                                        ;
+------------------------------+-------+------+-----------------------------------------------------------------------------+


+----------------------------------------------------------------------------------+
; Source assignments for app_l_alu_top:U_APP_L_ALU|rtl_doc_incs16:U_OPERATION_INCS ;
+------------------------------+-------+------+------------------------------------+
; Assignment                   ; Value ; From ; To                                 ;
+------------------------------+-------+------+------------------------------------+
; IGNORE_LCELL_BUFFERS         ; off   ; -    ; addend_s[15]                       ;
; REMOVE_REDUNDANT_LOGIC_CELLS ; off   ; -    ; addend_s[15]                       ;
; IGNORE_LCELL_BUFFERS         ; off   ; -    ; addend_s[14]                       ;
; REMOVE_REDUNDANT_LOGIC_CELLS ; off   ; -    ; addend_s[14]                       ;
; IGNORE_LCELL_BUFFERS         ; off   ; -    ; addend_s[13]                       ;
; REMOVE_REDUNDANT_LOGIC_CELLS ; off   ; -    ; addend_s[13]                       ;
; IGNORE_LCELL_BUFFERS         ; off   ; -    ; addend_s[12]                       ;
; REMOVE_REDUNDANT_LOGIC_CELLS ; off   ; -    ; addend_s[12]                       ;
; IGNORE_LCELL_BUFFERS         ; off   ; -    ; addend_s[11]                       ;
; REMOVE_REDUNDANT_LOGIC_CELLS ; off   ; -    ; addend_s[11]                       ;
; IGNORE_LCELL_BUFFERS         ; off   ; -    ; addend_s[10]                       ;
; REMOVE_REDUNDANT_LOGIC_CELLS ; off   ; -    ; addend_s[10]                       ;
; IGNORE_LCELL_BUFFERS         ; off   ; -    ; addend_s[9]                        ;
; REMOVE_REDUNDANT_LOGIC_CELLS ; off   ; -    ; addend_s[9]                        ;
; IGNORE_LCELL_BUFFERS         ; off   ; -    ; addend_s[8]                        ;
; REMOVE_REDUNDANT_LOGIC_CELLS ; off   ; -    ; addend_s[8]                        ;
; IGNORE_LCELL_BUFFERS         ; off   ; -    ; addend_s[7]                        ;
; REMOVE_REDUNDANT_LOGIC_CELLS ; off   ; -    ; addend_s[7]                        ;
; IGNORE_LCELL_BUFFERS         ; off   ; -    ; addend_s[6]                        ;
; REMOVE_REDUNDANT_LOGIC_CELLS ; off   ; -    ; addend_s[6]                        ;
; IGNORE_LCELL_BUFFERS         ; off   ; -    ; addend_s[5]                        ;
; REMOVE_REDUNDANT_LOGIC_CELLS ; off   ; -    ; addend_s[5]                        ;
; IGNORE_LCELL_BUFFERS         ; off   ; -    ; addend_s[4]                        ;
; REMOVE_REDUNDANT_LOGIC_CELLS ; off   ; -    ; addend_s[4]                        ;
; IGNORE_LCELL_BUFFERS         ; off   ; -    ; addend_s[3]                        ;
; REMOVE_REDUNDANT_LOGIC_CELLS ; off   ; -    ; addend_s[3]                        ;
; IGNORE_LCELL_BUFFERS         ; off   ; -    ; addend_s[2]                        ;
; REMOVE_REDUNDANT_LOGIC_CELLS ; off   ; -    ; addend_s[2]                        ;
; IGNORE_LCELL_BUFFERS         ; off   ; -    ; addend_s[1]                        ;
; REMOVE_REDUNDANT_LOGIC_CELLS ; off   ; -    ; addend_s[1]                        ;
; IGNORE_LCELL_BUFFERS         ; off   ; -    ; addend_s[0]                        ;
; REMOVE_REDUNDANT_LOGIC_CELLS ; off   ; -    ; addend_s[0]                        ;
; IGNORE_LCELL_BUFFERS         ; off   ; -    ; sum_s[16]                          ;
; REMOVE_REDUNDANT_LOGIC_CELLS ; off   ; -    ; sum_s[16]                          ;
; IGNORE_LCELL_BUFFERS         ; off   ; -    ; sum_s[15]                          ;
; REMOVE_REDUNDANT_LOGIC_CELLS ; off   ; -    ; sum_s[15]                          ;
; IGNORE_LCELL_BUFFERS         ; off   ; -    ; sum_s[14]                          ;
; REMOVE_REDUNDANT_LOGIC_CELLS ; off   ; -    ; sum_s[14]                          ;
; IGNORE_LCELL_BUFFERS         ; off   ; -    ; sum_s[13]                          ;
; REMOVE_REDUNDANT_LOGIC_CELLS ; off   ; -    ; sum_s[13]                          ;
; IGNORE_LCELL_BUFFERS         ; off   ; -    ; sum_s[12]                          ;
; REMOVE_REDUNDANT_LOGIC_CELLS ; off   ; -    ; sum_s[12]                          ;
; IGNORE_LCELL_BUFFERS         ; off   ; -    ; sum_s[11]                          ;
; REMOVE_REDUNDANT_LOGIC_CELLS ; off   ; -    ; sum_s[11]                          ;
; IGNORE_LCELL_BUFFERS         ; off   ; -    ; sum_s[10]                          ;
; REMOVE_REDUNDANT_LOGIC_CELLS ; off   ; -    ; sum_s[10]                          ;
; IGNORE_LCELL_BUFFERS         ; off   ; -    ; sum_s[9]                           ;
; REMOVE_REDUNDANT_LOGIC_CELLS ; off   ; -    ; sum_s[9]                           ;
; IGNORE_LCELL_BUFFERS         ; off   ; -    ; sum_s[8]                           ;
; REMOVE_REDUNDANT_LOGIC_CELLS ; off   ; -    ; sum_s[8]                           ;
; IGNORE_LCELL_BUFFERS         ; off   ; -    ; sum_s[7]                           ;
; REMOVE_REDUNDANT_LOGIC_CELLS ; off   ; -    ; sum_s[7]                           ;
; IGNORE_LCELL_BUFFERS         ; off   ; -    ; sum_s[6]                           ;
; REMOVE_REDUNDANT_LOGIC_CELLS ; off   ; -    ; sum_s[6]                           ;
; IGNORE_LCELL_BUFFERS         ; off   ; -    ; sum_s[5]                           ;
; REMOVE_REDUNDANT_LOGIC_CELLS ; off   ; -    ; sum_s[5]                           ;
; IGNORE_LCELL_BUFFERS         ; off   ; -    ; sum_s[4]                           ;
; REMOVE_REDUNDANT_LOGIC_CELLS ; off   ; -    ; sum_s[4]                           ;
; IGNORE_LCELL_BUFFERS         ; off   ; -    ; sum_s[3]                           ;
; REMOVE_REDUNDANT_LOGIC_CELLS ; off   ; -    ; sum_s[3]                           ;
; IGNORE_LCELL_BUFFERS         ; off   ; -    ; sum_s[2]                           ;
; REMOVE_REDUNDANT_LOGIC_CELLS ; off   ; -    ; sum_s[2]                           ;
; IGNORE_LCELL_BUFFERS         ; off   ; -    ; sum_s[1]                           ;
; REMOVE_REDUNDANT_LOGIC_CELLS ; off   ; -    ; sum_s[1]                           ;
; IGNORE_LCELL_BUFFERS         ; off   ; -    ; sum_s[0]                           ;
; REMOVE_REDUNDANT_LOGIC_CELLS ; off   ; -    ; sum_s[0]                           ;
+------------------------------+-------+------+------------------------------------+


+--------------------------------------------------------------------------------------------+
; Source assignments for app_n_nor_top:U_APP_N_NOR|rtl_doc_nor_bit:\GEN_NOR_BITS:0:U_NOR_BIT ;
+------------------------------+-------+------+----------------------------------------------+
; Assignment                   ; Value ; From ; To                                           ;
+------------------------------+-------+------+----------------------------------------------+
; IGNORE_LCELL_BUFFERS         ; off   ; -    ; or_s                                         ;
; REMOVE_REDUNDANT_LOGIC_CELLS ; off   ; -    ; or_s                                         ;
+------------------------------+-------+------+----------------------------------------------+


+--------------------------------------------------------------------------------------------+
; Source assignments for app_n_nor_top:U_APP_N_NOR|rtl_doc_nor_bit:\GEN_NOR_BITS:1:U_NOR_BIT ;
+------------------------------+-------+------+----------------------------------------------+
; Assignment                   ; Value ; From ; To                                           ;
+------------------------------+-------+------+----------------------------------------------+
; IGNORE_LCELL_BUFFERS         ; off   ; -    ; or_s                                         ;
; REMOVE_REDUNDANT_LOGIC_CELLS ; off   ; -    ; or_s                                         ;
+------------------------------+-------+------+----------------------------------------------+


+--------------------------------------------------------------------------------------------+
; Source assignments for app_n_nor_top:U_APP_N_NOR|rtl_doc_nor_bit:\GEN_NOR_BITS:2:U_NOR_BIT ;
+------------------------------+-------+------+----------------------------------------------+
; Assignment                   ; Value ; From ; To                                           ;
+------------------------------+-------+------+----------------------------------------------+
; IGNORE_LCELL_BUFFERS         ; off   ; -    ; or_s                                         ;
; REMOVE_REDUNDANT_LOGIC_CELLS ; off   ; -    ; or_s                                         ;
+------------------------------+-------+------+----------------------------------------------+


+--------------------------------------------------------------------------------------------+
; Source assignments for app_n_nor_top:U_APP_N_NOR|rtl_doc_nor_bit:\GEN_NOR_BITS:3:U_NOR_BIT ;
+------------------------------+-------+------+----------------------------------------------+
; Assignment                   ; Value ; From ; To                                           ;
+------------------------------+-------+------+----------------------------------------------+
; IGNORE_LCELL_BUFFERS         ; off   ; -    ; or_s                                         ;
; REMOVE_REDUNDANT_LOGIC_CELLS ; off   ; -    ; or_s                                         ;
+------------------------------+-------+------+----------------------------------------------+


+--------------------------------------------------------------------------------------------+
; Source assignments for app_n_nor_top:U_APP_N_NOR|rtl_doc_nor_bit:\GEN_NOR_BITS:4:U_NOR_BIT ;
+------------------------------+-------+------+----------------------------------------------+
; Assignment                   ; Value ; From ; To                                           ;
+------------------------------+-------+------+----------------------------------------------+
; IGNORE_LCELL_BUFFERS         ; off   ; -    ; or_s                                         ;
; REMOVE_REDUNDANT_LOGIC_CELLS ; off   ; -    ; or_s                                         ;
+------------------------------+-------+------+----------------------------------------------+


+--------------------------------------------------------------------------------------------+
; Source assignments for app_n_nor_top:U_APP_N_NOR|rtl_doc_nor_bit:\GEN_NOR_BITS:5:U_NOR_BIT ;
+------------------------------+-------+------+----------------------------------------------+
; Assignment                   ; Value ; From ; To                                           ;
+------------------------------+-------+------+----------------------------------------------+
; IGNORE_LCELL_BUFFERS         ; off   ; -    ; or_s                                         ;
; REMOVE_REDUNDANT_LOGIC_CELLS ; off   ; -    ; or_s                                         ;
+------------------------------+-------+------+----------------------------------------------+


+--------------------------------------------------------------------------------------------+
; Source assignments for app_n_nor_top:U_APP_N_NOR|rtl_doc_nor_bit:\GEN_NOR_BITS:6:U_NOR_BIT ;
+------------------------------+-------+------+----------------------------------------------+
; Assignment                   ; Value ; From ; To                                           ;
+------------------------------+-------+------+----------------------------------------------+
; IGNORE_LCELL_BUFFERS         ; off   ; -    ; or_s                                         ;
; REMOVE_REDUNDANT_LOGIC_CELLS ; off   ; -    ; or_s                                         ;
+------------------------------+-------+------+----------------------------------------------+


+--------------------------------------------------------------------------------------------+
; Source assignments for app_n_nor_top:U_APP_N_NOR|rtl_doc_nor_bit:\GEN_NOR_BITS:7:U_NOR_BIT ;
+------------------------------+-------+------+----------------------------------------------+
; Assignment                   ; Value ; From ; To                                           ;
+------------------------------+-------+------+----------------------------------------------+
; IGNORE_LCELL_BUFFERS         ; off   ; -    ; or_s                                         ;
; REMOVE_REDUNDANT_LOGIC_CELLS ; off   ; -    ; or_s                                         ;
+------------------------------+-------+------+----------------------------------------------+


+--------------------------------------------------------------------------------------------+
; Source assignments for app_n_nor_top:U_APP_N_NOR|rtl_doc_nor_bit:\GEN_NOR_BITS:8:U_NOR_BIT ;
+------------------------------+-------+------+----------------------------------------------+
; Assignment                   ; Value ; From ; To                                           ;
+------------------------------+-------+------+----------------------------------------------+
; IGNORE_LCELL_BUFFERS         ; off   ; -    ; or_s                                         ;
; REMOVE_REDUNDANT_LOGIC_CELLS ; off   ; -    ; or_s                                         ;
+------------------------------+-------+------+----------------------------------------------+


+--------------------------------------------------------------------------------------------+
; Source assignments for app_n_nor_top:U_APP_N_NOR|rtl_doc_nor_bit:\GEN_NOR_BITS:9:U_NOR_BIT ;
+------------------------------+-------+------+----------------------------------------------+
; Assignment                   ; Value ; From ; To                                           ;
+------------------------------+-------+------+----------------------------------------------+
; IGNORE_LCELL_BUFFERS         ; off   ; -    ; or_s                                         ;
; REMOVE_REDUNDANT_LOGIC_CELLS ; off   ; -    ; or_s                                         ;
+------------------------------+-------+------+----------------------------------------------+


+---------------------------------------------------------------------------------------------+
; Source assignments for app_n_nor_top:U_APP_N_NOR|rtl_doc_nor_bit:\GEN_NOR_BITS:10:U_NOR_BIT ;
+------------------------------+-------+------+-----------------------------------------------+
; Assignment                   ; Value ; From ; To                                            ;
+------------------------------+-------+------+-----------------------------------------------+
; IGNORE_LCELL_BUFFERS         ; off   ; -    ; or_s                                          ;
; REMOVE_REDUNDANT_LOGIC_CELLS ; off   ; -    ; or_s                                          ;
+------------------------------+-------+------+-----------------------------------------------+


+---------------------------------------------------------------------------------------------+
; Source assignments for app_n_nor_top:U_APP_N_NOR|rtl_doc_nor_bit:\GEN_NOR_BITS:11:U_NOR_BIT ;
+------------------------------+-------+------+-----------------------------------------------+
; Assignment                   ; Value ; From ; To                                            ;
+------------------------------+-------+------+-----------------------------------------------+
; IGNORE_LCELL_BUFFERS         ; off   ; -    ; or_s                                          ;
; REMOVE_REDUNDANT_LOGIC_CELLS ; off   ; -    ; or_s                                          ;
+------------------------------+-------+------+-----------------------------------------------+


+---------------------------------------------------------------------------------------------+
; Source assignments for app_n_nor_top:U_APP_N_NOR|rtl_doc_nor_bit:\GEN_NOR_BITS:12:U_NOR_BIT ;
+------------------------------+-------+------+-----------------------------------------------+
; Assignment                   ; Value ; From ; To                                            ;
+------------------------------+-------+------+-----------------------------------------------+
; IGNORE_LCELL_BUFFERS         ; off   ; -    ; or_s                                          ;
; REMOVE_REDUNDANT_LOGIC_CELLS ; off   ; -    ; or_s                                          ;
+------------------------------+-------+------+-----------------------------------------------+


+---------------------------------------------------------------------------------------------+
; Source assignments for app_n_nor_top:U_APP_N_NOR|rtl_doc_nor_bit:\GEN_NOR_BITS:13:U_NOR_BIT ;
+------------------------------+-------+------+-----------------------------------------------+
; Assignment                   ; Value ; From ; To                                            ;
+------------------------------+-------+------+-----------------------------------------------+
; IGNORE_LCELL_BUFFERS         ; off   ; -    ; or_s                                          ;
; REMOVE_REDUNDANT_LOGIC_CELLS ; off   ; -    ; or_s                                          ;
+------------------------------+-------+------+-----------------------------------------------+


+---------------------------------------------------------------------------------------------+
; Source assignments for app_n_nor_top:U_APP_N_NOR|rtl_doc_nor_bit:\GEN_NOR_BITS:14:U_NOR_BIT ;
+------------------------------+-------+------+-----------------------------------------------+
; Assignment                   ; Value ; From ; To                                            ;
+------------------------------+-------+------+-----------------------------------------------+
; IGNORE_LCELL_BUFFERS         ; off   ; -    ; or_s                                          ;
; REMOVE_REDUNDANT_LOGIC_CELLS ; off   ; -    ; or_s                                          ;
+------------------------------+-------+------+-----------------------------------------------+


+---------------------------------------------------------------------------------------------+
; Source assignments for app_n_nor_top:U_APP_N_NOR|rtl_doc_nor_bit:\GEN_NOR_BITS:15:U_NOR_BIT ;
+------------------------------+-------+------+-----------------------------------------------+
; Assignment                   ; Value ; From ; To                                            ;
+------------------------------+-------+------+-----------------------------------------------+
; IGNORE_LCELL_BUFFERS         ; off   ; -    ; or_s                                          ;
; REMOVE_REDUNDANT_LOGIC_CELLS ; off   ; -    ; or_s                                          ;
+------------------------------+-------+------+-----------------------------------------------+


+-----------------------------------------------------------------------------------------+
; Source assignments for app_r_incs_top:U_APP_R_INCS|rtl_doc_incs16:U_ADD_ONE_WHEN_S_FLAG ;
+------------------------------+-------+------+-------------------------------------------+
; Assignment                   ; Value ; From ; To                                        ;
+------------------------------+-------+------+-------------------------------------------+
; IGNORE_LCELL_BUFFERS         ; off   ; -    ; addend_s[15]                              ;
; REMOVE_REDUNDANT_LOGIC_CELLS ; off   ; -    ; addend_s[15]                              ;
; IGNORE_LCELL_BUFFERS         ; off   ; -    ; addend_s[14]                              ;
; REMOVE_REDUNDANT_LOGIC_CELLS ; off   ; -    ; addend_s[14]                              ;
; IGNORE_LCELL_BUFFERS         ; off   ; -    ; addend_s[13]                              ;
; REMOVE_REDUNDANT_LOGIC_CELLS ; off   ; -    ; addend_s[13]                              ;
; IGNORE_LCELL_BUFFERS         ; off   ; -    ; addend_s[12]                              ;
; REMOVE_REDUNDANT_LOGIC_CELLS ; off   ; -    ; addend_s[12]                              ;
; IGNORE_LCELL_BUFFERS         ; off   ; -    ; addend_s[11]                              ;
; REMOVE_REDUNDANT_LOGIC_CELLS ; off   ; -    ; addend_s[11]                              ;
; IGNORE_LCELL_BUFFERS         ; off   ; -    ; addend_s[10]                              ;
; REMOVE_REDUNDANT_LOGIC_CELLS ; off   ; -    ; addend_s[10]                              ;
; IGNORE_LCELL_BUFFERS         ; off   ; -    ; addend_s[9]                               ;
; REMOVE_REDUNDANT_LOGIC_CELLS ; off   ; -    ; addend_s[9]                               ;
; IGNORE_LCELL_BUFFERS         ; off   ; -    ; addend_s[8]                               ;
; REMOVE_REDUNDANT_LOGIC_CELLS ; off   ; -    ; addend_s[8]                               ;
; IGNORE_LCELL_BUFFERS         ; off   ; -    ; addend_s[7]                               ;
; REMOVE_REDUNDANT_LOGIC_CELLS ; off   ; -    ; addend_s[7]                               ;
; IGNORE_LCELL_BUFFERS         ; off   ; -    ; addend_s[6]                               ;
; REMOVE_REDUNDANT_LOGIC_CELLS ; off   ; -    ; addend_s[6]                               ;
; IGNORE_LCELL_BUFFERS         ; off   ; -    ; addend_s[5]                               ;
; REMOVE_REDUNDANT_LOGIC_CELLS ; off   ; -    ; addend_s[5]                               ;
; IGNORE_LCELL_BUFFERS         ; off   ; -    ; addend_s[4]                               ;
; REMOVE_REDUNDANT_LOGIC_CELLS ; off   ; -    ; addend_s[4]                               ;
; IGNORE_LCELL_BUFFERS         ; off   ; -    ; addend_s[3]                               ;
; REMOVE_REDUNDANT_LOGIC_CELLS ; off   ; -    ; addend_s[3]                               ;
; IGNORE_LCELL_BUFFERS         ; off   ; -    ; addend_s[2]                               ;
; REMOVE_REDUNDANT_LOGIC_CELLS ; off   ; -    ; addend_s[2]                               ;
; IGNORE_LCELL_BUFFERS         ; off   ; -    ; addend_s[1]                               ;
; REMOVE_REDUNDANT_LOGIC_CELLS ; off   ; -    ; addend_s[1]                               ;
; IGNORE_LCELL_BUFFERS         ; off   ; -    ; addend_s[0]                               ;
; REMOVE_REDUNDANT_LOGIC_CELLS ; off   ; -    ; addend_s[0]                               ;
; IGNORE_LCELL_BUFFERS         ; off   ; -    ; sum_s[16]                                 ;
; REMOVE_REDUNDANT_LOGIC_CELLS ; off   ; -    ; sum_s[16]                                 ;
; IGNORE_LCELL_BUFFERS         ; off   ; -    ; sum_s[15]                                 ;
; REMOVE_REDUNDANT_LOGIC_CELLS ; off   ; -    ; sum_s[15]                                 ;
; IGNORE_LCELL_BUFFERS         ; off   ; -    ; sum_s[14]                                 ;
; REMOVE_REDUNDANT_LOGIC_CELLS ; off   ; -    ; sum_s[14]                                 ;
; IGNORE_LCELL_BUFFERS         ; off   ; -    ; sum_s[13]                                 ;
; REMOVE_REDUNDANT_LOGIC_CELLS ; off   ; -    ; sum_s[13]                                 ;
; IGNORE_LCELL_BUFFERS         ; off   ; -    ; sum_s[12]                                 ;
; REMOVE_REDUNDANT_LOGIC_CELLS ; off   ; -    ; sum_s[12]                                 ;
; IGNORE_LCELL_BUFFERS         ; off   ; -    ; sum_s[11]                                 ;
; REMOVE_REDUNDANT_LOGIC_CELLS ; off   ; -    ; sum_s[11]                                 ;
; IGNORE_LCELL_BUFFERS         ; off   ; -    ; sum_s[10]                                 ;
; REMOVE_REDUNDANT_LOGIC_CELLS ; off   ; -    ; sum_s[10]                                 ;
; IGNORE_LCELL_BUFFERS         ; off   ; -    ; sum_s[9]                                  ;
; REMOVE_REDUNDANT_LOGIC_CELLS ; off   ; -    ; sum_s[9]                                  ;
; IGNORE_LCELL_BUFFERS         ; off   ; -    ; sum_s[8]                                  ;
; REMOVE_REDUNDANT_LOGIC_CELLS ; off   ; -    ; sum_s[8]                                  ;
; IGNORE_LCELL_BUFFERS         ; off   ; -    ; sum_s[7]                                  ;
; REMOVE_REDUNDANT_LOGIC_CELLS ; off   ; -    ; sum_s[7]                                  ;
; IGNORE_LCELL_BUFFERS         ; off   ; -    ; sum_s[6]                                  ;
; REMOVE_REDUNDANT_LOGIC_CELLS ; off   ; -    ; sum_s[6]                                  ;
; IGNORE_LCELL_BUFFERS         ; off   ; -    ; sum_s[5]                                  ;
; REMOVE_REDUNDANT_LOGIC_CELLS ; off   ; -    ; sum_s[5]                                  ;
; IGNORE_LCELL_BUFFERS         ; off   ; -    ; sum_s[4]                                  ;
; REMOVE_REDUNDANT_LOGIC_CELLS ; off   ; -    ; sum_s[4]                                  ;
; IGNORE_LCELL_BUFFERS         ; off   ; -    ; sum_s[3]                                  ;
; REMOVE_REDUNDANT_LOGIC_CELLS ; off   ; -    ; sum_s[3]                                  ;
; IGNORE_LCELL_BUFFERS         ; off   ; -    ; sum_s[2]                                  ;
; REMOVE_REDUNDANT_LOGIC_CELLS ; off   ; -    ; sum_s[2]                                  ;
; IGNORE_LCELL_BUFFERS         ; off   ; -    ; sum_s[1]                                  ;
; REMOVE_REDUNDANT_LOGIC_CELLS ; off   ; -    ; sum_s[1]                                  ;
; IGNORE_LCELL_BUFFERS         ; off   ; -    ; sum_s[0]                                  ;
; REMOVE_REDUNDANT_LOGIC_CELLS ; off   ; -    ; sum_s[0]                                  ;
+------------------------------+-------+------+-------------------------------------------+


+-----------------------------------------------------------------------------------+
; Source assignments for app_s_flags_top:U_APP_S_FLAGS|rtl_doc_reg4:U_FLAG_REGISTER ;
+-------------------+-------+------+------------------------------------------------+
; Assignment        ; Value ; From ; To                                             ;
+-------------------+-------+------+------------------------------------------------+
; PRESERVE_REGISTER ; on    ; -    ; q_r[0]                                         ;
; PRESERVE_REGISTER ; on    ; -    ; q_r[1]                                         ;
; PRESERVE_REGISTER ; on    ; -    ; q_r[2]                                         ;
; PRESERVE_REGISTER ; on    ; -    ; q_r[3]                                         ;
+-------------------+-------+------+------------------------------------------------+


+----------------------------------------------------------------------------------------+
; Source assignments for app_t_stack_top:U_APP_T_STACK|rtl_doc_reg3:U_SP_UP_DOWN_COUNTER ;
+-------------------+-------+------+-----------------------------------------------------+
; Assignment        ; Value ; From ; To                                                  ;
+-------------------+-------+------+-----------------------------------------------------+
; PRESERVE_REGISTER ; on    ; -    ; q_r[0]                                              ;
; PRESERVE_REGISTER ; on    ; -    ; q_r[1]                                              ;
; PRESERVE_REGISTER ; on    ; -    ; q_r[2]                                              ;
+-------------------+-------+------+-----------------------------------------------------+


+-----------------------------------------------------------------------------+
; Source assignments for app_t_stack_top:U_APP_T_STACK|rtl_doc_reg16:U_STACK0 ;
+-------------------+-------+------+------------------------------------------+
; Assignment        ; Value ; From ; To                                       ;
+-------------------+-------+------+------------------------------------------+
; PRESERVE_REGISTER ; on    ; -    ; q_r[0]                                   ;
; PRESERVE_REGISTER ; on    ; -    ; q_r[1]                                   ;
; PRESERVE_REGISTER ; on    ; -    ; q_r[2]                                   ;
; PRESERVE_REGISTER ; on    ; -    ; q_r[3]                                   ;
; PRESERVE_REGISTER ; on    ; -    ; q_r[4]                                   ;
; PRESERVE_REGISTER ; on    ; -    ; q_r[5]                                   ;
; PRESERVE_REGISTER ; on    ; -    ; q_r[6]                                   ;
; PRESERVE_REGISTER ; on    ; -    ; q_r[7]                                   ;
; PRESERVE_REGISTER ; on    ; -    ; q_r[8]                                   ;
; PRESERVE_REGISTER ; on    ; -    ; q_r[9]                                   ;
; PRESERVE_REGISTER ; on    ; -    ; q_r[10]                                  ;
; PRESERVE_REGISTER ; on    ; -    ; q_r[11]                                  ;
; PRESERVE_REGISTER ; on    ; -    ; q_r[12]                                  ;
; PRESERVE_REGISTER ; on    ; -    ; q_r[13]                                  ;
; PRESERVE_REGISTER ; on    ; -    ; q_r[14]                                  ;
; PRESERVE_REGISTER ; on    ; -    ; q_r[15]                                  ;
+-------------------+-------+------+------------------------------------------+


+-----------------------------------------------------------------------------+
; Source assignments for app_t_stack_top:U_APP_T_STACK|rtl_doc_reg16:U_STACK1 ;
+-------------------+-------+------+------------------------------------------+
; Assignment        ; Value ; From ; To                                       ;
+-------------------+-------+------+------------------------------------------+
; PRESERVE_REGISTER ; on    ; -    ; q_r[0]                                   ;
; PRESERVE_REGISTER ; on    ; -    ; q_r[1]                                   ;
; PRESERVE_REGISTER ; on    ; -    ; q_r[2]                                   ;
; PRESERVE_REGISTER ; on    ; -    ; q_r[3]                                   ;
; PRESERVE_REGISTER ; on    ; -    ; q_r[4]                                   ;
; PRESERVE_REGISTER ; on    ; -    ; q_r[5]                                   ;
; PRESERVE_REGISTER ; on    ; -    ; q_r[6]                                   ;
; PRESERVE_REGISTER ; on    ; -    ; q_r[7]                                   ;
; PRESERVE_REGISTER ; on    ; -    ; q_r[8]                                   ;
; PRESERVE_REGISTER ; on    ; -    ; q_r[9]                                   ;
; PRESERVE_REGISTER ; on    ; -    ; q_r[10]                                  ;
; PRESERVE_REGISTER ; on    ; -    ; q_r[11]                                  ;
; PRESERVE_REGISTER ; on    ; -    ; q_r[12]                                  ;
; PRESERVE_REGISTER ; on    ; -    ; q_r[13]                                  ;
; PRESERVE_REGISTER ; on    ; -    ; q_r[14]                                  ;
; PRESERVE_REGISTER ; on    ; -    ; q_r[15]                                  ;
+-------------------+-------+------+------------------------------------------+


+-----------------------------------------------------------------------------+
; Source assignments for app_t_stack_top:U_APP_T_STACK|rtl_doc_reg16:U_STACK2 ;
+-------------------+-------+------+------------------------------------------+
; Assignment        ; Value ; From ; To                                       ;
+-------------------+-------+------+------------------------------------------+
; PRESERVE_REGISTER ; on    ; -    ; q_r[0]                                   ;
; PRESERVE_REGISTER ; on    ; -    ; q_r[1]                                   ;
; PRESERVE_REGISTER ; on    ; -    ; q_r[2]                                   ;
; PRESERVE_REGISTER ; on    ; -    ; q_r[3]                                   ;
; PRESERVE_REGISTER ; on    ; -    ; q_r[4]                                   ;
; PRESERVE_REGISTER ; on    ; -    ; q_r[5]                                   ;
; PRESERVE_REGISTER ; on    ; -    ; q_r[6]                                   ;
; PRESERVE_REGISTER ; on    ; -    ; q_r[7]                                   ;
; PRESERVE_REGISTER ; on    ; -    ; q_r[8]                                   ;
; PRESERVE_REGISTER ; on    ; -    ; q_r[9]                                   ;
; PRESERVE_REGISTER ; on    ; -    ; q_r[10]                                  ;
; PRESERVE_REGISTER ; on    ; -    ; q_r[11]                                  ;
; PRESERVE_REGISTER ; on    ; -    ; q_r[12]                                  ;
; PRESERVE_REGISTER ; on    ; -    ; q_r[13]                                  ;
; PRESERVE_REGISTER ; on    ; -    ; q_r[14]                                  ;
; PRESERVE_REGISTER ; on    ; -    ; q_r[15]                                  ;
+-------------------+-------+------+------------------------------------------+


+-----------------------------------------------------------------------------+
; Source assignments for app_t_stack_top:U_APP_T_STACK|rtl_doc_reg16:U_STACK3 ;
+-------------------+-------+------+------------------------------------------+
; Assignment        ; Value ; From ; To                                       ;
+-------------------+-------+------+------------------------------------------+
; PRESERVE_REGISTER ; on    ; -    ; q_r[0]                                   ;
; PRESERVE_REGISTER ; on    ; -    ; q_r[1]                                   ;
; PRESERVE_REGISTER ; on    ; -    ; q_r[2]                                   ;
; PRESERVE_REGISTER ; on    ; -    ; q_r[3]                                   ;
; PRESERVE_REGISTER ; on    ; -    ; q_r[4]                                   ;
; PRESERVE_REGISTER ; on    ; -    ; q_r[5]                                   ;
; PRESERVE_REGISTER ; on    ; -    ; q_r[6]                                   ;
; PRESERVE_REGISTER ; on    ; -    ; q_r[7]                                   ;
; PRESERVE_REGISTER ; on    ; -    ; q_r[8]                                   ;
; PRESERVE_REGISTER ; on    ; -    ; q_r[9]                                   ;
; PRESERVE_REGISTER ; on    ; -    ; q_r[10]                                  ;
; PRESERVE_REGISTER ; on    ; -    ; q_r[11]                                  ;
; PRESERVE_REGISTER ; on    ; -    ; q_r[12]                                  ;
; PRESERVE_REGISTER ; on    ; -    ; q_r[13]                                  ;
; PRESERVE_REGISTER ; on    ; -    ; q_r[14]                                  ;
; PRESERVE_REGISTER ; on    ; -    ; q_r[15]                                  ;
+-------------------+-------+------+------------------------------------------+


+-----------------------------------------------------------------------------+
; Source assignments for app_t_stack_top:U_APP_T_STACK|rtl_doc_reg16:U_STACK4 ;
+-------------------+-------+------+------------------------------------------+
; Assignment        ; Value ; From ; To                                       ;
+-------------------+-------+------+------------------------------------------+
; PRESERVE_REGISTER ; on    ; -    ; q_r[0]                                   ;
; PRESERVE_REGISTER ; on    ; -    ; q_r[1]                                   ;
; PRESERVE_REGISTER ; on    ; -    ; q_r[2]                                   ;
; PRESERVE_REGISTER ; on    ; -    ; q_r[3]                                   ;
; PRESERVE_REGISTER ; on    ; -    ; q_r[4]                                   ;
; PRESERVE_REGISTER ; on    ; -    ; q_r[5]                                   ;
; PRESERVE_REGISTER ; on    ; -    ; q_r[6]                                   ;
; PRESERVE_REGISTER ; on    ; -    ; q_r[7]                                   ;
; PRESERVE_REGISTER ; on    ; -    ; q_r[8]                                   ;
; PRESERVE_REGISTER ; on    ; -    ; q_r[9]                                   ;
; PRESERVE_REGISTER ; on    ; -    ; q_r[10]                                  ;
; PRESERVE_REGISTER ; on    ; -    ; q_r[11]                                  ;
; PRESERVE_REGISTER ; on    ; -    ; q_r[12]                                  ;
; PRESERVE_REGISTER ; on    ; -    ; q_r[13]                                  ;
; PRESERVE_REGISTER ; on    ; -    ; q_r[14]                                  ;
; PRESERVE_REGISTER ; on    ; -    ; q_r[15]                                  ;
+-------------------+-------+------+------------------------------------------+


+-----------------------------------------------------------------------------+
; Source assignments for app_t_stack_top:U_APP_T_STACK|rtl_doc_reg16:U_STACK5 ;
+-------------------+-------+------+------------------------------------------+
; Assignment        ; Value ; From ; To                                       ;
+-------------------+-------+------+------------------------------------------+
; PRESERVE_REGISTER ; on    ; -    ; q_r[0]                                   ;
; PRESERVE_REGISTER ; on    ; -    ; q_r[1]                                   ;
; PRESERVE_REGISTER ; on    ; -    ; q_r[2]                                   ;
; PRESERVE_REGISTER ; on    ; -    ; q_r[3]                                   ;
; PRESERVE_REGISTER ; on    ; -    ; q_r[4]                                   ;
; PRESERVE_REGISTER ; on    ; -    ; q_r[5]                                   ;
; PRESERVE_REGISTER ; on    ; -    ; q_r[6]                                   ;
; PRESERVE_REGISTER ; on    ; -    ; q_r[7]                                   ;
; PRESERVE_REGISTER ; on    ; -    ; q_r[8]                                   ;
; PRESERVE_REGISTER ; on    ; -    ; q_r[9]                                   ;
; PRESERVE_REGISTER ; on    ; -    ; q_r[10]                                  ;
; PRESERVE_REGISTER ; on    ; -    ; q_r[11]                                  ;
; PRESERVE_REGISTER ; on    ; -    ; q_r[12]                                  ;
; PRESERVE_REGISTER ; on    ; -    ; q_r[13]                                  ;
; PRESERVE_REGISTER ; on    ; -    ; q_r[14]                                  ;
; PRESERVE_REGISTER ; on    ; -    ; q_r[15]                                  ;
+-------------------+-------+------+------------------------------------------+


+-----------------------------------------------------------------------------+
; Source assignments for app_t_stack_top:U_APP_T_STACK|rtl_doc_reg16:U_STACK6 ;
+-------------------+-------+------+------------------------------------------+
; Assignment        ; Value ; From ; To                                       ;
+-------------------+-------+------+------------------------------------------+
; PRESERVE_REGISTER ; on    ; -    ; q_r[0]                                   ;
; PRESERVE_REGISTER ; on    ; -    ; q_r[1]                                   ;
; PRESERVE_REGISTER ; on    ; -    ; q_r[2]                                   ;
; PRESERVE_REGISTER ; on    ; -    ; q_r[3]                                   ;
; PRESERVE_REGISTER ; on    ; -    ; q_r[4]                                   ;
; PRESERVE_REGISTER ; on    ; -    ; q_r[5]                                   ;
; PRESERVE_REGISTER ; on    ; -    ; q_r[6]                                   ;
; PRESERVE_REGISTER ; on    ; -    ; q_r[7]                                   ;
; PRESERVE_REGISTER ; on    ; -    ; q_r[8]                                   ;
; PRESERVE_REGISTER ; on    ; -    ; q_r[9]                                   ;
; PRESERVE_REGISTER ; on    ; -    ; q_r[10]                                  ;
; PRESERVE_REGISTER ; on    ; -    ; q_r[11]                                  ;
; PRESERVE_REGISTER ; on    ; -    ; q_r[12]                                  ;
; PRESERVE_REGISTER ; on    ; -    ; q_r[13]                                  ;
; PRESERVE_REGISTER ; on    ; -    ; q_r[14]                                  ;
; PRESERVE_REGISTER ; on    ; -    ; q_r[15]                                  ;
+-------------------+-------+------+------------------------------------------+


+---------------------------------------------------------------------------------------------------+
; Source assignments for app_u_stack_exec_top:U_APP_U_STACK_EXEC|rtl_doc_reg16:U_RF_SOURCE_REGISTER ;
+-------------------+-------+------+----------------------------------------------------------------+
; Assignment        ; Value ; From ; To                                                             ;
+-------------------+-------+------+----------------------------------------------------------------+
; PRESERVE_REGISTER ; on    ; -    ; q_r[0]                                                         ;
; PRESERVE_REGISTER ; on    ; -    ; q_r[1]                                                         ;
; PRESERVE_REGISTER ; on    ; -    ; q_r[2]                                                         ;
; PRESERVE_REGISTER ; on    ; -    ; q_r[3]                                                         ;
; PRESERVE_REGISTER ; on    ; -    ; q_r[4]                                                         ;
; PRESERVE_REGISTER ; on    ; -    ; q_r[5]                                                         ;
; PRESERVE_REGISTER ; on    ; -    ; q_r[6]                                                         ;
; PRESERVE_REGISTER ; on    ; -    ; q_r[7]                                                         ;
; PRESERVE_REGISTER ; on    ; -    ; q_r[8]                                                         ;
; PRESERVE_REGISTER ; on    ; -    ; q_r[9]                                                         ;
; PRESERVE_REGISTER ; on    ; -    ; q_r[10]                                                        ;
; PRESERVE_REGISTER ; on    ; -    ; q_r[11]                                                        ;
; PRESERVE_REGISTER ; on    ; -    ; q_r[12]                                                        ;
; PRESERVE_REGISTER ; on    ; -    ; q_r[13]                                                        ;
; PRESERVE_REGISTER ; on    ; -    ; q_r[14]                                                        ;
; PRESERVE_REGISTER ; on    ; -    ; q_r[15]                                                        ;
+-------------------+-------+------+----------------------------------------------------------------+


+--------------------------------------------------------------------------------------------------------------------------------------+
; Source assignments for app_u_stack_exec_top:U_APP_U_STACK_EXEC|app_t_stack_top:U_STACK_DEVICE_7X16|rtl_doc_reg3:U_SP_UP_DOWN_COUNTER ;
+-------------------+-------+------+---------------------------------------------------------------------------------------------------+
; Assignment        ; Value ; From ; To                                                                                                ;
+-------------------+-------+------+---------------------------------------------------------------------------------------------------+
; PRESERVE_REGISTER ; on    ; -    ; q_r[0]                                                                                            ;
; PRESERVE_REGISTER ; on    ; -    ; q_r[1]                                                                                            ;
; PRESERVE_REGISTER ; on    ; -    ; q_r[2]                                                                                            ;
+-------------------+-------+------+---------------------------------------------------------------------------------------------------+


+---------------------------------------------------------------------------------------------------------------------------+
; Source assignments for app_u_stack_exec_top:U_APP_U_STACK_EXEC|app_t_stack_top:U_STACK_DEVICE_7X16|rtl_doc_reg16:U_STACK0 ;
+-------------------+-------+------+----------------------------------------------------------------------------------------+
; Assignment        ; Value ; From ; To                                                                                     ;
+-------------------+-------+------+----------------------------------------------------------------------------------------+
; PRESERVE_REGISTER ; on    ; -    ; q_r[0]                                                                                 ;
; PRESERVE_REGISTER ; on    ; -    ; q_r[1]                                                                                 ;
; PRESERVE_REGISTER ; on    ; -    ; q_r[2]                                                                                 ;
; PRESERVE_REGISTER ; on    ; -    ; q_r[3]                                                                                 ;
; PRESERVE_REGISTER ; on    ; -    ; q_r[4]                                                                                 ;
; PRESERVE_REGISTER ; on    ; -    ; q_r[5]                                                                                 ;
; PRESERVE_REGISTER ; on    ; -    ; q_r[6]                                                                                 ;
; PRESERVE_REGISTER ; on    ; -    ; q_r[7]                                                                                 ;
; PRESERVE_REGISTER ; on    ; -    ; q_r[8]                                                                                 ;
; PRESERVE_REGISTER ; on    ; -    ; q_r[9]                                                                                 ;
; PRESERVE_REGISTER ; on    ; -    ; q_r[10]                                                                                ;
; PRESERVE_REGISTER ; on    ; -    ; q_r[11]                                                                                ;
; PRESERVE_REGISTER ; on    ; -    ; q_r[12]                                                                                ;
; PRESERVE_REGISTER ; on    ; -    ; q_r[13]                                                                                ;
; PRESERVE_REGISTER ; on    ; -    ; q_r[14]                                                                                ;
; PRESERVE_REGISTER ; on    ; -    ; q_r[15]                                                                                ;
+-------------------+-------+------+----------------------------------------------------------------------------------------+


+---------------------------------------------------------------------------------------------------------------------------+
; Source assignments for app_u_stack_exec_top:U_APP_U_STACK_EXEC|app_t_stack_top:U_STACK_DEVICE_7X16|rtl_doc_reg16:U_STACK1 ;
+-------------------+-------+------+----------------------------------------------------------------------------------------+
; Assignment        ; Value ; From ; To                                                                                     ;
+-------------------+-------+------+----------------------------------------------------------------------------------------+
; PRESERVE_REGISTER ; on    ; -    ; q_r[0]                                                                                 ;
; PRESERVE_REGISTER ; on    ; -    ; q_r[1]                                                                                 ;
; PRESERVE_REGISTER ; on    ; -    ; q_r[2]                                                                                 ;
; PRESERVE_REGISTER ; on    ; -    ; q_r[3]                                                                                 ;
; PRESERVE_REGISTER ; on    ; -    ; q_r[4]                                                                                 ;
; PRESERVE_REGISTER ; on    ; -    ; q_r[5]                                                                                 ;
; PRESERVE_REGISTER ; on    ; -    ; q_r[6]                                                                                 ;
; PRESERVE_REGISTER ; on    ; -    ; q_r[7]                                                                                 ;
; PRESERVE_REGISTER ; on    ; -    ; q_r[8]                                                                                 ;
; PRESERVE_REGISTER ; on    ; -    ; q_r[9]                                                                                 ;
; PRESERVE_REGISTER ; on    ; -    ; q_r[10]                                                                                ;
; PRESERVE_REGISTER ; on    ; -    ; q_r[11]                                                                                ;
; PRESERVE_REGISTER ; on    ; -    ; q_r[12]                                                                                ;
; PRESERVE_REGISTER ; on    ; -    ; q_r[13]                                                                                ;
; PRESERVE_REGISTER ; on    ; -    ; q_r[14]                                                                                ;
; PRESERVE_REGISTER ; on    ; -    ; q_r[15]                                                                                ;
+-------------------+-------+------+----------------------------------------------------------------------------------------+


+---------------------------------------------------------------------------------------------------------------------------+
; Source assignments for app_u_stack_exec_top:U_APP_U_STACK_EXEC|app_t_stack_top:U_STACK_DEVICE_7X16|rtl_doc_reg16:U_STACK2 ;
+-------------------+-------+------+----------------------------------------------------------------------------------------+
; Assignment        ; Value ; From ; To                                                                                     ;
+-------------------+-------+------+----------------------------------------------------------------------------------------+
; PRESERVE_REGISTER ; on    ; -    ; q_r[0]                                                                                 ;
; PRESERVE_REGISTER ; on    ; -    ; q_r[1]                                                                                 ;
; PRESERVE_REGISTER ; on    ; -    ; q_r[2]                                                                                 ;
; PRESERVE_REGISTER ; on    ; -    ; q_r[3]                                                                                 ;
; PRESERVE_REGISTER ; on    ; -    ; q_r[4]                                                                                 ;
; PRESERVE_REGISTER ; on    ; -    ; q_r[5]                                                                                 ;
; PRESERVE_REGISTER ; on    ; -    ; q_r[6]                                                                                 ;
; PRESERVE_REGISTER ; on    ; -    ; q_r[7]                                                                                 ;
; PRESERVE_REGISTER ; on    ; -    ; q_r[8]                                                                                 ;
; PRESERVE_REGISTER ; on    ; -    ; q_r[9]                                                                                 ;
; PRESERVE_REGISTER ; on    ; -    ; q_r[10]                                                                                ;
; PRESERVE_REGISTER ; on    ; -    ; q_r[11]                                                                                ;
; PRESERVE_REGISTER ; on    ; -    ; q_r[12]                                                                                ;
; PRESERVE_REGISTER ; on    ; -    ; q_r[13]                                                                                ;
; PRESERVE_REGISTER ; on    ; -    ; q_r[14]                                                                                ;
; PRESERVE_REGISTER ; on    ; -    ; q_r[15]                                                                                ;
+-------------------+-------+------+----------------------------------------------------------------------------------------+


+---------------------------------------------------------------------------------------------------------------------------+
; Source assignments for app_u_stack_exec_top:U_APP_U_STACK_EXEC|app_t_stack_top:U_STACK_DEVICE_7X16|rtl_doc_reg16:U_STACK3 ;
+-------------------+-------+------+----------------------------------------------------------------------------------------+
; Assignment        ; Value ; From ; To                                                                                     ;
+-------------------+-------+------+----------------------------------------------------------------------------------------+
; PRESERVE_REGISTER ; on    ; -    ; q_r[0]                                                                                 ;
; PRESERVE_REGISTER ; on    ; -    ; q_r[1]                                                                                 ;
; PRESERVE_REGISTER ; on    ; -    ; q_r[2]                                                                                 ;
; PRESERVE_REGISTER ; on    ; -    ; q_r[3]                                                                                 ;
; PRESERVE_REGISTER ; on    ; -    ; q_r[4]                                                                                 ;
; PRESERVE_REGISTER ; on    ; -    ; q_r[5]                                                                                 ;
; PRESERVE_REGISTER ; on    ; -    ; q_r[6]                                                                                 ;
; PRESERVE_REGISTER ; on    ; -    ; q_r[7]                                                                                 ;
; PRESERVE_REGISTER ; on    ; -    ; q_r[8]                                                                                 ;
; PRESERVE_REGISTER ; on    ; -    ; q_r[9]                                                                                 ;
; PRESERVE_REGISTER ; on    ; -    ; q_r[10]                                                                                ;
; PRESERVE_REGISTER ; on    ; -    ; q_r[11]                                                                                ;
; PRESERVE_REGISTER ; on    ; -    ; q_r[12]                                                                                ;
; PRESERVE_REGISTER ; on    ; -    ; q_r[13]                                                                                ;
; PRESERVE_REGISTER ; on    ; -    ; q_r[14]                                                                                ;
; PRESERVE_REGISTER ; on    ; -    ; q_r[15]                                                                                ;
+-------------------+-------+------+----------------------------------------------------------------------------------------+


+---------------------------------------------------------------------------------------------------------------------------+
; Source assignments for app_u_stack_exec_top:U_APP_U_STACK_EXEC|app_t_stack_top:U_STACK_DEVICE_7X16|rtl_doc_reg16:U_STACK4 ;
+-------------------+-------+------+----------------------------------------------------------------------------------------+
; Assignment        ; Value ; From ; To                                                                                     ;
+-------------------+-------+------+----------------------------------------------------------------------------------------+
; PRESERVE_REGISTER ; on    ; -    ; q_r[0]                                                                                 ;
; PRESERVE_REGISTER ; on    ; -    ; q_r[1]                                                                                 ;
; PRESERVE_REGISTER ; on    ; -    ; q_r[2]                                                                                 ;
; PRESERVE_REGISTER ; on    ; -    ; q_r[3]                                                                                 ;
; PRESERVE_REGISTER ; on    ; -    ; q_r[4]                                                                                 ;
; PRESERVE_REGISTER ; on    ; -    ; q_r[5]                                                                                 ;
; PRESERVE_REGISTER ; on    ; -    ; q_r[6]                                                                                 ;
; PRESERVE_REGISTER ; on    ; -    ; q_r[7]                                                                                 ;
; PRESERVE_REGISTER ; on    ; -    ; q_r[8]                                                                                 ;
; PRESERVE_REGISTER ; on    ; -    ; q_r[9]                                                                                 ;
; PRESERVE_REGISTER ; on    ; -    ; q_r[10]                                                                                ;
; PRESERVE_REGISTER ; on    ; -    ; q_r[11]                                                                                ;
; PRESERVE_REGISTER ; on    ; -    ; q_r[12]                                                                                ;
; PRESERVE_REGISTER ; on    ; -    ; q_r[13]                                                                                ;
; PRESERVE_REGISTER ; on    ; -    ; q_r[14]                                                                                ;
; PRESERVE_REGISTER ; on    ; -    ; q_r[15]                                                                                ;
+-------------------+-------+------+----------------------------------------------------------------------------------------+


+---------------------------------------------------------------------------------------------------------------------------+
; Source assignments for app_u_stack_exec_top:U_APP_U_STACK_EXEC|app_t_stack_top:U_STACK_DEVICE_7X16|rtl_doc_reg16:U_STACK5 ;
+-------------------+-------+------+----------------------------------------------------------------------------------------+
; Assignment        ; Value ; From ; To                                                                                     ;
+-------------------+-------+------+----------------------------------------------------------------------------------------+
; PRESERVE_REGISTER ; on    ; -    ; q_r[0]                                                                                 ;
; PRESERVE_REGISTER ; on    ; -    ; q_r[1]                                                                                 ;
; PRESERVE_REGISTER ; on    ; -    ; q_r[2]                                                                                 ;
; PRESERVE_REGISTER ; on    ; -    ; q_r[3]                                                                                 ;
; PRESERVE_REGISTER ; on    ; -    ; q_r[4]                                                                                 ;
; PRESERVE_REGISTER ; on    ; -    ; q_r[5]                                                                                 ;
; PRESERVE_REGISTER ; on    ; -    ; q_r[6]                                                                                 ;
; PRESERVE_REGISTER ; on    ; -    ; q_r[7]                                                                                 ;
; PRESERVE_REGISTER ; on    ; -    ; q_r[8]                                                                                 ;
; PRESERVE_REGISTER ; on    ; -    ; q_r[9]                                                                                 ;
; PRESERVE_REGISTER ; on    ; -    ; q_r[10]                                                                                ;
; PRESERVE_REGISTER ; on    ; -    ; q_r[11]                                                                                ;
; PRESERVE_REGISTER ; on    ; -    ; q_r[12]                                                                                ;
; PRESERVE_REGISTER ; on    ; -    ; q_r[13]                                                                                ;
; PRESERVE_REGISTER ; on    ; -    ; q_r[14]                                                                                ;
; PRESERVE_REGISTER ; on    ; -    ; q_r[15]                                                                                ;
+-------------------+-------+------+----------------------------------------------------------------------------------------+


+---------------------------------------------------------------------------------------------------------------------------+
; Source assignments for app_u_stack_exec_top:U_APP_U_STACK_EXEC|app_t_stack_top:U_STACK_DEVICE_7X16|rtl_doc_reg16:U_STACK6 ;
+-------------------+-------+------+----------------------------------------------------------------------------------------+
; Assignment        ; Value ; From ; To                                                                                     ;
+-------------------+-------+------+----------------------------------------------------------------------------------------+
; PRESERVE_REGISTER ; on    ; -    ; q_r[0]                                                                                 ;
; PRESERVE_REGISTER ; on    ; -    ; q_r[1]                                                                                 ;
; PRESERVE_REGISTER ; on    ; -    ; q_r[2]                                                                                 ;
; PRESERVE_REGISTER ; on    ; -    ; q_r[3]                                                                                 ;
; PRESERVE_REGISTER ; on    ; -    ; q_r[4]                                                                                 ;
; PRESERVE_REGISTER ; on    ; -    ; q_r[5]                                                                                 ;
; PRESERVE_REGISTER ; on    ; -    ; q_r[6]                                                                                 ;
; PRESERVE_REGISTER ; on    ; -    ; q_r[7]                                                                                 ;
; PRESERVE_REGISTER ; on    ; -    ; q_r[8]                                                                                 ;
; PRESERVE_REGISTER ; on    ; -    ; q_r[9]                                                                                 ;
; PRESERVE_REGISTER ; on    ; -    ; q_r[10]                                                                                ;
; PRESERVE_REGISTER ; on    ; -    ; q_r[11]                                                                                ;
; PRESERVE_REGISTER ; on    ; -    ; q_r[12]                                                                                ;
; PRESERVE_REGISTER ; on    ; -    ; q_r[13]                                                                                ;
; PRESERVE_REGISTER ; on    ; -    ; q_r[14]                                                                                ;
; PRESERVE_REGISTER ; on    ; -    ; q_r[15]                                                                                ;
+-------------------+-------+------+----------------------------------------------------------------------------------------+


+-------------------------------------------------------------------------------------------------------+
; Source assignments for app_u_stack_exec_top:U_APP_U_STACK_EXEC|rtl_doc_reg16:U_POP_WRITEBACK_REGISTER ;
+-------------------+-------+------+--------------------------------------------------------------------+
; Assignment        ; Value ; From ; To                                                                 ;
+-------------------+-------+------+--------------------------------------------------------------------+
; PRESERVE_REGISTER ; on    ; -    ; q_r[0]                                                             ;
; PRESERVE_REGISTER ; on    ; -    ; q_r[1]                                                             ;
; PRESERVE_REGISTER ; on    ; -    ; q_r[2]                                                             ;
; PRESERVE_REGISTER ; on    ; -    ; q_r[3]                                                             ;
; PRESERVE_REGISTER ; on    ; -    ; q_r[4]                                                             ;
; PRESERVE_REGISTER ; on    ; -    ; q_r[5]                                                             ;
; PRESERVE_REGISTER ; on    ; -    ; q_r[6]                                                             ;
; PRESERVE_REGISTER ; on    ; -    ; q_r[7]                                                             ;
; PRESERVE_REGISTER ; on    ; -    ; q_r[8]                                                             ;
; PRESERVE_REGISTER ; on    ; -    ; q_r[9]                                                             ;
; PRESERVE_REGISTER ; on    ; -    ; q_r[10]                                                            ;
; PRESERVE_REGISTER ; on    ; -    ; q_r[11]                                                            ;
; PRESERVE_REGISTER ; on    ; -    ; q_r[12]                                                            ;
; PRESERVE_REGISTER ; on    ; -    ; q_r[13]                                                            ;
; PRESERVE_REGISTER ; on    ; -    ; q_r[14]                                                            ;
; PRESERVE_REGISTER ; on    ; -    ; q_r[15]                                                            ;
+-------------------+-------+------+--------------------------------------------------------------------+


+--------------------------------------------------------------------------------------------------------------------------------------------+
; Source assignments for app_sh_microevm_top:U_APP_SH_MICRO_EVM|app_v_control_top:U_CPU_CORE_CU_RON_ALU_STACK|rtl_doc_reg8:U_OPCODE_REGISTER ;
+-------------------+-------+------+---------------------------------------------------------------------------------------------------------+
; Assignment        ; Value ; From ; To                                                                                                      ;
+-------------------+-------+------+---------------------------------------------------------------------------------------------------------+
; PRESERVE_REGISTER ; on    ; -    ; q_r[0]                                                                                                  ;
; PRESERVE_REGISTER ; on    ; -    ; q_r[1]                                                                                                  ;
; PRESERVE_REGISTER ; on    ; -    ; q_r[2]                                                                                                  ;
; PRESERVE_REGISTER ; on    ; -    ; q_r[3]                                                                                                  ;
; PRESERVE_REGISTER ; on    ; -    ; q_r[4]                                                                                                  ;
; PRESERVE_REGISTER ; on    ; -    ; q_r[5]                                                                                                  ;
; PRESERVE_REGISTER ; on    ; -    ; q_r[6]                                                                                                  ;
; PRESERVE_REGISTER ; on    ; -    ; q_r[7]                                                                                                  ;
+-------------------+-------+------+---------------------------------------------------------------------------------------------------------+


+-------------------------------------------------------------------------------------------------------------------------------------------+
; Source assignments for app_sh_microevm_top:U_APP_SH_MICRO_EVM|app_v_control_top:U_CPU_CORE_CU_RON_ALU_STACK|rtl_doc_reg4:U_STATE_REGISTER ;
+-------------------+-------+------+--------------------------------------------------------------------------------------------------------+
; Assignment        ; Value ; From ; To                                                                                                     ;
+-------------------+-------+------+--------------------------------------------------------------------------------------------------------+
; PRESERVE_REGISTER ; on    ; -    ; q_r[0]                                                                                                 ;
; PRESERVE_REGISTER ; on    ; -    ; q_r[1]                                                                                                 ;
; PRESERVE_REGISTER ; on    ; -    ; q_r[2]                                                                                                 ;
; PRESERVE_REGISTER ; on    ; -    ; q_r[3]                                                                                                 ;
+-------------------+-------+------+--------------------------------------------------------------------------------------------------------+


+-------------------------------------------------------------------------------------------+
; Source assignments for app_sh_microevm_top:U_APP_SH_MICRO_EVM|rtl_doc_ram16x16:U_DATA_RAM ;
+-------------------+-------+------+--------------------------------------------------------+
; Assignment        ; Value ; From ; To                                                     ;
+-------------------+-------+------+--------------------------------------------------------+
; PRESERVE_REGISTER ; on    ; -    ; mem_r                                                  ;
+-------------------+-------+------+--------------------------------------------------------+


+--------------------------------------------------------------------------------------------------------+
; Source assignments for app_sh_microevm_top:U_APP_SH_MICRO_EVM|rtl_doc_dma3word:U_DMA_CONTROLLER_3_WORD ;
+-------------------+-------+------+---------------------------------------------------------------------+
; Assignment        ; Value ; From ; To                                                                  ;
+-------------------+-------+------+---------------------------------------------------------------------+
; PRESERVE_REGISTER ; on    ; -    ; busy_r                                                              ;
; PRESERVE_REGISTER ; on    ; -    ; idx_r[0]                                                            ;
; PRESERVE_REGISTER ; on    ; -    ; idx_r[1]                                                            ;
+-------------------+-------+------+---------------------------------------------------------------------+


+-----------------------------------------------------------------------------------------------------------------------------------------------------+
; Source assignments for app_sh_microevm_top:U_APP_SH_MICRO_EVM|app_shch_branch_predictor_top:U_BRANCH_PREDICTOR_A4|rtl_doc_reg2:U_GLOBAL_HISTORY_REG ;
+-------------------+-------+------+------------------------------------------------------------------------------------------------------------------+
; Assignment        ; Value ; From ; To                                                                                                               ;
+-------------------+-------+------+------------------------------------------------------------------------------------------------------------------+
; PRESERVE_REGISTER ; on    ; -    ; q_r[0]                                                                                                           ;
; PRESERVE_REGISTER ; on    ; -    ; q_r[1]                                                                                                           ;
+-------------------+-------+------+------------------------------------------------------------------------------------------------------------------+


+--------------------------------------------------------------------------------------------------------------------------------------------------+
; Source assignments for app_sh_microevm_top:U_APP_SH_MICRO_EVM|app_shch_branch_predictor_top:U_BRANCH_PREDICTOR_A4|rtl_doc_reg2:U_PHT_COUNTER_REG ;
+-------------------+-------+------+---------------------------------------------------------------------------------------------------------------+
; Assignment        ; Value ; From ; To                                                                                                            ;
+-------------------+-------+------+---------------------------------------------------------------------------------------------------------------+
; PRESERVE_REGISTER ; on    ; -    ; q_r[0]                                                                                                        ;
; PRESERVE_REGISTER ; on    ; -    ; q_r[1]                                                                                                        ;
+-------------------+-------+------+---------------------------------------------------------------------------------------------------------------+


+--------------------------------------------------------------------------------------------------------------------------------------------------+
; Source assignments for app_sh_microevm_top:U_APP_SH_MICRO_EVM|app_shch_branch_predictor_top:U_BRANCH_PREDICTOR_A4|rtl_doc_reg16:U_BTB_TARGET_REG ;
+-------------------+-------+------+---------------------------------------------------------------------------------------------------------------+
; Assignment        ; Value ; From ; To                                                                                                            ;
+-------------------+-------+------+---------------------------------------------------------------------------------------------------------------+
; PRESERVE_REGISTER ; on    ; -    ; q_r[0]                                                                                                        ;
; PRESERVE_REGISTER ; on    ; -    ; q_r[1]                                                                                                        ;
; PRESERVE_REGISTER ; on    ; -    ; q_r[2]                                                                                                        ;
; PRESERVE_REGISTER ; on    ; -    ; q_r[3]                                                                                                        ;
; PRESERVE_REGISTER ; on    ; -    ; q_r[4]                                                                                                        ;
; PRESERVE_REGISTER ; on    ; -    ; q_r[5]                                                                                                        ;
; PRESERVE_REGISTER ; on    ; -    ; q_r[6]                                                                                                        ;
; PRESERVE_REGISTER ; on    ; -    ; q_r[7]                                                                                                        ;
; PRESERVE_REGISTER ; on    ; -    ; q_r[8]                                                                                                        ;
; PRESERVE_REGISTER ; on    ; -    ; q_r[9]                                                                                                        ;
; PRESERVE_REGISTER ; on    ; -    ; q_r[10]                                                                                                       ;
; PRESERVE_REGISTER ; on    ; -    ; q_r[11]                                                                                                       ;
; PRESERVE_REGISTER ; on    ; -    ; q_r[12]                                                                                                       ;
; PRESERVE_REGISTER ; on    ; -    ; q_r[13]                                                                                                       ;
; PRESERVE_REGISTER ; on    ; -    ; q_r[14]                                                                                                       ;
; PRESERVE_REGISTER ; on    ; -    ; q_r[15]                                                                                                       ;
+-------------------+-------+------+---------------------------------------------------------------------------------------------------------------+


+--------------------------------------------------------------------------------------------------------------------+
; Source assignments for app_shch_branch_predictor_top:U_APP_SHCH_BRANCH_PREDICTOR|rtl_doc_reg2:U_GLOBAL_HISTORY_REG ;
+-------------------+-------+------+---------------------------------------------------------------------------------+
; Assignment        ; Value ; From ; To                                                                              ;
+-------------------+-------+------+---------------------------------------------------------------------------------+
; PRESERVE_REGISTER ; on    ; -    ; q_r[0]                                                                          ;
; PRESERVE_REGISTER ; on    ; -    ; q_r[1]                                                                          ;
+-------------------+-------+------+---------------------------------------------------------------------------------+


+-----------------------------------------------------------------------------------------------------------------+
; Source assignments for app_shch_branch_predictor_top:U_APP_SHCH_BRANCH_PREDICTOR|rtl_doc_reg2:U_PHT_COUNTER_REG ;
+-------------------+-------+------+------------------------------------------------------------------------------+
; Assignment        ; Value ; From ; To                                                                           ;
+-------------------+-------+------+------------------------------------------------------------------------------+
; PRESERVE_REGISTER ; on    ; -    ; q_r[0]                                                                       ;
; PRESERVE_REGISTER ; on    ; -    ; q_r[1]                                                                       ;
+-------------------+-------+------+------------------------------------------------------------------------------+


+-----------------------------------------------------------------------------------------------------------------+
; Source assignments for app_shch_branch_predictor_top:U_APP_SHCH_BRANCH_PREDICTOR|rtl_doc_reg16:U_BTB_TARGET_REG ;
+-------------------+-------+------+------------------------------------------------------------------------------+
; Assignment        ; Value ; From ; To                                                                           ;
+-------------------+-------+------+------------------------------------------------------------------------------+
; PRESERVE_REGISTER ; on    ; -    ; q_r[0]                                                                       ;
; PRESERVE_REGISTER ; on    ; -    ; q_r[1]                                                                       ;
; PRESERVE_REGISTER ; on    ; -    ; q_r[2]                                                                       ;
; PRESERVE_REGISTER ; on    ; -    ; q_r[3]                                                                       ;
; PRESERVE_REGISTER ; on    ; -    ; q_r[4]                                                                       ;
; PRESERVE_REGISTER ; on    ; -    ; q_r[5]                                                                       ;
; PRESERVE_REGISTER ; on    ; -    ; q_r[6]                                                                       ;
; PRESERVE_REGISTER ; on    ; -    ; q_r[7]                                                                       ;
; PRESERVE_REGISTER ; on    ; -    ; q_r[8]                                                                       ;
; PRESERVE_REGISTER ; on    ; -    ; q_r[9]                                                                       ;
; PRESERVE_REGISTER ; on    ; -    ; q_r[10]                                                                      ;
; PRESERVE_REGISTER ; on    ; -    ; q_r[11]                                                                      ;
; PRESERVE_REGISTER ; on    ; -    ; q_r[12]                                                                      ;
; PRESERVE_REGISTER ; on    ; -    ; q_r[13]                                                                      ;
; PRESERVE_REGISTER ; on    ; -    ; q_r[14]                                                                      ;
; PRESERVE_REGISTER ; on    ; -    ; q_r[15]                                                                      ;
+-------------------+-------+------+------------------------------------------------------------------------------+


+------------------------------------------------------------------------------------------------------------------------+
; Port Connectivity Checks: "app_sh_microevm_top:U_APP_SH_MICRO_EVM|app_shch_branch_predictor_top:U_BRANCH_PREDICTOR_A4" ;
+--------+--------+----------+-------------------------------------------------------------------------------------------+
; Port   ; Type   ; Severity ; Details                                                                                   ;
+--------+--------+----------+-------------------------------------------------------------------------------------------+
; flag_o ; Output ; Info     ; Connected to dangling logic. Logic that only feeds a dangling port will be removed.       ;
+--------+--------+----------+-------------------------------------------------------------------------------------------+


+------------------------------------------------------------------------------------------------------------------+
; Port Connectivity Checks: "app_sh_microevm_top:U_APP_SH_MICRO_EVM|rtl_doc_dma3word:U_DMA_CONTROLLER_3_WORD"      ;
+--------+--------+----------+-------------------------------------------------------------------------------------+
; Port   ; Type   ; Severity ; Details                                                                             ;
+--------+--------+----------+-------------------------------------------------------------------------------------+
; addr_o ; Output ; Info     ; Connected to dangling logic. Logic that only feeds a dangling port will be removed. ;
+--------+--------+----------+-------------------------------------------------------------------------------------+


+------------------------------------------------------------------------------------------------------------------+
; Port Connectivity Checks: "app_sh_microevm_top:U_APP_SH_MICRO_EVM|app_f_cache_top:U_DATA_CACHE_4WAY"             ;
+--------+--------+----------+-------------------------------------------------------------------------------------+
; Port   ; Type   ; Severity ; Details                                                                             ;
+--------+--------+----------+-------------------------------------------------------------------------------------+
; flag_o ; Output ; Info     ; Connected to dangling logic. Logic that only feeds a dangling port will be removed. ;
+--------+--------+----------+-------------------------------------------------------------------------------------+


+------------------------------------------------------------------------------------------------------------------+
; Port Connectivity Checks: "app_sh_microevm_top:U_APP_SH_MICRO_EVM|app_v_control_top:U_CPU_CORE_CU_RON_ALU_STACK" ;
+--------+--------+----------+-------------------------------------------------------------------------------------+
; Port   ; Type   ; Severity ; Details                                                                             ;
+--------+--------+----------+-------------------------------------------------------------------------------------+
; flag_o ; Output ; Info     ; Connected to dangling logic. Logic that only feeds a dangling port will be removed. ;
+--------+--------+----------+-------------------------------------------------------------------------------------+


+------------------------------------------------------------------------------------------------------+
; Port Connectivity Checks: "app_ts_cache_flags_top:U_APP_TS_CACHE_FLAGS|cache_age_way_doc:U_AGE_WAY3" ;
+-------+-------+----------+---------------------------------------------------------------------------+
; Port  ; Type  ; Severity ; Details                                                                   ;
+-------+-------+----------+---------------------------------------------------------------------------+
; age_i ; Input ; Info     ; Stuck at GND                                                              ;
+-------+-------+----------+---------------------------------------------------------------------------+


+------------------------------------------------------------------------------------------------------+
; Port Connectivity Checks: "app_ts_cache_flags_top:U_APP_TS_CACHE_FLAGS|cache_age_way_doc:U_AGE_WAY2" ;
+-------+-------+----------+---------------------------------------------------------------------------+
; Port  ; Type  ; Severity ; Details                                                                   ;
+-------+-------+----------+---------------------------------------------------------------------------+
; age_i ; Input ; Info     ; Stuck at GND                                                              ;
+-------+-------+----------+---------------------------------------------------------------------------+


+------------------------------------------------------------------------------------------------------+
; Port Connectivity Checks: "app_ts_cache_flags_top:U_APP_TS_CACHE_FLAGS|cache_age_way_doc:U_AGE_WAY1" ;
+-------+-------+----------+---------------------------------------------------------------------------+
; Port  ; Type  ; Severity ; Details                                                                   ;
+-------+-------+----------+---------------------------------------------------------------------------+
; age_i ; Input ; Info     ; Stuck at GND                                                              ;
+-------+-------+----------+---------------------------------------------------------------------------+


+------------------------------------------------------------------------------------------------------+
; Port Connectivity Checks: "app_ts_cache_flags_top:U_APP_TS_CACHE_FLAGS|cache_age_way_doc:U_AGE_WAY0" ;
+-------+-------+----------+---------------------------------------------------------------------------+
; Port  ; Type  ; Severity ; Details                                                                   ;
+-------+-------+----------+---------------------------------------------------------------------------+
; age_i ; Input ; Info     ; Stuck at GND                                                              ;
+-------+-------+----------+---------------------------------------------------------------------------+


+----------------------------------------------------------------------------------------------------------+
; Port Connectivity Checks: "app_ts_cache_flags_top:U_APP_TS_CACHE_FLAGS|cache_valid_way_doc:U_VALID_WAY3" ;
+---------+-------+----------+-----------------------------------------------------------------------------+
; Port    ; Type  ; Severity ; Details                                                                     ;
+---------+-------+----------+-----------------------------------------------------------------------------+
; valid_i ; Input ; Info     ; Stuck at VCC                                                                ;
+---------+-------+----------+-----------------------------------------------------------------------------+


+----------------------------------------------------------------------------------------------------------+
; Port Connectivity Checks: "app_ts_cache_flags_top:U_APP_TS_CACHE_FLAGS|cache_valid_way_doc:U_VALID_WAY2" ;
+---------+-------+----------+-----------------------------------------------------------------------------+
; Port    ; Type  ; Severity ; Details                                                                     ;
+---------+-------+----------+-----------------------------------------------------------------------------+
; valid_i ; Input ; Info     ; Stuck at VCC                                                                ;
+---------+-------+----------+-----------------------------------------------------------------------------+


+----------------------------------------------------------------------------------------------------------+
; Port Connectivity Checks: "app_ts_cache_flags_top:U_APP_TS_CACHE_FLAGS|cache_valid_way_doc:U_VALID_WAY1" ;
+---------+-------+----------+-----------------------------------------------------------------------------+
; Port    ; Type  ; Severity ; Details                                                                     ;
+---------+-------+----------+-----------------------------------------------------------------------------+
; valid_i ; Input ; Info     ; Stuck at VCC                                                                ;
+---------+-------+----------+-----------------------------------------------------------------------------+


+----------------------------------------------------------------------------------------------------------+
; Port Connectivity Checks: "app_ts_cache_flags_top:U_APP_TS_CACHE_FLAGS|cache_valid_way_doc:U_VALID_WAY0" ;
+---------+-------+----------+-----------------------------------------------------------------------------+
; Port    ; Type  ; Severity ; Details                                                                     ;
+---------+-------+----------+-----------------------------------------------------------------------------+
; valid_i ; Input ; Info     ; Stuck at VCC                                                                ;
+---------+-------+----------+-----------------------------------------------------------------------------+


+---------------------------------------------------------------------------------------------------------------------------+
; Port Connectivity Checks: "app_ts_cache_flags_top:U_APP_TS_CACHE_FLAGS|cache_address_split_doc:U_ADDRESS_SPLIT_FOR_FLAGS" ;
+-------+--------+----------+-----------------------------------------------------------------------------------------------+
; Port  ; Type   ; Severity ; Details                                                                                       ;
+-------+--------+----------+-----------------------------------------------------------------------------------------------+
; tag_o ; Output ; Info     ; Connected to dangling logic. Logic that only feeds a dangling port will be removed.           ;
+-------+--------+----------+-----------------------------------------------------------------------------------------------+


+---------------------------------------------------------------------------------------------------------------------+
; Port Connectivity Checks: "app_h_cache_data_top:U_APP_H_CACHE_DATA|cache_hit_mux_doc:U_HIT_DATA_MUX4"               ;
+-----------+--------+----------+-------------------------------------------------------------------------------------+
; Port      ; Type   ; Severity ; Details                                                                             ;
+-----------+--------+----------+-------------------------------------------------------------------------------------+
; hit_way_o ; Output ; Info     ; Connected to dangling logic. Logic that only feeds a dangling port will be removed. ;
+-----------+--------+----------+-------------------------------------------------------------------------------------+


+----------------------------------------------------------------------------------------------------------------------------------------------+
; Port Connectivity Checks: "app_f_cache_top:U_APP_F_CACHE|cache_4way_structural_doc:U_CACHE_4WAY_STRUCTURAL_DOC|cache_age_way_doc:U_AGE_WAY3" ;
+-------+-------+----------+-------------------------------------------------------------------------------------------------------------------+
; Port  ; Type  ; Severity ; Details                                                                                                           ;
+-------+-------+----------+-------------------------------------------------------------------------------------------------------------------+
; age_i ; Input ; Info     ; Stuck at GND                                                                                                      ;
+-------+-------+----------+-------------------------------------------------------------------------------------------------------------------+


+----------------------------------------------------------------------------------------------------------------------------------------------+
; Port Connectivity Checks: "app_f_cache_top:U_APP_F_CACHE|cache_4way_structural_doc:U_CACHE_4WAY_STRUCTURAL_DOC|cache_age_way_doc:U_AGE_WAY2" ;
+-------+-------+----------+-------------------------------------------------------------------------------------------------------------------+
; Port  ; Type  ; Severity ; Details                                                                                                           ;
+-------+-------+----------+-------------------------------------------------------------------------------------------------------------------+
; age_i ; Input ; Info     ; Stuck at GND                                                                                                      ;
+-------+-------+----------+-------------------------------------------------------------------------------------------------------------------+


+----------------------------------------------------------------------------------------------------------------------------------------------+
; Port Connectivity Checks: "app_f_cache_top:U_APP_F_CACHE|cache_4way_structural_doc:U_CACHE_4WAY_STRUCTURAL_DOC|cache_age_way_doc:U_AGE_WAY1" ;
+-------+-------+----------+-------------------------------------------------------------------------------------------------------------------+
; Port  ; Type  ; Severity ; Details                                                                                                           ;
+-------+-------+----------+-------------------------------------------------------------------------------------------------------------------+
; age_i ; Input ; Info     ; Stuck at GND                                                                                                      ;
+-------+-------+----------+-------------------------------------------------------------------------------------------------------------------+


+----------------------------------------------------------------------------------------------------------------------------------------------+
; Port Connectivity Checks: "app_f_cache_top:U_APP_F_CACHE|cache_4way_structural_doc:U_CACHE_4WAY_STRUCTURAL_DOC|cache_age_way_doc:U_AGE_WAY0" ;
+-------+-------+----------+-------------------------------------------------------------------------------------------------------------------+
; Port  ; Type  ; Severity ; Details                                                                                                           ;
+-------+-------+----------+-------------------------------------------------------------------------------------------------------------------+
; age_i ; Input ; Info     ; Stuck at GND                                                                                                      ;
+-------+-------+----------+-------------------------------------------------------------------------------------------------------------------+


+--------------------------------------------------------------------------------------------------------------------------------------------------+
; Port Connectivity Checks: "app_f_cache_top:U_APP_F_CACHE|cache_4way_structural_doc:U_CACHE_4WAY_STRUCTURAL_DOC|cache_valid_way_doc:U_VALID_WAY3" ;
+---------+-------+----------+---------------------------------------------------------------------------------------------------------------------+
; Port    ; Type  ; Severity ; Details                                                                                                             ;
+---------+-------+----------+---------------------------------------------------------------------------------------------------------------------+
; valid_i ; Input ; Info     ; Stuck at VCC                                                                                                        ;
+---------+-------+----------+---------------------------------------------------------------------------------------------------------------------+


+--------------------------------------------------------------------------------------------------------------------------------------------------+
; Port Connectivity Checks: "app_f_cache_top:U_APP_F_CACHE|cache_4way_structural_doc:U_CACHE_4WAY_STRUCTURAL_DOC|cache_valid_way_doc:U_VALID_WAY2" ;
+---------+-------+----------+---------------------------------------------------------------------------------------------------------------------+
; Port    ; Type  ; Severity ; Details                                                                                                             ;
+---------+-------+----------+---------------------------------------------------------------------------------------------------------------------+
; valid_i ; Input ; Info     ; Stuck at VCC                                                                                                        ;
+---------+-------+----------+---------------------------------------------------------------------------------------------------------------------+


+--------------------------------------------------------------------------------------------------------------------------------------------------+
; Port Connectivity Checks: "app_f_cache_top:U_APP_F_CACHE|cache_4way_structural_doc:U_CACHE_4WAY_STRUCTURAL_DOC|cache_valid_way_doc:U_VALID_WAY1" ;
+---------+-------+----------+---------------------------------------------------------------------------------------------------------------------+
; Port    ; Type  ; Severity ; Details                                                                                                             ;
+---------+-------+----------+---------------------------------------------------------------------------------------------------------------------+
; valid_i ; Input ; Info     ; Stuck at VCC                                                                                                        ;
+---------+-------+----------+---------------------------------------------------------------------------------------------------------------------+


+--------------------------------------------------------------------------------------------------------------------------------------------------+
; Port Connectivity Checks: "app_f_cache_top:U_APP_F_CACHE|cache_4way_structural_doc:U_CACHE_4WAY_STRUCTURAL_DOC|cache_valid_way_doc:U_VALID_WAY0" ;
+---------+-------+----------+---------------------------------------------------------------------------------------------------------------------+
; Port    ; Type  ; Severity ; Details                                                                                                             ;
+---------+-------+----------+---------------------------------------------------------------------------------------------------------------------+
; valid_i ; Input ; Info     ; Stuck at VCC                                                                                                        ;
+---------+-------+----------+---------------------------------------------------------------------------------------------------------------------+


+-----------------------------------------------------------------------------------------------------------------------+
; Port Connectivity Checks: "app_f_cache_top:U_APP_F_CACHE|cache_4way_structural_doc:U_CACHE_4WAY_STRUCTURAL_DOC"       ;
+-------------+--------+----------+-------------------------------------------------------------------------------------+
; Port        ; Type   ; Severity ; Details                                                                             ;
+-------------+--------+----------+-------------------------------------------------------------------------------------+
; ram_addr_o  ; Output ; Info     ; Connected to dangling logic. Logic that only feeds a dangling port will be removed. ;
; ram_wdata_o ; Output ; Info     ; Connected to dangling logic. Logic that only feeds a dangling port will be removed. ;
+-------------+--------+----------+-------------------------------------------------------------------------------------+


+------------------------------------------------------------------------------------------------------------------+
; Port Connectivity Checks: "app_u_stack_exec_top:U_APP_U_STACK_EXEC|app_t_stack_top:U_STACK_DEVICE_7X16"          ;
+--------+--------+----------+-------------------------------------------------------------------------------------+
; Port   ; Type   ; Severity ; Details                                                                             ;
+--------+--------+----------+-------------------------------------------------------------------------------------+
; flag_o ; Output ; Info     ; Connected to dangling logic. Logic that only feeds a dangling port will be removed. ;
+--------+--------+----------+-------------------------------------------------------------------------------------+


+----------------------------------------------------------------------------------------------------------------------------+
; Port Connectivity Checks: "app_u_stack_exec_top:U_APP_U_STACK_EXEC|rtl_doc_control_matrix:U_PUSH_POP_CONTROL"              ;
+------------------+--------+----------+-------------------------------------------------------------------------------------+
; Port             ; Type   ; Severity ; Details                                                                             ;
+------------------+--------+----------+-------------------------------------------------------------------------------------+
; control_o[15..8] ; Output ; Info     ; Connected to dangling logic. Logic that only feeds a dangling port will be removed. ;
+------------------+--------+----------+-------------------------------------------------------------------------------------+


+----------------------------------------------------------------------------------------------------------------------+
; Port Connectivity Checks: "app_l_alu_top:U_APP_L_ALU|rtl_doc_flags_logic:U_ALU_FLAGS"                                ;
+------------+--------+----------+-------------------------------------------------------------------------------------+
; Port       ; Type   ; Severity ; Details                                                                             ;
+------------+--------+----------+-------------------------------------------------------------------------------------+
; overflow_i ; Input  ; Info     ; Stuck at GND                                                                        ;
; flags_o[3] ; Output ; Info     ; Connected to dangling logic. Logic that only feeds a dangling port will be removed. ;
+------------+--------+----------+-------------------------------------------------------------------------------------+


+------------------------------------------------------------------------------------------------------------------+
; Port Connectivity Checks: "app_l_alu_top:U_APP_L_ALU|app_n_nor_top:U_OPERATION_NOR"                              ;
+--------+--------+----------+-------------------------------------------------------------------------------------+
; Port   ; Type   ; Severity ; Details                                                                             ;
+--------+--------+----------+-------------------------------------------------------------------------------------+
; flag_o ; Output ; Info     ; Connected to dangling logic. Logic that only feeds a dangling port will be removed. ;
+--------+--------+----------+-------------------------------------------------------------------------------------+


+------------------------------------------------------------------------------------------------------------------+
; Port Connectivity Checks: "app_l_alu_top:U_APP_L_ALU|app_m_or_top:U_OPERATION_OR"                                ;
+--------+--------+----------+-------------------------------------------------------------------------------------+
; Port   ; Type   ; Severity ; Details                                                                             ;
+--------+--------+----------+-------------------------------------------------------------------------------------+
; flag_o ; Output ; Info     ; Connected to dangling logic. Logic that only feeds a dangling port will be removed. ;
+--------+--------+----------+-------------------------------------------------------------------------------------+


+---------------------------------------------------------------------------------------------------------------------+
; Port Connectivity Checks: "app_k_r_to_m_top:U_APP_K_R_TO_M|rtl_doc_arbiter2:U_WRITE_GRANT_ARBITER"                  ;
+-----------+--------+----------+-------------------------------------------------------------------------------------+
; Port      ; Type   ; Severity ; Details                                                                             ;
+-----------+--------+----------+-------------------------------------------------------------------------------------+
; dma_gnt_o ; Output ; Info     ; Connected to dangling logic. Logic that only feeds a dangling port will be removed. ;
+-----------+--------+----------+-------------------------------------------------------------------------------------+


+--------------------------------------------------------------------------------------------------+
; Port Connectivity Checks: "app_i_m_to_r_top:U_APP_I_M_TO_R|rtl_doc_ram16x16:U_CACHE_OR_RAM_READ" ;
+------+-------+----------+------------------------------------------------------------------------+
; Port ; Type  ; Severity ; Details                                                                ;
+------+-------+----------+------------------------------------------------------------------------+
; we_i ; Input ; Info     ; Stuck at GND                                                           ;
+------+-------+----------+------------------------------------------------------------------------+


+------------------------------------------------------------------------------------------------------------------+
; Port Connectivity Checks: "app_g_special_registers_top:U_APP_G_SPECIAL_REGISTERS|rtl_doc_reg2:U_BP_GHR_REG"      ;
+--------+--------+----------+-------------------------------------------------------------------------------------+
; Port   ; Type   ; Severity ; Details                                                                             ;
+--------+--------+----------+-------------------------------------------------------------------------------------+
; q_o[1] ; Output ; Info     ; Connected to dangling logic. Logic that only feeds a dangling port will be removed. ;
+--------+--------+----------+-------------------------------------------------------------------------------------+


+---------------------------------------------------------------------------------------------------------------------+
; Port Connectivity Checks: "app_g_special_registers_top:U_APP_G_SPECIAL_REGISTERS|rtl_doc_reg4:U_STATE_REG"          ;
+-----------+--------+----------+-------------------------------------------------------------------------------------+
; Port      ; Type   ; Severity ; Details                                                                             ;
+-----------+--------+----------+-------------------------------------------------------------------------------------+
; q_o[3..1] ; Output ; Info     ; Connected to dangling logic. Logic that only feeds a dangling port will be removed. ;
+-----------+--------+----------+-------------------------------------------------------------------------------------+


+---------------------------------------------------------------------------------------------------------------------+
; Port Connectivity Checks: "app_g_special_registers_top:U_APP_G_SPECIAL_REGISTERS|rtl_doc_reg3:U_STACK_PTR"          ;
+-----------+--------+----------+-------------------------------------------------------------------------------------+
; Port      ; Type   ; Severity ; Details                                                                             ;
+-----------+--------+----------+-------------------------------------------------------------------------------------+
; q_o[2..1] ; Output ; Info     ; Connected to dangling logic. Logic that only feeds a dangling port will be removed. ;
+-----------+--------+----------+-------------------------------------------------------------------------------------+


+------------------------------------------------------------------------------------------------------------------+
; Port Connectivity Checks: "app_b_memory_top:U_APP_B_MEMORY|rtl_doc_dma3word:U_DMA_3_WORDS_AT_0A"                 ;
+--------+--------+----------+-------------------------------------------------------------------------------------+
; Port   ; Type   ; Severity ; Details                                                                             ;
+--------+--------+----------+-------------------------------------------------------------------------------------+
; addr_o ; Output ; Info     ; Connected to dangling logic. Logic that only feeds a dangling port will be removed. ;
+--------+--------+----------+-------------------------------------------------------------------------------------+


+-------------------------------+
; Analysis & Synthesis Messages ;
+-------------------------------+
Info: *******************************************************************
Info: Running Quartus II Analysis & Synthesis
    Info: Version 9.1 Build 222 10/21/2009 SJ Web Edition
    Info: Copyright (C) 1991-2009 Altera Corporation. All rights reserved.
    Info: Your use of Altera Corporation's design tools, logic functions 
    Info: and other software and tools, and its AMPP partner logic 
    Info: functions, and any output files from any of the foregoing 
    Info: (including device programming or simulation files), and any 
    Info: associated documentation or information are expressly subject 
    Info: to the terms and conditions of the Altera Program License 
    Info: Subscription Agreement, Altera MegaCore Function License 
    Info: Agreement, or other applicable license agreement, including, 
    Info: without limitation, that your use is for the sole purpose of 
    Info: programming logic devices manufactured by Altera and sold by 
    Info: Altera or its authorized distributors.  Please refer to the 
    Info: applicable agreement for further details.
    Info: Processing started: Tue May 19 01:40:24 2026
Info: Command: quartus_map --read_settings_files=on --write_settings_files=off rtl_appendix -c rtl_appendix
Info: Found 2 design units, including 0 entities, in source file /git/sifovm/coursework_project/src/microcomputer_pkg.vhd
    Info: Found design unit 1: microcomputer_pkg
    Info: Found design unit 2: microcomputer_pkg-body
Info: Found 24 design units, including 12 entities, in source file /git/sifovm/coursework_project/src/cache_4way_structural_doc.vhd
    Info: Found design unit 1: cache_data_way_doc-rtl
    Info: Found design unit 2: cache_tag_way_doc-rtl
    Info: Found design unit 3: cache_valid_way_doc-rtl
    Info: Found design unit 4: cache_age_way_doc-rtl
    Info: Found design unit 5: cache_tag_compare_doc-rtl
    Info: Found design unit 6: cache_hit_miss_logic_doc-rtl
    Info: Found design unit 7: cache_hit_mux_doc-rtl
    Info: Found design unit 8: cache_address_split_doc-rtl
    Info: Found design unit 9: cache_victim_select_doc-rtl
    Info: Found design unit 10: cache_control_doc-rtl
    Info: Found design unit 11: cache_ram_interface_doc-rtl
    Info: Found design unit 12: cache_4way_structural_doc-structural
    Info: Found entity 1: cache_data_way_doc
    Info: Found entity 2: cache_tag_way_doc
    Info: Found entity 3: cache_valid_way_doc
    Info: Found entity 4: cache_age_way_doc
    Info: Found entity 5: cache_tag_compare_doc
    Info: Found entity 6: cache_hit_miss_logic_doc
    Info: Found entity 7: cache_hit_mux_doc
    Info: Found entity 8: cache_address_split_doc
    Info: Found entity 9: cache_victim_select_doc
    Info: Found entity 10: cache_control_doc
    Info: Found entity 11: cache_ram_interface_doc
    Info: Found entity 12: cache_4way_structural_doc
Info: Found 94 design units, including 47 entities, in source file /git/sifovm/coursework_project/src/rtl_appendix_doc_views.vhd
    Info: Found design unit 1: rtl_doc_reg16-rtl
    Info: Found design unit 2: rtl_doc_reg12-rtl
    Info: Found design unit 3: rtl_doc_reg8-rtl
    Info: Found design unit 4: rtl_doc_reg4-rtl
    Info: Found design unit 5: rtl_doc_reg3-rtl
    Info: Found design unit 6: rtl_doc_reg2-rtl
    Info: Found design unit 7: rtl_doc_decode12-rtl
    Info: Found design unit 8: rtl_doc_decode7-rtl
    Info: Found design unit 9: rtl_doc_opcode_decode11-rtl
    Info: Found design unit 10: rtl_doc_mux2_16-rtl
    Info: Found design unit 11: rtl_doc_mux4_16-rtl
    Info: Found design unit 12: rtl_doc_mux7_16-rtl
    Info: Found design unit 13: rtl_doc_mux12_16-rtl
    Info: Found design unit 14: rtl_doc_compare16-rtl
    Info: Found design unit 15: rtl_doc_or_bit-rtl
    Info: Found design unit 16: rtl_doc_nor_bit-rtl
    Info: Found design unit 17: rtl_doc_sra16-rtl
    Info: Found design unit 18: rtl_doc_incs16-rtl
    Info: Found design unit 19: rtl_doc_flags_logic-rtl
    Info: Found design unit 20: rtl_doc_control_matrix-rtl
    Info: Found design unit 21: rtl_doc_rom16x16-rtl
    Info: Found design unit 22: rtl_doc_ram16x16-rtl
    Info: Found design unit 23: rtl_doc_arbiter2-rtl
    Info: Found design unit 24: rtl_doc_dma3word-rtl
    Info: Found design unit 25: app_a_command_system_top-structural
    Info: Found design unit 26: app_b_memory_top-structural
    Info: Found design unit 27: app_v_control_top-structural
    Info: Found design unit 28: app_g_special_registers_top-structural
    Info: Found design unit 29: app_d_reg_file_top-structural
    Info: Found design unit 30: app_e_common_ops_top-structural
    Info: Found design unit 31: app_zh_jmp_top-structural
    Info: Found design unit 32: app_i_m_to_r_top-structural
    Info: Found design unit 33: app_k_r_to_m_top-structural
    Info: Found design unit 34: app_l_alu_top-structural
    Info: Found design unit 35: app_m_or_top-structural
    Info: Found design unit 36: app_n_nor_top-structural
    Info: Found design unit 37: app_p_sra_top-structural
    Info: Found design unit 38: app_r_incs_top-structural
    Info: Found design unit 39: app_s_flags_top-structural
    Info: Found design unit 40: app_t_stack_top-structural
    Info: Found design unit 41: app_u_stack_exec_top-structural
    Info: Found design unit 42: app_f_cache_top-structural
    Info: Found design unit 43: app_h_cache_data_top-structural
    Info: Found design unit 44: app_ts_cache_flags_top-structural
    Info: Found design unit 45: app_sh_microevm_top-structural
    Info: Found design unit 46: app_shch_branch_predictor_top-structural
    Info: Found design unit 47: rtl_appendix_all_top-structural
    Info: Found entity 1: rtl_doc_reg16
    Info: Found entity 2: rtl_doc_reg12
    Info: Found entity 3: rtl_doc_reg8
    Info: Found entity 4: rtl_doc_reg4
    Info: Found entity 5: rtl_doc_reg3
    Info: Found entity 6: rtl_doc_reg2
    Info: Found entity 7: rtl_doc_decode12
    Info: Found entity 8: rtl_doc_decode7
    Info: Found entity 9: rtl_doc_opcode_decode11
    Info: Found entity 10: rtl_doc_mux2_16
    Info: Found entity 11: rtl_doc_mux4_16
    Info: Found entity 12: rtl_doc_mux7_16
    Info: Found entity 13: rtl_doc_mux12_16
    Info: Found entity 14: rtl_doc_compare16
    Info: Found entity 15: rtl_doc_or_bit
    Info: Found entity 16: rtl_doc_nor_bit
    Info: Found entity 17: rtl_doc_sra16
    Info: Found entity 18: rtl_doc_incs16
    Info: Found entity 19: rtl_doc_flags_logic
    Info: Found entity 20: rtl_doc_control_matrix
    Info: Found entity 21: rtl_doc_rom16x16
    Info: Found entity 22: rtl_doc_ram16x16
    Info: Found entity 23: rtl_doc_arbiter2
    Info: Found entity 24: rtl_doc_dma3word
    Info: Found entity 25: app_a_command_system_top
    Info: Found entity 26: app_b_memory_top
    Info: Found entity 27: app_v_control_top
    Info: Found entity 28: app_g_special_registers_top
    Info: Found entity 29: app_d_reg_file_top
    Info: Found entity 30: app_e_common_ops_top
    Info: Found entity 31: app_zh_jmp_top
    Info: Found entity 32: app_i_m_to_r_top
    Info: Found entity 33: app_k_r_to_m_top
    Info: Found entity 34: app_l_alu_top
    Info: Found entity 35: app_m_or_top
    Info: Found entity 36: app_n_nor_top
    Info: Found entity 37: app_p_sra_top
    Info: Found entity 38: app_r_incs_top
    Info: Found entity 39: app_s_flags_top
    Info: Found entity 40: app_t_stack_top
    Info: Found entity 41: app_u_stack_exec_top
    Info: Found entity 42: app_f_cache_top
    Info: Found entity 43: app_h_cache_data_top
    Info: Found entity 44: app_ts_cache_flags_top
    Info: Found entity 45: app_sh_microevm_top
    Info: Found entity 46: app_shch_branch_predictor_top
    Info: Found entity 47: rtl_appendix_all_top
Info: Elaborating entity "rtl_appendix_all_top" for the top level hierarchy
Info: Elaborating entity "app_a_command_system_top" for hierarchy "app_a_command_system_top:U_APP_A_COMMAND_SYSTEM"
Info: Elaborating entity "rtl_doc_reg16" for hierarchy "app_a_command_system_top:U_APP_A_COMMAND_SYSTEM|rtl_doc_reg16:U_PC_REG"
Info: Elaborating entity "rtl_doc_rom16x16" for hierarchy "app_a_command_system_top:U_APP_A_COMMAND_SYSTEM|rtl_doc_rom16x16:U_PROGRAM_ROM"
Info: Elaborating entity "rtl_doc_opcode_decode11" for hierarchy "app_a_command_system_top:U_APP_A_COMMAND_SYSTEM|rtl_doc_opcode_decode11:U_OPCODE_DECODER"
Info: Elaborating entity "app_b_memory_top" for hierarchy "app_b_memory_top:U_APP_B_MEMORY"
Warning (10036): Verilog HDL or VHDL warning at rtl_appendix_doc_views.vhd(729): object "dma_addr" assigned a value but never read
Info: Elaborating entity "rtl_doc_ram16x16" for hierarchy "app_b_memory_top:U_APP_B_MEMORY|rtl_doc_ram16x16:U_DATA_RAM_256X16"
Info: Elaborating entity "rtl_doc_dma3word" for hierarchy "app_b_memory_top:U_APP_B_MEMORY|rtl_doc_dma3word:U_DMA_3_WORDS_AT_0A"
Info: Elaborating entity "rtl_doc_arbiter2" for hierarchy "app_b_memory_top:U_APP_B_MEMORY|rtl_doc_arbiter2:U_RAM_BUS_ARBITER"
Info: Elaborating entity "app_v_control_top" for hierarchy "app_v_control_top:U_APP_V_CONTROL_UNIT"
Info: Elaborating entity "rtl_doc_reg8" for hierarchy "app_v_control_top:U_APP_V_CONTROL_UNIT|rtl_doc_reg8:U_OPCODE_REGISTER"
Info: Elaborating entity "rtl_doc_reg4" for hierarchy "app_v_control_top:U_APP_V_CONTROL_UNIT|rtl_doc_reg4:U_STATE_REGISTER"
Info: Elaborating entity "rtl_doc_control_matrix" for hierarchy "app_v_control_top:U_APP_V_CONTROL_UNIT|rtl_doc_control_matrix:U_CONTROL_MATRIX"
Info: Elaborating entity "app_g_special_registers_top" for hierarchy "app_g_special_registers_top:U_APP_G_SPECIAL_REGISTERS"
Info: Elaborating entity "rtl_doc_mux2_16" for hierarchy "app_g_special_registers_top:U_APP_G_SPECIAL_REGISTERS|rtl_doc_mux2_16:U_NEXT_PC_MUX"
Info: Elaborating entity "rtl_doc_reg3" for hierarchy "app_g_special_registers_top:U_APP_G_SPECIAL_REGISTERS|rtl_doc_reg3:U_STACK_PTR"
Info: Elaborating entity "rtl_doc_reg2" for hierarchy "app_g_special_registers_top:U_APP_G_SPECIAL_REGISTERS|rtl_doc_reg2:U_BP_GHR_REG"
Info: Elaborating entity "app_d_reg_file_top" for hierarchy "app_d_reg_file_top:U_APP_D_RON"
Info: Elaborating entity "rtl_doc_decode12" for hierarchy "app_d_reg_file_top:U_APP_D_RON|rtl_doc_decode12:U_WRITE_ADDR_DECODER_12"
Info: Elaborating entity "rtl_doc_mux12_16" for hierarchy "app_d_reg_file_top:U_APP_D_RON|rtl_doc_mux12_16:U_READ_PORT_A_MUX12"
Info: Elaborating entity "app_e_common_ops_top" for hierarchy "app_e_common_ops_top:U_APP_E_COMMON_OPERATIONS"
Info: Elaborating entity "app_zh_jmp_top" for hierarchy "app_zh_jmp_top:U_APP_ZH_JMP"
Info: Elaborating entity "rtl_doc_compare16" for hierarchy "app_zh_jmp_top:U_APP_ZH_JMP|rtl_doc_compare16:U_TARGET_COMPARE"
Info: Elaborating entity "app_i_m_to_r_top" for hierarchy "app_i_m_to_r_top:U_APP_I_M_TO_R"
Info: Elaborating entity "app_k_r_to_m_top" for hierarchy "app_k_r_to_m_top:U_APP_K_R_TO_M"
Warning (10036): Verilog HDL or VHDL warning at rtl_appendix_doc_views.vhd(899): object "dma_gnt" assigned a value but never read
Info: Elaborating entity "app_l_alu_top" for hierarchy "app_l_alu_top:U_APP_L_ALU"
Info: Elaborating entity "app_m_or_top" for hierarchy "app_l_alu_top:U_APP_L_ALU|app_m_or_top:U_OPERATION_OR"
Info: Elaborating entity "rtl_doc_or_bit" for hierarchy "app_l_alu_top:U_APP_L_ALU|app_m_or_top:U_OPERATION_OR|rtl_doc_or_bit:\GEN_OR_BITS:0:U_OR_BIT"
Info: Elaborating entity "app_n_nor_top" for hierarchy "app_l_alu_top:U_APP_L_ALU|app_n_nor_top:U_OPERATION_NOR"
Info: Elaborating entity "rtl_doc_nor_bit" for hierarchy "app_l_alu_top:U_APP_L_ALU|app_n_nor_top:U_OPERATION_NOR|rtl_doc_nor_bit:\GEN_NOR_BITS:0:U_NOR_BIT"
Info: Elaborating entity "rtl_doc_sra16" for hierarchy "app_l_alu_top:U_APP_L_ALU|rtl_doc_sra16:U_OPERATION_SRA"
Info: Elaborating entity "rtl_doc_incs16" for hierarchy "app_l_alu_top:U_APP_L_ALU|rtl_doc_incs16:U_OPERATION_INCS"
Info: Elaborating entity "rtl_doc_mux4_16" for hierarchy "app_l_alu_top:U_APP_L_ALU|rtl_doc_mux4_16:U_RESULT_MUX4"
Info: Elaborating entity "rtl_doc_flags_logic" for hierarchy "app_l_alu_top:U_APP_L_ALU|rtl_doc_flags_logic:U_ALU_FLAGS"
Info: Elaborating entity "app_p_sra_top" for hierarchy "app_p_sra_top:U_APP_P_SRA"
Info: Elaborating entity "app_r_incs_top" for hierarchy "app_r_incs_top:U_APP_R_INCS"
Info: Elaborating entity "app_s_flags_top" for hierarchy "app_s_flags_top:U_APP_S_FLAGS"
Info: Elaborating entity "app_t_stack_top" for hierarchy "app_t_stack_top:U_APP_T_STACK"
Info: Elaborating entity "rtl_doc_decode7" for hierarchy "app_t_stack_top:U_APP_T_STACK|rtl_doc_decode7:U_STACK_CELL_DECODER"
Info: Elaborating entity "rtl_doc_mux7_16" for hierarchy "app_t_stack_top:U_APP_T_STACK|rtl_doc_mux7_16:U_STACK_READ_MUX7"
Info: Elaborating entity "app_u_stack_exec_top" for hierarchy "app_u_stack_exec_top:U_APP_U_STACK_EXEC"
Info: Elaborating entity "app_f_cache_top" for hierarchy "app_f_cache_top:U_APP_F_CACHE"
Warning (10036): Verilog HDL or VHDL warning at rtl_appendix_doc_views.vhd(1080): object "ram_addr_s" assigned a value but never read
Warning (10036): Verilog HDL or VHDL warning at rtl_appendix_doc_views.vhd(1080): object "ram_wdata_s" assigned a value but never read
Info: Elaborating entity "cache_4way_structural_doc" for hierarchy "app_f_cache_top:U_APP_F_CACHE|cache_4way_structural_doc:U_CACHE_4WAY_STRUCTURAL_DOC"
Info: Elaborating entity "cache_address_split_doc" for hierarchy "app_f_cache_top:U_APP_F_CACHE|cache_4way_structural_doc:U_CACHE_4WAY_STRUCTURAL_DOC|cache_address_split_doc:U_ADDRESS_SPLIT_TAG_SET"
Info: Elaborating entity "cache_control_doc" for hierarchy "app_f_cache_top:U_APP_F_CACHE|cache_4way_structural_doc:U_CACHE_4WAY_STRUCTURAL_DOC|cache_control_doc:U_CACHE_CONTROL"
Info: Elaborating entity "cache_victim_select_doc" for hierarchy "app_f_cache_top:U_APP_F_CACHE|cache_4way_structural_doc:U_CACHE_4WAY_STRUCTURAL_DOC|cache_victim_select_doc:U_VICTIM_SELECT"
Info: Elaborating entity "cache_ram_interface_doc" for hierarchy "app_f_cache_top:U_APP_F_CACHE|cache_4way_structural_doc:U_CACHE_4WAY_STRUCTURAL_DOC|cache_ram_interface_doc:U_RAM_INTERFACE"
Info: Elaborating entity "cache_hit_mux_doc" for hierarchy "app_f_cache_top:U_APP_F_CACHE|cache_4way_structural_doc:U_CACHE_4WAY_STRUCTURAL_DOC|cache_hit_mux_doc:U_DATA_MUX"
Info: Elaborating entity "cache_data_way_doc" for hierarchy "app_f_cache_top:U_APP_F_CACHE|cache_4way_structural_doc:U_CACHE_4WAY_STRUCTURAL_DOC|cache_data_way_doc:U_DATA_WAY0"
Info: Elaborating entity "cache_tag_way_doc" for hierarchy "app_f_cache_top:U_APP_F_CACHE|cache_4way_structural_doc:U_CACHE_4WAY_STRUCTURAL_DOC|cache_tag_way_doc:U_TAG_WAY0"
Info: Elaborating entity "cache_valid_way_doc" for hierarchy "app_f_cache_top:U_APP_F_CACHE|cache_4way_structural_doc:U_CACHE_4WAY_STRUCTURAL_DOC|cache_valid_way_doc:U_VALID_WAY0"
Info: Elaborating entity "cache_age_way_doc" for hierarchy "app_f_cache_top:U_APP_F_CACHE|cache_4way_structural_doc:U_CACHE_4WAY_STRUCTURAL_DOC|cache_age_way_doc:U_AGE_WAY0"
Info: Elaborating entity "cache_tag_compare_doc" for hierarchy "app_f_cache_top:U_APP_F_CACHE|cache_4way_structural_doc:U_CACHE_4WAY_STRUCTURAL_DOC|cache_tag_compare_doc:U_TAG_COMPARE0"
Info: Elaborating entity "cache_hit_miss_logic_doc" for hierarchy "app_f_cache_top:U_APP_F_CACHE|cache_4way_structural_doc:U_CACHE_4WAY_STRUCTURAL_DOC|cache_hit_miss_logic_doc:U_HIT_MISS_LOGIC_AND_OR_NOT"
Info: Elaborating entity "app_h_cache_data_top" for hierarchy "app_h_cache_data_top:U_APP_H_CACHE_DATA"
Info: Elaborating entity "app_ts_cache_flags_top" for hierarchy "app_ts_cache_flags_top:U_APP_TS_CACHE_FLAGS"
Warning (10036): Verilog HDL or VHDL warning at rtl_appendix_doc_views.vhd(1137): object "tag_s" assigned a value but never read
Info: Elaborating entity "app_sh_microevm_top" for hierarchy "app_sh_microevm_top:U_APP_SH_MICRO_EVM"
Info: Elaborating entity "app_shch_branch_predictor_top" for hierarchy "app_sh_microevm_top:U_APP_SH_MICRO_EVM|app_shch_branch_predictor_top:U_BRANCH_PREDICTOR_A4"
Warning: Synthesized away the following node(s):
    Warning: Synthesized away the following LCELL buffer node(s):
        Warning (14320): Synthesized away node "app_r_incs_top:U_APP_R_INCS|rtl_doc_incs16:U_ADD_ONE_WHEN_S_FLAG|sum_s[16]"
        Warning (14320): Synthesized away node "app_l_alu_top:U_APP_L_ALU|rtl_doc_incs16:U_OPERATION_INCS|sum_s[16]"
Warning: Synthesized away the following node(s):
    Warning: Synthesized away the following LCELL buffer node(s):
        Warning (14320): Synthesized away node "app_l_alu_top:U_APP_L_ALU|rtl_doc_incs16:U_OPERATION_INCS|sum_s[16]"
        Warning (14320): Synthesized away node "app_r_incs_top:U_APP_R_INCS|rtl_doc_incs16:U_ADD_ONE_WHEN_S_FLAG|sum_s[16]"
Info: Found 27 instances of uninferred RAM logic
    Info: RAM logic "app_b_memory_top:U_APP_B_MEMORY|rtl_doc_ram16x16:U_DATA_RAM_256X16|mem_r" is uninferred due to asynchronous read logic
    Info: RAM logic "app_k_r_to_m_top:U_APP_K_R_TO_M|rtl_doc_ram16x16:U_CACHE_WRITE_RAM|mem_r" is uninferred due to asynchronous read logic
    Info: RAM logic "app_h_cache_data_top:U_APP_H_CACHE_DATA|cache_data_way_doc:U_DATA_WAY3|mem_r" is uninferred due to asynchronous read logic
    Info: RAM logic "app_h_cache_data_top:U_APP_H_CACHE_DATA|cache_data_way_doc:U_DATA_WAY2|mem_r" is uninferred due to asynchronous read logic
    Info: RAM logic "app_h_cache_data_top:U_APP_H_CACHE_DATA|cache_tag_way_doc:U_TAG_WAY2|mem_r" is uninferred due to asynchronous read logic
    Info: RAM logic "app_h_cache_data_top:U_APP_H_CACHE_DATA|cache_data_way_doc:U_DATA_WAY1|mem_r" is uninferred due to asynchronous read logic
    Info: RAM logic "app_h_cache_data_top:U_APP_H_CACHE_DATA|cache_tag_way_doc:U_TAG_WAY1|mem_r" is uninferred due to asynchronous read logic
    Info: RAM logic "app_h_cache_data_top:U_APP_H_CACHE_DATA|cache_data_way_doc:U_DATA_WAY0|mem_r" is uninferred due to asynchronous read logic
    Info: RAM logic "app_h_cache_data_top:U_APP_H_CACHE_DATA|cache_tag_way_doc:U_TAG_WAY0|mem_r" is uninferred due to asynchronous read logic
    Info: RAM logic "app_sh_microevm_top:U_APP_SH_MICRO_EVM|rtl_doc_ram16x16:U_DATA_RAM|mem_r" is uninferred due to asynchronous read logic
    Info: RAM logic "app_f_cache_top:U_APP_F_CACHE|cache_4way_structural_doc:U_CACHE_4WAY_STRUCTURAL_DOC|cache_tag_way_doc:U_TAG_WAY0|mem_r" is uninferred due to asynchronous read logic
    Info: RAM logic "app_f_cache_top:U_APP_F_CACHE|cache_4way_structural_doc:U_CACHE_4WAY_STRUCTURAL_DOC|cache_tag_way_doc:U_TAG_WAY1|mem_r" is uninferred due to asynchronous read logic
    Info: RAM logic "app_f_cache_top:U_APP_F_CACHE|cache_4way_structural_doc:U_CACHE_4WAY_STRUCTURAL_DOC|cache_tag_way_doc:U_TAG_WAY2|mem_r" is uninferred due to asynchronous read logic
    Info: RAM logic "app_f_cache_top:U_APP_F_CACHE|cache_4way_structural_doc:U_CACHE_4WAY_STRUCTURAL_DOC|cache_tag_way_doc:U_TAG_WAY3|mem_r" is uninferred due to asynchronous read logic
    Info: RAM logic "app_f_cache_top:U_APP_F_CACHE|cache_4way_structural_doc:U_CACHE_4WAY_STRUCTURAL_DOC|cache_data_way_doc:U_DATA_WAY0|mem_r" is uninferred due to asynchronous read logic
    Info: RAM logic "app_f_cache_top:U_APP_F_CACHE|cache_4way_structural_doc:U_CACHE_4WAY_STRUCTURAL_DOC|cache_data_way_doc:U_DATA_WAY3|mem_r" is uninferred due to asynchronous read logic
    Info: RAM logic "app_f_cache_top:U_APP_F_CACHE|cache_4way_structural_doc:U_CACHE_4WAY_STRUCTURAL_DOC|cache_data_way_doc:U_DATA_WAY2|mem_r" is uninferred due to asynchronous read logic
    Info: RAM logic "app_f_cache_top:U_APP_F_CACHE|cache_4way_structural_doc:U_CACHE_4WAY_STRUCTURAL_DOC|cache_data_way_doc:U_DATA_WAY1|mem_r" is uninferred due to asynchronous read logic
    Info: RAM logic "app_sh_microevm_top:U_APP_SH_MICRO_EVM|app_f_cache_top:U_DATA_CACHE_4WAY|cache_4way_structural_doc:U_CACHE_4WAY_STRUCTURAL_DOC|cache_tag_way_doc:U_TAG_WAY0|mem_r" is uninferred due to asynchronous read logic
    Info: RAM logic "app_sh_microevm_top:U_APP_SH_MICRO_EVM|app_f_cache_top:U_DATA_CACHE_4WAY|cache_4way_structural_doc:U_CACHE_4WAY_STRUCTURAL_DOC|cache_tag_way_doc:U_TAG_WAY1|mem_r" is uninferred due to asynchronous read logic
    Info: RAM logic "app_sh_microevm_top:U_APP_SH_MICRO_EVM|app_f_cache_top:U_DATA_CACHE_4WAY|cache_4way_structural_doc:U_CACHE_4WAY_STRUCTURAL_DOC|cache_tag_way_doc:U_TAG_WAY2|mem_r" is uninferred due to asynchronous read logic
    Info: RAM logic "app_sh_microevm_top:U_APP_SH_MICRO_EVM|app_f_cache_top:U_DATA_CACHE_4WAY|cache_4way_structural_doc:U_CACHE_4WAY_STRUCTURAL_DOC|cache_tag_way_doc:U_TAG_WAY3|mem_r" is uninferred due to asynchronous read logic
    Info: RAM logic "app_sh_microevm_top:U_APP_SH_MICRO_EVM|app_f_cache_top:U_DATA_CACHE_4WAY|cache_4way_structural_doc:U_CACHE_4WAY_STRUCTURAL_DOC|cache_data_way_doc:U_DATA_WAY0|mem_r" is uninferred due to asynchronous read logic
    Info: RAM logic "app_sh_microevm_top:U_APP_SH_MICRO_EVM|app_f_cache_top:U_DATA_CACHE_4WAY|cache_4way_structural_doc:U_CACHE_4WAY_STRUCTURAL_DOC|cache_data_way_doc:U_DATA_WAY3|mem_r" is uninferred due to asynchronous read logic
    Info: RAM logic "app_sh_microevm_top:U_APP_SH_MICRO_EVM|app_f_cache_top:U_DATA_CACHE_4WAY|cache_4way_structural_doc:U_CACHE_4WAY_STRUCTURAL_DOC|cache_data_way_doc:U_DATA_WAY2|mem_r" is uninferred due to asynchronous read logic
    Info: RAM logic "app_sh_microevm_top:U_APP_SH_MICRO_EVM|app_f_cache_top:U_DATA_CACHE_4WAY|cache_4way_structural_doc:U_CACHE_4WAY_STRUCTURAL_DOC|cache_data_way_doc:U_DATA_WAY1|mem_r" is uninferred due to asynchronous read logic
    Info: RAM logic "app_i_m_to_r_top:U_APP_I_M_TO_R|rtl_doc_ram16x16:U_CACHE_OR_RAM_READ|mem_r" is uninferred due to inappropriate RAM size
Warning: Output pins are stuck at VCC or GND
    Warning (13410): Pin "summary_o" is stuck at VCC
Info: 11 registers lost all their fanouts during netlist optimizations. The first 11 are displayed below.
    Info: Register "app_sh_microevm_top:U_APP_SH_MICRO_EVM|app_v_control_top:U_CPU_CORE_CU_RON_ALU_STACK|rtl_doc_reg8:U_OPCODE_REGISTER|q_r[0]" lost all its fanouts during netlist optimizations.
    Info: Register "app_sh_microevm_top:U_APP_SH_MICRO_EVM|app_v_control_top:U_CPU_CORE_CU_RON_ALU_STACK|rtl_doc_reg8:U_OPCODE_REGISTER|q_r[1]" lost all its fanouts during netlist optimizations.
    Info: Register "app_sh_microevm_top:U_APP_SH_MICRO_EVM|app_v_control_top:U_CPU_CORE_CU_RON_ALU_STACK|rtl_doc_reg8:U_OPCODE_REGISTER|q_r[2]" lost all its fanouts during netlist optimizations.
    Info: Register "app_sh_microevm_top:U_APP_SH_MICRO_EVM|app_v_control_top:U_CPU_CORE_CU_RON_ALU_STACK|rtl_doc_reg8:U_OPCODE_REGISTER|q_r[3]" lost all its fanouts during netlist optimizations.
    Info: Register "app_sh_microevm_top:U_APP_SH_MICRO_EVM|app_v_control_top:U_CPU_CORE_CU_RON_ALU_STACK|rtl_doc_reg8:U_OPCODE_REGISTER|q_r[4]" lost all its fanouts during netlist optimizations.
    Info: Register "app_sh_microevm_top:U_APP_SH_MICRO_EVM|app_v_control_top:U_CPU_CORE_CU_RON_ALU_STACK|rtl_doc_reg8:U_OPCODE_REGISTER|q_r[5]" lost all its fanouts during netlist optimizations.
    Info: Register "app_sh_microevm_top:U_APP_SH_MICRO_EVM|app_v_control_top:U_CPU_CORE_CU_RON_ALU_STACK|rtl_doc_reg8:U_OPCODE_REGISTER|q_r[6]" lost all its fanouts during netlist optimizations.
    Info: Register "app_sh_microevm_top:U_APP_SH_MICRO_EVM|app_v_control_top:U_CPU_CORE_CU_RON_ALU_STACK|rtl_doc_reg8:U_OPCODE_REGISTER|q_r[7]" lost all its fanouts during netlist optimizations.
    Info: Register "app_g_special_registers_top:U_APP_G_SPECIAL_REGISTERS|rtl_doc_reg3:U_STACK_PTR|q_r[0]" lost all its fanouts during netlist optimizations.
    Info: Register "app_g_special_registers_top:U_APP_G_SPECIAL_REGISTERS|rtl_doc_reg2:U_BP_GHR_REG|q_r[0]" lost all its fanouts during netlist optimizations.
    Info: Register "app_g_special_registers_top:U_APP_G_SPECIAL_REGISTERS|rtl_doc_reg4:U_STATE_REG|q_r[0]" lost all its fanouts during netlist optimizations.
Info: Found the following redundant logic cells in design
    Info (17048): Logic cell "app_r_incs_top:U_APP_R_INCS|rtl_doc_incs16:U_ADD_ONE_WHEN_S_FLAG|sum_s[0]"
    Info (17048): Logic cell "app_l_alu_top:U_APP_L_ALU|rtl_doc_incs16:U_OPERATION_INCS|sum_s[0]"
    Info (17048): Logic cell "app_r_incs_top:U_APP_R_INCS|rtl_doc_incs16:U_ADD_ONE_WHEN_S_FLAG|sum_s[1]"
    Info (17048): Logic cell "app_l_alu_top:U_APP_L_ALU|rtl_doc_incs16:U_OPERATION_INCS|sum_s[1]"
    Info (17048): Logic cell "app_r_incs_top:U_APP_R_INCS|rtl_doc_incs16:U_ADD_ONE_WHEN_S_FLAG|sum_s[2]"
    Info (17048): Logic cell "app_l_alu_top:U_APP_L_ALU|rtl_doc_incs16:U_OPERATION_INCS|sum_s[2]"
    Info (17048): Logic cell "app_r_incs_top:U_APP_R_INCS|rtl_doc_incs16:U_ADD_ONE_WHEN_S_FLAG|sum_s[3]"
    Info (17048): Logic cell "app_l_alu_top:U_APP_L_ALU|rtl_doc_incs16:U_OPERATION_INCS|sum_s[3]"
    Info (17048): Logic cell "app_r_incs_top:U_APP_R_INCS|rtl_doc_incs16:U_ADD_ONE_WHEN_S_FLAG|sum_s[4]"
    Info (17048): Logic cell "app_l_alu_top:U_APP_L_ALU|rtl_doc_incs16:U_OPERATION_INCS|sum_s[4]"
    Info (17048): Logic cell "app_r_incs_top:U_APP_R_INCS|rtl_doc_incs16:U_ADD_ONE_WHEN_S_FLAG|sum_s[5]"
    Info (17048): Logic cell "app_l_alu_top:U_APP_L_ALU|rtl_doc_incs16:U_OPERATION_INCS|sum_s[5]"
    Info (17048): Logic cell "app_r_incs_top:U_APP_R_INCS|rtl_doc_incs16:U_ADD_ONE_WHEN_S_FLAG|sum_s[6]"
    Info (17048): Logic cell "app_l_alu_top:U_APP_L_ALU|rtl_doc_incs16:U_OPERATION_INCS|sum_s[6]"
    Info (17048): Logic cell "app_r_incs_top:U_APP_R_INCS|rtl_doc_incs16:U_ADD_ONE_WHEN_S_FLAG|sum_s[7]"
    Info (17048): Logic cell "app_l_alu_top:U_APP_L_ALU|rtl_doc_incs16:U_OPERATION_INCS|sum_s[7]"
    Info (17048): Logic cell "app_r_incs_top:U_APP_R_INCS|rtl_doc_incs16:U_ADD_ONE_WHEN_S_FLAG|sum_s[8]"
    Info (17048): Logic cell "app_l_alu_top:U_APP_L_ALU|rtl_doc_incs16:U_OPERATION_INCS|sum_s[8]"
    Info (17048): Logic cell "app_r_incs_top:U_APP_R_INCS|rtl_doc_incs16:U_ADD_ONE_WHEN_S_FLAG|sum_s[9]"
    Info (17048): Logic cell "app_l_alu_top:U_APP_L_ALU|rtl_doc_incs16:U_OPERATION_INCS|sum_s[9]"
    Info (17048): Logic cell "app_r_incs_top:U_APP_R_INCS|rtl_doc_incs16:U_ADD_ONE_WHEN_S_FLAG|sum_s[10]"
    Info (17048): Logic cell "app_l_alu_top:U_APP_L_ALU|rtl_doc_incs16:U_OPERATION_INCS|sum_s[10]"
    Info (17048): Logic cell "app_r_incs_top:U_APP_R_INCS|rtl_doc_incs16:U_ADD_ONE_WHEN_S_FLAG|sum_s[11]"
    Info (17048): Logic cell "app_l_alu_top:U_APP_L_ALU|rtl_doc_incs16:U_OPERATION_INCS|sum_s[11]"
    Info (17048): Logic cell "app_r_incs_top:U_APP_R_INCS|rtl_doc_incs16:U_ADD_ONE_WHEN_S_FLAG|sum_s[12]"
    Info (17048): Logic cell "app_l_alu_top:U_APP_L_ALU|rtl_doc_incs16:U_OPERATION_INCS|sum_s[12]"
    Info (17048): Logic cell "app_r_incs_top:U_APP_R_INCS|rtl_doc_incs16:U_ADD_ONE_WHEN_S_FLAG|sum_s[13]"
    Info (17048): Logic cell "app_l_alu_top:U_APP_L_ALU|rtl_doc_incs16:U_OPERATION_INCS|sum_s[13]"
    Info (17048): Logic cell "app_r_incs_top:U_APP_R_INCS|rtl_doc_incs16:U_ADD_ONE_WHEN_S_FLAG|sum_s[14]"
    Info (17048): Logic cell "app_l_alu_top:U_APP_L_ALU|rtl_doc_incs16:U_OPERATION_INCS|sum_s[14]"
    Info (17048): Logic cell "app_r_incs_top:U_APP_R_INCS|rtl_doc_incs16:U_ADD_ONE_WHEN_S_FLAG|sum_s[15]"
    Info (17048): Logic cell "app_l_alu_top:U_APP_L_ALU|rtl_doc_incs16:U_OPERATION_INCS|sum_s[15]"
    Info (17048): Logic cell "app_r_incs_top:U_APP_R_INCS|rtl_doc_incs16:U_ADD_ONE_WHEN_S_FLAG|addend_s[0]"
    Info (17048): Logic cell "app_l_alu_top:U_APP_L_ALU|rtl_doc_incs16:U_OPERATION_INCS|addend_s[0]"
    Info (17048): Logic cell "app_r_incs_top:U_APP_R_INCS|rtl_doc_incs16:U_ADD_ONE_WHEN_S_FLAG|addend_s[1]"
    Info (17048): Logic cell "app_l_alu_top:U_APP_L_ALU|rtl_doc_incs16:U_OPERATION_INCS|addend_s[1]"
    Info (17048): Logic cell "app_r_incs_top:U_APP_R_INCS|rtl_doc_incs16:U_ADD_ONE_WHEN_S_FLAG|addend_s[2]"
    Info (17048): Logic cell "app_l_alu_top:U_APP_L_ALU|rtl_doc_incs16:U_OPERATION_INCS|addend_s[2]"
    Info (17048): Logic cell "app_r_incs_top:U_APP_R_INCS|rtl_doc_incs16:U_ADD_ONE_WHEN_S_FLAG|addend_s[3]"
    Info (17048): Logic cell "app_l_alu_top:U_APP_L_ALU|rtl_doc_incs16:U_OPERATION_INCS|addend_s[3]"
    Info (17048): Logic cell "app_r_incs_top:U_APP_R_INCS|rtl_doc_incs16:U_ADD_ONE_WHEN_S_FLAG|addend_s[4]"
    Info (17048): Logic cell "app_l_alu_top:U_APP_L_ALU|rtl_doc_incs16:U_OPERATION_INCS|addend_s[4]"
    Info (17048): Logic cell "app_r_incs_top:U_APP_R_INCS|rtl_doc_incs16:U_ADD_ONE_WHEN_S_FLAG|addend_s[5]"
    Info (17048): Logic cell "app_l_alu_top:U_APP_L_ALU|rtl_doc_incs16:U_OPERATION_INCS|addend_s[5]"
    Info (17048): Logic cell "app_r_incs_top:U_APP_R_INCS|rtl_doc_incs16:U_ADD_ONE_WHEN_S_FLAG|addend_s[6]"
    Info (17048): Logic cell "app_l_alu_top:U_APP_L_ALU|rtl_doc_incs16:U_OPERATION_INCS|addend_s[6]"
    Info (17048): Logic cell "app_r_incs_top:U_APP_R_INCS|rtl_doc_incs16:U_ADD_ONE_WHEN_S_FLAG|addend_s[7]"
    Info (17048): Logic cell "app_l_alu_top:U_APP_L_ALU|rtl_doc_incs16:U_OPERATION_INCS|addend_s[7]"
    Info (17048): Logic cell "app_r_incs_top:U_APP_R_INCS|rtl_doc_incs16:U_ADD_ONE_WHEN_S_FLAG|addend_s[8]"
    Info (17048): Logic cell "app_l_alu_top:U_APP_L_ALU|rtl_doc_incs16:U_OPERATION_INCS|addend_s[8]"
    Info (17048): Logic cell "app_r_incs_top:U_APP_R_INCS|rtl_doc_incs16:U_ADD_ONE_WHEN_S_FLAG|addend_s[9]"
    Info (17048): Logic cell "app_l_alu_top:U_APP_L_ALU|rtl_doc_incs16:U_OPERATION_INCS|addend_s[9]"
    Info (17048): Logic cell "app_r_incs_top:U_APP_R_INCS|rtl_doc_incs16:U_ADD_ONE_WHEN_S_FLAG|addend_s[10]"
    Info (17048): Logic cell "app_l_alu_top:U_APP_L_ALU|rtl_doc_incs16:U_OPERATION_INCS|addend_s[10]"
    Info (17048): Logic cell "app_r_incs_top:U_APP_R_INCS|rtl_doc_incs16:U_ADD_ONE_WHEN_S_FLAG|addend_s[11]"
    Info (17048): Logic cell "app_l_alu_top:U_APP_L_ALU|rtl_doc_incs16:U_OPERATION_INCS|addend_s[11]"
    Info (17048): Logic cell "app_r_incs_top:U_APP_R_INCS|rtl_doc_incs16:U_ADD_ONE_WHEN_S_FLAG|addend_s[12]"
    Info (17048): Logic cell "app_l_alu_top:U_APP_L_ALU|rtl_doc_incs16:U_OPERATION_INCS|addend_s[12]"
    Info (17048): Logic cell "app_r_incs_top:U_APP_R_INCS|rtl_doc_incs16:U_ADD_ONE_WHEN_S_FLAG|addend_s[13]"
    Info (17048): Logic cell "app_l_alu_top:U_APP_L_ALU|rtl_doc_incs16:U_OPERATION_INCS|addend_s[13]"
    Info (17048): Logic cell "app_r_incs_top:U_APP_R_INCS|rtl_doc_incs16:U_ADD_ONE_WHEN_S_FLAG|addend_s[14]"
    Info (17048): Logic cell "app_l_alu_top:U_APP_L_ALU|rtl_doc_incs16:U_OPERATION_INCS|addend_s[14]"
    Info (17048): Logic cell "app_r_incs_top:U_APP_R_INCS|rtl_doc_incs16:U_ADD_ONE_WHEN_S_FLAG|addend_s[15]"
    Info (17048): Logic cell "app_l_alu_top:U_APP_L_ALU|rtl_doc_incs16:U_OPERATION_INCS|addend_s[15]"
Info: Implemented 13163 device resources after synthesis - the final resource count might be different
    Info: Implemented 59 input pins
    Info: Implemented 17 output pins
    Info: Implemented 13087 logic cells
Info: Quartus II Analysis & Synthesis was successful. 0 errors, 15 warnings
    Info: Peak virtual memory: 273 megabytes
    Info: Processing ended: Tue May 19 01:41:08 2026
    Info: Elapsed time: 00:00:44
    Info: Total CPU time (on all processors): 00:00:43


