Classic Timing Analyzer report for lab8_cache
Thu May 14 23:24:52 2026
Quartus II Version 9.1 Build 222 10/21/2009 SJ Web Edition


---------------------
; Table of Contents ;
---------------------
  1. Legal Notice
  2. Timing Analyzer Summary
  3. Timing Analyzer Settings
  4. Clock Settings Summary
  5. Parallel Compilation
  6. Clock Setup: 'clock_i'
  7. tsu
  8. tco
  9. th
 10. Timing Analyzer Messages



----------------
; Legal Notice ;
----------------
Copyright (C) 1991-2009 Altera Corporation
Your use of Altera Corporation's design tools, logic functions 
and other software and tools, and its AMPP partner logic 
functions, and any output files from any of the foregoing 
(including device programming or simulation files), and any 
associated documentation or information are expressly subject 
to the terms and conditions of the Altera Program License 
Subscription Agreement, Altera MegaCore Function License 
Agreement, or other applicable license agreement, including, 
without limitation, that your use is for the sole purpose of 
programming logic devices manufactured by Altera and sold by 
Altera or its authorized distributors.  Please refer to the 
applicable agreement for further details.



+---------------------------------------------------------------------------------------------------------------------------------------------------------------------------------------------------------------------------------------------------------------------------+
; Timing Analyzer Summary                                                                                                                                                                                                                                                   ;
+------------------------------+-------+---------------+----------------------------------+---------------------------------------------------------------------+--------------------------------------------------------------------+------------+----------+--------------+
; Type                         ; Slack ; Required Time ; Actual Time                      ; From                                                                ; To                                                                 ; From Clock ; To Clock ; Failed Paths ;
+------------------------------+-------+---------------+----------------------------------+---------------------------------------------------------------------+--------------------------------------------------------------------+------------+----------+--------------+
; Worst-case tsu               ; N/A   ; None          ; 12.680 ns                        ; cpu_address_tag_set_i[2]                                            ; lab8_cache_top:U_CACHE_SYSTEM|cache4way_age:U_CACHE|victim_r[1]    ; --         ; clock_i  ; 0            ;
; Worst-case tco               ; N/A   ; None          ; 8.670 ns                         ; lab8_cache_top:U_CACHE_SYSTEM|cache4way_age:U_CACHE|ram_wdata_r[2]  ; memory_data_debug_o[2]                                             ; clock_i    ; --       ; 0            ;
; Worst-case th                ; N/A   ; None          ; -2.503 ns                        ; cpu_write_data_to_cache_i[8]                                        ; lab8_cache_top:U_CACHE_SYSTEM|cache4way_age:U_CACHE|ram_wdata_r[8] ; --         ; clock_i  ; 0            ;
; Clock Setup: 'clock_i'       ; N/A   ; None          ; 116.75 MHz ( period = 8.565 ns ) ; lab8_cache_top:U_CACHE_SYSTEM|cache4way_age:U_CACHE|age_r[14][0][0] ; lab8_cache_top:U_CACHE_SYSTEM|cache4way_age:U_CACHE|victim_r[1]    ; clock_i    ; clock_i  ; 0            ;
; Total number of failed paths ;       ;               ;                                  ;                                                                     ;                                                                    ;            ;          ; 0            ;
+------------------------------+-------+---------------+----------------------------------+---------------------------------------------------------------------+--------------------------------------------------------------------+------------+----------+--------------+


+-----------------------------------------------------------------------------------------------------------------------------------------------------+
; Timing Analyzer Settings                                                                                                                            ;
+------------------------------------------------------------------------------------------------------+--------------------+------+----+-------------+
; Option                                                                                               ; Setting            ; From ; To ; Entity Name ;
+------------------------------------------------------------------------------------------------------+--------------------+------+----+-------------+
; Device Name                                                                                          ; EP2S15F484C3       ;      ;    ;             ;
; Timing Models                                                                                        ; Final              ;      ;    ;             ;
; Default hold multicycle                                                                              ; Same as Multicycle ;      ;    ;             ;
; Cut paths between unrelated clock domains                                                            ; On                 ;      ;    ;             ;
; Cut off read during write signal paths                                                               ; On                 ;      ;    ;             ;
; Cut off feedback from I/O pins                                                                       ; On                 ;      ;    ;             ;
; Report Combined Fast/Slow Timing                                                                     ; Off                ;      ;    ;             ;
; Ignore Clock Settings                                                                                ; Off                ;      ;    ;             ;
; Analyze latches as synchronous elements                                                              ; On                 ;      ;    ;             ;
; Enable Recovery/Removal analysis                                                                     ; Off                ;      ;    ;             ;
; Enable Clock Latency                                                                                 ; Off                ;      ;    ;             ;
; Use TimeQuest Timing Analyzer                                                                        ; Off                ;      ;    ;             ;
; Number of source nodes to report per destination node                                                ; 10                 ;      ;    ;             ;
; Number of destination nodes to report                                                                ; 10                 ;      ;    ;             ;
; Number of paths to report                                                                            ; 200                ;      ;    ;             ;
; Report Minimum Timing Checks                                                                         ; Off                ;      ;    ;             ;
; Use Fast Timing Models                                                                               ; Off                ;      ;    ;             ;
; Report IO Paths Separately                                                                           ; Off                ;      ;    ;             ;
; Perform Multicorner Analysis                                                                         ; On                 ;      ;    ;             ;
; Reports the worst-case path for each clock domain and analysis                                       ; Off                ;      ;    ;             ;
; Reports worst-case timing paths for each clock domain and analysis                                   ; Off                ;      ;    ;             ;
; Specifies the maximum number of worst-case timing paths to report for each clock domain and analysis ; 100                ;      ;    ;             ;
; Removes common clock path pessimism (CCPP) during slack computation                                  ; Off                ;      ;    ;             ;
; Output I/O Timing Endpoint                                                                           ; Near End           ;      ;    ;             ;
+------------------------------------------------------------------------------------------------------+--------------------+------+----+-------------+


+------------------------------------------------------------------------------------------------------------------------------------------------------------------------------------+
; Clock Settings Summary                                                                                                                                                             ;
+-----------------+--------------------+----------+------------------+---------------+--------------+----------+-----------------------+---------------------+--------+--------------+
; Clock Node Name ; Clock Setting Name ; Type     ; Fmax Requirement ; Early Latency ; Late Latency ; Based on ; Multiply Base Fmax by ; Divide Base Fmax by ; Offset ; Phase offset ;
+-----------------+--------------------+----------+------------------+---------------+--------------+----------+-----------------------+---------------------+--------+--------------+
; clock_i         ;                    ; User Pin ; None             ; 0.000 ns      ; 0.000 ns     ; --       ; N/A                   ; N/A                 ; N/A    ;              ;
+-----------------+--------------------+----------+------------------+---------------+--------------+----------+-----------------------+---------------------+--------+--------------+


Parallel compilation was disabled, but you have multiple processors available. Enable parallel compilation to reduce compilation time.
+-------------------------------------+
; Parallel Compilation                ;
+----------------------------+--------+
; Processors                 ; Number ;
+----------------------------+--------+
; Number detected on machine ; 12     ;
; Maximum allowed            ; 1      ;
+----------------------------+--------+


+-------------------------------------------------------------------------------------------------------------------------------------------------------------------------------------------------------------------------------------------------------------------------------------------------------------------------------------------------------+
; Clock Setup: 'clock_i'                                                                                                                                                                                                                                                                                                                                ;
+-----------------------------------------+-----------------------------------------------------+---------------------------------------------------------------------+---------------------------------------------------------------------+------------+----------+-----------------------------+---------------------------+-------------------------+
; Slack                                   ; Actual fmax (period)                                ; From                                                                ; To                                                                  ; From Clock ; To Clock ; Required Setup Relationship ; Required Longest P2P Time ; Actual Longest P2P Time ;
+-----------------------------------------+-----------------------------------------------------+---------------------------------------------------------------------+---------------------------------------------------------------------+------------+----------+-----------------------------+---------------------------+-------------------------+
; N/A                                     ; 116.75 MHz ( period = 8.565 ns )                    ; lab8_cache_top:U_CACHE_SYSTEM|cache4way_age:U_CACHE|age_r[14][0][0] ; lab8_cache_top:U_CACHE_SYSTEM|cache4way_age:U_CACHE|victim_r[1]     ; clock_i    ; clock_i  ; None                        ; None                      ; 8.392 ns                ;
; N/A                                     ; 116.84 MHz ( period = 8.559 ns )                    ; lab8_cache_top:U_CACHE_SYSTEM|cache4way_age:U_CACHE|age_r[14][0][0] ; lab8_cache_top:U_CACHE_SYSTEM|cache4way_age:U_CACHE|victim_r[0]     ; clock_i    ; clock_i  ; None                        ; None                      ; 8.386 ns                ;
; N/A                                     ; 118.93 MHz ( period = 8.408 ns )                    ; lab8_cache_top:U_CACHE_SYSTEM|cache4way_age:U_CACHE|valid_r[12][1]  ; lab8_cache_top:U_CACHE_SYSTEM|cache4way_age:U_CACHE|victim_r[1]     ; clock_i    ; clock_i  ; None                        ; None                      ; 8.228 ns                ;
; N/A                                     ; 119.02 MHz ( period = 8.402 ns )                    ; lab8_cache_top:U_CACHE_SYSTEM|cache4way_age:U_CACHE|valid_r[12][1]  ; lab8_cache_top:U_CACHE_SYSTEM|cache4way_age:U_CACHE|victim_r[0]     ; clock_i    ; clock_i  ; None                        ; None                      ; 8.222 ns                ;
; N/A                                     ; 119.88 MHz ( period = 8.342 ns )                    ; lab8_cache_top:U_CACHE_SYSTEM|cache4way_age:U_CACHE|age_r[1][0][0]  ; lab8_cache_top:U_CACHE_SYSTEM|cache4way_age:U_CACHE|victim_r[1]     ; clock_i    ; clock_i  ; None                        ; None                      ; 8.169 ns                ;
; N/A                                     ; 119.89 MHz ( period = 8.341 ns )                    ; lab8_cache_top:U_CACHE_SYSTEM|cache4way_age:U_CACHE|age_r[4][1][0]  ; lab8_cache_top:U_CACHE_SYSTEM|cache4way_age:U_CACHE|victim_r[1]     ; clock_i    ; clock_i  ; None                        ; None                      ; 8.159 ns                ;
; N/A                                     ; 119.92 MHz ( period = 8.339 ns )                    ; lab8_cache_top:U_CACHE_SYSTEM|cache4way_age:U_CACHE|age_r[12][0][0] ; lab8_cache_top:U_CACHE_SYSTEM|cache4way_age:U_CACHE|victim_r[1]     ; clock_i    ; clock_i  ; None                        ; None                      ; 8.162 ns                ;
; N/A                                     ; 119.96 MHz ( period = 8.336 ns )                    ; lab8_cache_top:U_CACHE_SYSTEM|cache4way_age:U_CACHE|age_r[1][0][0]  ; lab8_cache_top:U_CACHE_SYSTEM|cache4way_age:U_CACHE|victim_r[0]     ; clock_i    ; clock_i  ; None                        ; None                      ; 8.163 ns                ;
; N/A                                     ; 119.98 MHz ( period = 8.335 ns )                    ; lab8_cache_top:U_CACHE_SYSTEM|cache4way_age:U_CACHE|age_r[4][1][0]  ; lab8_cache_top:U_CACHE_SYSTEM|cache4way_age:U_CACHE|victim_r[0]     ; clock_i    ; clock_i  ; None                        ; None                      ; 8.153 ns                ;
; N/A                                     ; 120.00 MHz ( period = 8.333 ns )                    ; lab8_cache_top:U_CACHE_SYSTEM|cache4way_age:U_CACHE|age_r[12][0][0] ; lab8_cache_top:U_CACHE_SYSTEM|cache4way_age:U_CACHE|victim_r[0]     ; clock_i    ; clock_i  ; None                        ; None                      ; 8.156 ns                ;
; N/A                                     ; 120.08 MHz ( period = 8.328 ns )                    ; lab8_cache_top:U_CACHE_SYSTEM|cache4way_age:U_CACHE|valid_r[7][0]   ; lab8_cache_top:U_CACHE_SYSTEM|cache4way_age:U_CACHE|victim_r[1]     ; clock_i    ; clock_i  ; None                        ; None                      ; 8.149 ns                ;
; N/A                                     ; 120.13 MHz ( period = 8.324 ns )                    ; lab8_cache_top:U_CACHE_SYSTEM|cache4way_age:U_CACHE|valid_r[14][0]  ; lab8_cache_top:U_CACHE_SYSTEM|cache4way_age:U_CACHE|victim_r[1]     ; clock_i    ; clock_i  ; None                        ; None                      ; 8.145 ns                ;
; N/A                                     ; 120.16 MHz ( period = 8.322 ns )                    ; lab8_cache_top:U_CACHE_SYSTEM|cache4way_age:U_CACHE|valid_r[7][0]   ; lab8_cache_top:U_CACHE_SYSTEM|cache4way_age:U_CACHE|victim_r[0]     ; clock_i    ; clock_i  ; None                        ; None                      ; 8.143 ns                ;
; N/A                                     ; 120.18 MHz ( period = 8.321 ns )                    ; lab8_cache_top:U_CACHE_SYSTEM|cache4way_age:U_CACHE|age_r[5][0][0]  ; lab8_cache_top:U_CACHE_SYSTEM|cache4way_age:U_CACHE|victim_r[1]     ; clock_i    ; clock_i  ; None                        ; None                      ; 8.144 ns                ;
; N/A                                     ; 120.22 MHz ( period = 8.318 ns )                    ; lab8_cache_top:U_CACHE_SYSTEM|cache4way_age:U_CACHE|valid_r[14][0]  ; lab8_cache_top:U_CACHE_SYSTEM|cache4way_age:U_CACHE|victim_r[0]     ; clock_i    ; clock_i  ; None                        ; None                      ; 8.139 ns                ;
; N/A                                     ; 120.26 MHz ( period = 8.315 ns )                    ; lab8_cache_top:U_CACHE_SYSTEM|cache4way_age:U_CACHE|age_r[5][0][0]  ; lab8_cache_top:U_CACHE_SYSTEM|cache4way_age:U_CACHE|victim_r[0]     ; clock_i    ; clock_i  ; None                        ; None                      ; 8.138 ns                ;
; N/A                                     ; 120.38 MHz ( period = 8.307 ns )                    ; lab8_cache_top:U_CACHE_SYSTEM|cache4way_age:U_CACHE|age_r[5][1][0]  ; lab8_cache_top:U_CACHE_SYSTEM|cache4way_age:U_CACHE|victim_r[1]     ; clock_i    ; clock_i  ; None                        ; None                      ; 8.128 ns                ;
; N/A                                     ; 120.39 MHz ( period = 8.306 ns )                    ; lab8_cache_top:U_CACHE_SYSTEM|cache4way_age:U_CACHE|age_r[9][0][0]  ; lab8_cache_top:U_CACHE_SYSTEM|cache4way_age:U_CACHE|victim_r[1]     ; clock_i    ; clock_i  ; None                        ; None                      ; 8.136 ns                ;
; N/A                                     ; 120.47 MHz ( period = 8.301 ns )                    ; lab8_cache_top:U_CACHE_SYSTEM|cache4way_age:U_CACHE|age_r[5][1][0]  ; lab8_cache_top:U_CACHE_SYSTEM|cache4way_age:U_CACHE|victim_r[0]     ; clock_i    ; clock_i  ; None                        ; None                      ; 8.122 ns                ;
; N/A                                     ; 120.48 MHz ( period = 8.300 ns )                    ; lab8_cache_top:U_CACHE_SYSTEM|cache4way_age:U_CACHE|age_r[9][0][0]  ; lab8_cache_top:U_CACHE_SYSTEM|cache4way_age:U_CACHE|victim_r[0]     ; clock_i    ; clock_i  ; None                        ; None                      ; 8.130 ns                ;
; N/A                                     ; 120.69 MHz ( period = 8.286 ns )                    ; lab8_cache_top:U_CACHE_SYSTEM|cache4way_age:U_CACHE|age_r[8][0][0]  ; lab8_cache_top:U_CACHE_SYSTEM|cache4way_age:U_CACHE|victim_r[1]     ; clock_i    ; clock_i  ; None                        ; None                      ; 8.116 ns                ;
; N/A                                     ; 120.71 MHz ( period = 8.284 ns )                    ; lab8_cache_top:U_CACHE_SYSTEM|cache4way_age:U_CACHE|age_r[10][0][0] ; lab8_cache_top:U_CACHE_SYSTEM|cache4way_age:U_CACHE|victim_r[1]     ; clock_i    ; clock_i  ; None                        ; None                      ; 8.107 ns                ;
; N/A                                     ; 120.77 MHz ( period = 8.280 ns )                    ; lab8_cache_top:U_CACHE_SYSTEM|cache4way_age:U_CACHE|age_r[8][0][0]  ; lab8_cache_top:U_CACHE_SYSTEM|cache4way_age:U_CACHE|victim_r[0]     ; clock_i    ; clock_i  ; None                        ; None                      ; 8.110 ns                ;
; N/A                                     ; 120.80 MHz ( period = 8.278 ns )                    ; lab8_cache_top:U_CACHE_SYSTEM|cache4way_age:U_CACHE|age_r[10][0][0] ; lab8_cache_top:U_CACHE_SYSTEM|cache4way_age:U_CACHE|victim_r[0]     ; clock_i    ; clock_i  ; None                        ; None                      ; 8.101 ns                ;
; N/A                                     ; 120.99 MHz ( period = 8.265 ns )                    ; lab8_cache_top:U_CACHE_SYSTEM|cache4way_age:U_CACHE|valid_r[13][1]  ; lab8_cache_top:U_CACHE_SYSTEM|cache4way_age:U_CACHE|victim_r[1]     ; clock_i    ; clock_i  ; None                        ; None                      ; 8.085 ns                ;
; N/A                                     ; 121.08 MHz ( period = 8.259 ns )                    ; lab8_cache_top:U_CACHE_SYSTEM|cache4way_age:U_CACHE|valid_r[13][1]  ; lab8_cache_top:U_CACHE_SYSTEM|cache4way_age:U_CACHE|victim_r[0]     ; clock_i    ; clock_i  ; None                        ; None                      ; 8.079 ns                ;
; N/A                                     ; 121.32 MHz ( period = 8.243 ns )                    ; lab8_cache_top:U_CACHE_SYSTEM|cache4way_age:U_CACHE|age_r[15][0][0] ; lab8_cache_top:U_CACHE_SYSTEM|cache4way_age:U_CACHE|victim_r[1]     ; clock_i    ; clock_i  ; None                        ; None                      ; 8.056 ns                ;
; N/A                                     ; 121.40 MHz ( period = 8.237 ns )                    ; lab8_cache_top:U_CACHE_SYSTEM|cache4way_age:U_CACHE|age_r[15][0][0] ; lab8_cache_top:U_CACHE_SYSTEM|cache4way_age:U_CACHE|victim_r[0]     ; clock_i    ; clock_i  ; None                        ; None                      ; 8.050 ns                ;
; N/A                                     ; 121.43 MHz ( period = 8.235 ns )                    ; lab8_cache_top:U_CACHE_SYSTEM|cache4way_age:U_CACHE|valid_r[0][1]   ; lab8_cache_top:U_CACHE_SYSTEM|cache4way_age:U_CACHE|victim_r[1]     ; clock_i    ; clock_i  ; None                        ; None                      ; 8.056 ns                ;
; N/A                                     ; 121.52 MHz ( period = 8.229 ns )                    ; lab8_cache_top:U_CACHE_SYSTEM|cache4way_age:U_CACHE|age_r[13][1][0] ; lab8_cache_top:U_CACHE_SYSTEM|cache4way_age:U_CACHE|victim_r[1]     ; clock_i    ; clock_i  ; None                        ; None                      ; 8.047 ns                ;
; N/A                                     ; 121.52 MHz ( period = 8.229 ns )                    ; lab8_cache_top:U_CACHE_SYSTEM|cache4way_age:U_CACHE|valid_r[0][1]   ; lab8_cache_top:U_CACHE_SYSTEM|cache4way_age:U_CACHE|victim_r[0]     ; clock_i    ; clock_i  ; None                        ; None                      ; 8.050 ns                ;
; N/A                                     ; 121.54 MHz ( period = 8.228 ns )                    ; lab8_cache_top:U_CACHE_SYSTEM|cache4way_age:U_CACHE|valid_r[1][1]   ; lab8_cache_top:U_CACHE_SYSTEM|cache4way_age:U_CACHE|victim_r[1]     ; clock_i    ; clock_i  ; None                        ; None                      ; 8.049 ns                ;
; N/A                                     ; 121.61 MHz ( period = 8.223 ns )                    ; lab8_cache_top:U_CACHE_SYSTEM|cache4way_age:U_CACHE|age_r[13][1][0] ; lab8_cache_top:U_CACHE_SYSTEM|cache4way_age:U_CACHE|victim_r[0]     ; clock_i    ; clock_i  ; None                        ; None                      ; 8.041 ns                ;
; N/A                                     ; 121.62 MHz ( period = 8.222 ns )                    ; lab8_cache_top:U_CACHE_SYSTEM|cache4way_age:U_CACHE|valid_r[1][1]   ; lab8_cache_top:U_CACHE_SYSTEM|cache4way_age:U_CACHE|victim_r[0]     ; clock_i    ; clock_i  ; None                        ; None                      ; 8.043 ns                ;
; N/A                                     ; 121.74 MHz ( period = 8.214 ns )                    ; lab8_cache_top:U_CACHE_SYSTEM|cache4way_age:U_CACHE|age_r[11][0][1] ; lab8_cache_top:U_CACHE_SYSTEM|cache4way_age:U_CACHE|victim_r[1]     ; clock_i    ; clock_i  ; None                        ; None                      ; 8.041 ns                ;
; N/A                                     ; 121.83 MHz ( period = 8.208 ns )                    ; lab8_cache_top:U_CACHE_SYSTEM|cache4way_age:U_CACHE|age_r[11][0][1] ; lab8_cache_top:U_CACHE_SYSTEM|cache4way_age:U_CACHE|victim_r[0]     ; clock_i    ; clock_i  ; None                        ; None                      ; 8.035 ns                ;
; N/A                                     ; 122.07 MHz ( period = 8.192 ns )                    ; lab8_cache_top:U_CACHE_SYSTEM|cache4way_age:U_CACHE|valid_r[4][1]   ; lab8_cache_top:U_CACHE_SYSTEM|cache4way_age:U_CACHE|victim_r[1]     ; clock_i    ; clock_i  ; None                        ; None                      ; 8.012 ns                ;
; N/A                                     ; 122.10 MHz ( period = 8.190 ns )                    ; lab8_cache_top:U_CACHE_SYSTEM|cache4way_age:U_CACHE|valid_r[11][1]  ; lab8_cache_top:U_CACHE_SYSTEM|cache4way_age:U_CACHE|victim_r[1]     ; clock_i    ; clock_i  ; None                        ; None                      ; 8.005 ns                ;
; N/A                                     ; 122.10 MHz ( period = 8.190 ns )                    ; lab8_cache_top:U_CACHE_SYSTEM|cache4way_age:U_CACHE|valid_r[4][0]   ; lab8_cache_top:U_CACHE_SYSTEM|cache4way_age:U_CACHE|victim_r[1]     ; clock_i    ; clock_i  ; None                        ; None                      ; 8.011 ns                ;
; N/A                                     ; 122.14 MHz ( period = 8.187 ns )                    ; lab8_cache_top:U_CACHE_SYSTEM|cache4way_age:U_CACHE|valid_r[3][1]   ; lab8_cache_top:U_CACHE_SYSTEM|cache4way_age:U_CACHE|victim_r[1]     ; clock_i    ; clock_i  ; None                        ; None                      ; 8.002 ns                ;
; N/A                                     ; 122.16 MHz ( period = 8.186 ns )                    ; lab8_cache_top:U_CACHE_SYSTEM|cache4way_age:U_CACHE|valid_r[6][0]   ; lab8_cache_top:U_CACHE_SYSTEM|cache4way_age:U_CACHE|victim_r[1]     ; clock_i    ; clock_i  ; None                        ; None                      ; 8.007 ns                ;
; N/A                                     ; 122.16 MHz ( period = 8.186 ns )                    ; lab8_cache_top:U_CACHE_SYSTEM|cache4way_age:U_CACHE|valid_r[4][1]   ; lab8_cache_top:U_CACHE_SYSTEM|cache4way_age:U_CACHE|victim_r[0]     ; clock_i    ; clock_i  ; None                        ; None                      ; 8.006 ns                ;
; N/A                                     ; 122.17 MHz ( period = 8.185 ns )                    ; lab8_cache_top:U_CACHE_SYSTEM|cache4way_age:U_CACHE|age_r[11][0][0] ; lab8_cache_top:U_CACHE_SYSTEM|cache4way_age:U_CACHE|victim_r[1]     ; clock_i    ; clock_i  ; None                        ; None                      ; 8.012 ns                ;
; N/A                                     ; 122.19 MHz ( period = 8.184 ns )                    ; lab8_cache_top:U_CACHE_SYSTEM|cache4way_age:U_CACHE|valid_r[11][1]  ; lab8_cache_top:U_CACHE_SYSTEM|cache4way_age:U_CACHE|victim_r[0]     ; clock_i    ; clock_i  ; None                        ; None                      ; 7.999 ns                ;
; N/A                                     ; 122.19 MHz ( period = 8.184 ns )                    ; lab8_cache_top:U_CACHE_SYSTEM|cache4way_age:U_CACHE|valid_r[4][0]   ; lab8_cache_top:U_CACHE_SYSTEM|cache4way_age:U_CACHE|victim_r[0]     ; clock_i    ; clock_i  ; None                        ; None                      ; 8.005 ns                ;
; N/A                                     ; 122.23 MHz ( period = 8.181 ns )                    ; lab8_cache_top:U_CACHE_SYSTEM|cache4way_age:U_CACHE|valid_r[3][1]   ; lab8_cache_top:U_CACHE_SYSTEM|cache4way_age:U_CACHE|victim_r[0]     ; clock_i    ; clock_i  ; None                        ; None                      ; 7.996 ns                ;
; N/A                                     ; 122.25 MHz ( period = 8.180 ns )                    ; lab8_cache_top:U_CACHE_SYSTEM|cache4way_age:U_CACHE|valid_r[6][0]   ; lab8_cache_top:U_CACHE_SYSTEM|cache4way_age:U_CACHE|victim_r[0]     ; clock_i    ; clock_i  ; None                        ; None                      ; 8.001 ns                ;
; N/A                                     ; 122.26 MHz ( period = 8.179 ns )                    ; lab8_cache_top:U_CACHE_SYSTEM|cache4way_age:U_CACHE|age_r[11][0][0] ; lab8_cache_top:U_CACHE_SYSTEM|cache4way_age:U_CACHE|victim_r[0]     ; clock_i    ; clock_i  ; None                        ; None                      ; 8.006 ns                ;
; N/A                                     ; 122.40 MHz ( period = 8.170 ns )                    ; lab8_cache_top:U_CACHE_SYSTEM|cache4way_age:U_CACHE|age_r[7][0][0]  ; lab8_cache_top:U_CACHE_SYSTEM|cache4way_age:U_CACHE|victim_r[1]     ; clock_i    ; clock_i  ; None                        ; None                      ; 7.993 ns                ;
; N/A                                     ; 122.46 MHz ( period = 8.166 ns )                    ; lab8_cache_top:U_CACHE_SYSTEM|cache4way_age:U_CACHE|age_r[10][1][0] ; lab8_cache_top:U_CACHE_SYSTEM|cache4way_age:U_CACHE|victim_r[1]     ; clock_i    ; clock_i  ; None                        ; None                      ; 7.985 ns                ;
; N/A                                     ; 122.49 MHz ( period = 8.164 ns )                    ; lab8_cache_top:U_CACHE_SYSTEM|cache4way_age:U_CACHE|age_r[7][0][0]  ; lab8_cache_top:U_CACHE_SYSTEM|cache4way_age:U_CACHE|victim_r[0]     ; clock_i    ; clock_i  ; None                        ; None                      ; 7.987 ns                ;
; N/A                                     ; 122.55 MHz ( period = 8.160 ns )                    ; lab8_cache_top:U_CACHE_SYSTEM|cache4way_age:U_CACHE|age_r[10][1][0] ; lab8_cache_top:U_CACHE_SYSTEM|cache4way_age:U_CACHE|victim_r[0]     ; clock_i    ; clock_i  ; None                        ; None                      ; 7.979 ns                ;
; N/A                                     ; 122.64 MHz ( period = 8.154 ns )                    ; lab8_cache_top:U_CACHE_SYSTEM|cache4way_age:U_CACHE|valid_r[13][0]  ; lab8_cache_top:U_CACHE_SYSTEM|cache4way_age:U_CACHE|victim_r[1]     ; clock_i    ; clock_i  ; None                        ; None                      ; 7.974 ns                ;
; N/A                                     ; 122.73 MHz ( period = 8.148 ns )                    ; lab8_cache_top:U_CACHE_SYSTEM|cache4way_age:U_CACHE|valid_r[13][0]  ; lab8_cache_top:U_CACHE_SYSTEM|cache4way_age:U_CACHE|victim_r[0]     ; clock_i    ; clock_i  ; None                        ; None                      ; 7.968 ns                ;
; N/A                                     ; 122.77 MHz ( period = 8.145 ns )                    ; lab8_cache_top:U_CACHE_SYSTEM|cache4way_age:U_CACHE|tag_r[5][1][6]  ; lab8_cache_top:U_CACHE_SYSTEM|cache4way_age:U_CACHE|cpu_rdata_r[1]  ; clock_i    ; clock_i  ; None                        ; None                      ; 7.963 ns                ;
; N/A                                     ; 122.82 MHz ( period = 8.142 ns )                    ; lab8_cache_top:U_CACHE_SYSTEM|cache4way_age:U_CACHE|tag_r[5][1][6]  ; lab8_cache_top:U_CACHE_SYSTEM|cache4way_age:U_CACHE|cpu_rdata_r[9]  ; clock_i    ; clock_i  ; None                        ; None                      ; 7.948 ns                ;
; N/A                                     ; 122.84 MHz ( period = 8.141 ns )                    ; lab8_cache_top:U_CACHE_SYSTEM|cache4way_age:U_CACHE|age_r[15][1][0] ; lab8_cache_top:U_CACHE_SYSTEM|cache4way_age:U_CACHE|victim_r[1]     ; clock_i    ; clock_i  ; None                        ; None                      ; 7.958 ns                ;
; N/A                                     ; 122.88 MHz ( period = 8.138 ns )                    ; lab8_cache_top:U_CACHE_SYSTEM|cache4way_age:U_CACHE|age_r[15][0][1] ; lab8_cache_top:U_CACHE_SYSTEM|cache4way_age:U_CACHE|victim_r[1]     ; clock_i    ; clock_i  ; None                        ; None                      ; 7.951 ns                ;
; N/A                                     ; 122.93 MHz ( period = 8.135 ns )                    ; lab8_cache_top:U_CACHE_SYSTEM|cache4way_age:U_CACHE|age_r[15][1][0] ; lab8_cache_top:U_CACHE_SYSTEM|cache4way_age:U_CACHE|victim_r[0]     ; clock_i    ; clock_i  ; None                        ; None                      ; 7.952 ns                ;
; N/A                                     ; 122.97 MHz ( period = 8.132 ns )                    ; lab8_cache_top:U_CACHE_SYSTEM|cache4way_age:U_CACHE|age_r[15][0][1] ; lab8_cache_top:U_CACHE_SYSTEM|cache4way_age:U_CACHE|victim_r[0]     ; clock_i    ; clock_i  ; None                        ; None                      ; 7.945 ns                ;
; N/A                                     ; 122.99 MHz ( period = 8.131 ns )                    ; lab8_cache_top:U_CACHE_SYSTEM|cache4way_age:U_CACHE|valid_r[12][1]  ; lab8_cache_top:U_CACHE_SYSTEM|cache4way_age:U_CACHE|cpu_rdata_r[1]  ; clock_i    ; clock_i  ; None                        ; None                      ; 7.928 ns                ;
; N/A                                     ; 123.03 MHz ( period = 8.128 ns )                    ; lab8_cache_top:U_CACHE_SYSTEM|cache4way_age:U_CACHE|valid_r[2][0]   ; lab8_cache_top:U_CACHE_SYSTEM|cache4way_age:U_CACHE|victim_r[1]     ; clock_i    ; clock_i  ; None                        ; None                      ; 7.953 ns                ;
; N/A                                     ; 123.03 MHz ( period = 8.128 ns )                    ; lab8_cache_top:U_CACHE_SYSTEM|cache4way_age:U_CACHE|valid_r[12][1]  ; lab8_cache_top:U_CACHE_SYSTEM|cache4way_age:U_CACHE|cpu_rdata_r[9]  ; clock_i    ; clock_i  ; None                        ; None                      ; 7.913 ns                ;
; N/A                                     ; 123.05 MHz ( period = 8.127 ns )                    ; lab8_cache_top:U_CACHE_SYSTEM|cache4way_age:U_CACHE|tag_r[5][1][6]  ; lab8_cache_top:U_CACHE_SYSTEM|cache4way_age:U_CACHE|cpu_rdata_r[5]  ; clock_i    ; clock_i  ; None                        ; None                      ; 7.940 ns                ;
; N/A                                     ; 123.08 MHz ( period = 8.125 ns )                    ; lab8_cache_top:U_CACHE_SYSTEM|cache4way_age:U_CACHE|valid_r[3][0]   ; lab8_cache_top:U_CACHE_SYSTEM|cache4way_age:U_CACHE|victim_r[1]     ; clock_i    ; clock_i  ; None                        ; None                      ; 7.950 ns                ;
; N/A                                     ; 123.12 MHz ( period = 8.122 ns )                    ; lab8_cache_top:U_CACHE_SYSTEM|cache4way_age:U_CACHE|valid_r[2][0]   ; lab8_cache_top:U_CACHE_SYSTEM|cache4way_age:U_CACHE|victim_r[0]     ; clock_i    ; clock_i  ; None                        ; None                      ; 7.947 ns                ;
; N/A                                     ; 123.15 MHz ( period = 8.120 ns )                    ; lab8_cache_top:U_CACHE_SYSTEM|cache4way_age:U_CACHE|age_r[3][0][0]  ; lab8_cache_top:U_CACHE_SYSTEM|cache4way_age:U_CACHE|victim_r[1]     ; clock_i    ; clock_i  ; None                        ; None                      ; 7.943 ns                ;
; N/A                                     ; 123.17 MHz ( period = 8.119 ns )                    ; lab8_cache_top:U_CACHE_SYSTEM|cache4way_age:U_CACHE|valid_r[3][0]   ; lab8_cache_top:U_CACHE_SYSTEM|cache4way_age:U_CACHE|victim_r[0]     ; clock_i    ; clock_i  ; None                        ; None                      ; 7.944 ns                ;
; N/A                                     ; 123.21 MHz ( period = 8.116 ns )                    ; lab8_cache_top:U_CACHE_SYSTEM|cache4way_age:U_CACHE|age_r[12][1][0] ; lab8_cache_top:U_CACHE_SYSTEM|cache4way_age:U_CACHE|victim_r[1]     ; clock_i    ; clock_i  ; None                        ; None                      ; 7.934 ns                ;
; N/A                                     ; 123.23 MHz ( period = 8.115 ns )                    ; lab8_cache_top:U_CACHE_SYSTEM|cache4way_age:U_CACHE|valid_r[5][1]   ; lab8_cache_top:U_CACHE_SYSTEM|cache4way_age:U_CACHE|victim_r[1]     ; clock_i    ; clock_i  ; None                        ; None                      ; 7.935 ns                ;
; N/A                                     ; 123.24 MHz ( period = 8.114 ns )                    ; lab8_cache_top:U_CACHE_SYSTEM|cache4way_age:U_CACHE|age_r[3][0][0]  ; lab8_cache_top:U_CACHE_SYSTEM|cache4way_age:U_CACHE|victim_r[0]     ; clock_i    ; clock_i  ; None                        ; None                      ; 7.937 ns                ;
; N/A                                     ; 123.26 MHz ( period = 8.113 ns )                    ; lab8_cache_top:U_CACHE_SYSTEM|cache4way_age:U_CACHE|valid_r[12][1]  ; lab8_cache_top:U_CACHE_SYSTEM|cache4way_age:U_CACHE|cpu_rdata_r[5]  ; clock_i    ; clock_i  ; None                        ; None                      ; 7.905 ns                ;
; N/A                                     ; 123.30 MHz ( period = 8.110 ns )                    ; lab8_cache_top:U_CACHE_SYSTEM|cache4way_age:U_CACHE|age_r[8][0][1]  ; lab8_cache_top:U_CACHE_SYSTEM|cache4way_age:U_CACHE|victim_r[1]     ; clock_i    ; clock_i  ; None                        ; None                      ; 7.940 ns                ;
; N/A                                     ; 123.30 MHz ( period = 8.110 ns )                    ; lab8_cache_top:U_CACHE_SYSTEM|cache4way_age:U_CACHE|age_r[12][1][0] ; lab8_cache_top:U_CACHE_SYSTEM|cache4way_age:U_CACHE|victim_r[0]     ; clock_i    ; clock_i  ; None                        ; None                      ; 7.928 ns                ;
; N/A                                     ; 123.32 MHz ( period = 8.109 ns )                    ; lab8_cache_top:U_CACHE_SYSTEM|cache4way_age:U_CACHE|valid_r[5][1]   ; lab8_cache_top:U_CACHE_SYSTEM|cache4way_age:U_CACHE|victim_r[0]     ; clock_i    ; clock_i  ; None                        ; None                      ; 7.929 ns                ;
; N/A                                     ; 123.33 MHz ( period = 8.108 ns )                    ; lab8_cache_top:U_CACHE_SYSTEM|cache4way_age:U_CACHE|valid_r[6][1]   ; lab8_cache_top:U_CACHE_SYSTEM|cache4way_age:U_CACHE|victim_r[1]     ; clock_i    ; clock_i  ; None                        ; None                      ; 7.923 ns                ;
; N/A                                     ; 123.33 MHz ( period = 8.108 ns )                    ; lab8_cache_top:U_CACHE_SYSTEM|cache4way_age:U_CACHE|age_r[6][1][0]  ; lab8_cache_top:U_CACHE_SYSTEM|cache4way_age:U_CACHE|victim_r[1]     ; clock_i    ; clock_i  ; None                        ; None                      ; 7.925 ns                ;
; N/A                                     ; 123.35 MHz ( period = 8.107 ns )                    ; lab8_cache_top:U_CACHE_SYSTEM|cache4way_age:U_CACHE|valid_r[12][0]  ; lab8_cache_top:U_CACHE_SYSTEM|cache4way_age:U_CACHE|victim_r[1]     ; clock_i    ; clock_i  ; None                        ; None                      ; 7.927 ns                ;
; N/A                                     ; 123.40 MHz ( period = 8.104 ns )                    ; lab8_cache_top:U_CACHE_SYSTEM|cache4way_age:U_CACHE|age_r[8][0][1]  ; lab8_cache_top:U_CACHE_SYSTEM|cache4way_age:U_CACHE|victim_r[0]     ; clock_i    ; clock_i  ; None                        ; None                      ; 7.934 ns                ;
; N/A                                     ; 123.41 MHz ( period = 8.103 ns )                    ; lab8_cache_top:U_CACHE_SYSTEM|cache4way_age:U_CACHE|valid_r[1][0]   ; lab8_cache_top:U_CACHE_SYSTEM|cache4way_age:U_CACHE|victim_r[1]     ; clock_i    ; clock_i  ; None                        ; None                      ; 7.928 ns                ;
; N/A                                     ; 123.43 MHz ( period = 8.102 ns )                    ; lab8_cache_top:U_CACHE_SYSTEM|cache4way_age:U_CACHE|valid_r[6][1]   ; lab8_cache_top:U_CACHE_SYSTEM|cache4way_age:U_CACHE|victim_r[0]     ; clock_i    ; clock_i  ; None                        ; None                      ; 7.917 ns                ;
; N/A                                     ; 123.43 MHz ( period = 8.102 ns )                    ; lab8_cache_top:U_CACHE_SYSTEM|cache4way_age:U_CACHE|age_r[6][1][0]  ; lab8_cache_top:U_CACHE_SYSTEM|cache4way_age:U_CACHE|victim_r[0]     ; clock_i    ; clock_i  ; None                        ; None                      ; 7.919 ns                ;
; N/A                                     ; 123.44 MHz ( period = 8.101 ns )                    ; lab8_cache_top:U_CACHE_SYSTEM|cache4way_age:U_CACHE|valid_r[12][0]  ; lab8_cache_top:U_CACHE_SYSTEM|cache4way_age:U_CACHE|victim_r[0]     ; clock_i    ; clock_i  ; None                        ; None                      ; 7.921 ns                ;
; N/A                                     ; 123.47 MHz ( period = 8.099 ns )                    ; lab8_cache_top:U_CACHE_SYSTEM|cache4way_age:U_CACHE|valid_r[14][1]  ; lab8_cache_top:U_CACHE_SYSTEM|cache4way_age:U_CACHE|victim_r[1]     ; clock_i    ; clock_i  ; None                        ; None                      ; 7.914 ns                ;
; N/A                                     ; 123.50 MHz ( period = 8.097 ns )                    ; lab8_cache_top:U_CACHE_SYSTEM|cache4way_age:U_CACHE|valid_r[1][0]   ; lab8_cache_top:U_CACHE_SYSTEM|cache4way_age:U_CACHE|victim_r[0]     ; clock_i    ; clock_i  ; None                        ; None                      ; 7.922 ns                ;
; N/A                                     ; 123.56 MHz ( period = 8.093 ns )                    ; lab8_cache_top:U_CACHE_SYSTEM|cache4way_age:U_CACHE|valid_r[14][1]  ; lab8_cache_top:U_CACHE_SYSTEM|cache4way_age:U_CACHE|victim_r[0]     ; clock_i    ; clock_i  ; None                        ; None                      ; 7.908 ns                ;
; N/A                                     ; 123.59 MHz ( period = 8.091 ns )                    ; lab8_cache_top:U_CACHE_SYSTEM|cache4way_age:U_CACHE|valid_r[0][0]   ; lab8_cache_top:U_CACHE_SYSTEM|cache4way_age:U_CACHE|victim_r[1]     ; clock_i    ; clock_i  ; None                        ; None                      ; 7.916 ns                ;
; N/A                                     ; 123.67 MHz ( period = 8.086 ns )                    ; lab8_cache_top:U_CACHE_SYSTEM|cache4way_age:U_CACHE|age_r[13][0][1] ; lab8_cache_top:U_CACHE_SYSTEM|cache4way_age:U_CACHE|victim_r[1]     ; clock_i    ; clock_i  ; None                        ; None                      ; 7.909 ns                ;
; N/A                                     ; 123.69 MHz ( period = 8.085 ns )                    ; lab8_cache_top:U_CACHE_SYSTEM|cache4way_age:U_CACHE|valid_r[0][0]   ; lab8_cache_top:U_CACHE_SYSTEM|cache4way_age:U_CACHE|victim_r[0]     ; clock_i    ; clock_i  ; None                        ; None                      ; 7.910 ns                ;
; N/A                                     ; 123.73 MHz ( period = 8.082 ns )                    ; lab8_cache_top:U_CACHE_SYSTEM|cache4way_age:U_CACHE|valid_r[9][1]   ; lab8_cache_top:U_CACHE_SYSTEM|cache4way_age:U_CACHE|victim_r[1]     ; clock_i    ; clock_i  ; None                        ; None                      ; 7.903 ns                ;
; N/A                                     ; 123.76 MHz ( period = 8.080 ns )                    ; lab8_cache_top:U_CACHE_SYSTEM|cache4way_age:U_CACHE|age_r[13][0][1] ; lab8_cache_top:U_CACHE_SYSTEM|cache4way_age:U_CACHE|victim_r[0]     ; clock_i    ; clock_i  ; None                        ; None                      ; 7.903 ns                ;
; N/A                                     ; 123.82 MHz ( period = 8.076 ns )                    ; lab8_cache_top:U_CACHE_SYSTEM|cache4way_age:U_CACHE|valid_r[9][1]   ; lab8_cache_top:U_CACHE_SYSTEM|cache4way_age:U_CACHE|victim_r[0]     ; clock_i    ; clock_i  ; None                        ; None                      ; 7.897 ns                ;
; N/A                                     ; 123.85 MHz ( period = 8.074 ns )                    ; lab8_cache_top:U_CACHE_SYSTEM|cache4way_age:U_CACHE|valid_r[15][0]  ; lab8_cache_top:U_CACHE_SYSTEM|cache4way_age:U_CACHE|victim_r[1]     ; clock_i    ; clock_i  ; None                        ; None                      ; 7.895 ns                ;
; N/A                                     ; 123.92 MHz ( period = 8.070 ns )                    ; lab8_cache_top:U_CACHE_SYSTEM|cache4way_age:U_CACHE|tag_r[5][1][6]  ; lab8_cache_top:U_CACHE_SYSTEM|cache4way_age:U_CACHE|cpu_rdata_r[6]  ; clock_i    ; clock_i  ; None                        ; None                      ; 7.876 ns                ;
; N/A                                     ; 123.95 MHz ( period = 8.068 ns )                    ; lab8_cache_top:U_CACHE_SYSTEM|cache4way_age:U_CACHE|valid_r[15][0]  ; lab8_cache_top:U_CACHE_SYSTEM|cache4way_age:U_CACHE|victim_r[0]     ; clock_i    ; clock_i  ; None                        ; None                      ; 7.889 ns                ;
; N/A                                     ; 124.05 MHz ( period = 8.061 ns )                    ; lab8_cache_top:U_CACHE_SYSTEM|cache4way_age:U_CACHE|age_r[9][1][1]  ; lab8_cache_top:U_CACHE_SYSTEM|cache4way_age:U_CACHE|victim_r[1]     ; clock_i    ; clock_i  ; None                        ; None                      ; 7.882 ns                ;
; N/A                                     ; 124.13 MHz ( period = 8.056 ns )                    ; lab8_cache_top:U_CACHE_SYSTEM|cache4way_age:U_CACHE|tag_r[7][1][6]  ; lab8_cache_top:U_CACHE_SYSTEM|cache4way_age:U_CACHE|cpu_rdata_r[1]  ; clock_i    ; clock_i  ; None                        ; None                      ; 7.874 ns                ;
; N/A                                     ; 124.13 MHz ( period = 8.056 ns )                    ; lab8_cache_top:U_CACHE_SYSTEM|cache4way_age:U_CACHE|valid_r[12][1]  ; lab8_cache_top:U_CACHE_SYSTEM|cache4way_age:U_CACHE|cpu_rdata_r[6]  ; clock_i    ; clock_i  ; None                        ; None                      ; 7.841 ns                ;
; N/A                                     ; 124.15 MHz ( period = 8.055 ns )                    ; lab8_cache_top:U_CACHE_SYSTEM|cache4way_age:U_CACHE|valid_r[5][0]   ; lab8_cache_top:U_CACHE_SYSTEM|cache4way_age:U_CACHE|victim_r[1]     ; clock_i    ; clock_i  ; None                        ; None                      ; 7.876 ns                ;
; N/A                                     ; 124.15 MHz ( period = 8.055 ns )                    ; lab8_cache_top:U_CACHE_SYSTEM|cache4way_age:U_CACHE|age_r[9][1][1]  ; lab8_cache_top:U_CACHE_SYSTEM|cache4way_age:U_CACHE|victim_r[0]     ; clock_i    ; clock_i  ; None                        ; None                      ; 7.876 ns                ;
; N/A                                     ; 124.16 MHz ( period = 8.054 ns )                    ; lab8_cache_top:U_CACHE_SYSTEM|cache4way_age:U_CACHE|age_r[4][0][1]  ; lab8_cache_top:U_CACHE_SYSTEM|cache4way_age:U_CACHE|victim_r[1]     ; clock_i    ; clock_i  ; None                        ; None                      ; 7.867 ns                ;
; N/A                                     ; 124.18 MHz ( period = 8.053 ns )                    ; lab8_cache_top:U_CACHE_SYSTEM|cache4way_age:U_CACHE|age_r[1][0][1]  ; lab8_cache_top:U_CACHE_SYSTEM|cache4way_age:U_CACHE|victim_r[1]     ; clock_i    ; clock_i  ; None                        ; None                      ; 7.880 ns                ;
; N/A                                     ; 124.18 MHz ( period = 8.053 ns )                    ; lab8_cache_top:U_CACHE_SYSTEM|cache4way_age:U_CACHE|tag_r[7][1][6]  ; lab8_cache_top:U_CACHE_SYSTEM|cache4way_age:U_CACHE|cpu_rdata_r[9]  ; clock_i    ; clock_i  ; None                        ; None                      ; 7.859 ns                ;
; N/A                                     ; 124.24 MHz ( period = 8.049 ns )                    ; lab8_cache_top:U_CACHE_SYSTEM|cache4way_age:U_CACHE|valid_r[5][0]   ; lab8_cache_top:U_CACHE_SYSTEM|cache4way_age:U_CACHE|victim_r[0]     ; clock_i    ; clock_i  ; None                        ; None                      ; 7.870 ns                ;
; N/A                                     ; 124.25 MHz ( period = 8.048 ns )                    ; lab8_cache_top:U_CACHE_SYSTEM|cache4way_age:U_CACHE|age_r[5][1][1]  ; lab8_cache_top:U_CACHE_SYSTEM|cache4way_age:U_CACHE|victim_r[1]     ; clock_i    ; clock_i  ; None                        ; None                      ; 7.869 ns                ;
; N/A                                     ; 124.25 MHz ( period = 8.048 ns )                    ; lab8_cache_top:U_CACHE_SYSTEM|cache4way_age:U_CACHE|age_r[4][0][1]  ; lab8_cache_top:U_CACHE_SYSTEM|cache4way_age:U_CACHE|victim_r[0]     ; clock_i    ; clock_i  ; None                        ; None                      ; 7.861 ns                ;
; N/A                                     ; 124.27 MHz ( period = 8.047 ns )                    ; lab8_cache_top:U_CACHE_SYSTEM|cache4way_age:U_CACHE|age_r[1][0][1]  ; lab8_cache_top:U_CACHE_SYSTEM|cache4way_age:U_CACHE|victim_r[0]     ; clock_i    ; clock_i  ; None                        ; None                      ; 7.874 ns                ;
; N/A                                     ; 124.35 MHz ( period = 8.042 ns )                    ; lab8_cache_top:U_CACHE_SYSTEM|cache4way_age:U_CACHE|age_r[5][1][1]  ; lab8_cache_top:U_CACHE_SYSTEM|cache4way_age:U_CACHE|victim_r[0]     ; clock_i    ; clock_i  ; None                        ; None                      ; 7.863 ns                ;
; N/A                                     ; 124.36 MHz ( period = 8.041 ns )                    ; lab8_cache_top:U_CACHE_SYSTEM|cache4way_age:U_CACHE|valid_r[2][1]   ; lab8_cache_top:U_CACHE_SYSTEM|cache4way_age:U_CACHE|victim_r[1]     ; clock_i    ; clock_i  ; None                        ; None                      ; 7.856 ns                ;
; N/A                                     ; 124.41 MHz ( period = 8.038 ns )                    ; lab8_cache_top:U_CACHE_SYSTEM|cache4way_age:U_CACHE|tag_r[7][1][6]  ; lab8_cache_top:U_CACHE_SYSTEM|cache4way_age:U_CACHE|cpu_rdata_r[5]  ; clock_i    ; clock_i  ; None                        ; None                      ; 7.851 ns                ;
; N/A                                     ; 124.42 MHz ( period = 8.037 ns )                    ; lab8_cache_top:U_CACHE_SYSTEM|cache4way_age:U_CACHE|age_r[9][1][0]  ; lab8_cache_top:U_CACHE_SYSTEM|cache4way_age:U_CACHE|victim_r[1]     ; clock_i    ; clock_i  ; None                        ; None                      ; 7.858 ns                ;
; N/A                                     ; 124.46 MHz ( period = 8.035 ns )                    ; lab8_cache_top:U_CACHE_SYSTEM|cache4way_age:U_CACHE|valid_r[2][1]   ; lab8_cache_top:U_CACHE_SYSTEM|cache4way_age:U_CACHE|victim_r[0]     ; clock_i    ; clock_i  ; None                        ; None                      ; 7.850 ns                ;
; N/A                                     ; 124.52 MHz ( period = 8.031 ns )                    ; lab8_cache_top:U_CACHE_SYSTEM|cache4way_age:U_CACHE|age_r[9][1][0]  ; lab8_cache_top:U_CACHE_SYSTEM|cache4way_age:U_CACHE|victim_r[0]     ; clock_i    ; clock_i  ; None                        ; None                      ; 7.852 ns                ;
; N/A                                     ; 124.67 MHz ( period = 8.021 ns )                    ; lab8_cache_top:U_CACHE_SYSTEM|cache4way_age:U_CACHE|tag_r[11][1][5] ; lab8_cache_top:U_CACHE_SYSTEM|cache4way_age:U_CACHE|cpu_rdata_r[1]  ; clock_i    ; clock_i  ; None                        ; None                      ; 7.823 ns                ;
; N/A                                     ; 124.69 MHz ( period = 8.020 ns )                    ; lab8_cache_top:U_CACHE_SYSTEM|cache4way_age:U_CACHE|age_r[3][1][0]  ; lab8_cache_top:U_CACHE_SYSTEM|cache4way_age:U_CACHE|victim_r[1]     ; clock_i    ; clock_i  ; None                        ; None                      ; 7.841 ns                ;
; N/A                                     ; 124.69 MHz ( period = 8.020 ns )                    ; lab8_cache_top:U_CACHE_SYSTEM|cache4way_age:U_CACHE|age_r[9][0][1]  ; lab8_cache_top:U_CACHE_SYSTEM|cache4way_age:U_CACHE|victim_r[1]     ; clock_i    ; clock_i  ; None                        ; None                      ; 7.850 ns                ;
; N/A                                     ; 124.72 MHz ( period = 8.018 ns )                    ; lab8_cache_top:U_CACHE_SYSTEM|cache4way_age:U_CACHE|tag_r[11][1][5] ; lab8_cache_top:U_CACHE_SYSTEM|cache4way_age:U_CACHE|cpu_rdata_r[9]  ; clock_i    ; clock_i  ; None                        ; None                      ; 7.808 ns                ;
; N/A                                     ; 124.75 MHz ( period = 8.016 ns )                    ; lab8_cache_top:U_CACHE_SYSTEM|cache4way_age:U_CACHE|tag_r[14][1][9] ; lab8_cache_top:U_CACHE_SYSTEM|cache4way_age:U_CACHE|cpu_rdata_r[1]  ; clock_i    ; clock_i  ; None                        ; None                      ; 7.835 ns                ;
; N/A                                     ; 124.78 MHz ( period = 8.014 ns )                    ; lab8_cache_top:U_CACHE_SYSTEM|cache4way_age:U_CACHE|age_r[3][1][0]  ; lab8_cache_top:U_CACHE_SYSTEM|cache4way_age:U_CACHE|victim_r[0]     ; clock_i    ; clock_i  ; None                        ; None                      ; 7.835 ns                ;
; N/A                                     ; 124.78 MHz ( period = 8.014 ns )                    ; lab8_cache_top:U_CACHE_SYSTEM|cache4way_age:U_CACHE|age_r[9][0][1]  ; lab8_cache_top:U_CACHE_SYSTEM|cache4way_age:U_CACHE|victim_r[0]     ; clock_i    ; clock_i  ; None                        ; None                      ; 7.844 ns                ;
; N/A                                     ; 124.80 MHz ( period = 8.013 ns )                    ; lab8_cache_top:U_CACHE_SYSTEM|cache4way_age:U_CACHE|tag_r[14][1][9] ; lab8_cache_top:U_CACHE_SYSTEM|cache4way_age:U_CACHE|cpu_rdata_r[9]  ; clock_i    ; clock_i  ; None                        ; None                      ; 7.820 ns                ;
; N/A                                     ; 124.83 MHz ( period = 8.011 ns )                    ; lab8_cache_top:U_CACHE_SYSTEM|cache4way_age:U_CACHE|age_r[7][1][0]  ; lab8_cache_top:U_CACHE_SYSTEM|cache4way_age:U_CACHE|victim_r[1]     ; clock_i    ; clock_i  ; None                        ; None                      ; 7.828 ns                ;
; N/A                                     ; 124.91 MHz ( period = 8.006 ns )                    ; lab8_cache_top:U_CACHE_SYSTEM|cache4way_age:U_CACHE|tag_r[5][1][6]  ; lab8_cache_top:U_CACHE_SYSTEM|cache4way_age:U_CACHE|cpu_rdata_r[10] ; clock_i    ; clock_i  ; None                        ; None                      ; 7.812 ns                ;
; N/A                                     ; 124.92 MHz ( period = 8.005 ns )                    ; lab8_cache_top:U_CACHE_SYSTEM|cache4way_age:U_CACHE|age_r[7][1][0]  ; lab8_cache_top:U_CACHE_SYSTEM|cache4way_age:U_CACHE|victim_r[0]     ; clock_i    ; clock_i  ; None                        ; None                      ; 7.822 ns                ;
; N/A                                     ; 124.95 MHz ( period = 8.003 ns )                    ; lab8_cache_top:U_CACHE_SYSTEM|cache4way_age:U_CACHE|tag_r[11][1][5] ; lab8_cache_top:U_CACHE_SYSTEM|cache4way_age:U_CACHE|cpu_rdata_r[5]  ; clock_i    ; clock_i  ; None                        ; None                      ; 7.800 ns                ;
; N/A                                     ; 124.97 MHz ( period = 8.002 ns )                    ; lab8_cache_top:U_CACHE_SYSTEM|cache4way_age:U_CACHE|age_r[14][1][1] ; lab8_cache_top:U_CACHE_SYSTEM|cache4way_age:U_CACHE|victim_r[1]     ; clock_i    ; clock_i  ; None                        ; None                      ; 7.815 ns                ;
; N/A                                     ; 125.03 MHz ( period = 7.998 ns )                    ; lab8_cache_top:U_CACHE_SYSTEM|cache4way_age:U_CACHE|tag_r[14][1][9] ; lab8_cache_top:U_CACHE_SYSTEM|cache4way_age:U_CACHE|cpu_rdata_r[5]  ; clock_i    ; clock_i  ; None                        ; None                      ; 7.812 ns                ;
; N/A                                     ; 125.06 MHz ( period = 7.996 ns )                    ; lab8_cache_top:U_CACHE_SYSTEM|cache4way_age:U_CACHE|age_r[14][1][1] ; lab8_cache_top:U_CACHE_SYSTEM|cache4way_age:U_CACHE|victim_r[0]     ; clock_i    ; clock_i  ; None                        ; None                      ; 7.809 ns                ;
; N/A                                     ; 125.13 MHz ( period = 7.992 ns )                    ; lab8_cache_top:U_CACHE_SYSTEM|cache4way_age:U_CACHE|tag_r[5][1][6]  ; lab8_cache_top:U_CACHE_SYSTEM|cache4way_age:U_CACHE|cpu_rdata_r[4]  ; clock_i    ; clock_i  ; None                        ; None                      ; 7.805 ns                ;
; N/A                                     ; 125.13 MHz ( period = 7.992 ns )                    ; lab8_cache_top:U_CACHE_SYSTEM|cache4way_age:U_CACHE|valid_r[12][1]  ; lab8_cache_top:U_CACHE_SYSTEM|cache4way_age:U_CACHE|cpu_rdata_r[10] ; clock_i    ; clock_i  ; None                        ; None                      ; 7.777 ns                ;
; N/A                                     ; 125.14 MHz ( period = 7.991 ns )                    ; lab8_cache_top:U_CACHE_SYSTEM|cache4way_age:U_CACHE|age_r[1][1][0]  ; lab8_cache_top:U_CACHE_SYSTEM|cache4way_age:U_CACHE|victim_r[1]     ; clock_i    ; clock_i  ; None                        ; None                      ; 7.806 ns                ;
; N/A                                     ; 125.19 MHz ( period = 7.988 ns )                    ; lab8_cache_top:U_CACHE_SYSTEM|cache4way_age:U_CACHE|age_r[8][1][0]  ; lab8_cache_top:U_CACHE_SYSTEM|cache4way_age:U_CACHE|victim_r[1]     ; clock_i    ; clock_i  ; None                        ; None                      ; 7.803 ns                ;
; N/A                                     ; 125.19 MHz ( period = 7.988 ns )                    ; lab8_cache_top:U_CACHE_SYSTEM|cache4way_age:U_CACHE|valid_r[13][1]  ; lab8_cache_top:U_CACHE_SYSTEM|cache4way_age:U_CACHE|cpu_rdata_r[1]  ; clock_i    ; clock_i  ; None                        ; None                      ; 7.785 ns                ;
; N/A                                     ; 125.22 MHz ( period = 7.986 ns )                    ; lab8_cache_top:U_CACHE_SYSTEM|cache4way_age:U_CACHE|age_r[10][0][1] ; lab8_cache_top:U_CACHE_SYSTEM|cache4way_age:U_CACHE|victim_r[1]     ; clock_i    ; clock_i  ; None                        ; None                      ; 7.809 ns                ;
; N/A                                     ; 125.23 MHz ( period = 7.985 ns )                    ; lab8_cache_top:U_CACHE_SYSTEM|cache4way_age:U_CACHE|age_r[1][1][0]  ; lab8_cache_top:U_CACHE_SYSTEM|cache4way_age:U_CACHE|victim_r[0]     ; clock_i    ; clock_i  ; None                        ; None                      ; 7.800 ns                ;
; N/A                                     ; 125.23 MHz ( period = 7.985 ns )                    ; lab8_cache_top:U_CACHE_SYSTEM|cache4way_age:U_CACHE|valid_r[13][1]  ; lab8_cache_top:U_CACHE_SYSTEM|cache4way_age:U_CACHE|cpu_rdata_r[9]  ; clock_i    ; clock_i  ; None                        ; None                      ; 7.770 ns                ;
; N/A                                     ; 125.28 MHz ( period = 7.982 ns )                    ; lab8_cache_top:U_CACHE_SYSTEM|cache4way_age:U_CACHE|age_r[8][1][0]  ; lab8_cache_top:U_CACHE_SYSTEM|cache4way_age:U_CACHE|victim_r[0]     ; clock_i    ; clock_i  ; None                        ; None                      ; 7.797 ns                ;
; N/A                                     ; 125.30 MHz ( period = 7.981 ns )                    ; lab8_cache_top:U_CACHE_SYSTEM|cache4way_age:U_CACHE|valid_r[8][1]   ; lab8_cache_top:U_CACHE_SYSTEM|cache4way_age:U_CACHE|victim_r[1]     ; clock_i    ; clock_i  ; None                        ; None                      ; 7.802 ns                ;
; N/A                                     ; 125.30 MHz ( period = 7.981 ns )                    ; lab8_cache_top:U_CACHE_SYSTEM|cache4way_age:U_CACHE|tag_r[7][1][6]  ; lab8_cache_top:U_CACHE_SYSTEM|cache4way_age:U_CACHE|cpu_rdata_r[6]  ; clock_i    ; clock_i  ; None                        ; None                      ; 7.787 ns                ;
; N/A                                     ; 125.31 MHz ( period = 7.980 ns )                    ; lab8_cache_top:U_CACHE_SYSTEM|cache4way_age:U_CACHE|age_r[10][0][1] ; lab8_cache_top:U_CACHE_SYSTEM|cache4way_age:U_CACHE|victim_r[0]     ; clock_i    ; clock_i  ; None                        ; None                      ; 7.803 ns                ;
; N/A                                     ; 125.34 MHz ( period = 7.978 ns )                    ; lab8_cache_top:U_CACHE_SYSTEM|cache4way_age:U_CACHE|valid_r[12][1]  ; lab8_cache_top:U_CACHE_SYSTEM|cache4way_age:U_CACHE|cpu_rdata_r[4]  ; clock_i    ; clock_i  ; None                        ; None                      ; 7.770 ns                ;
; N/A                                     ; 125.39 MHz ( period = 7.975 ns )                    ; lab8_cache_top:U_CACHE_SYSTEM|cache4way_age:U_CACHE|valid_r[8][1]   ; lab8_cache_top:U_CACHE_SYSTEM|cache4way_age:U_CACHE|victim_r[0]     ; clock_i    ; clock_i  ; None                        ; None                      ; 7.796 ns                ;
; N/A                                     ; 125.41 MHz ( period = 7.974 ns )                    ; lab8_cache_top:U_CACHE_SYSTEM|cache4way_age:U_CACHE|age_r[11][1][0] ; lab8_cache_top:U_CACHE_SYSTEM|cache4way_age:U_CACHE|victim_r[1]     ; clock_i    ; clock_i  ; None                        ; None                      ; 7.793 ns                ;
; N/A                                     ; 125.42 MHz ( period = 7.973 ns )                    ; lab8_cache_top:U_CACHE_SYSTEM|cache4way_age:U_CACHE|valid_r[11][0]  ; lab8_cache_top:U_CACHE_SYSTEM|cache4way_age:U_CACHE|victim_r[1]     ; clock_i    ; clock_i  ; None                        ; None                      ; 7.798 ns                ;
; N/A                                     ; 125.44 MHz ( period = 7.972 ns )                    ; lab8_cache_top:U_CACHE_SYSTEM|cache4way_age:U_CACHE|age_r[12][0][1] ; lab8_cache_top:U_CACHE_SYSTEM|cache4way_age:U_CACHE|victim_r[1]     ; clock_i    ; clock_i  ; None                        ; None                      ; 7.795 ns                ;
; N/A                                     ; 125.47 MHz ( period = 7.970 ns )                    ; lab8_cache_top:U_CACHE_SYSTEM|cache4way_age:U_CACHE|valid_r[13][1]  ; lab8_cache_top:U_CACHE_SYSTEM|cache4way_age:U_CACHE|cpu_rdata_r[5]  ; clock_i    ; clock_i  ; None                        ; None                      ; 7.762 ns                ;
; N/A                                     ; 125.50 MHz ( period = 7.968 ns )                    ; lab8_cache_top:U_CACHE_SYSTEM|cache4way_age:U_CACHE|age_r[11][1][0] ; lab8_cache_top:U_CACHE_SYSTEM|cache4way_age:U_CACHE|victim_r[0]     ; clock_i    ; clock_i  ; None                        ; None                      ; 7.787 ns                ;
; N/A                                     ; 125.52 MHz ( period = 7.967 ns )                    ; lab8_cache_top:U_CACHE_SYSTEM|cache4way_age:U_CACHE|valid_r[11][0]  ; lab8_cache_top:U_CACHE_SYSTEM|cache4way_age:U_CACHE|victim_r[0]     ; clock_i    ; clock_i  ; None                        ; None                      ; 7.792 ns                ;
; N/A                                     ; 125.53 MHz ( period = 7.966 ns )                    ; lab8_cache_top:U_CACHE_SYSTEM|cache4way_age:U_CACHE|age_r[12][0][1] ; lab8_cache_top:U_CACHE_SYSTEM|cache4way_age:U_CACHE|victim_r[0]     ; clock_i    ; clock_i  ; None                        ; None                      ; 7.789 ns                ;
; N/A                                     ; 125.57 MHz ( period = 7.964 ns )                    ; lab8_cache_top:U_CACHE_SYSTEM|cache4way_age:U_CACHE|valid_r[15][1]  ; lab8_cache_top:U_CACHE_SYSTEM|cache4way_age:U_CACHE|victim_r[1]     ; clock_i    ; clock_i  ; None                        ; None                      ; 7.779 ns                ;
; N/A                                     ; 125.63 MHz ( period = 7.960 ns )                    ; lab8_cache_top:U_CACHE_SYSTEM|cache4way_age:U_CACHE|age_r[14][1][0] ; lab8_cache_top:U_CACHE_SYSTEM|cache4way_age:U_CACHE|victim_r[1]     ; clock_i    ; clock_i  ; None                        ; None                      ; 7.773 ns                ;
; N/A                                     ; 125.66 MHz ( period = 7.958 ns )                    ; lab8_cache_top:U_CACHE_SYSTEM|cache4way_age:U_CACHE|valid_r[15][1]  ; lab8_cache_top:U_CACHE_SYSTEM|cache4way_age:U_CACHE|victim_r[0]     ; clock_i    ; clock_i  ; None                        ; None                      ; 7.773 ns                ;
; N/A                                     ; 125.66 MHz ( period = 7.958 ns )                    ; lab8_cache_top:U_CACHE_SYSTEM|cache4way_age:U_CACHE|valid_r[0][1]   ; lab8_cache_top:U_CACHE_SYSTEM|cache4way_age:U_CACHE|cpu_rdata_r[1]  ; clock_i    ; clock_i  ; None                        ; None                      ; 7.756 ns                ;
; N/A                                     ; 125.68 MHz ( period = 7.957 ns )                    ; lab8_cache_top:U_CACHE_SYSTEM|cache4way_age:U_CACHE|age_r[14][0][1] ; lab8_cache_top:U_CACHE_SYSTEM|cache4way_age:U_CACHE|victim_r[1]     ; clock_i    ; clock_i  ; None                        ; None                      ; 7.784 ns                ;
; N/A                                     ; 125.71 MHz ( period = 7.955 ns )                    ; lab8_cache_top:U_CACHE_SYSTEM|cache4way_age:U_CACHE|valid_r[0][1]   ; lab8_cache_top:U_CACHE_SYSTEM|cache4way_age:U_CACHE|cpu_rdata_r[9]  ; clock_i    ; clock_i  ; None                        ; None                      ; 7.741 ns                ;
; N/A                                     ; 125.72 MHz ( period = 7.954 ns )                    ; lab8_cache_top:U_CACHE_SYSTEM|cache4way_age:U_CACHE|age_r[14][1][0] ; lab8_cache_top:U_CACHE_SYSTEM|cache4way_age:U_CACHE|victim_r[0]     ; clock_i    ; clock_i  ; None                        ; None                      ; 7.767 ns                ;
; N/A                                     ; 125.75 MHz ( period = 7.952 ns )                    ; lab8_cache_top:U_CACHE_SYSTEM|cache4way_age:U_CACHE|age_r[6][0][0]  ; lab8_cache_top:U_CACHE_SYSTEM|cache4way_age:U_CACHE|victim_r[1]     ; clock_i    ; clock_i  ; None                        ; None                      ; 7.782 ns                ;
; N/A                                     ; 125.77 MHz ( period = 7.951 ns )                    ; lab8_cache_top:U_CACHE_SYSTEM|cache4way_age:U_CACHE|valid_r[10][1]  ; lab8_cache_top:U_CACHE_SYSTEM|cache4way_age:U_CACHE|victim_r[1]     ; clock_i    ; clock_i  ; None                        ; None                      ; 7.766 ns                ;
; N/A                                     ; 125.77 MHz ( period = 7.951 ns )                    ; lab8_cache_top:U_CACHE_SYSTEM|cache4way_age:U_CACHE|age_r[14][0][1] ; lab8_cache_top:U_CACHE_SYSTEM|cache4way_age:U_CACHE|victim_r[0]     ; clock_i    ; clock_i  ; None                        ; None                      ; 7.778 ns                ;
; N/A                                     ; 125.77 MHz ( period = 7.951 ns )                    ; lab8_cache_top:U_CACHE_SYSTEM|cache4way_age:U_CACHE|valid_r[1][1]   ; lab8_cache_top:U_CACHE_SYSTEM|cache4way_age:U_CACHE|cpu_rdata_r[1]  ; clock_i    ; clock_i  ; None                        ; None                      ; 7.749 ns                ;
; N/A                                     ; 125.82 MHz ( period = 7.948 ns )                    ; lab8_cache_top:U_CACHE_SYSTEM|cache4way_age:U_CACHE|valid_r[1][1]   ; lab8_cache_top:U_CACHE_SYSTEM|cache4way_age:U_CACHE|cpu_rdata_r[9]  ; clock_i    ; clock_i  ; None                        ; None                      ; 7.734 ns                ;
; N/A                                     ; 125.83 MHz ( period = 7.947 ns )                    ; lab8_cache_top:U_CACHE_SYSTEM|cache4way_age:U_CACHE|valid_r[8][0]   ; lab8_cache_top:U_CACHE_SYSTEM|cache4way_age:U_CACHE|victim_r[1]     ; clock_i    ; clock_i  ; None                        ; None                      ; 7.772 ns                ;
; N/A                                     ; 125.85 MHz ( period = 7.946 ns )                    ; lab8_cache_top:U_CACHE_SYSTEM|cache4way_age:U_CACHE|age_r[6][0][0]  ; lab8_cache_top:U_CACHE_SYSTEM|cache4way_age:U_CACHE|victim_r[0]     ; clock_i    ; clock_i  ; None                        ; None                      ; 7.776 ns                ;
; N/A                                     ; 125.85 MHz ( period = 7.946 ns )                    ; lab8_cache_top:U_CACHE_SYSTEM|cache4way_age:U_CACHE|tag_r[11][1][5] ; lab8_cache_top:U_CACHE_SYSTEM|cache4way_age:U_CACHE|cpu_rdata_r[6]  ; clock_i    ; clock_i  ; None                        ; None                      ; 7.736 ns                ;
; N/A                                     ; 125.87 MHz ( period = 7.945 ns )                    ; lab8_cache_top:U_CACHE_SYSTEM|cache4way_age:U_CACHE|valid_r[10][1]  ; lab8_cache_top:U_CACHE_SYSTEM|cache4way_age:U_CACHE|victim_r[0]     ; clock_i    ; clock_i  ; None                        ; None                      ; 7.760 ns                ;
; N/A                                     ; 125.90 MHz ( period = 7.943 ns )                    ; lab8_cache_top:U_CACHE_SYSTEM|cache4way_age:U_CACHE|tag_r[5][1][6]  ; lab8_cache_top:U_CACHE_SYSTEM|cache4way_age:U_CACHE|cpu_rdata_r[8]  ; clock_i    ; clock_i  ; None                        ; None                      ; 7.756 ns                ;
; N/A                                     ; 125.93 MHz ( period = 7.941 ns )                    ; lab8_cache_top:U_CACHE_SYSTEM|cache4way_age:U_CACHE|valid_r[8][0]   ; lab8_cache_top:U_CACHE_SYSTEM|cache4way_age:U_CACHE|victim_r[0]     ; clock_i    ; clock_i  ; None                        ; None                      ; 7.766 ns                ;
; N/A                                     ; 125.93 MHz ( period = 7.941 ns )                    ; lab8_cache_top:U_CACHE_SYSTEM|cache4way_age:U_CACHE|tag_r[14][1][9] ; lab8_cache_top:U_CACHE_SYSTEM|cache4way_age:U_CACHE|cpu_rdata_r[6]  ; clock_i    ; clock_i  ; None                        ; None                      ; 7.748 ns                ;
; N/A                                     ; 125.94 MHz ( period = 7.940 ns )                    ; lab8_cache_top:U_CACHE_SYSTEM|cache4way_age:U_CACHE|valid_r[0][1]   ; lab8_cache_top:U_CACHE_SYSTEM|cache4way_age:U_CACHE|cpu_rdata_r[5]  ; clock_i    ; clock_i  ; None                        ; None                      ; 7.733 ns                ;
; N/A                                     ; 126.01 MHz ( period = 7.936 ns )                    ; lab8_cache_top:U_CACHE_SYSTEM|cache4way_age:U_CACHE|tag_r[2][1][6]  ; lab8_cache_top:U_CACHE_SYSTEM|cache4way_age:U_CACHE|cpu_rdata_r[1]  ; clock_i    ; clock_i  ; None                        ; None                      ; 7.753 ns                ;
; N/A                                     ; 126.06 MHz ( period = 7.933 ns )                    ; lab8_cache_top:U_CACHE_SYSTEM|cache4way_age:U_CACHE|age_r[13][0][0] ; lab8_cache_top:U_CACHE_SYSTEM|cache4way_age:U_CACHE|victim_r[1]     ; clock_i    ; clock_i  ; None                        ; None                      ; 7.756 ns                ;
; N/A                                     ; 126.06 MHz ( period = 7.933 ns )                    ; lab8_cache_top:U_CACHE_SYSTEM|cache4way_age:U_CACHE|valid_r[1][1]   ; lab8_cache_top:U_CACHE_SYSTEM|cache4way_age:U_CACHE|cpu_rdata_r[5]  ; clock_i    ; clock_i  ; None                        ; None                      ; 7.726 ns                ;
; N/A                                     ; 126.06 MHz ( period = 7.933 ns )                    ; lab8_cache_top:U_CACHE_SYSTEM|cache4way_age:U_CACHE|tag_r[2][1][6]  ; lab8_cache_top:U_CACHE_SYSTEM|cache4way_age:U_CACHE|cpu_rdata_r[9]  ; clock_i    ; clock_i  ; None                        ; None                      ; 7.738 ns                ;
; N/A                                     ; 126.12 MHz ( period = 7.929 ns )                    ; lab8_cache_top:U_CACHE_SYSTEM|cache4way_age:U_CACHE|valid_r[12][1]  ; lab8_cache_top:U_CACHE_SYSTEM|cache4way_age:U_CACHE|cpu_rdata_r[8]  ; clock_i    ; clock_i  ; None                        ; None                      ; 7.721 ns                ;
; N/A                                     ; 126.14 MHz ( period = 7.928 ns )                    ; lab8_cache_top:U_CACHE_SYSTEM|cache4way_age:U_CACHE|tag_r[11][1][6] ; lab8_cache_top:U_CACHE_SYSTEM|cache4way_age:U_CACHE|cpu_rdata_r[1]  ; clock_i    ; clock_i  ; None                        ; None                      ; 7.745 ns                ;
; N/A                                     ; 126.15 MHz ( period = 7.927 ns )                    ; lab8_cache_top:U_CACHE_SYSTEM|cache4way_age:U_CACHE|age_r[13][0][0] ; lab8_cache_top:U_CACHE_SYSTEM|cache4way_age:U_CACHE|victim_r[0]     ; clock_i    ; clock_i  ; None                        ; None                      ; 7.750 ns                ;
; N/A                                     ; 126.18 MHz ( period = 7.925 ns )                    ; lab8_cache_top:U_CACHE_SYSTEM|cache4way_age:U_CACHE|tag_r[11][1][6] ; lab8_cache_top:U_CACHE_SYSTEM|cache4way_age:U_CACHE|cpu_rdata_r[9]  ; clock_i    ; clock_i  ; None                        ; None                      ; 7.730 ns                ;
; N/A                                     ; 126.25 MHz ( period = 7.921 ns )                    ; lab8_cache_top:U_CACHE_SYSTEM|cache4way_age:U_CACHE|tag_r[5][1][6]  ; lab8_cache_top:U_CACHE_SYSTEM|cache4way_age:U_CACHE|cpu_rdata_r[14] ; clock_i    ; clock_i  ; None                        ; None                      ; 7.732 ns                ;
; N/A                                     ; 126.28 MHz ( period = 7.919 ns )                    ; lab8_cache_top:U_CACHE_SYSTEM|cache4way_age:U_CACHE|age_r[2][1][0]  ; lab8_cache_top:U_CACHE_SYSTEM|cache4way_age:U_CACHE|victim_r[1]     ; clock_i    ; clock_i  ; None                        ; None                      ; 7.738 ns                ;
; N/A                                     ; 126.29 MHz ( period = 7.918 ns )                    ; lab8_cache_top:U_CACHE_SYSTEM|cache4way_age:U_CACHE|tag_r[2][1][6]  ; lab8_cache_top:U_CACHE_SYSTEM|cache4way_age:U_CACHE|cpu_rdata_r[5]  ; clock_i    ; clock_i  ; None                        ; None                      ; 7.730 ns                ;
; N/A                                     ; 126.31 MHz ( period = 7.917 ns )                    ; lab8_cache_top:U_CACHE_SYSTEM|cache4way_age:U_CACHE|tag_r[7][1][6]  ; lab8_cache_top:U_CACHE_SYSTEM|cache4way_age:U_CACHE|cpu_rdata_r[10] ; clock_i    ; clock_i  ; None                        ; None                      ; 7.723 ns                ;
; N/A                                     ; 126.33 MHz ( period = 7.916 ns )                    ; lab8_cache_top:U_CACHE_SYSTEM|cache4way_age:U_CACHE|tag_r[5][1][6]  ; lab8_cache_top:U_CACHE_SYSTEM|cache4way_age:U_CACHE|cpu_rdata_r[13] ; clock_i    ; clock_i  ; None                        ; None                      ; 7.727 ns                ;
; N/A                                     ; 126.34 MHz ( period = 7.915 ns )                    ; lab8_cache_top:U_CACHE_SYSTEM|cache4way_age:U_CACHE|valid_r[4][1]   ; lab8_cache_top:U_CACHE_SYSTEM|cache4way_age:U_CACHE|cpu_rdata_r[1]  ; clock_i    ; clock_i  ; None                        ; None                      ; 7.712 ns                ;
; N/A                                     ; 126.37 MHz ( period = 7.913 ns )                    ; lab8_cache_top:U_CACHE_SYSTEM|cache4way_age:U_CACHE|age_r[2][1][0]  ; lab8_cache_top:U_CACHE_SYSTEM|cache4way_age:U_CACHE|victim_r[0]     ; clock_i    ; clock_i  ; None                        ; None                      ; 7.732 ns                ;
; N/A                                     ; 126.37 MHz ( period = 7.913 ns )                    ; lab8_cache_top:U_CACHE_SYSTEM|cache4way_age:U_CACHE|tag_r[1][1][7]  ; lab8_cache_top:U_CACHE_SYSTEM|cache4way_age:U_CACHE|cpu_rdata_r[1]  ; clock_i    ; clock_i  ; None                        ; None                      ; 7.731 ns                ;
; N/A                                     ; 126.37 MHz ( period = 7.913 ns )                    ; lab8_cache_top:U_CACHE_SYSTEM|cache4way_age:U_CACHE|valid_r[11][1]  ; lab8_cache_top:U_CACHE_SYSTEM|cache4way_age:U_CACHE|cpu_rdata_r[1]  ; clock_i    ; clock_i  ; None                        ; None                      ; 7.705 ns                ;
; N/A                                     ; 126.37 MHz ( period = 7.913 ns )                    ; lab8_cache_top:U_CACHE_SYSTEM|cache4way_age:U_CACHE|valid_r[13][1]  ; lab8_cache_top:U_CACHE_SYSTEM|cache4way_age:U_CACHE|cpu_rdata_r[6]  ; clock_i    ; clock_i  ; None                        ; None                      ; 7.698 ns                ;
; N/A                                     ; 126.39 MHz ( period = 7.912 ns )                    ; lab8_cache_top:U_CACHE_SYSTEM|cache4way_age:U_CACHE|valid_r[4][1]   ; lab8_cache_top:U_CACHE_SYSTEM|cache4way_age:U_CACHE|cpu_rdata_r[9]  ; clock_i    ; clock_i  ; None                        ; None                      ; 7.697 ns                ;
; N/A                                     ; 126.42 MHz ( period = 7.910 ns )                    ; lab8_cache_top:U_CACHE_SYSTEM|cache4way_age:U_CACHE|valid_r[3][1]   ; lab8_cache_top:U_CACHE_SYSTEM|cache4way_age:U_CACHE|cpu_rdata_r[1]  ; clock_i    ; clock_i  ; None                        ; None                      ; 7.702 ns                ;
; N/A                                     ; 126.42 MHz ( period = 7.910 ns )                    ; lab8_cache_top:U_CACHE_SYSTEM|cache4way_age:U_CACHE|tag_r[11][1][6] ; lab8_cache_top:U_CACHE_SYSTEM|cache4way_age:U_CACHE|cpu_rdata_r[5]  ; clock_i    ; clock_i  ; None                        ; None                      ; 7.722 ns                ;
; N/A                                     ; 126.42 MHz ( period = 7.910 ns )                    ; lab8_cache_top:U_CACHE_SYSTEM|cache4way_age:U_CACHE|tag_r[1][1][7]  ; lab8_cache_top:U_CACHE_SYSTEM|cache4way_age:U_CACHE|cpu_rdata_r[9]  ; clock_i    ; clock_i  ; None                        ; None                      ; 7.716 ns                ;
; N/A                                     ; 126.42 MHz ( period = 7.910 ns )                    ; lab8_cache_top:U_CACHE_SYSTEM|cache4way_age:U_CACHE|valid_r[11][1]  ; lab8_cache_top:U_CACHE_SYSTEM|cache4way_age:U_CACHE|cpu_rdata_r[9]  ; clock_i    ; clock_i  ; None                        ; None                      ; 7.690 ns                ;
; N/A                                     ; 126.47 MHz ( period = 7.907 ns )                    ; lab8_cache_top:U_CACHE_SYSTEM|cache4way_age:U_CACHE|tag_r[1][1][1]  ; lab8_cache_top:U_CACHE_SYSTEM|cache4way_age:U_CACHE|cpu_rdata_r[1]  ; clock_i    ; clock_i  ; None                        ; None                      ; 7.725 ns                ;
; N/A                                     ; 126.47 MHz ( period = 7.907 ns )                    ; lab8_cache_top:U_CACHE_SYSTEM|cache4way_age:U_CACHE|valid_r[3][1]   ; lab8_cache_top:U_CACHE_SYSTEM|cache4way_age:U_CACHE|cpu_rdata_r[9]  ; clock_i    ; clock_i  ; None                        ; None                      ; 7.687 ns                ;
; N/A                                     ; 126.47 MHz ( period = 7.907 ns )                    ; lab8_cache_top:U_CACHE_SYSTEM|cache4way_age:U_CACHE|tag_r[5][1][6]  ; lab8_cache_top:U_CACHE_SYSTEM|cache4way_age:U_CACHE|cpu_rdata_r[11] ; clock_i    ; clock_i  ; None                        ; None                      ; 7.713 ns                ;
; N/A                                     ; 126.47 MHz ( period = 7.907 ns )                    ; lab8_cache_top:U_CACHE_SYSTEM|cache4way_age:U_CACHE|valid_r[12][1]  ; lab8_cache_top:U_CACHE_SYSTEM|cache4way_age:U_CACHE|cpu_rdata_r[14] ; clock_i    ; clock_i  ; None                        ; None                      ; 7.697 ns                ;
; N/A                                     ; 126.52 MHz ( period = 7.904 ns )                    ; lab8_cache_top:U_CACHE_SYSTEM|cache4way_age:U_CACHE|tag_r[1][1][1]  ; lab8_cache_top:U_CACHE_SYSTEM|cache4way_age:U_CACHE|cpu_rdata_r[9]  ; clock_i    ; clock_i  ; None                        ; None                      ; 7.710 ns                ;
; N/A                                     ; 126.53 MHz ( period = 7.903 ns )                    ; lab8_cache_top:U_CACHE_SYSTEM|cache4way_age:U_CACHE|tag_r[7][1][6]  ; lab8_cache_top:U_CACHE_SYSTEM|cache4way_age:U_CACHE|cpu_rdata_r[4]  ; clock_i    ; clock_i  ; None                        ; None                      ; 7.716 ns                ;
; N/A                                     ; 126.55 MHz ( period = 7.902 ns )                    ; lab8_cache_top:U_CACHE_SYSTEM|cache4way_age:U_CACHE|valid_r[12][1]  ; lab8_cache_top:U_CACHE_SYSTEM|cache4way_age:U_CACHE|cpu_rdata_r[13] ; clock_i    ; clock_i  ; None                        ; None                      ; 7.692 ns                ;
; N/A                                     ; 126.63 MHz ( period = 7.897 ns )                    ; lab8_cache_top:U_CACHE_SYSTEM|cache4way_age:U_CACHE|valid_r[4][1]   ; lab8_cache_top:U_CACHE_SYSTEM|cache4way_age:U_CACHE|cpu_rdata_r[5]  ; clock_i    ; clock_i  ; None                        ; None                      ; 7.689 ns                ;
; Timing analysis restricted to 200 rows. ; To change the limit use Settings (Assignments menu) ;                                                                     ;                                                                     ;            ;          ;                             ;                           ;                         ;
+-----------------------------------------+-----------------------------------------------------+---------------------------------------------------------------------+---------------------------------------------------------------------+------------+----------+-----------------------------+---------------------------+-------------------------+


+--------------------------------------------------------------------------------------------------------------------------------------------------------------------------------------------------------------------------+
; tsu                                                                                                                                                                                                                      ;
+-----------------------------------------+-----------------------------------------------------+------------+--------------------------+-----------------------------------------------------------------------+----------+
; Slack                                   ; Required tsu                                        ; Actual tsu ; From                     ; To                                                                    ; To Clock ;
+-----------------------------------------+-----------------------------------------------------+------------+--------------------------+-----------------------------------------------------------------------+----------+
; N/A                                     ; None                                                ; 12.680 ns  ; cpu_address_tag_set_i[2] ; lab8_cache_top:U_CACHE_SYSTEM|cache4way_age:U_CACHE|victim_r[1]       ; clock_i  ;
; N/A                                     ; None                                                ; 12.674 ns  ; cpu_address_tag_set_i[2] ; lab8_cache_top:U_CACHE_SYSTEM|cache4way_age:U_CACHE|victim_r[0]       ; clock_i  ;
; N/A                                     ; None                                                ; 12.496 ns  ; cpu_address_tag_set_i[1] ; lab8_cache_top:U_CACHE_SYSTEM|cache4way_age:U_CACHE|victim_r[1]       ; clock_i  ;
; N/A                                     ; None                                                ; 12.490 ns  ; cpu_address_tag_set_i[1] ; lab8_cache_top:U_CACHE_SYSTEM|cache4way_age:U_CACHE|victim_r[0]       ; clock_i  ;
; N/A                                     ; None                                                ; 12.301 ns  ; cpu_address_tag_set_i[2] ; lab8_cache_top:U_CACHE_SYSTEM|cache4way_age:U_CACHE|cpu_rdata_r[1]    ; clock_i  ;
; N/A                                     ; None                                                ; 12.298 ns  ; cpu_address_tag_set_i[2] ; lab8_cache_top:U_CACHE_SYSTEM|cache4way_age:U_CACHE|cpu_rdata_r[9]    ; clock_i  ;
; N/A                                     ; None                                                ; 12.283 ns  ; cpu_address_tag_set_i[2] ; lab8_cache_top:U_CACHE_SYSTEM|cache4way_age:U_CACHE|cpu_rdata_r[5]    ; clock_i  ;
; N/A                                     ; None                                                ; 12.226 ns  ; cpu_address_tag_set_i[2] ; lab8_cache_top:U_CACHE_SYSTEM|cache4way_age:U_CACHE|cpu_rdata_r[6]    ; clock_i  ;
; N/A                                     ; None                                                ; 12.220 ns  ; cpu_address_tag_set_i[2] ; lab8_cache_top:U_CACHE_SYSTEM|cache4way_age:U_CACHE|cpu_rdata_r[0]    ; clock_i  ;
; N/A                                     ; None                                                ; 12.167 ns  ; cpu_address_tag_set_i[3] ; lab8_cache_top:U_CACHE_SYSTEM|cache4way_age:U_CACHE|victim_r[1]       ; clock_i  ;
; N/A                                     ; None                                                ; 12.162 ns  ; cpu_address_tag_set_i[2] ; lab8_cache_top:U_CACHE_SYSTEM|cache4way_age:U_CACHE|cpu_rdata_r[10]   ; clock_i  ;
; N/A                                     ; None                                                ; 12.161 ns  ; cpu_address_tag_set_i[3] ; lab8_cache_top:U_CACHE_SYSTEM|cache4way_age:U_CACHE|victim_r[0]       ; clock_i  ;
; N/A                                     ; None                                                ; 12.148 ns  ; cpu_address_tag_set_i[2] ; lab8_cache_top:U_CACHE_SYSTEM|cache4way_age:U_CACHE|cpu_rdata_r[4]    ; clock_i  ;
; N/A                                     ; None                                                ; 12.109 ns  ; cpu_address_tag_set_i[1] ; lab8_cache_top:U_CACHE_SYSTEM|cache4way_age:U_CACHE|cpu_rdata_r[0]    ; clock_i  ;
; N/A                                     ; None                                                ; 12.099 ns  ; cpu_address_tag_set_i[2] ; lab8_cache_top:U_CACHE_SYSTEM|cache4way_age:U_CACHE|cpu_rdata_r[8]    ; clock_i  ;
; N/A                                     ; None                                                ; 12.077 ns  ; cpu_address_tag_set_i[2] ; lab8_cache_top:U_CACHE_SYSTEM|cache4way_age:U_CACHE|cpu_rdata_r[14]   ; clock_i  ;
; N/A                                     ; None                                                ; 12.075 ns  ; cpu_address_tag_set_i[1] ; lab8_cache_top:U_CACHE_SYSTEM|cache4way_age:U_CACHE|cpu_rdata_r[5]    ; clock_i  ;
; N/A                                     ; None                                                ; 12.072 ns  ; cpu_address_tag_set_i[2] ; lab8_cache_top:U_CACHE_SYSTEM|cache4way_age:U_CACHE|cpu_rdata_r[13]   ; clock_i  ;
; N/A                                     ; None                                                ; 12.063 ns  ; cpu_address_tag_set_i[2] ; lab8_cache_top:U_CACHE_SYSTEM|cache4way_age:U_CACHE|cpu_rdata_r[11]   ; clock_i  ;
; N/A                                     ; None                                                ; 12.027 ns  ; cpu_address_tag_set_i[2] ; lab8_cache_top:U_CACHE_SYSTEM|cache4way_age:U_CACHE|cpu_rdata_r[7]    ; clock_i  ;
; N/A                                     ; None                                                ; 12.022 ns  ; cpu_address_tag_set_i[2] ; lab8_cache_top:U_CACHE_SYSTEM|cache4way_age:U_CACHE|cpu_rdata_r[15]   ; clock_i  ;
; N/A                                     ; None                                                ; 11.986 ns  ; cpu_address_tag_set_i[2] ; lab8_cache_top:U_CACHE_SYSTEM|cache4way_age:U_CACHE|cpu_rdata_r[3]    ; clock_i  ;
; N/A                                     ; None                                                ; 11.968 ns  ; cpu_address_tag_set_i[1] ; lab8_cache_top:U_CACHE_SYSTEM|cache4way_age:U_CACHE|cpu_rdata_r[1]    ; clock_i  ;
; N/A                                     ; None                                                ; 11.965 ns  ; cpu_address_tag_set_i[1] ; lab8_cache_top:U_CACHE_SYSTEM|cache4way_age:U_CACHE|cpu_rdata_r[9]    ; clock_i  ;
; N/A                                     ; None                                                ; 11.960 ns  ; cpu_address_tag_set_i[2] ; lab8_cache_top:U_CACHE_SYSTEM|cache4way_age:U_CACHE|cpu_rdata_r[2]    ; clock_i  ;
; N/A                                     ; None                                                ; 11.937 ns  ; cpu_address_tag_set_i[0] ; lab8_cache_top:U_CACHE_SYSTEM|cache4way_age:U_CACHE|victim_r[1]       ; clock_i  ;
; N/A                                     ; None                                                ; 11.936 ns  ; cpu_address_tag_set_i[2] ; lab8_cache_top:U_CACHE_SYSTEM|cache4way_age:U_CACHE|cpu_rdata_r[12]   ; clock_i  ;
; N/A                                     ; None                                                ; 11.931 ns  ; cpu_address_tag_set_i[0] ; lab8_cache_top:U_CACHE_SYSTEM|cache4way_age:U_CACHE|victim_r[0]       ; clock_i  ;
; N/A                                     ; None                                                ; 11.930 ns  ; cpu_address_tag_set_i[1] ; lab8_cache_top:U_CACHE_SYSTEM|cache4way_age:U_CACHE|data_r[3][0][9]   ; clock_i  ;
; N/A                                     ; None                                                ; 11.911 ns  ; cpu_address_tag_set_i[1] ; lab8_cache_top:U_CACHE_SYSTEM|cache4way_age:U_CACHE|cpu_rdata_r[15]   ; clock_i  ;
; N/A                                     ; None                                                ; 11.910 ns  ; cpu_address_tag_set_i[1] ; lab8_cache_top:U_CACHE_SYSTEM|cache4way_age:U_CACHE|ram_addr_r[8]     ; clock_i  ;
; N/A                                     ; None                                                ; 11.910 ns  ; cpu_address_tag_set_i[1] ; lab8_cache_top:U_CACHE_SYSTEM|cache4way_age:U_CACHE|ram_addr_r[9]     ; clock_i  ;
; N/A                                     ; None                                                ; 11.910 ns  ; cpu_address_tag_set_i[1] ; lab8_cache_top:U_CACHE_SYSTEM|cache4way_age:U_CACHE|ram_addr_r[10]    ; clock_i  ;
; N/A                                     ; None                                                ; 11.910 ns  ; cpu_address_tag_set_i[1] ; lab8_cache_top:U_CACHE_SYSTEM|cache4way_age:U_CACHE|ram_addr_r[11]    ; clock_i  ;
; N/A                                     ; None                                                ; 11.910 ns  ; cpu_address_tag_set_i[1] ; lab8_cache_top:U_CACHE_SYSTEM|cache4way_age:U_CACHE|ram_addr_r[12]    ; clock_i  ;
; N/A                                     ; None                                                ; 11.910 ns  ; cpu_address_tag_set_i[1] ; lab8_cache_top:U_CACHE_SYSTEM|cache4way_age:U_CACHE|ram_addr_r[13]    ; clock_i  ;
; N/A                                     ; None                                                ; 11.910 ns  ; cpu_address_tag_set_i[1] ; lab8_cache_top:U_CACHE_SYSTEM|cache4way_age:U_CACHE|ram_addr_r[14]    ; clock_i  ;
; N/A                                     ; None                                                ; 11.910 ns  ; cpu_address_tag_set_i[1] ; lab8_cache_top:U_CACHE_SYSTEM|cache4way_age:U_CACHE|ram_addr_r[15]    ; clock_i  ;
; N/A                                     ; None                                                ; 11.893 ns  ; cpu_address_tag_set_i[1] ; lab8_cache_top:U_CACHE_SYSTEM|cache4way_age:U_CACHE|cpu_rdata_r[6]    ; clock_i  ;
; N/A                                     ; None                                                ; 11.889 ns  ; cpu_address_tag_set_i[2] ; lab8_cache_top:U_CACHE_SYSTEM|cache4way_age:U_CACHE|data_r[0][0][6]   ; clock_i  ;
; N/A                                     ; None                                                ; 11.889 ns  ; cpu_address_tag_set_i[2] ; lab8_cache_top:U_CACHE_SYSTEM|cache4way_age:U_CACHE|data_r[0][0][7]   ; clock_i  ;
; N/A                                     ; None                                                ; 11.889 ns  ; cpu_address_tag_set_i[2] ; lab8_cache_top:U_CACHE_SYSTEM|cache4way_age:U_CACHE|data_r[0][0][11]  ; clock_i  ;
; N/A                                     ; None                                                ; 11.889 ns  ; cpu_address_tag_set_i[2] ; lab8_cache_top:U_CACHE_SYSTEM|cache4way_age:U_CACHE|data_r[0][0][12]  ; clock_i  ;
; N/A                                     ; None                                                ; 11.889 ns  ; cpu_address_tag_set_i[2] ; lab8_cache_top:U_CACHE_SYSTEM|cache4way_age:U_CACHE|data_r[0][0][13]  ; clock_i  ;
; N/A                                     ; None                                                ; 11.889 ns  ; cpu_address_tag_set_i[2] ; lab8_cache_top:U_CACHE_SYSTEM|cache4way_age:U_CACHE|data_r[0][0][14]  ; clock_i  ;
; N/A                                     ; None                                                ; 11.889 ns  ; cpu_address_tag_set_i[2] ; lab8_cache_top:U_CACHE_SYSTEM|cache4way_age:U_CACHE|data_r[0][0][15]  ; clock_i  ;
; N/A                                     ; None                                                ; 11.885 ns  ; cpu_address_tag_set_i[1] ; lab8_cache_top:U_CACHE_SYSTEM|cache4way_age:U_CACHE|ram_wdata_r[15]   ; clock_i  ;
; N/A                                     ; None                                                ; 11.879 ns  ; cpu_address_tag_set_i[1] ; lab8_cache_top:U_CACHE_SYSTEM|cache4way_age:U_CACHE|cpu_rdata_r[11]   ; clock_i  ;
; N/A                                     ; None                                                ; 11.879 ns  ; cpu_address_tag_set_i[3] ; lab8_cache_top:U_CACHE_SYSTEM|cache4way_age:U_CACHE|cpu_rdata_r[1]    ; clock_i  ;
; N/A                                     ; None                                                ; 11.876 ns  ; cpu_address_tag_set_i[3] ; lab8_cache_top:U_CACHE_SYSTEM|cache4way_age:U_CACHE|cpu_rdata_r[9]    ; clock_i  ;
; N/A                                     ; None                                                ; 11.861 ns  ; cpu_address_tag_set_i[3] ; lab8_cache_top:U_CACHE_SYSTEM|cache4way_age:U_CACHE|cpu_rdata_r[5]    ; clock_i  ;
; N/A                                     ; None                                                ; 11.848 ns  ; cpu_address_tag_set_i[1] ; lab8_cache_top:U_CACHE_SYSTEM|cache4way_age:U_CACHE|cpu_rdata_r[4]    ; clock_i  ;
; N/A                                     ; None                                                ; 11.841 ns  ; cpu_address_tag_set_i[0] ; lab8_cache_top:U_CACHE_SYSTEM|cache4way_age:U_CACHE|cpu_rdata_r[1]    ; clock_i  ;
; N/A                                     ; None                                                ; 11.838 ns  ; cpu_address_tag_set_i[0] ; lab8_cache_top:U_CACHE_SYSTEM|cache4way_age:U_CACHE|cpu_rdata_r[9]    ; clock_i  ;
; N/A                                     ; None                                                ; 11.829 ns  ; cpu_address_tag_set_i[1] ; lab8_cache_top:U_CACHE_SYSTEM|cache4way_age:U_CACHE|cpu_rdata_r[10]   ; clock_i  ;
; N/A                                     ; None                                                ; 11.829 ns  ; cpu_address_tag_set_i[2] ; lab8_cache_top:U_CACHE_SYSTEM|cache4way_age:U_CACHE|data_r[0][0][9]   ; clock_i  ;
; N/A                                     ; None                                                ; 11.829 ns  ; cpu_address_tag_set_i[2] ; lab8_cache_top:U_CACHE_SYSTEM|cache4way_age:U_CACHE|data_r[0][0][10]  ; clock_i  ;
; N/A                                     ; None                                                ; 11.823 ns  ; cpu_address_tag_set_i[0] ; lab8_cache_top:U_CACHE_SYSTEM|cache4way_age:U_CACHE|cpu_rdata_r[5]    ; clock_i  ;
; N/A                                     ; None                                                ; 11.819 ns  ; cpu_address_tag_set_i[1] ; lab8_cache_top:U_CACHE_SYSTEM|cache4way_age:U_CACHE|data_r[0][0][6]   ; clock_i  ;
; N/A                                     ; None                                                ; 11.819 ns  ; cpu_address_tag_set_i[1] ; lab8_cache_top:U_CACHE_SYSTEM|cache4way_age:U_CACHE|data_r[0][0][7]   ; clock_i  ;
; N/A                                     ; None                                                ; 11.819 ns  ; cpu_address_tag_set_i[1] ; lab8_cache_top:U_CACHE_SYSTEM|cache4way_age:U_CACHE|data_r[0][0][11]  ; clock_i  ;
; N/A                                     ; None                                                ; 11.819 ns  ; cpu_address_tag_set_i[1] ; lab8_cache_top:U_CACHE_SYSTEM|cache4way_age:U_CACHE|data_r[0][0][12]  ; clock_i  ;
; N/A                                     ; None                                                ; 11.819 ns  ; cpu_address_tag_set_i[1] ; lab8_cache_top:U_CACHE_SYSTEM|cache4way_age:U_CACHE|data_r[0][0][13]  ; clock_i  ;
; N/A                                     ; None                                                ; 11.819 ns  ; cpu_address_tag_set_i[1] ; lab8_cache_top:U_CACHE_SYSTEM|cache4way_age:U_CACHE|data_r[0][0][14]  ; clock_i  ;
; N/A                                     ; None                                                ; 11.819 ns  ; cpu_address_tag_set_i[1] ; lab8_cache_top:U_CACHE_SYSTEM|cache4way_age:U_CACHE|data_r[0][0][15]  ; clock_i  ;
; N/A                                     ; None                                                ; 11.812 ns  ; cpu_address_tag_set_i[1] ; lab8_cache_top:U_CACHE_SYSTEM|cache4way_age:U_CACHE|data_r[10][0][6]  ; clock_i  ;
; N/A                                     ; None                                                ; 11.812 ns  ; cpu_address_tag_set_i[1] ; lab8_cache_top:U_CACHE_SYSTEM|cache4way_age:U_CACHE|data_r[10][0][7]  ; clock_i  ;
; N/A                                     ; None                                                ; 11.812 ns  ; cpu_address_tag_set_i[1] ; lab8_cache_top:U_CACHE_SYSTEM|cache4way_age:U_CACHE|data_r[10][0][8]  ; clock_i  ;
; N/A                                     ; None                                                ; 11.812 ns  ; cpu_address_tag_set_i[1] ; lab8_cache_top:U_CACHE_SYSTEM|cache4way_age:U_CACHE|data_r[10][0][9]  ; clock_i  ;
; N/A                                     ; None                                                ; 11.812 ns  ; cpu_address_tag_set_i[1] ; lab8_cache_top:U_CACHE_SYSTEM|cache4way_age:U_CACHE|data_r[10][0][10] ; clock_i  ;
; N/A                                     ; None                                                ; 11.806 ns  ; cpu_address_tag_set_i[1] ; lab8_cache_top:U_CACHE_SYSTEM|cache4way_age:U_CACHE|data_r[13][0][11] ; clock_i  ;
; N/A                                     ; None                                                ; 11.806 ns  ; cpu_address_tag_set_i[1] ; lab8_cache_top:U_CACHE_SYSTEM|cache4way_age:U_CACHE|data_r[13][0][13] ; clock_i  ;
; N/A                                     ; None                                                ; 11.804 ns  ; cpu_address_tag_set_i[3] ; lab8_cache_top:U_CACHE_SYSTEM|cache4way_age:U_CACHE|cpu_rdata_r[6]    ; clock_i  ;
; N/A                                     ; None                                                ; 11.789 ns  ; cpu_address_tag_set_i[1] ; lab8_cache_top:U_CACHE_SYSTEM|cache4way_age:U_CACHE|cpu_rdata_r[8]    ; clock_i  ;
; N/A                                     ; None                                                ; 11.766 ns  ; cpu_address_tag_set_i[1] ; lab8_cache_top:U_CACHE_SYSTEM|cache4way_age:U_CACHE|cpu_rdata_r[13]   ; clock_i  ;
; N/A                                     ; None                                                ; 11.766 ns  ; cpu_address_tag_set_i[2] ; lab8_cache_top:U_CACHE_SYSTEM|cache4way_age:U_CACHE|data_r[10][0][6]  ; clock_i  ;
; N/A                                     ; None                                                ; 11.766 ns  ; cpu_address_tag_set_i[2] ; lab8_cache_top:U_CACHE_SYSTEM|cache4way_age:U_CACHE|data_r[10][0][7]  ; clock_i  ;
; N/A                                     ; None                                                ; 11.766 ns  ; cpu_address_tag_set_i[2] ; lab8_cache_top:U_CACHE_SYSTEM|cache4way_age:U_CACHE|data_r[10][0][8]  ; clock_i  ;
; N/A                                     ; None                                                ; 11.766 ns  ; cpu_address_tag_set_i[2] ; lab8_cache_top:U_CACHE_SYSTEM|cache4way_age:U_CACHE|data_r[10][0][9]  ; clock_i  ;
; N/A                                     ; None                                                ; 11.766 ns  ; cpu_address_tag_set_i[2] ; lab8_cache_top:U_CACHE_SYSTEM|cache4way_age:U_CACHE|data_r[10][0][10] ; clock_i  ;
; N/A                                     ; None                                                ; 11.766 ns  ; cpu_address_tag_set_i[0] ; lab8_cache_top:U_CACHE_SYSTEM|cache4way_age:U_CACHE|cpu_rdata_r[6]    ; clock_i  ;
; N/A                                     ; None                                                ; 11.759 ns  ; cpu_address_tag_set_i[1] ; lab8_cache_top:U_CACHE_SYSTEM|cache4way_age:U_CACHE|data_r[0][0][9]   ; clock_i  ;
; N/A                                     ; None                                                ; 11.759 ns  ; cpu_address_tag_set_i[1] ; lab8_cache_top:U_CACHE_SYSTEM|cache4way_age:U_CACHE|data_r[0][0][10]  ; clock_i  ;
; N/A                                     ; None                                                ; 11.744 ns  ; cpu_address_tag_set_i[1] ; lab8_cache_top:U_CACHE_SYSTEM|cache4way_age:U_CACHE|cpu_rdata_r[14]   ; clock_i  ;
; N/A                                     ; None                                                ; 11.740 ns  ; cpu_address_tag_set_i[3] ; lab8_cache_top:U_CACHE_SYSTEM|cache4way_age:U_CACHE|cpu_rdata_r[10]   ; clock_i  ;
; N/A                                     ; None                                                ; 11.730 ns  ; cpu_address_tag_set_i[2] ; lab8_cache_top:U_CACHE_SYSTEM|cache4way_age:U_CACHE|data_r[11][2][6]  ; clock_i  ;
; N/A                                     ; None                                                ; 11.730 ns  ; cpu_address_tag_set_i[2] ; lab8_cache_top:U_CACHE_SYSTEM|cache4way_age:U_CACHE|data_r[11][2][7]  ; clock_i  ;
; N/A                                     ; None                                                ; 11.730 ns  ; cpu_address_tag_set_i[2] ; lab8_cache_top:U_CACHE_SYSTEM|cache4way_age:U_CACHE|data_r[11][2][8]  ; clock_i  ;
; N/A                                     ; None                                                ; 11.730 ns  ; cpu_address_tag_set_i[2] ; lab8_cache_top:U_CACHE_SYSTEM|cache4way_age:U_CACHE|data_r[11][2][9]  ; clock_i  ;
; N/A                                     ; None                                                ; 11.730 ns  ; cpu_address_tag_set_i[2] ; lab8_cache_top:U_CACHE_SYSTEM|cache4way_age:U_CACHE|data_r[11][2][10] ; clock_i  ;
; N/A                                     ; None                                                ; 11.730 ns  ; cpu_address_tag_set_i[2] ; lab8_cache_top:U_CACHE_SYSTEM|cache4way_age:U_CACHE|data_r[13][0][11] ; clock_i  ;
; N/A                                     ; None                                                ; 11.730 ns  ; cpu_address_tag_set_i[2] ; lab8_cache_top:U_CACHE_SYSTEM|cache4way_age:U_CACHE|data_r[13][0][13] ; clock_i  ;
; N/A                                     ; None                                                ; 11.726 ns  ; cpu_address_tag_set_i[3] ; lab8_cache_top:U_CACHE_SYSTEM|cache4way_age:U_CACHE|cpu_rdata_r[4]    ; clock_i  ;
; N/A                                     ; None                                                ; 11.713 ns  ; cpu_address_tag_set_i[2] ; lab8_cache_top:U_CACHE_SYSTEM|cache4way_age:U_CACHE|data_r[0][0][0]   ; clock_i  ;
; N/A                                     ; None                                                ; 11.713 ns  ; cpu_address_tag_set_i[2] ; lab8_cache_top:U_CACHE_SYSTEM|cache4way_age:U_CACHE|data_r[0][0][1]   ; clock_i  ;
; N/A                                     ; None                                                ; 11.713 ns  ; cpu_address_tag_set_i[2] ; lab8_cache_top:U_CACHE_SYSTEM|cache4way_age:U_CACHE|data_r[0][0][3]   ; clock_i  ;
; N/A                                     ; None                                                ; 11.713 ns  ; cpu_address_tag_set_i[2] ; lab8_cache_top:U_CACHE_SYSTEM|cache4way_age:U_CACHE|data_r[0][0][4]   ; clock_i  ;
; N/A                                     ; None                                                ; 11.713 ns  ; cpu_address_tag_set_i[2] ; lab8_cache_top:U_CACHE_SYSTEM|cache4way_age:U_CACHE|data_r[0][0][8]   ; clock_i  ;
; N/A                                     ; None                                                ; 11.702 ns  ; cpu_address_tag_set_i[0] ; lab8_cache_top:U_CACHE_SYSTEM|cache4way_age:U_CACHE|cpu_rdata_r[10]   ; clock_i  ;
; N/A                                     ; None                                                ; 11.700 ns  ; cpu_address_tag_set_i[1] ; lab8_cache_top:U_CACHE_SYSTEM|cache4way_age:U_CACHE|cpu_rdata_r[2]    ; clock_i  ;
; N/A                                     ; None                                                ; 11.696 ns  ; cpu_address_tag_set_i[2] ; lab8_cache_top:U_CACHE_SYSTEM|cache4way_age:U_CACHE|data_r[0][0][2]   ; clock_i  ;
; N/A                                     ; None                                                ; 11.696 ns  ; cpu_address_tag_set_i[2] ; lab8_cache_top:U_CACHE_SYSTEM|cache4way_age:U_CACHE|data_r[0][0][5]   ; clock_i  ;
; N/A                                     ; None                                                ; 11.694 ns  ; cpu_address_tag_set_i[1] ; lab8_cache_top:U_CACHE_SYSTEM|cache4way_age:U_CACHE|cpu_rdata_r[7]    ; clock_i  ;
; N/A                                     ; None                                                ; 11.689 ns  ; cpu_address_tag_set_i[1] ; lab8_cache_top:U_CACHE_SYSTEM|cache4way_age:U_CACHE|ram_wdata_r[0]    ; clock_i  ;
; N/A                                     ; None                                                ; 11.689 ns  ; cpu_address_tag_set_i[1] ; lab8_cache_top:U_CACHE_SYSTEM|cache4way_age:U_CACHE|ram_wdata_r[1]    ; clock_i  ;
; N/A                                     ; None                                                ; 11.689 ns  ; cpu_address_tag_set_i[1] ; lab8_cache_top:U_CACHE_SYSTEM|cache4way_age:U_CACHE|ram_wdata_r[2]    ; clock_i  ;
; N/A                                     ; None                                                ; 11.689 ns  ; cpu_address_tag_set_i[1] ; lab8_cache_top:U_CACHE_SYSTEM|cache4way_age:U_CACHE|ram_wdata_r[3]    ; clock_i  ;
; N/A                                     ; None                                                ; 11.689 ns  ; cpu_address_tag_set_i[1] ; lab8_cache_top:U_CACHE_SYSTEM|cache4way_age:U_CACHE|ram_wdata_r[4]    ; clock_i  ;
; N/A                                     ; None                                                ; 11.689 ns  ; cpu_address_tag_set_i[1] ; lab8_cache_top:U_CACHE_SYSTEM|cache4way_age:U_CACHE|ram_wdata_r[5]    ; clock_i  ;
; N/A                                     ; None                                                ; 11.689 ns  ; cpu_address_tag_set_i[1] ; lab8_cache_top:U_CACHE_SYSTEM|cache4way_age:U_CACHE|ram_wdata_r[6]    ; clock_i  ;
; N/A                                     ; None                                                ; 11.689 ns  ; cpu_address_tag_set_i[1] ; lab8_cache_top:U_CACHE_SYSTEM|cache4way_age:U_CACHE|ram_wdata_r[7]    ; clock_i  ;
; N/A                                     ; None                                                ; 11.689 ns  ; cpu_address_tag_set_i[1] ; lab8_cache_top:U_CACHE_SYSTEM|cache4way_age:U_CACHE|ram_wdata_r[8]    ; clock_i  ;
; N/A                                     ; None                                                ; 11.689 ns  ; cpu_address_tag_set_i[1] ; lab8_cache_top:U_CACHE_SYSTEM|cache4way_age:U_CACHE|ram_wdata_r[9]    ; clock_i  ;
; N/A                                     ; None                                                ; 11.689 ns  ; cpu_address_tag_set_i[1] ; lab8_cache_top:U_CACHE_SYSTEM|cache4way_age:U_CACHE|ram_wdata_r[10]   ; clock_i  ;
; N/A                                     ; None                                                ; 11.689 ns  ; cpu_address_tag_set_i[1] ; lab8_cache_top:U_CACHE_SYSTEM|cache4way_age:U_CACHE|ram_wdata_r[11]   ; clock_i  ;
; N/A                                     ; None                                                ; 11.689 ns  ; cpu_address_tag_set_i[1] ; lab8_cache_top:U_CACHE_SYSTEM|cache4way_age:U_CACHE|ram_wdata_r[12]   ; clock_i  ;
; N/A                                     ; None                                                ; 11.689 ns  ; cpu_address_tag_set_i[1] ; lab8_cache_top:U_CACHE_SYSTEM|cache4way_age:U_CACHE|ram_wdata_r[13]   ; clock_i  ;
; N/A                                     ; None                                                ; 11.689 ns  ; cpu_address_tag_set_i[1] ; lab8_cache_top:U_CACHE_SYSTEM|cache4way_age:U_CACHE|ram_wdata_r[14]   ; clock_i  ;
; N/A                                     ; None                                                ; 11.688 ns  ; cpu_address_tag_set_i[0] ; lab8_cache_top:U_CACHE_SYSTEM|cache4way_age:U_CACHE|cpu_rdata_r[4]    ; clock_i  ;
; N/A                                     ; None                                                ; 11.684 ns  ; cpu_address_tag_set_i[2] ; lab8_cache_top:U_CACHE_SYSTEM|cache4way_age:U_CACHE|data_r[14][1][6]  ; clock_i  ;
; N/A                                     ; None                                                ; 11.684 ns  ; cpu_address_tag_set_i[2] ; lab8_cache_top:U_CACHE_SYSTEM|cache4way_age:U_CACHE|data_r[14][1][7]  ; clock_i  ;
; N/A                                     ; None                                                ; 11.684 ns  ; cpu_address_tag_set_i[2] ; lab8_cache_top:U_CACHE_SYSTEM|cache4way_age:U_CACHE|data_r[14][1][8]  ; clock_i  ;
; N/A                                     ; None                                                ; 11.684 ns  ; cpu_address_tag_set_i[2] ; lab8_cache_top:U_CACHE_SYSTEM|cache4way_age:U_CACHE|data_r[14][1][9]  ; clock_i  ;
; N/A                                     ; None                                                ; 11.684 ns  ; cpu_address_tag_set_i[2] ; lab8_cache_top:U_CACHE_SYSTEM|cache4way_age:U_CACHE|data_r[14][1][10] ; clock_i  ;
; N/A                                     ; None                                                ; 11.677 ns  ; cpu_address_tag_set_i[3] ; lab8_cache_top:U_CACHE_SYSTEM|cache4way_age:U_CACHE|cpu_rdata_r[8]    ; clock_i  ;
; N/A                                     ; None                                                ; 11.666 ns  ; cpu_address_tag_set_i[2] ; lab8_cache_top:U_CACHE_SYSTEM|cache4way_age:U_CACHE|data_r[10][2][5]  ; clock_i  ;
; N/A                                     ; None                                                ; 11.655 ns  ; cpu_address_tag_set_i[3] ; lab8_cache_top:U_CACHE_SYSTEM|cache4way_age:U_CACHE|cpu_rdata_r[14]   ; clock_i  ;
; N/A                                     ; None                                                ; 11.653 ns  ; cpu_address_tag_set_i[1] ; lab8_cache_top:U_CACHE_SYSTEM|cache4way_age:U_CACHE|cpu_rdata_r[3]    ; clock_i  ;
; N/A                                     ; None                                                ; 11.651 ns  ; cpu_address_tag_set_i[2] ; lab8_cache_top:U_CACHE_SYSTEM|cache4way_age:U_CACHE|data_r[4][0][5]   ; clock_i  ;
; N/A                                     ; None                                                ; 11.651 ns  ; cpu_address_tag_set_i[2] ; lab8_cache_top:U_CACHE_SYSTEM|cache4way_age:U_CACHE|data_r[4][0][6]   ; clock_i  ;
; N/A                                     ; None                                                ; 11.651 ns  ; cpu_address_tag_set_i[2] ; lab8_cache_top:U_CACHE_SYSTEM|cache4way_age:U_CACHE|data_r[4][0][7]   ; clock_i  ;
; N/A                                     ; None                                                ; 11.651 ns  ; cpu_address_tag_set_i[2] ; lab8_cache_top:U_CACHE_SYSTEM|cache4way_age:U_CACHE|data_r[4][0][9]   ; clock_i  ;
; N/A                                     ; None                                                ; 11.650 ns  ; cpu_address_tag_set_i[3] ; lab8_cache_top:U_CACHE_SYSTEM|cache4way_age:U_CACHE|cpu_rdata_r[13]   ; clock_i  ;
; N/A                                     ; None                                                ; 11.647 ns  ; cpu_address_tag_set_i[2] ; lab8_cache_top:U_CACHE_SYSTEM|cache4way_age:U_CACHE|data_r[4][2][8]   ; clock_i  ;
; N/A                                     ; None                                                ; 11.647 ns  ; cpu_address_tag_set_i[2] ; lab8_cache_top:U_CACHE_SYSTEM|cache4way_age:U_CACHE|data_r[4][2][9]   ; clock_i  ;
; N/A                                     ; None                                                ; 11.647 ns  ; cpu_address_tag_set_i[2] ; lab8_cache_top:U_CACHE_SYSTEM|cache4way_age:U_CACHE|data_r[4][2][10]  ; clock_i  ;
; N/A                                     ; None                                                ; 11.647 ns  ; cpu_address_tag_set_i[2] ; lab8_cache_top:U_CACHE_SYSTEM|cache4way_age:U_CACHE|data_r[4][2][11]  ; clock_i  ;
; N/A                                     ; None                                                ; 11.647 ns  ; cpu_address_tag_set_i[2] ; lab8_cache_top:U_CACHE_SYSTEM|cache4way_age:U_CACHE|data_r[4][2][12]  ; clock_i  ;
; N/A                                     ; None                                                ; 11.647 ns  ; cpu_address_tag_set_i[2] ; lab8_cache_top:U_CACHE_SYSTEM|cache4way_age:U_CACHE|data_r[4][2][13]  ; clock_i  ;
; N/A                                     ; None                                                ; 11.647 ns  ; cpu_address_tag_set_i[2] ; lab8_cache_top:U_CACHE_SYSTEM|cache4way_age:U_CACHE|data_r[4][2][14]  ; clock_i  ;
; N/A                                     ; None                                                ; 11.646 ns  ; cpu_address_tag_set_i[2] ; lab8_cache_top:U_CACHE_SYSTEM|cache4way_age:U_CACHE|data_r[14][2][6]  ; clock_i  ;
; N/A                                     ; None                                                ; 11.646 ns  ; cpu_address_tag_set_i[2] ; lab8_cache_top:U_CACHE_SYSTEM|cache4way_age:U_CACHE|data_r[14][0][6]  ; clock_i  ;
; N/A                                     ; None                                                ; 11.646 ns  ; cpu_address_tag_set_i[2] ; lab8_cache_top:U_CACHE_SYSTEM|cache4way_age:U_CACHE|data_r[14][2][7]  ; clock_i  ;
; N/A                                     ; None                                                ; 11.646 ns  ; cpu_address_tag_set_i[2] ; lab8_cache_top:U_CACHE_SYSTEM|cache4way_age:U_CACHE|data_r[14][0][7]  ; clock_i  ;
; N/A                                     ; None                                                ; 11.646 ns  ; cpu_address_tag_set_i[2] ; lab8_cache_top:U_CACHE_SYSTEM|cache4way_age:U_CACHE|data_r[14][2][8]  ; clock_i  ;
; N/A                                     ; None                                                ; 11.646 ns  ; cpu_address_tag_set_i[2] ; lab8_cache_top:U_CACHE_SYSTEM|cache4way_age:U_CACHE|data_r[14][0][8]  ; clock_i  ;
; N/A                                     ; None                                                ; 11.646 ns  ; cpu_address_tag_set_i[2] ; lab8_cache_top:U_CACHE_SYSTEM|cache4way_age:U_CACHE|data_r[14][2][9]  ; clock_i  ;
; N/A                                     ; None                                                ; 11.646 ns  ; cpu_address_tag_set_i[2] ; lab8_cache_top:U_CACHE_SYSTEM|cache4way_age:U_CACHE|data_r[14][0][9]  ; clock_i  ;
; N/A                                     ; None                                                ; 11.646 ns  ; cpu_address_tag_set_i[2] ; lab8_cache_top:U_CACHE_SYSTEM|cache4way_age:U_CACHE|data_r[14][2][10] ; clock_i  ;
; N/A                                     ; None                                                ; 11.646 ns  ; cpu_address_tag_set_i[2] ; lab8_cache_top:U_CACHE_SYSTEM|cache4way_age:U_CACHE|data_r[14][0][10] ; clock_i  ;
; N/A                                     ; None                                                ; 11.646 ns  ; cpu_address_tag_set_i[2] ; lab8_cache_top:U_CACHE_SYSTEM|cache4way_age:U_CACHE|data_r[14][0][11] ; clock_i  ;
; N/A                                     ; None                                                ; 11.643 ns  ; cpu_address_tag_set_i[1] ; lab8_cache_top:U_CACHE_SYSTEM|cache4way_age:U_CACHE|data_r[0][0][0]   ; clock_i  ;
; N/A                                     ; None                                                ; 11.643 ns  ; cpu_address_tag_set_i[1] ; lab8_cache_top:U_CACHE_SYSTEM|cache4way_age:U_CACHE|data_r[0][0][1]   ; clock_i  ;
; N/A                                     ; None                                                ; 11.643 ns  ; cpu_address_tag_set_i[1] ; lab8_cache_top:U_CACHE_SYSTEM|cache4way_age:U_CACHE|data_r[0][0][3]   ; clock_i  ;
; N/A                                     ; None                                                ; 11.643 ns  ; cpu_address_tag_set_i[1] ; lab8_cache_top:U_CACHE_SYSTEM|cache4way_age:U_CACHE|data_r[0][0][4]   ; clock_i  ;
; N/A                                     ; None                                                ; 11.643 ns  ; cpu_address_tag_set_i[1] ; lab8_cache_top:U_CACHE_SYSTEM|cache4way_age:U_CACHE|data_r[0][0][8]   ; clock_i  ;
; N/A                                     ; None                                                ; 11.641 ns  ; cpu_address_tag_set_i[3] ; lab8_cache_top:U_CACHE_SYSTEM|cache4way_age:U_CACHE|cpu_rdata_r[11]   ; clock_i  ;
; N/A                                     ; None                                                ; 11.640 ns  ; cpu_address_tag_set_i[1] ; lab8_cache_top:U_CACHE_SYSTEM|cache4way_age:U_CACHE|data_r[4][0][5]   ; clock_i  ;
; N/A                                     ; None                                                ; 11.640 ns  ; cpu_address_tag_set_i[1] ; lab8_cache_top:U_CACHE_SYSTEM|cache4way_age:U_CACHE|data_r[4][0][6]   ; clock_i  ;
; N/A                                     ; None                                                ; 11.640 ns  ; cpu_address_tag_set_i[1] ; lab8_cache_top:U_CACHE_SYSTEM|cache4way_age:U_CACHE|data_r[4][0][7]   ; clock_i  ;
; N/A                                     ; None                                                ; 11.640 ns  ; cpu_address_tag_set_i[1] ; lab8_cache_top:U_CACHE_SYSTEM|cache4way_age:U_CACHE|data_r[4][0][9]   ; clock_i  ;
; N/A                                     ; None                                                ; 11.640 ns  ; cpu_address_tag_set_i[2] ; lab8_cache_top:U_CACHE_SYSTEM|cache4way_age:U_CACHE|data_r[3][2][9]   ; clock_i  ;
; N/A                                     ; None                                                ; 11.640 ns  ; cpu_address_tag_set_i[2] ; lab8_cache_top:U_CACHE_SYSTEM|cache4way_age:U_CACHE|data_r[3][2][12]  ; clock_i  ;
; N/A                                     ; None                                                ; 11.640 ns  ; cpu_address_tag_set_i[2] ; lab8_cache_top:U_CACHE_SYSTEM|cache4way_age:U_CACHE|data_r[3][2][13]  ; clock_i  ;
; N/A                                     ; None                                                ; 11.640 ns  ; cpu_address_tag_set_i[2] ; lab8_cache_top:U_CACHE_SYSTEM|cache4way_age:U_CACHE|data_r[3][2][14]  ; clock_i  ;
; N/A                                     ; None                                                ; 11.640 ns  ; cpu_address_tag_set_i[2] ; lab8_cache_top:U_CACHE_SYSTEM|cache4way_age:U_CACHE|data_r[3][2][15]  ; clock_i  ;
; N/A                                     ; None                                                ; 11.639 ns  ; cpu_address_tag_set_i[0] ; lab8_cache_top:U_CACHE_SYSTEM|cache4way_age:U_CACHE|cpu_rdata_r[8]    ; clock_i  ;
; N/A                                     ; None                                                ; 11.626 ns  ; cpu_address_tag_set_i[1] ; lab8_cache_top:U_CACHE_SYSTEM|cache4way_age:U_CACHE|data_r[0][0][2]   ; clock_i  ;
; N/A                                     ; None                                                ; 11.626 ns  ; cpu_address_tag_set_i[1] ; lab8_cache_top:U_CACHE_SYSTEM|cache4way_age:U_CACHE|data_r[0][0][5]   ; clock_i  ;
; N/A                                     ; None                                                ; 11.626 ns  ; cpu_address_tag_set_i[1] ; lab8_cache_top:U_CACHE_SYSTEM|cache4way_age:U_CACHE|data_r[13][0][12] ; clock_i  ;
; N/A                                     ; None                                                ; 11.626 ns  ; cpu_address_tag_set_i[1] ; lab8_cache_top:U_CACHE_SYSTEM|cache4way_age:U_CACHE|data_r[13][0][14] ; clock_i  ;
; N/A                                     ; None                                                ; 11.626 ns  ; cpu_address_tag_set_i[1] ; lab8_cache_top:U_CACHE_SYSTEM|cache4way_age:U_CACHE|data_r[13][0][15] ; clock_i  ;
; N/A                                     ; None                                                ; 11.619 ns  ; cpu_address_tag_set_i[1] ; lab8_cache_top:U_CACHE_SYSTEM|cache4way_age:U_CACHE|data_r[11][2][6]  ; clock_i  ;
; N/A                                     ; None                                                ; 11.619 ns  ; cpu_address_tag_set_i[1] ; lab8_cache_top:U_CACHE_SYSTEM|cache4way_age:U_CACHE|data_r[11][2][7]  ; clock_i  ;
; N/A                                     ; None                                                ; 11.619 ns  ; cpu_address_tag_set_i[1] ; lab8_cache_top:U_CACHE_SYSTEM|cache4way_age:U_CACHE|data_r[11][2][8]  ; clock_i  ;
; N/A                                     ; None                                                ; 11.619 ns  ; cpu_address_tag_set_i[1] ; lab8_cache_top:U_CACHE_SYSTEM|cache4way_age:U_CACHE|data_r[11][2][9]  ; clock_i  ;
; N/A                                     ; None                                                ; 11.619 ns  ; cpu_address_tag_set_i[1] ; lab8_cache_top:U_CACHE_SYSTEM|cache4way_age:U_CACHE|data_r[11][2][10] ; clock_i  ;
; N/A                                     ; None                                                ; 11.617 ns  ; cpu_address_tag_set_i[0] ; lab8_cache_top:U_CACHE_SYSTEM|cache4way_age:U_CACHE|cpu_rdata_r[14]   ; clock_i  ;
; N/A                                     ; None                                                ; 11.612 ns  ; cpu_address_tag_set_i[0] ; lab8_cache_top:U_CACHE_SYSTEM|cache4way_age:U_CACHE|cpu_rdata_r[13]   ; clock_i  ;
; N/A                                     ; None                                                ; 11.606 ns  ; cpu_address_tag_set_i[3] ; lab8_cache_top:U_CACHE_SYSTEM|cache4way_age:U_CACHE|cpu_rdata_r[0]    ; clock_i  ;
; N/A                                     ; None                                                ; 11.605 ns  ; cpu_address_tag_set_i[3] ; lab8_cache_top:U_CACHE_SYSTEM|cache4way_age:U_CACHE|cpu_rdata_r[7]    ; clock_i  ;
; N/A                                     ; None                                                ; 11.603 ns  ; cpu_address_tag_set_i[1] ; lab8_cache_top:U_CACHE_SYSTEM|cache4way_age:U_CACHE|cpu_rdata_r[12]   ; clock_i  ;
; N/A                                     ; None                                                ; 11.603 ns  ; cpu_address_tag_set_i[0] ; lab8_cache_top:U_CACHE_SYSTEM|cache4way_age:U_CACHE|cpu_rdata_r[11]   ; clock_i  ;
; N/A                                     ; None                                                ; 11.602 ns  ; cpu_address_tag_set_i[1] ; lab8_cache_top:U_CACHE_SYSTEM|cache4way_age:U_CACHE|data_r[2][0][11]  ; clock_i  ;
; N/A                                     ; None                                                ; 11.602 ns  ; cpu_address_tag_set_i[1] ; lab8_cache_top:U_CACHE_SYSTEM|cache4way_age:U_CACHE|data_r[2][0][12]  ; clock_i  ;
; N/A                                     ; None                                                ; 11.602 ns  ; cpu_address_tag_set_i[1] ; lab8_cache_top:U_CACHE_SYSTEM|cache4way_age:U_CACHE|data_r[2][0][14]  ; clock_i  ;
; N/A                                     ; None                                                ; 11.602 ns  ; cpu_address_tag_set_i[1] ; lab8_cache_top:U_CACHE_SYSTEM|cache4way_age:U_CACHE|data_r[2][0][15]  ; clock_i  ;
; N/A                                     ; None                                                ; 11.601 ns  ; cpu_address_tag_set_i[1] ; lab8_cache_top:U_CACHE_SYSTEM|cache4way_age:U_CACHE|data_r[8][0][13]  ; clock_i  ;
; N/A                                     ; None                                                ; 11.601 ns  ; cpu_address_tag_set_i[1] ; lab8_cache_top:U_CACHE_SYSTEM|cache4way_age:U_CACHE|data_r[8][0][14]  ; clock_i  ;
; N/A                                     ; None                                                ; 11.601 ns  ; cpu_address_tag_set_i[1] ; lab8_cache_top:U_CACHE_SYSTEM|cache4way_age:U_CACHE|data_r[8][0][15]  ; clock_i  ;
; N/A                                     ; None                                                ; 11.594 ns  ; cpu_address_tag_set_i[2] ; lab8_cache_top:U_CACHE_SYSTEM|cache4way_age:U_CACHE|data_r[3][0][9]   ; clock_i  ;
; N/A                                     ; None                                                ; 11.591 ns  ; cpu_address_tag_set_i[2] ; lab8_cache_top:U_CACHE_SYSTEM|cache4way_age:U_CACHE|data_r[0][3][4]   ; clock_i  ;
; N/A                                     ; None                                                ; 11.591 ns  ; cpu_address_tag_set_i[2] ; lab8_cache_top:U_CACHE_SYSTEM|cache4way_age:U_CACHE|data_r[0][3][11]  ; clock_i  ;
; N/A                                     ; None                                                ; 11.591 ns  ; cpu_address_tag_set_i[2] ; lab8_cache_top:U_CACHE_SYSTEM|cache4way_age:U_CACHE|data_r[0][3][12]  ; clock_i  ;
; N/A                                     ; None                                                ; 11.591 ns  ; cpu_address_tag_set_i[2] ; lab8_cache_top:U_CACHE_SYSTEM|cache4way_age:U_CACHE|data_r[0][3][13]  ; clock_i  ;
; N/A                                     ; None                                                ; 11.591 ns  ; cpu_address_tag_set_i[2] ; lab8_cache_top:U_CACHE_SYSTEM|cache4way_age:U_CACHE|data_r[0][3][14]  ; clock_i  ;
; N/A                                     ; None                                                ; 11.579 ns  ; cpu_address_tag_set_i[1] ; lab8_cache_top:U_CACHE_SYSTEM|cache4way_age:U_CACHE|data_r[10][0][11] ; clock_i  ;
; N/A                                     ; None                                                ; 11.579 ns  ; cpu_address_tag_set_i[1] ; lab8_cache_top:U_CACHE_SYSTEM|cache4way_age:U_CACHE|data_r[10][0][12] ; clock_i  ;
; N/A                                     ; None                                                ; 11.579 ns  ; cpu_address_tag_set_i[1] ; lab8_cache_top:U_CACHE_SYSTEM|cache4way_age:U_CACHE|data_r[10][0][13] ; clock_i  ;
; N/A                                     ; None                                                ; 11.579 ns  ; cpu_address_tag_set_i[1] ; lab8_cache_top:U_CACHE_SYSTEM|cache4way_age:U_CACHE|data_r[10][0][14] ; clock_i  ;
; Timing analysis restricted to 200 rows. ; To change the limit use Settings (Assignments menu) ;            ;                          ;                                                                       ;          ;
+-----------------------------------------+-----------------------------------------------------+------------+--------------------------+-----------------------------------------------------------------------+----------+


+------------------------------------------------------------------------------------------------------------------------------------------------------------------+
; tco                                                                                                                                                              ;
+-------+--------------+------------+-----------------------------------------------------------------------------+-----------------------------------+------------+
; Slack ; Required tco ; Actual tco ; From                                                                        ; To                                ; From Clock ;
+-------+--------------+------------+-----------------------------------------------------------------------------+-----------------------------------+------------+
; N/A   ; None         ; 8.670 ns   ; lab8_cache_top:U_CACHE_SYSTEM|cache4way_age:U_CACHE|ram_wdata_r[2]          ; memory_data_debug_o[2]            ; clock_i    ;
; N/A   ; None         ; 8.305 ns   ; lab8_cache_top:U_CACHE_SYSTEM|cache4way_age:U_CACHE|ram_we_r                ; memory_data_debug_o[2]            ; clock_i    ;
; N/A   ; None         ; 8.272 ns   ; lab8_cache_top:U_CACHE_SYSTEM|cache4way_age:U_CACHE|ram_wdata_r[7]          ; memory_data_debug_o[7]            ; clock_i    ;
; N/A   ; None         ; 8.179 ns   ; lab8_cache_top:U_CACHE_SYSTEM|main_memory_sync:U_RAM|rdata_r[3]             ; memory_data_debug_o[3]            ; clock_i    ;
; N/A   ; None         ; 8.176 ns   ; lab8_cache_top:U_CACHE_SYSTEM|cache4way_age:U_CACHE|ram_wdata_r[3]          ; memory_data_debug_o[3]            ; clock_i    ;
; N/A   ; None         ; 8.151 ns   ; lab8_cache_top:U_CACHE_SYSTEM|cache4way_age:U_CACHE|ram_wdata_r[14]         ; memory_data_debug_o[14]           ; clock_i    ;
; N/A   ; None         ; 8.129 ns   ; lab8_cache_top:U_CACHE_SYSTEM|cache4way_age:U_CACHE|ram_we_r                ; memory_data_debug_o[15]           ; clock_i    ;
; N/A   ; None         ; 8.079 ns   ; lab8_cache_top:U_CACHE_SYSTEM|cache4way_age:U_CACHE|ram_we_r                ; memory_data_debug_o[8]            ; clock_i    ;
; N/A   ; None         ; 8.011 ns   ; lab8_cache_top:U_CACHE_SYSTEM|cache4way_age:U_CACHE|ram_we_r                ; memory_data_debug_o[0]            ; clock_i    ;
; N/A   ; None         ; 7.965 ns   ; lab8_cache_top:U_CACHE_SYSTEM|cache4way_age:U_CACHE|ram_wdata_r[8]          ; memory_data_debug_o[8]            ; clock_i    ;
; N/A   ; None         ; 7.951 ns   ; lab8_cache_top:U_CACHE_SYSTEM|main_memory_sync:U_RAM|rdata_r[0]             ; memory_data_debug_o[0]            ; clock_i    ;
; N/A   ; None         ; 7.850 ns   ; lab8_cache_top:U_CACHE_SYSTEM|main_memory_sync:U_RAM|rdata_r[2]             ; memory_data_debug_o[2]            ; clock_i    ;
; N/A   ; None         ; 7.849 ns   ; lab8_cache_top:U_CACHE_SYSTEM|cache4way_age:U_CACHE|ram_wdata_r[15]         ; memory_data_debug_o[15]           ; clock_i    ;
; N/A   ; None         ; 7.799 ns   ; lab8_cache_top:U_CACHE_SYSTEM|cache4way_age:U_CACHE|ram_we_r                ; memory_data_debug_o[4]            ; clock_i    ;
; N/A   ; None         ; 7.724 ns   ; lab8_cache_top:U_CACHE_SYSTEM|main_memory_sync:U_RAM|rdata_r[15]            ; memory_data_debug_o[15]           ; clock_i    ;
; N/A   ; None         ; 7.682 ns   ; lab8_cache_top:U_CACHE_SYSTEM|cache4way_age:U_CACHE|ram_wdata_r[4]          ; memory_data_debug_o[4]            ; clock_i    ;
; N/A   ; None         ; 7.681 ns   ; lab8_cache_top:U_CACHE_SYSTEM|main_memory_sync:U_RAM|rdata_r[8]             ; memory_data_debug_o[8]            ; clock_i    ;
; N/A   ; None         ; 7.658 ns   ; lab8_cache_top:U_CACHE_SYSTEM|cache4way_age:U_CACHE|ram_we_r                ; memory_data_debug_o[7]            ; clock_i    ;
; N/A   ; None         ; 7.656 ns   ; lab8_cache_top:U_CACHE_SYSTEM|main_memory_sync:U_RAM|rdata_r[5]             ; memory_data_debug_o[5]            ; clock_i    ;
; N/A   ; None         ; 7.573 ns   ; lab8_cache_top:U_CACHE_SYSTEM|cache4way_age:U_CACHE|ram_we_r                ; memory_data_debug_o[11]           ; clock_i    ;
; N/A   ; None         ; 7.570 ns   ; lab8_cache_top:U_CACHE_SYSTEM|main_memory_sync:U_RAM|rdata_r[6]             ; memory_data_debug_o[6]            ; clock_i    ;
; N/A   ; None         ; 7.563 ns   ; lab8_cache_top:U_CACHE_SYSTEM|cache4way_age:U_CACHE|ram_wdata_r[0]          ; memory_data_debug_o[0]            ; clock_i    ;
; N/A   ; None         ; 7.548 ns   ; lab8_cache_top:U_CACHE_SYSTEM|cache4way_age:U_CACHE|ram_we_r                ; memory_data_debug_o[5]            ; clock_i    ;
; N/A   ; None         ; 7.516 ns   ; lab8_cache_top:U_CACHE_SYSTEM|cache4way_age:U_CACHE|ram_we_r                ; memory_data_debug_o[14]           ; clock_i    ;
; N/A   ; None         ; 7.494 ns   ; lab8_cache_top:U_CACHE_SYSTEM|cache4way_age:U_CACHE|ram_wdata_r[9]          ; memory_data_debug_o[9]            ; clock_i    ;
; N/A   ; None         ; 7.462 ns   ; lab8_cache_top:U_CACHE_SYSTEM|main_memory_sync:U_RAM|rdata_r[7]             ; memory_data_debug_o[7]            ; clock_i    ;
; N/A   ; None         ; 7.450 ns   ; lab8_cache_top:U_CACHE_SYSTEM|cache4way_age:U_CACHE|ram_we_r                ; memory_data_debug_o[3]            ; clock_i    ;
; N/A   ; None         ; 7.423 ns   ; lab8_cache_top:U_CACHE_SYSTEM|cache4way_age:U_CACHE|ram_wdata_r[11]         ; memory_data_debug_o[11]           ; clock_i    ;
; N/A   ; None         ; 7.406 ns   ; lab8_cache_top:U_CACHE_SYSTEM|main_memory_sync:U_RAM|rdata_r[4]             ; memory_data_debug_o[4]            ; clock_i    ;
; N/A   ; None         ; 7.365 ns   ; lab8_cache_top:U_CACHE_SYSTEM|cache4way_age:U_CACHE|ram_we_r                ; memory_data_debug_o[9]            ; clock_i    ;
; N/A   ; None         ; 7.340 ns   ; lab8_cache_top:U_CACHE_SYSTEM|cache4way_age:U_CACHE|ram_we_r                ; memory_data_debug_o[6]            ; clock_i    ;
; N/A   ; None         ; 7.280 ns   ; lab8_cache_top:U_CACHE_SYSTEM|cache4way_age:U_CACHE|ram_wdata_r[5]          ; memory_data_debug_o[5]            ; clock_i    ;
; N/A   ; None         ; 7.248 ns   ; lab8_cache_top:U_CACHE_SYSTEM|cache4way_age:U_CACHE|ram_wdata_r[6]          ; memory_data_debug_o[6]            ; clock_i    ;
; N/A   ; None         ; 7.245 ns   ; lab8_cache_top:U_CACHE_SYSTEM|main_memory_sync:U_RAM|rdata_r[10]            ; memory_data_debug_o[10]           ; clock_i    ;
; N/A   ; None         ; 7.241 ns   ; lab8_cache_top:U_CACHE_SYSTEM|cache4way_age:U_CACHE|ram_we_r                ; memory_data_debug_o[10]           ; clock_i    ;
; N/A   ; None         ; 7.220 ns   ; lab8_cache_top:U_CACHE_SYSTEM|main_memory_sync:U_RAM|rdata_r[11]            ; memory_data_debug_o[11]           ; clock_i    ;
; N/A   ; None         ; 7.149 ns   ; lab8_cache_top:U_CACHE_SYSTEM|cache4way_age:U_CACHE|ram_wdata_r[10]         ; memory_data_debug_o[10]           ; clock_i    ;
; N/A   ; None         ; 7.120 ns   ; lab8_cache_top:U_CACHE_SYSTEM|cache4way_age:U_CACHE|ram_wdata_r[13]         ; memory_data_debug_o[13]           ; clock_i    ;
; N/A   ; None         ; 7.114 ns   ; lab8_cache_top:U_CACHE_SYSTEM|main_memory_sync:U_RAM|rdata_r[14]            ; memory_data_debug_o[14]           ; clock_i    ;
; N/A   ; None         ; 6.949 ns   ; lab8_cache_top:U_CACHE_SYSTEM|main_memory_sync:U_RAM|rdata_r[9]             ; memory_data_debug_o[9]            ; clock_i    ;
; N/A   ; None         ; 6.687 ns   ; lab8_cache_top:U_CACHE_SYSTEM|cache4way_age:U_CACHE|ram_we_r                ; memory_data_debug_o[13]           ; clock_i    ;
; N/A   ; None         ; 6.641 ns   ; lab8_cache_top:U_CACHE_SYSTEM|cache4way_age:U_CACHE|ram_addr_r[13]          ; memory_address_debug_o[13]        ; clock_i    ;
; N/A   ; None         ; 6.639 ns   ; lab8_cache_top:U_CACHE_SYSTEM|cache4way_age:U_CACHE|ram_wdata_r[12]         ; memory_data_debug_o[12]           ; clock_i    ;
; N/A   ; None         ; 6.558 ns   ; lab8_cache_top:U_CACHE_SYSTEM|cache4way_age:U_CACHE|ram_addr_r[7]           ; memory_address_debug_o[7]         ; clock_i    ;
; N/A   ; None         ; 6.548 ns   ; lab8_cache_top:U_CACHE_SYSTEM|main_memory_sync:U_RAM|rdata_r[12]            ; memory_data_debug_o[12]           ; clock_i    ;
; N/A   ; None         ; 6.544 ns   ; lab8_cache_top:U_CACHE_SYSTEM|cache4way_age:U_CACHE|cpu_ready_r             ; cpu_cache_response_ready_o        ; clock_i    ;
; N/A   ; None         ; 6.532 ns   ; lab8_cache_top:U_CACHE_SYSTEM|main_memory_sync:U_RAM|rdata_r[1]             ; memory_data_debug_o[1]            ; clock_i    ;
; N/A   ; None         ; 6.460 ns   ; lab8_cache_top:U_CACHE_SYSTEM|cache4way_age:U_CACHE|ram_we_r                ; memory_data_debug_o[1]            ; clock_i    ;
; N/A   ; None         ; 6.415 ns   ; lab8_cache_top:U_CACHE_SYSTEM|cache4way_age:U_CACHE|ram_wdata_r[1]          ; memory_data_debug_o[1]            ; clock_i    ;
; N/A   ; None         ; 6.311 ns   ; lab8_cache_top:U_CACHE_SYSTEM|cache4way_age:U_CACHE|cpu_rdata_r[3]          ; cpu_read_data_from_cache_o[3]     ; clock_i    ;
; N/A   ; None         ; 6.295 ns   ; lab8_cache_top:U_CACHE_SYSTEM|cache4way_age:U_CACHE|ram_we_r                ; memory_write_enable_debug_o       ; clock_i    ;
; N/A   ; None         ; 6.281 ns   ; lab8_cache_top:U_CACHE_SYSTEM|cache4way_age:U_CACHE|ram_we_r                ; memory_data_debug_o[12]           ; clock_i    ;
; N/A   ; None         ; 6.272 ns   ; lab8_cache_top:U_CACHE_SYSTEM|cache4way_age:U_CACHE|cpu_rdata_r[15]         ; cpu_read_data_from_cache_o[15]    ; clock_i    ;
; N/A   ; None         ; 6.266 ns   ; lab8_cache_top:U_CACHE_SYSTEM|main_memory_sync:U_RAM|rdata_r[13]            ; memory_data_debug_o[13]           ; clock_i    ;
; N/A   ; None         ; 6.236 ns   ; lab8_cache_top:U_CACHE_SYSTEM|cache4way_age:U_CACHE|cpu_rdata_r[14]         ; cpu_read_data_from_cache_o[14]    ; clock_i    ;
; N/A   ; None         ; 6.199 ns   ; lab8_cache_top:U_CACHE_SYSTEM|cache4way_age:U_CACHE|cpu_rdata_r[13]         ; cpu_read_data_from_cache_o[13]    ; clock_i    ;
; N/A   ; None         ; 6.187 ns   ; lab8_cache_top:U_CACHE_SYSTEM|cache4way_age:U_CACHE|cpu_rdata_r[1]          ; cpu_read_data_from_cache_o[1]     ; clock_i    ;
; N/A   ; None         ; 6.127 ns   ; lab8_cache_top:U_CACHE_SYSTEM|cache4way_age:U_CACHE|ram_addr_r[12]          ; memory_address_debug_o[12]        ; clock_i    ;
; N/A   ; None         ; 6.111 ns   ; lab8_cache_top:U_CACHE_SYSTEM|cache4way_age:U_CACHE|ram_addr_r[11]          ; memory_address_debug_o[11]        ; clock_i    ;
; N/A   ; None         ; 6.104 ns   ; lab8_cache_top:U_CACHE_SYSTEM|cache4way_age:U_CACHE|ram_addr_r[9]           ; memory_address_debug_o[9]         ; clock_i    ;
; N/A   ; None         ; 6.103 ns   ; lab8_cache_top:U_CACHE_SYSTEM|cache4way_age:U_CACHE|ram_addr_r[15]          ; memory_address_debug_o[15]        ; clock_i    ;
; N/A   ; None         ; 6.025 ns   ; lab8_cache_top:U_CACHE_SYSTEM|cache4way_age:U_CACHE|ram_addr_r[10]          ; memory_address_debug_o[10]        ; clock_i    ;
; N/A   ; None         ; 6.019 ns   ; lab8_cache_top:U_CACHE_SYSTEM|cache4way_age:U_CACHE|ram_addr_r[1]           ; memory_address_debug_o[1]         ; clock_i    ;
; N/A   ; None         ; 6.012 ns   ; lab8_cache_top:U_CACHE_SYSTEM|cache4way_age:U_CACHE|cpu_rdata_r[4]          ; cpu_read_data_from_cache_o[4]     ; clock_i    ;
; N/A   ; None         ; 6.004 ns   ; lab8_cache_top:U_CACHE_SYSTEM|cache4way_age:U_CACHE|cpu_rdata_r[8]          ; cpu_read_data_from_cache_o[8]     ; clock_i    ;
; N/A   ; None         ; 5.997 ns   ; lab8_cache_top:U_CACHE_SYSTEM|cache4way_age:U_CACHE|cpu_rdata_r[5]          ; cpu_read_data_from_cache_o[5]     ; clock_i    ;
; N/A   ; None         ; 5.977 ns   ; lab8_cache_top:U_CACHE_SYSTEM|cache4way_age:U_CACHE|cpu_rdata_r[2]          ; cpu_read_data_from_cache_o[2]     ; clock_i    ;
; N/A   ; None         ; 5.976 ns   ; lab8_cache_top:U_CACHE_SYSTEM|cache4way_age:U_CACHE|cpu_rdata_r[7]          ; cpu_read_data_from_cache_o[7]     ; clock_i    ;
; N/A   ; None         ; 5.861 ns   ; lab8_cache_top:U_CACHE_SYSTEM|cache4way_age:U_CACHE|ram_addr_r[3]~DUPLICATE ; memory_address_debug_o[3]         ; clock_i    ;
; N/A   ; None         ; 5.822 ns   ; lab8_cache_top:U_CACHE_SYSTEM|cache4way_age:U_CACHE|cpu_rdata_r[11]         ; cpu_read_data_from_cache_o[11]    ; clock_i    ;
; N/A   ; None         ; 5.811 ns   ; lab8_cache_top:U_CACHE_SYSTEM|cache4way_age:U_CACHE|ram_addr_r[14]          ; memory_address_debug_o[14]        ; clock_i    ;
; N/A   ; None         ; 5.792 ns   ; lab8_cache_top:U_CACHE_SYSTEM|cache4way_age:U_CACHE|ram_addr_r[8]           ; memory_address_debug_o[8]         ; clock_i    ;
; N/A   ; None         ; 5.788 ns   ; lab8_cache_top:U_CACHE_SYSTEM|cache4way_age:U_CACHE|ram_addr_r[0]           ; memory_address_debug_o[0]         ; clock_i    ;
; N/A   ; None         ; 5.744 ns   ; lab8_cache_top:U_CACHE_SYSTEM|cache4way_age:U_CACHE|cpu_rdata_r[0]          ; cpu_read_data_from_cache_o[0]     ; clock_i    ;
; N/A   ; None         ; 5.715 ns   ; lab8_cache_top:U_CACHE_SYSTEM|cache4way_age:U_CACHE|cpu_rdata_r[10]         ; cpu_read_data_from_cache_o[10]    ; clock_i    ;
; N/A   ; None         ; 5.701 ns   ; lab8_cache_top:U_CACHE_SYSTEM|cache4way_age:U_CACHE|cpu_rdata_r[9]          ; cpu_read_data_from_cache_o[9]     ; clock_i    ;
; N/A   ; None         ; 5.675 ns   ; lab8_cache_top:U_CACHE_SYSTEM|cache4way_age:U_CACHE|ram_addr_r[5]           ; memory_address_debug_o[5]         ; clock_i    ;
; N/A   ; None         ; 5.664 ns   ; lab8_cache_top:U_CACHE_SYSTEM|cache4way_age:U_CACHE|ram_addr_r[6]           ; memory_address_debug_o[6]         ; clock_i    ;
; N/A   ; None         ; 5.655 ns   ; lab8_cache_top:U_CACHE_SYSTEM|cache4way_age:U_CACHE|cpu_rdata_r[6]          ; cpu_read_data_from_cache_o[6]     ; clock_i    ;
; N/A   ; None         ; 5.649 ns   ; lab8_cache_top:U_CACHE_SYSTEM|cache4way_age:U_CACHE|ram_addr_r[4]~DUPLICATE ; memory_address_debug_o[4]         ; clock_i    ;
; N/A   ; None         ; 5.628 ns   ; lab8_cache_top:U_CACHE_SYSTEM|cache4way_age:U_CACHE|ram_req_r               ; memory_request_from_cache_debug_o ; clock_i    ;
; N/A   ; None         ; 5.588 ns   ; lab8_cache_top:U_CACHE_SYSTEM|cache4way_age:U_CACHE|cpu_rdata_r[12]         ; cpu_read_data_from_cache_o[12]    ; clock_i    ;
; N/A   ; None         ; 5.537 ns   ; lab8_cache_top:U_CACHE_SYSTEM|cache4way_age:U_CACHE|hit_r                   ; cache_hit_signal_o                ; clock_i    ;
; N/A   ; None         ; 5.421 ns   ; lab8_cache_top:U_CACHE_SYSTEM|cache4way_age:U_CACHE|ram_addr_r[2]           ; memory_address_debug_o[2]         ; clock_i    ;
; N/A   ; None         ; 5.394 ns   ; lab8_cache_top:U_CACHE_SYSTEM|cache4way_age:U_CACHE|miss_r                  ; cache_miss_signal_o               ; clock_i    ;
+-------+--------------+------------+-----------------------------------------------------------------------------+-----------------------------------+------------+


+-------------------------------------------------------------------------------------------------------------------------------------------------------------------------------------------------------------------------------------+
; th                                                                                                                                                                                                                                  ;
+-----------------------------------------+-----------------------------------------------------+-----------+-------------------------------+------------------------------------------------------------------------------+----------+
; Minimum Slack                           ; Required th                                         ; Actual th ; From                          ; To                                                                           ; To Clock ;
+-----------------------------------------+-----------------------------------------------------+-----------+-------------------------------+------------------------------------------------------------------------------+----------+
; N/A                                     ; None                                                ; -2.503 ns ; cpu_write_data_to_cache_i[8]  ; lab8_cache_top:U_CACHE_SYSTEM|cache4way_age:U_CACHE|ram_wdata_r[8]           ; clock_i  ;
; N/A                                     ; None                                                ; -2.533 ns ; cpu_address_tag_set_i[12]     ; lab8_cache_top:U_CACHE_SYSTEM|cache4way_age:U_CACHE|ram_addr_r[12]           ; clock_i  ;
; N/A                                     ; None                                                ; -2.613 ns ; cpu_write_data_to_cache_i[14] ; lab8_cache_top:U_CACHE_SYSTEM|cache4way_age:U_CACHE|ram_wdata_r[14]          ; clock_i  ;
; N/A                                     ; None                                                ; -2.620 ns ; cpu_address_tag_set_i[11]     ; lab8_cache_top:U_CACHE_SYSTEM|cache4way_age:U_CACHE|tag_req_r[7]             ; clock_i  ;
; N/A                                     ; None                                                ; -2.624 ns ; cpu_write_data_to_cache_i[12] ; lab8_cache_top:U_CACHE_SYSTEM|cache4way_age:U_CACHE|ram_wdata_r[12]          ; clock_i  ;
; N/A                                     ; None                                                ; -2.634 ns ; cpu_write_data_to_cache_i[15] ; lab8_cache_top:U_CACHE_SYSTEM|cache4way_age:U_CACHE|ram_wdata_r[15]          ; clock_i  ;
; N/A                                     ; None                                                ; -2.645 ns ; cpu_write_data_to_cache_i[1]  ; lab8_cache_top:U_CACHE_SYSTEM|cache4way_age:U_CACHE|req_wdata_r[1]           ; clock_i  ;
; N/A                                     ; None                                                ; -2.668 ns ; cpu_address_tag_set_i[13]     ; lab8_cache_top:U_CACHE_SYSTEM|cache4way_age:U_CACHE|tag_req_r[9]             ; clock_i  ;
; N/A                                     ; None                                                ; -2.668 ns ; cpu_write_data_to_cache_i[6]  ; lab8_cache_top:U_CACHE_SYSTEM|cache4way_age:U_CACHE|ram_wdata_r[6]           ; clock_i  ;
; N/A                                     ; None                                                ; -2.686 ns ; cpu_write_data_to_cache_i[4]  ; lab8_cache_top:U_CACHE_SYSTEM|cache4way_age:U_CACHE|ram_wdata_r[4]           ; clock_i  ;
; N/A                                     ; None                                                ; -2.693 ns ; cpu_address_tag_set_i[4]      ; lab8_cache_top:U_CACHE_SYSTEM|cache4way_age:U_CACHE|tag_req_r[0]             ; clock_i  ;
; N/A                                     ; None                                                ; -2.721 ns ; reset_i                       ; lab8_cache_top:U_CACHE_SYSTEM|cache4way_age:U_CACHE|data_r[15][3][0]         ; clock_i  ;
; N/A                                     ; None                                                ; -2.721 ns ; reset_i                       ; lab8_cache_top:U_CACHE_SYSTEM|cache4way_age:U_CACHE|data_r[15][3][1]         ; clock_i  ;
; N/A                                     ; None                                                ; -2.721 ns ; reset_i                       ; lab8_cache_top:U_CACHE_SYSTEM|cache4way_age:U_CACHE|data_r[15][3][2]         ; clock_i  ;
; N/A                                     ; None                                                ; -2.721 ns ; reset_i                       ; lab8_cache_top:U_CACHE_SYSTEM|cache4way_age:U_CACHE|data_r[15][3][3]         ; clock_i  ;
; N/A                                     ; None                                                ; -2.721 ns ; reset_i                       ; lab8_cache_top:U_CACHE_SYSTEM|cache4way_age:U_CACHE|data_r[15][2][3]         ; clock_i  ;
; N/A                                     ; None                                                ; -2.721 ns ; reset_i                       ; lab8_cache_top:U_CACHE_SYSTEM|cache4way_age:U_CACHE|data_r[15][3][4]         ; clock_i  ;
; N/A                                     ; None                                                ; -2.721 ns ; reset_i                       ; lab8_cache_top:U_CACHE_SYSTEM|cache4way_age:U_CACHE|data_r[15][3][5]         ; clock_i  ;
; N/A                                     ; None                                                ; -2.721 ns ; reset_i                       ; lab8_cache_top:U_CACHE_SYSTEM|cache4way_age:U_CACHE|data_r[15][2][5]         ; clock_i  ;
; N/A                                     ; None                                                ; -2.721 ns ; reset_i                       ; lab8_cache_top:U_CACHE_SYSTEM|cache4way_age:U_CACHE|data_r[15][1][10]        ; clock_i  ;
; N/A                                     ; None                                                ; -2.721 ns ; reset_i                       ; lab8_cache_top:U_CACHE_SYSTEM|cache4way_age:U_CACHE|data_r[15][3][11]        ; clock_i  ;
; N/A                                     ; None                                                ; -2.721 ns ; reset_i                       ; lab8_cache_top:U_CACHE_SYSTEM|cache4way_age:U_CACHE|data_r[15][1][11]        ; clock_i  ;
; N/A                                     ; None                                                ; -2.721 ns ; reset_i                       ; lab8_cache_top:U_CACHE_SYSTEM|cache4way_age:U_CACHE|data_r[15][2][11]        ; clock_i  ;
; N/A                                     ; None                                                ; -2.721 ns ; reset_i                       ; lab8_cache_top:U_CACHE_SYSTEM|cache4way_age:U_CACHE|data_r[15][3][12]        ; clock_i  ;
; N/A                                     ; None                                                ; -2.721 ns ; reset_i                       ; lab8_cache_top:U_CACHE_SYSTEM|cache4way_age:U_CACHE|data_r[15][3][13]        ; clock_i  ;
; N/A                                     ; None                                                ; -2.721 ns ; reset_i                       ; lab8_cache_top:U_CACHE_SYSTEM|cache4way_age:U_CACHE|data_r[15][3][14]        ; clock_i  ;
; N/A                                     ; None                                                ; -2.721 ns ; reset_i                       ; lab8_cache_top:U_CACHE_SYSTEM|cache4way_age:U_CACHE|data_r[15][3][15]        ; clock_i  ;
; N/A                                     ; None                                                ; -2.734 ns ; cpu_write_data_to_cache_i[1]  ; lab8_cache_top:U_CACHE_SYSTEM|cache4way_age:U_CACHE|data_r[3][3][1]          ; clock_i  ;
; N/A                                     ; None                                                ; -2.736 ns ; cpu_write_data_to_cache_i[1]  ; lab8_cache_top:U_CACHE_SYSTEM|cache4way_age:U_CACHE|ram_wdata_r[1]           ; clock_i  ;
; N/A                                     ; None                                                ; -2.749 ns ; cpu_write_data_to_cache_i[7]  ; lab8_cache_top:U_CACHE_SYSTEM|cache4way_age:U_CACHE|ram_wdata_r[7]           ; clock_i  ;
; N/A                                     ; None                                                ; -2.779 ns ; cpu_address_tag_set_i[9]      ; lab8_cache_top:U_CACHE_SYSTEM|cache4way_age:U_CACHE|tag_req_r[5]             ; clock_i  ;
; N/A                                     ; None                                                ; -2.782 ns ; reset_i                       ; lab8_cache_top:U_CACHE_SYSTEM|cache4way_age:U_CACHE|data_r[12][3][14]        ; clock_i  ;
; N/A                                     ; None                                                ; -2.782 ns ; reset_i                       ; lab8_cache_top:U_CACHE_SYSTEM|cache4way_age:U_CACHE|data_r[12][2][14]        ; clock_i  ;
; N/A                                     ; None                                                ; -2.782 ns ; reset_i                       ; lab8_cache_top:U_CACHE_SYSTEM|cache4way_age:U_CACHE|data_r[12][2][15]        ; clock_i  ;
; N/A                                     ; None                                                ; -2.782 ns ; reset_i                       ; lab8_cache_top:U_CACHE_SYSTEM|cache4way_age:U_CACHE|data_r[12][3][15]        ; clock_i  ;
; N/A                                     ; None                                                ; -2.782 ns ; reset_i                       ; lab8_cache_top:U_CACHE_SYSTEM|cache4way_age:U_CACHE|data_r[9][2][15]         ; clock_i  ;
; N/A                                     ; None                                                ; -2.796 ns ; reset_i                       ; lab8_cache_top:U_CACHE_SYSTEM|cache4way_age:U_CACHE|tag_r[1][1][11]          ; clock_i  ;
; N/A                                     ; None                                                ; -2.796 ns ; reset_i                       ; lab8_cache_top:U_CACHE_SYSTEM|cache4way_age:U_CACHE|tag_r[5][1][6]           ; clock_i  ;
; N/A                                     ; None                                                ; -2.796 ns ; reset_i                       ; lab8_cache_top:U_CACHE_SYSTEM|cache4way_age:U_CACHE|tag_r[7][1][6]           ; clock_i  ;
; N/A                                     ; None                                                ; -2.796 ns ; reset_i                       ; lab8_cache_top:U_CACHE_SYSTEM|cache4way_age:U_CACHE|tag_r[1][1][6]           ; clock_i  ;
; N/A                                     ; None                                                ; -2.796 ns ; reset_i                       ; lab8_cache_top:U_CACHE_SYSTEM|cache4way_age:U_CACHE|tag_r[1][1][7]           ; clock_i  ;
; N/A                                     ; None                                                ; -2.796 ns ; reset_i                       ; lab8_cache_top:U_CACHE_SYSTEM|cache4way_age:U_CACHE|tag_r[1][1][5]           ; clock_i  ;
; N/A                                     ; None                                                ; -2.796 ns ; reset_i                       ; lab8_cache_top:U_CACHE_SYSTEM|cache4way_age:U_CACHE|tag_r[1][1][1]           ; clock_i  ;
; N/A                                     ; None                                                ; -2.796 ns ; reset_i                       ; lab8_cache_top:U_CACHE_SYSTEM|cache4way_age:U_CACHE|tag_r[5][1][0]           ; clock_i  ;
; N/A                                     ; None                                                ; -2.796 ns ; reset_i                       ; lab8_cache_top:U_CACHE_SYSTEM|cache4way_age:U_CACHE|tag_r[1][1][0]           ; clock_i  ;
; N/A                                     ; None                                                ; -2.796 ns ; reset_i                       ; lab8_cache_top:U_CACHE_SYSTEM|cache4way_age:U_CACHE|tag_r[1][1][9]           ; clock_i  ;
; N/A                                     ; None                                                ; -2.796 ns ; reset_i                       ; lab8_cache_top:U_CACHE_SYSTEM|cache4way_age:U_CACHE|tag_r[5][1][10]          ; clock_i  ;
; N/A                                     ; None                                                ; -2.796 ns ; reset_i                       ; lab8_cache_top:U_CACHE_SYSTEM|cache4way_age:U_CACHE|tag_r[1][1][10]          ; clock_i  ;
; N/A                                     ; None                                                ; -2.796 ns ; reset_i                       ; lab8_cache_top:U_CACHE_SYSTEM|cache4way_age:U_CACHE|tag_r[7][1][10]          ; clock_i  ;
; N/A                                     ; None                                                ; -2.796 ns ; reset_i                       ; lab8_cache_top:U_CACHE_SYSTEM|cache4way_age:U_CACHE|tag_r[5][1][8]           ; clock_i  ;
; N/A                                     ; None                                                ; -2.796 ns ; reset_i                       ; lab8_cache_top:U_CACHE_SYSTEM|cache4way_age:U_CACHE|tag_r[7][1][8]           ; clock_i  ;
; N/A                                     ; None                                                ; -2.796 ns ; reset_i                       ; lab8_cache_top:U_CACHE_SYSTEM|cache4way_age:U_CACHE|tag_r[1][1][8]           ; clock_i  ;
; N/A                                     ; None                                                ; -2.799 ns ; reset_i                       ; lab8_cache_top:U_CACHE_SYSTEM|cache4way_age:U_CACHE|data_r[6][2][0]          ; clock_i  ;
; N/A                                     ; None                                                ; -2.799 ns ; reset_i                       ; lab8_cache_top:U_CACHE_SYSTEM|cache4way_age:U_CACHE|data_r[6][1][0]          ; clock_i  ;
; N/A                                     ; None                                                ; -2.799 ns ; reset_i                       ; lab8_cache_top:U_CACHE_SYSTEM|cache4way_age:U_CACHE|data_r[6][3][0]          ; clock_i  ;
; N/A                                     ; None                                                ; -2.799 ns ; reset_i                       ; lab8_cache_top:U_CACHE_SYSTEM|cache4way_age:U_CACHE|data_r[6][3][1]          ; clock_i  ;
; N/A                                     ; None                                                ; -2.799 ns ; reset_i                       ; lab8_cache_top:U_CACHE_SYSTEM|cache4way_age:U_CACHE|data_r[6][2][1]          ; clock_i  ;
; N/A                                     ; None                                                ; -2.799 ns ; reset_i                       ; lab8_cache_top:U_CACHE_SYSTEM|cache4way_age:U_CACHE|data_r[6][1][1]          ; clock_i  ;
; N/A                                     ; None                                                ; -2.799 ns ; reset_i                       ; lab8_cache_top:U_CACHE_SYSTEM|cache4way_age:U_CACHE|data_r[6][3][2]          ; clock_i  ;
; N/A                                     ; None                                                ; -2.799 ns ; reset_i                       ; lab8_cache_top:U_CACHE_SYSTEM|cache4way_age:U_CACHE|data_r[6][2][2]          ; clock_i  ;
; N/A                                     ; None                                                ; -2.799 ns ; reset_i                       ; lab8_cache_top:U_CACHE_SYSTEM|cache4way_age:U_CACHE|data_r[6][1][2]          ; clock_i  ;
; N/A                                     ; None                                                ; -2.799 ns ; reset_i                       ; lab8_cache_top:U_CACHE_SYSTEM|cache4way_age:U_CACHE|data_r[6][3][3]          ; clock_i  ;
; N/A                                     ; None                                                ; -2.799 ns ; reset_i                       ; lab8_cache_top:U_CACHE_SYSTEM|cache4way_age:U_CACHE|data_r[6][1][3]          ; clock_i  ;
; N/A                                     ; None                                                ; -2.799 ns ; reset_i                       ; lab8_cache_top:U_CACHE_SYSTEM|cache4way_age:U_CACHE|data_r[6][2][3]          ; clock_i  ;
; N/A                                     ; None                                                ; -2.799 ns ; reset_i                       ; lab8_cache_top:U_CACHE_SYSTEM|cache4way_age:U_CACHE|data_r[6][2][4]          ; clock_i  ;
; N/A                                     ; None                                                ; -2.799 ns ; reset_i                       ; lab8_cache_top:U_CACHE_SYSTEM|cache4way_age:U_CACHE|data_r[6][3][4]          ; clock_i  ;
; N/A                                     ; None                                                ; -2.799 ns ; reset_i                       ; lab8_cache_top:U_CACHE_SYSTEM|cache4way_age:U_CACHE|data_r[6][1][4]          ; clock_i  ;
; N/A                                     ; None                                                ; -2.799 ns ; reset_i                       ; lab8_cache_top:U_CACHE_SYSTEM|cache4way_age:U_CACHE|data_r[6][3][5]          ; clock_i  ;
; N/A                                     ; None                                                ; -2.799 ns ; reset_i                       ; lab8_cache_top:U_CACHE_SYSTEM|cache4way_age:U_CACHE|cpu_rdata_r[6]           ; clock_i  ;
; N/A                                     ; None                                                ; -2.799 ns ; reset_i                       ; lab8_cache_top:U_CACHE_SYSTEM|cache4way_age:U_CACHE|cpu_rdata_r[9]           ; clock_i  ;
; N/A                                     ; None                                                ; -2.799 ns ; reset_i                       ; lab8_cache_top:U_CACHE_SYSTEM|cache4way_age:U_CACHE|cpu_rdata_r[10]          ; clock_i  ;
; N/A                                     ; None                                                ; -2.799 ns ; reset_i                       ; lab8_cache_top:U_CACHE_SYSTEM|cache4way_age:U_CACHE|cpu_rdata_r[11]          ; clock_i  ;
; N/A                                     ; None                                                ; -2.803 ns ; reset_i                       ; lab8_cache_top:U_CACHE_SYSTEM|cache4way_age:U_CACHE|data_r[4][2][8]          ; clock_i  ;
; N/A                                     ; None                                                ; -2.803 ns ; reset_i                       ; lab8_cache_top:U_CACHE_SYSTEM|cache4way_age:U_CACHE|data_r[4][2][9]          ; clock_i  ;
; N/A                                     ; None                                                ; -2.803 ns ; reset_i                       ; lab8_cache_top:U_CACHE_SYSTEM|cache4way_age:U_CACHE|data_r[4][1][10]         ; clock_i  ;
; N/A                                     ; None                                                ; -2.803 ns ; reset_i                       ; lab8_cache_top:U_CACHE_SYSTEM|cache4way_age:U_CACHE|data_r[4][3][10]         ; clock_i  ;
; N/A                                     ; None                                                ; -2.803 ns ; reset_i                       ; lab8_cache_top:U_CACHE_SYSTEM|cache4way_age:U_CACHE|data_r[4][2][10]         ; clock_i  ;
; N/A                                     ; None                                                ; -2.803 ns ; reset_i                       ; lab8_cache_top:U_CACHE_SYSTEM|cache4way_age:U_CACHE|data_r[4][3][11]         ; clock_i  ;
; N/A                                     ; None                                                ; -2.803 ns ; reset_i                       ; lab8_cache_top:U_CACHE_SYSTEM|cache4way_age:U_CACHE|data_r[4][2][11]         ; clock_i  ;
; N/A                                     ; None                                                ; -2.803 ns ; reset_i                       ; lab8_cache_top:U_CACHE_SYSTEM|cache4way_age:U_CACHE|data_r[4][1][11]         ; clock_i  ;
; N/A                                     ; None                                                ; -2.803 ns ; reset_i                       ; lab8_cache_top:U_CACHE_SYSTEM|cache4way_age:U_CACHE|data_r[4][2][12]         ; clock_i  ;
; N/A                                     ; None                                                ; -2.803 ns ; reset_i                       ; lab8_cache_top:U_CACHE_SYSTEM|cache4way_age:U_CACHE|data_r[4][1][12]         ; clock_i  ;
; N/A                                     ; None                                                ; -2.803 ns ; reset_i                       ; lab8_cache_top:U_CACHE_SYSTEM|cache4way_age:U_CACHE|data_r[4][3][12]         ; clock_i  ;
; N/A                                     ; None                                                ; -2.803 ns ; reset_i                       ; lab8_cache_top:U_CACHE_SYSTEM|cache4way_age:U_CACHE|data_r[4][2][13]         ; clock_i  ;
; N/A                                     ; None                                                ; -2.803 ns ; reset_i                       ; lab8_cache_top:U_CACHE_SYSTEM|cache4way_age:U_CACHE|data_r[4][1][13]         ; clock_i  ;
; N/A                                     ; None                                                ; -2.803 ns ; reset_i                       ; lab8_cache_top:U_CACHE_SYSTEM|cache4way_age:U_CACHE|data_r[4][3][13]         ; clock_i  ;
; N/A                                     ; None                                                ; -2.803 ns ; reset_i                       ; lab8_cache_top:U_CACHE_SYSTEM|cache4way_age:U_CACHE|data_r[4][3][14]         ; clock_i  ;
; N/A                                     ; None                                                ; -2.803 ns ; reset_i                       ; lab8_cache_top:U_CACHE_SYSTEM|cache4way_age:U_CACHE|data_r[4][2][14]         ; clock_i  ;
; N/A                                     ; None                                                ; -2.805 ns ; cpu_write_data_to_cache_i[7]  ; lab8_cache_top:U_CACHE_SYSTEM|cache4way_age:U_CACHE|req_wdata_r[7]           ; clock_i  ;
; N/A                                     ; None                                                ; -2.805 ns ; cpu_write_data_to_cache_i[7]  ; lab8_cache_top:U_CACHE_SYSTEM|cache4way_age:U_CACHE|data_r[0][0][7]          ; clock_i  ;
; N/A                                     ; None                                                ; -2.811 ns ; cpu_write_data_to_cache_i[11] ; lab8_cache_top:U_CACHE_SYSTEM|cache4way_age:U_CACHE|req_wdata_r[11]          ; clock_i  ;
; N/A                                     ; None                                                ; -2.825 ns ; reset_i                       ; lab8_cache_top:U_CACHE_SYSTEM|cache4way_age:U_CACHE|data_r[3][3][6]          ; clock_i  ;
; N/A                                     ; None                                                ; -2.825 ns ; reset_i                       ; lab8_cache_top:U_CACHE_SYSTEM|cache4way_age:U_CACHE|data_r[3][2][6]          ; clock_i  ;
; N/A                                     ; None                                                ; -2.825 ns ; reset_i                       ; lab8_cache_top:U_CACHE_SYSTEM|cache4way_age:U_CACHE|data_r[3][0][6]          ; clock_i  ;
; N/A                                     ; None                                                ; -2.825 ns ; reset_i                       ; lab8_cache_top:U_CACHE_SYSTEM|cache4way_age:U_CACHE|data_r[3][2][7]          ; clock_i  ;
; N/A                                     ; None                                                ; -2.825 ns ; reset_i                       ; lab8_cache_top:U_CACHE_SYSTEM|cache4way_age:U_CACHE|data_r[3][3][7]          ; clock_i  ;
; N/A                                     ; None                                                ; -2.825 ns ; reset_i                       ; lab8_cache_top:U_CACHE_SYSTEM|cache4way_age:U_CACHE|data_r[3][0][7]          ; clock_i  ;
; N/A                                     ; None                                                ; -2.825 ns ; reset_i                       ; lab8_cache_top:U_CACHE_SYSTEM|cache4way_age:U_CACHE|data_r[3][3][8]          ; clock_i  ;
; N/A                                     ; None                                                ; -2.825 ns ; reset_i                       ; lab8_cache_top:U_CACHE_SYSTEM|cache4way_age:U_CACHE|data_r[3][2][8]          ; clock_i  ;
; N/A                                     ; None                                                ; -2.825 ns ; reset_i                       ; lab8_cache_top:U_CACHE_SYSTEM|cache4way_age:U_CACHE|data_r[3][0][8]          ; clock_i  ;
; N/A                                     ; None                                                ; -2.825 ns ; reset_i                       ; lab8_cache_top:U_CACHE_SYSTEM|cache4way_age:U_CACHE|data_r[3][3][10]         ; clock_i  ;
; N/A                                     ; None                                                ; -2.825 ns ; reset_i                       ; lab8_cache_top:U_CACHE_SYSTEM|cache4way_age:U_CACHE|data_r[3][2][10]         ; clock_i  ;
; N/A                                     ; None                                                ; -2.825 ns ; reset_i                       ; lab8_cache_top:U_CACHE_SYSTEM|cache4way_age:U_CACHE|data_r[3][0][10]         ; clock_i  ;
; N/A                                     ; None                                                ; -2.825 ns ; reset_i                       ; lab8_cache_top:U_CACHE_SYSTEM|cache4way_age:U_CACHE|data_r[3][2][11]         ; clock_i  ;
; N/A                                     ; None                                                ; -2.825 ns ; reset_i                       ; lab8_cache_top:U_CACHE_SYSTEM|cache4way_age:U_CACHE|data_r[3][3][11]         ; clock_i  ;
; N/A                                     ; None                                                ; -2.829 ns ; cpu_write_data_to_cache_i[2]  ; lab8_cache_top:U_CACHE_SYSTEM|cache4way_age:U_CACHE|data_r[0][0][2]          ; clock_i  ;
; N/A                                     ; None                                                ; -2.834 ns ; cpu_write_data_to_cache_i[9]  ; lab8_cache_top:U_CACHE_SYSTEM|cache4way_age:U_CACHE|data_r[3][0][9]          ; clock_i  ;
; N/A                                     ; None                                                ; -2.848 ns ; cpu_address_tag_set_i[14]     ; lab8_cache_top:U_CACHE_SYSTEM|cache4way_age:U_CACHE|ram_addr_r[14]           ; clock_i  ;
; N/A                                     ; None                                                ; -2.864 ns ; reset_i                       ; lab8_cache_top:U_CACHE_SYSTEM|cache4way_age:U_CACHE|data_r[4][3][5]          ; clock_i  ;
; N/A                                     ; None                                                ; -2.864 ns ; reset_i                       ; lab8_cache_top:U_CACHE_SYSTEM|cache4way_age:U_CACHE|data_r[4][1][5]          ; clock_i  ;
; N/A                                     ; None                                                ; -2.864 ns ; reset_i                       ; lab8_cache_top:U_CACHE_SYSTEM|cache4way_age:U_CACHE|data_r[4][0][5]          ; clock_i  ;
; N/A                                     ; None                                                ; -2.864 ns ; reset_i                       ; lab8_cache_top:U_CACHE_SYSTEM|cache4way_age:U_CACHE|data_r[4][3][6]          ; clock_i  ;
; N/A                                     ; None                                                ; -2.864 ns ; reset_i                       ; lab8_cache_top:U_CACHE_SYSTEM|cache4way_age:U_CACHE|data_r[4][1][6]          ; clock_i  ;
; N/A                                     ; None                                                ; -2.864 ns ; reset_i                       ; lab8_cache_top:U_CACHE_SYSTEM|cache4way_age:U_CACHE|data_r[4][0][6]          ; clock_i  ;
; N/A                                     ; None                                                ; -2.864 ns ; reset_i                       ; lab8_cache_top:U_CACHE_SYSTEM|cache4way_age:U_CACHE|data_r[4][3][7]          ; clock_i  ;
; N/A                                     ; None                                                ; -2.864 ns ; reset_i                       ; lab8_cache_top:U_CACHE_SYSTEM|cache4way_age:U_CACHE|data_r[4][1][7]          ; clock_i  ;
; N/A                                     ; None                                                ; -2.864 ns ; reset_i                       ; lab8_cache_top:U_CACHE_SYSTEM|cache4way_age:U_CACHE|data_r[4][0][7]          ; clock_i  ;
; N/A                                     ; None                                                ; -2.864 ns ; reset_i                       ; lab8_cache_top:U_CACHE_SYSTEM|cache4way_age:U_CACHE|data_r[4][3][8]          ; clock_i  ;
; N/A                                     ; None                                                ; -2.864 ns ; reset_i                       ; lab8_cache_top:U_CACHE_SYSTEM|cache4way_age:U_CACHE|data_r[4][1][8]          ; clock_i  ;
; N/A                                     ; None                                                ; -2.864 ns ; reset_i                       ; lab8_cache_top:U_CACHE_SYSTEM|cache4way_age:U_CACHE|data_r[4][3][9]          ; clock_i  ;
; N/A                                     ; None                                                ; -2.864 ns ; reset_i                       ; lab8_cache_top:U_CACHE_SYSTEM|cache4way_age:U_CACHE|data_r[4][1][9]          ; clock_i  ;
; N/A                                     ; None                                                ; -2.864 ns ; reset_i                       ; lab8_cache_top:U_CACHE_SYSTEM|cache4way_age:U_CACHE|data_r[4][0][9]          ; clock_i  ;
; N/A                                     ; None                                                ; -2.866 ns ; cpu_write_data_to_cache_i[14] ; lab8_cache_top:U_CACHE_SYSTEM|cache4way_age:U_CACHE|req_wdata_r[14]          ; clock_i  ;
; N/A                                     ; None                                                ; -2.866 ns ; cpu_write_data_to_cache_i[14] ; lab8_cache_top:U_CACHE_SYSTEM|cache4way_age:U_CACHE|data_r[0][0][14]         ; clock_i  ;
; N/A                                     ; None                                                ; -2.871 ns ; reset_i                       ; lab8_cache_top:U_CACHE_SYSTEM|cache4way_age:U_CACHE|data_r[11][3][6]         ; clock_i  ;
; N/A                                     ; None                                                ; -2.871 ns ; reset_i                       ; lab8_cache_top:U_CACHE_SYSTEM|cache4way_age:U_CACHE|data_r[11][1][6]         ; clock_i  ;
; N/A                                     ; None                                                ; -2.871 ns ; reset_i                       ; lab8_cache_top:U_CACHE_SYSTEM|cache4way_age:U_CACHE|data_r[11][0][6]         ; clock_i  ;
; N/A                                     ; None                                                ; -2.871 ns ; reset_i                       ; lab8_cache_top:U_CACHE_SYSTEM|cache4way_age:U_CACHE|data_r[11][1][7]         ; clock_i  ;
; N/A                                     ; None                                                ; -2.871 ns ; reset_i                       ; lab8_cache_top:U_CACHE_SYSTEM|cache4way_age:U_CACHE|data_r[11][3][7]         ; clock_i  ;
; N/A                                     ; None                                                ; -2.871 ns ; reset_i                       ; lab8_cache_top:U_CACHE_SYSTEM|cache4way_age:U_CACHE|data_r[11][0][7]         ; clock_i  ;
; N/A                                     ; None                                                ; -2.871 ns ; reset_i                       ; lab8_cache_top:U_CACHE_SYSTEM|cache4way_age:U_CACHE|data_r[11][1][8]         ; clock_i  ;
; N/A                                     ; None                                                ; -2.871 ns ; reset_i                       ; lab8_cache_top:U_CACHE_SYSTEM|cache4way_age:U_CACHE|data_r[11][3][8]         ; clock_i  ;
; N/A                                     ; None                                                ; -2.871 ns ; reset_i                       ; lab8_cache_top:U_CACHE_SYSTEM|cache4way_age:U_CACHE|data_r[11][0][8]         ; clock_i  ;
; N/A                                     ; None                                                ; -2.871 ns ; reset_i                       ; lab8_cache_top:U_CACHE_SYSTEM|cache4way_age:U_CACHE|data_r[11][3][9]         ; clock_i  ;
; N/A                                     ; None                                                ; -2.871 ns ; reset_i                       ; lab8_cache_top:U_CACHE_SYSTEM|cache4way_age:U_CACHE|data_r[11][1][9]         ; clock_i  ;
; N/A                                     ; None                                                ; -2.871 ns ; reset_i                       ; lab8_cache_top:U_CACHE_SYSTEM|cache4way_age:U_CACHE|data_r[11][0][9]         ; clock_i  ;
; N/A                                     ; None                                                ; -2.871 ns ; reset_i                       ; lab8_cache_top:U_CACHE_SYSTEM|cache4way_age:U_CACHE|data_r[11][3][10]        ; clock_i  ;
; N/A                                     ; None                                                ; -2.871 ns ; reset_i                       ; lab8_cache_top:U_CACHE_SYSTEM|cache4way_age:U_CACHE|data_r[11][1][10]        ; clock_i  ;
; N/A                                     ; None                                                ; -2.871 ns ; reset_i                       ; lab8_cache_top:U_CACHE_SYSTEM|cache4way_age:U_CACHE|data_r[11][0][10]        ; clock_i  ;
; N/A                                     ; None                                                ; -2.871 ns ; reset_i                       ; lab8_cache_top:U_CACHE_SYSTEM|cache4way_age:U_CACHE|data_r[11][0][11]        ; clock_i  ;
; N/A                                     ; None                                                ; -2.893 ns ; cpu_write_enable_i            ; lab8_cache_top:U_CACHE_SYSTEM|cache4way_age:U_CACHE|state_r.WAIT_READ_GRANT  ; clock_i  ;
; N/A                                     ; None                                                ; -2.898 ns ; cpu_write_enable_i            ; lab8_cache_top:U_CACHE_SYSTEM|cache4way_age:U_CACHE|state_r.WAIT_WRITE_GRANT ; clock_i  ;
; N/A                                     ; None                                                ; -2.902 ns ; cpu_address_tag_set_i[14]     ; lab8_cache_top:U_CACHE_SYSTEM|cache4way_age:U_CACHE|tag_req_r[10]            ; clock_i  ;
; N/A                                     ; None                                                ; -2.903 ns ; cpu_address_tag_set_i[10]     ; lab8_cache_top:U_CACHE_SYSTEM|cache4way_age:U_CACHE|ram_addr_r[10]           ; clock_i  ;
; N/A                                     ; None                                                ; -2.904 ns ; cpu_address_tag_set_i[8]      ; lab8_cache_top:U_CACHE_SYSTEM|cache4way_age:U_CACHE|tag_req_r[4]             ; clock_i  ;
; N/A                                     ; None                                                ; -2.912 ns ; cpu_write_data_to_cache_i[5]  ; lab8_cache_top:U_CACHE_SYSTEM|cache4way_age:U_CACHE|req_wdata_r[5]           ; clock_i  ;
; N/A                                     ; None                                                ; -2.915 ns ; reset_i                       ; lab8_cache_top:U_CACHE_SYSTEM|cache4way_age:U_CACHE|data_r[15][2][6]         ; clock_i  ;
; N/A                                     ; None                                                ; -2.915 ns ; reset_i                       ; lab8_cache_top:U_CACHE_SYSTEM|cache4way_age:U_CACHE|data_r[15][3][6]         ; clock_i  ;
; N/A                                     ; None                                                ; -2.915 ns ; reset_i                       ; lab8_cache_top:U_CACHE_SYSTEM|cache4way_age:U_CACHE|data_r[15][0][6]         ; clock_i  ;
; N/A                                     ; None                                                ; -2.915 ns ; reset_i                       ; lab8_cache_top:U_CACHE_SYSTEM|cache4way_age:U_CACHE|data_r[15][2][7]         ; clock_i  ;
; N/A                                     ; None                                                ; -2.915 ns ; reset_i                       ; lab8_cache_top:U_CACHE_SYSTEM|cache4way_age:U_CACHE|data_r[15][3][7]         ; clock_i  ;
; N/A                                     ; None                                                ; -2.915 ns ; reset_i                       ; lab8_cache_top:U_CACHE_SYSTEM|cache4way_age:U_CACHE|data_r[15][0][7]         ; clock_i  ;
; N/A                                     ; None                                                ; -2.915 ns ; reset_i                       ; lab8_cache_top:U_CACHE_SYSTEM|cache4way_age:U_CACHE|data_r[15][2][8]         ; clock_i  ;
; N/A                                     ; None                                                ; -2.915 ns ; reset_i                       ; lab8_cache_top:U_CACHE_SYSTEM|cache4way_age:U_CACHE|data_r[15][3][8]         ; clock_i  ;
; N/A                                     ; None                                                ; -2.915 ns ; reset_i                       ; lab8_cache_top:U_CACHE_SYSTEM|cache4way_age:U_CACHE|data_r[15][0][8]         ; clock_i  ;
; N/A                                     ; None                                                ; -2.915 ns ; reset_i                       ; lab8_cache_top:U_CACHE_SYSTEM|cache4way_age:U_CACHE|data_r[15][3][9]         ; clock_i  ;
; N/A                                     ; None                                                ; -2.915 ns ; reset_i                       ; lab8_cache_top:U_CACHE_SYSTEM|cache4way_age:U_CACHE|data_r[15][2][9]         ; clock_i  ;
; N/A                                     ; None                                                ; -2.915 ns ; reset_i                       ; lab8_cache_top:U_CACHE_SYSTEM|cache4way_age:U_CACHE|data_r[15][0][9]         ; clock_i  ;
; N/A                                     ; None                                                ; -2.915 ns ; reset_i                       ; lab8_cache_top:U_CACHE_SYSTEM|cache4way_age:U_CACHE|data_r[15][2][10]        ; clock_i  ;
; N/A                                     ; None                                                ; -2.915 ns ; reset_i                       ; lab8_cache_top:U_CACHE_SYSTEM|cache4way_age:U_CACHE|data_r[15][3][10]        ; clock_i  ;
; N/A                                     ; None                                                ; -2.915 ns ; reset_i                       ; lab8_cache_top:U_CACHE_SYSTEM|cache4way_age:U_CACHE|data_r[15][0][10]        ; clock_i  ;
; N/A                                     ; None                                                ; -2.915 ns ; reset_i                       ; lab8_cache_top:U_CACHE_SYSTEM|cache4way_age:U_CACHE|data_r[15][0][11]        ; clock_i  ;
; N/A                                     ; None                                                ; -2.924 ns ; reset_i                       ; lab8_cache_top:U_CACHE_SYSTEM|cache4way_age:U_CACHE|data_r[7][2][4]          ; clock_i  ;
; N/A                                     ; None                                                ; -2.924 ns ; reset_i                       ; lab8_cache_top:U_CACHE_SYSTEM|cache4way_age:U_CACHE|data_r[7][3][5]          ; clock_i  ;
; N/A                                     ; None                                                ; -2.924 ns ; reset_i                       ; lab8_cache_top:U_CACHE_SYSTEM|cache4way_age:U_CACHE|data_r[7][1][5]          ; clock_i  ;
; N/A                                     ; None                                                ; -2.924 ns ; reset_i                       ; lab8_cache_top:U_CACHE_SYSTEM|cache4way_age:U_CACHE|data_r[7][2][5]          ; clock_i  ;
; N/A                                     ; None                                                ; -2.924 ns ; reset_i                       ; lab8_cache_top:U_CACHE_SYSTEM|cache4way_age:U_CACHE|data_r[7][2][6]          ; clock_i  ;
; N/A                                     ; None                                                ; -2.924 ns ; reset_i                       ; lab8_cache_top:U_CACHE_SYSTEM|cache4way_age:U_CACHE|data_r[7][2][7]          ; clock_i  ;
; N/A                                     ; None                                                ; -2.924 ns ; reset_i                       ; lab8_cache_top:U_CACHE_SYSTEM|cache4way_age:U_CACHE|data_r[7][2][8]          ; clock_i  ;
; N/A                                     ; None                                                ; -2.924 ns ; reset_i                       ; lab8_cache_top:U_CACHE_SYSTEM|cache4way_age:U_CACHE|data_r[7][2][9]          ; clock_i  ;
; N/A                                     ; None                                                ; -2.924 ns ; reset_i                       ; lab8_cache_top:U_CACHE_SYSTEM|cache4way_age:U_CACHE|data_r[7][2][10]         ; clock_i  ;
; N/A                                     ; None                                                ; -2.924 ns ; reset_i                       ; lab8_cache_top:U_CACHE_SYSTEM|cache4way_age:U_CACHE|data_r[7][3][11]         ; clock_i  ;
; N/A                                     ; None                                                ; -2.924 ns ; reset_i                       ; lab8_cache_top:U_CACHE_SYSTEM|cache4way_age:U_CACHE|data_r[7][1][11]         ; clock_i  ;
; N/A                                     ; None                                                ; -2.924 ns ; reset_i                       ; lab8_cache_top:U_CACHE_SYSTEM|cache4way_age:U_CACHE|data_r[7][2][11]         ; clock_i  ;
; N/A                                     ; None                                                ; -2.924 ns ; reset_i                       ; lab8_cache_top:U_CACHE_SYSTEM|cache4way_age:U_CACHE|data_r[7][3][12]         ; clock_i  ;
; N/A                                     ; None                                                ; -2.924 ns ; reset_i                       ; lab8_cache_top:U_CACHE_SYSTEM|cache4way_age:U_CACHE|data_r[7][3][13]         ; clock_i  ;
; N/A                                     ; None                                                ; -2.924 ns ; reset_i                       ; lab8_cache_top:U_CACHE_SYSTEM|cache4way_age:U_CACHE|data_r[7][3][14]         ; clock_i  ;
; N/A                                     ; None                                                ; -2.924 ns ; reset_i                       ; lab8_cache_top:U_CACHE_SYSTEM|cache4way_age:U_CACHE|data_r[7][3][15]         ; clock_i  ;
; N/A                                     ; None                                                ; -2.925 ns ; cpu_write_data_to_cache_i[0]  ; lab8_cache_top:U_CACHE_SYSTEM|cache4way_age:U_CACHE|req_wdata_r[0]           ; clock_i  ;
; N/A                                     ; None                                                ; -2.925 ns ; reset_i                       ; lab8_cache_top:U_CACHE_SYSTEM|cache4way_age:U_CACHE|data_r[15][1][6]         ; clock_i  ;
; N/A                                     ; None                                                ; -2.925 ns ; reset_i                       ; lab8_cache_top:U_CACHE_SYSTEM|cache4way_age:U_CACHE|data_r[15][1][7]         ; clock_i  ;
; N/A                                     ; None                                                ; -2.925 ns ; reset_i                       ; lab8_cache_top:U_CACHE_SYSTEM|cache4way_age:U_CACHE|data_r[15][1][8]         ; clock_i  ;
; N/A                                     ; None                                                ; -2.925 ns ; reset_i                       ; lab8_cache_top:U_CACHE_SYSTEM|cache4way_age:U_CACHE|data_r[15][1][9]         ; clock_i  ;
; N/A                                     ; None                                                ; -2.925 ns ; reset_i                       ; lab8_cache_top:U_CACHE_SYSTEM|cache4way_age:U_CACHE|data_r[15][1][12]        ; clock_i  ;
; N/A                                     ; None                                                ; -2.925 ns ; reset_i                       ; lab8_cache_top:U_CACHE_SYSTEM|cache4way_age:U_CACHE|data_r[15][2][12]        ; clock_i  ;
; N/A                                     ; None                                                ; -2.925 ns ; reset_i                       ; lab8_cache_top:U_CACHE_SYSTEM|cache4way_age:U_CACHE|data_r[15][0][12]        ; clock_i  ;
; N/A                                     ; None                                                ; -2.925 ns ; reset_i                       ; lab8_cache_top:U_CACHE_SYSTEM|cache4way_age:U_CACHE|data_r[15][1][13]        ; clock_i  ;
; N/A                                     ; None                                                ; -2.925 ns ; reset_i                       ; lab8_cache_top:U_CACHE_SYSTEM|cache4way_age:U_CACHE|data_r[15][2][13]        ; clock_i  ;
; N/A                                     ; None                                                ; -2.925 ns ; reset_i                       ; lab8_cache_top:U_CACHE_SYSTEM|cache4way_age:U_CACHE|data_r[15][0][13]        ; clock_i  ;
; N/A                                     ; None                                                ; -2.925 ns ; reset_i                       ; lab8_cache_top:U_CACHE_SYSTEM|cache4way_age:U_CACHE|data_r[15][2][14]        ; clock_i  ;
; N/A                                     ; None                                                ; -2.925 ns ; reset_i                       ; lab8_cache_top:U_CACHE_SYSTEM|cache4way_age:U_CACHE|data_r[15][1][14]        ; clock_i  ;
; N/A                                     ; None                                                ; -2.925 ns ; reset_i                       ; lab8_cache_top:U_CACHE_SYSTEM|cache4way_age:U_CACHE|data_r[15][0][14]        ; clock_i  ;
; N/A                                     ; None                                                ; -2.925 ns ; reset_i                       ; lab8_cache_top:U_CACHE_SYSTEM|cache4way_age:U_CACHE|data_r[15][2][15]        ; clock_i  ;
; N/A                                     ; None                                                ; -2.925 ns ; reset_i                       ; lab8_cache_top:U_CACHE_SYSTEM|cache4way_age:U_CACHE|data_r[15][1][15]        ; clock_i  ;
; N/A                                     ; None                                                ; -2.925 ns ; reset_i                       ; lab8_cache_top:U_CACHE_SYSTEM|cache4way_age:U_CACHE|data_r[15][0][15]        ; clock_i  ;
; N/A                                     ; None                                                ; -2.934 ns ; cpu_write_data_to_cache_i[8]  ; lab8_cache_top:U_CACHE_SYSTEM|cache4way_age:U_CACHE|req_wdata_r[8]           ; clock_i  ;
; N/A                                     ; None                                                ; -2.934 ns ; cpu_write_data_to_cache_i[8]  ; lab8_cache_top:U_CACHE_SYSTEM|cache4way_age:U_CACHE|data_r[4][0][8]          ; clock_i  ;
; N/A                                     ; None                                                ; -2.961 ns ; cpu_address_tag_set_i[12]     ; lab8_cache_top:U_CACHE_SYSTEM|cache4way_age:U_CACHE|tag_req_r[8]             ; clock_i  ;
; N/A                                     ; None                                                ; -2.961 ns ; cpu_write_data_to_cache_i[6]  ; lab8_cache_top:U_CACHE_SYSTEM|cache4way_age:U_CACHE|req_wdata_r[6]           ; clock_i  ;
; N/A                                     ; None                                                ; -2.961 ns ; cpu_write_data_to_cache_i[6]  ; lab8_cache_top:U_CACHE_SYSTEM|cache4way_age:U_CACHE|data_r[0][0][6]          ; clock_i  ;
; Timing analysis restricted to 200 rows. ; To change the limit use Settings (Assignments menu) ;           ;                               ;                                                                              ;          ;
+-----------------------------------------+-----------------------------------------------------+-----------+-------------------------------+------------------------------------------------------------------------------+----------+


+--------------------------+
; Timing Analyzer Messages ;
+--------------------------+
Info: *******************************************************************
Info: Running Quartus II Classic Timing Analyzer
    Info: Version 9.1 Build 222 10/21/2009 SJ Web Edition
    Info: Processing started: Thu May 14 23:24:51 2026
Info: Command: quartus_tan --read_settings_files=off --write_settings_files=off lab8_cache -c lab8_cache --timing_analysis_only
Warning: Found pins functioning as undefined clocks and/or memory enables
    Info: Assuming node "clock_i" is an undefined clock
Info: Clock "clock_i" has Internal fmax of 116.75 MHz between source register "lab8_cache_top:U_CACHE_SYSTEM|cache4way_age:U_CACHE|age_r[14][0][0]" and destination register "lab8_cache_top:U_CACHE_SYSTEM|cache4way_age:U_CACHE|victim_r[1]" (period= 8.565 ns)
    Info: + Longest register to register delay is 8.392 ns
        Info: 1: + IC(0.000 ns) + CELL(0.000 ns) = 0.000 ns; Loc. = LCFF_X30_Y15_N7; Fanout = 4; REG Node = 'lab8_cache_top:U_CACHE_SYSTEM|cache4way_age:U_CACHE|age_r[14][0][0]'
        Info: 2: + IC(0.902 ns) + CELL(0.272 ns) = 1.174 ns; Loc. = LCCOMB_X29_Y11_N14; Fanout = 1; COMB Node = 'lab8_cache_top:U_CACHE_SYSTEM|cache4way_age:U_CACHE|Mux55~1'
        Info: 3: + IC(0.336 ns) + CELL(0.272 ns) = 1.782 ns; Loc. = LCCOMB_X30_Y11_N30; Fanout = 2; COMB Node = 'lab8_cache_top:U_CACHE_SYSTEM|cache4way_age:U_CACHE|Mux55~4'
        Info: 4: + IC(0.266 ns) + CELL(0.378 ns) = 2.426 ns; Loc. = LCCOMB_X30_Y11_N12; Fanout = 36; COMB Node = 'lab8_cache_top:U_CACHE_SYSTEM|cache4way_age:U_CACHE|victim_v~0'
        Info: 5: + IC(0.673 ns) + CELL(0.154 ns) = 3.253 ns; Loc. = LCCOMB_X29_Y12_N0; Fanout = 1; COMB Node = 'lab8_cache_top:U_CACHE_SYSTEM|cache4way_age:U_CACHE|Mux59~2'
        Info: 6: + IC(0.242 ns) + CELL(0.272 ns) = 3.767 ns; Loc. = LCCOMB_X29_Y12_N12; Fanout = 1; COMB Node = 'lab8_cache_top:U_CACHE_SYSTEM|cache4way_age:U_CACHE|Mux59~5'
        Info: 7: + IC(0.573 ns) + CELL(0.228 ns) = 4.568 ns; Loc. = LCCOMB_X26_Y12_N8; Fanout = 2; COMB Node = 'lab8_cache_top:U_CACHE_SYSTEM|cache4way_age:U_CACHE|Mux59~10'
        Info: 8: + IC(0.248 ns) + CELL(0.272 ns) = 5.088 ns; Loc. = LCCOMB_X26_Y12_N30; Fanout = 20; COMB Node = 'lab8_cache_top:U_CACHE_SYSTEM|cache4way_age:U_CACHE|victim_v~1DUPLICATE'
        Info: 9: + IC(0.554 ns) + CELL(0.346 ns) = 5.988 ns; Loc. = LCCOMB_X23_Y12_N20; Fanout = 1; COMB Node = 'lab8_cache_top:U_CACHE_SYSTEM|cache4way_age:U_CACHE|Mux112~3'
        Info: 10: + IC(0.242 ns) + CELL(0.272 ns) = 6.502 ns; Loc. = LCCOMB_X23_Y12_N12; Fanout = 1; COMB Node = 'lab8_cache_top:U_CACHE_SYSTEM|cache4way_age:U_CACHE|Mux112~4'
        Info: 11: + IC(0.820 ns) + CELL(0.378 ns) = 7.700 ns; Loc. = LCCOMB_X26_Y14_N26; Fanout = 1; COMB Node = 'lab8_cache_top:U_CACHE_SYSTEM|cache4way_age:U_CACHE|Mux112~20'
        Info: 12: + IC(0.205 ns) + CELL(0.053 ns) = 7.958 ns; Loc. = LCCOMB_X26_Y14_N0; Fanout = 2; COMB Node = 'lab8_cache_top:U_CACHE_SYSTEM|cache4way_age:U_CACHE|victim_r[1]~2'
        Info: 13: + IC(0.226 ns) + CELL(0.053 ns) = 8.237 ns; Loc. = LCCOMB_X26_Y14_N30; Fanout = 1; COMB Node = 'lab8_cache_top:U_CACHE_SYSTEM|cache4way_age:U_CACHE|victim_r~4'
        Info: 14: + IC(0.000 ns) + CELL(0.155 ns) = 8.392 ns; Loc. = LCFF_X26_Y14_N31; Fanout = 12; REG Node = 'lab8_cache_top:U_CACHE_SYSTEM|cache4way_age:U_CACHE|victim_r[1]'
        Info: Total cell delay = 3.105 ns ( 37.00 % )
        Info: Total interconnect delay = 5.287 ns ( 63.00 % )
    Info: - Smallest clock skew is 0.011 ns
        Info: + Shortest clock path from clock "clock_i" to destination register is 2.488 ns
            Info: 1: + IC(0.000 ns) + CELL(0.854 ns) = 0.854 ns; Loc. = PIN_N20; Fanout = 1; CLK Node = 'clock_i'
            Info: 2: + IC(0.343 ns) + CELL(0.000 ns) = 1.197 ns; Loc. = CLKCTRL_G3; Fanout = 2169; COMB Node = 'clock_i~clkctrl'
            Info: 3: + IC(0.673 ns) + CELL(0.618 ns) = 2.488 ns; Loc. = LCFF_X26_Y14_N31; Fanout = 12; REG Node = 'lab8_cache_top:U_CACHE_SYSTEM|cache4way_age:U_CACHE|victim_r[1]'
            Info: Total cell delay = 1.472 ns ( 59.16 % )
            Info: Total interconnect delay = 1.016 ns ( 40.84 % )
        Info: - Longest clock path from clock "clock_i" to source register is 2.477 ns
            Info: 1: + IC(0.000 ns) + CELL(0.854 ns) = 0.854 ns; Loc. = PIN_N20; Fanout = 1; CLK Node = 'clock_i'
            Info: 2: + IC(0.343 ns) + CELL(0.000 ns) = 1.197 ns; Loc. = CLKCTRL_G3; Fanout = 2169; COMB Node = 'clock_i~clkctrl'
            Info: 3: + IC(0.662 ns) + CELL(0.618 ns) = 2.477 ns; Loc. = LCFF_X30_Y15_N7; Fanout = 4; REG Node = 'lab8_cache_top:U_CACHE_SYSTEM|cache4way_age:U_CACHE|age_r[14][0][0]'
            Info: Total cell delay = 1.472 ns ( 59.43 % )
            Info: Total interconnect delay = 1.005 ns ( 40.57 % )
    Info: + Micro clock to output delay of source is 0.094 ns
    Info: + Micro setup delay of destination is 0.090 ns
Info: tsu for register "lab8_cache_top:U_CACHE_SYSTEM|cache4way_age:U_CACHE|victim_r[1]" (data pin = "cpu_address_tag_set_i[2]", clock pin = "clock_i") is 12.680 ns
    Info: + Longest pin to register delay is 15.078 ns
        Info: 1: + IC(0.000 ns) + CELL(0.857 ns) = 0.857 ns; Loc. = PIN_B18; Fanout = 226; PIN Node = 'cpu_address_tag_set_i[2]'
        Info: 2: + IC(6.625 ns) + CELL(0.378 ns) = 7.860 ns; Loc. = LCCOMB_X29_Y11_N14; Fanout = 1; COMB Node = 'lab8_cache_top:U_CACHE_SYSTEM|cache4way_age:U_CACHE|Mux55~1'
        Info: 3: + IC(0.336 ns) + CELL(0.272 ns) = 8.468 ns; Loc. = LCCOMB_X30_Y11_N30; Fanout = 2; COMB Node = 'lab8_cache_top:U_CACHE_SYSTEM|cache4way_age:U_CACHE|Mux55~4'
        Info: 4: + IC(0.266 ns) + CELL(0.378 ns) = 9.112 ns; Loc. = LCCOMB_X30_Y11_N12; Fanout = 36; COMB Node = 'lab8_cache_top:U_CACHE_SYSTEM|cache4way_age:U_CACHE|victim_v~0'
        Info: 5: + IC(0.673 ns) + CELL(0.154 ns) = 9.939 ns; Loc. = LCCOMB_X29_Y12_N0; Fanout = 1; COMB Node = 'lab8_cache_top:U_CACHE_SYSTEM|cache4way_age:U_CACHE|Mux59~2'
        Info: 6: + IC(0.242 ns) + CELL(0.272 ns) = 10.453 ns; Loc. = LCCOMB_X29_Y12_N12; Fanout = 1; COMB Node = 'lab8_cache_top:U_CACHE_SYSTEM|cache4way_age:U_CACHE|Mux59~5'
        Info: 7: + IC(0.573 ns) + CELL(0.228 ns) = 11.254 ns; Loc. = LCCOMB_X26_Y12_N8; Fanout = 2; COMB Node = 'lab8_cache_top:U_CACHE_SYSTEM|cache4way_age:U_CACHE|Mux59~10'
        Info: 8: + IC(0.248 ns) + CELL(0.272 ns) = 11.774 ns; Loc. = LCCOMB_X26_Y12_N30; Fanout = 20; COMB Node = 'lab8_cache_top:U_CACHE_SYSTEM|cache4way_age:U_CACHE|victim_v~1DUPLICATE'
        Info: 9: + IC(0.554 ns) + CELL(0.346 ns) = 12.674 ns; Loc. = LCCOMB_X23_Y12_N20; Fanout = 1; COMB Node = 'lab8_cache_top:U_CACHE_SYSTEM|cache4way_age:U_CACHE|Mux112~3'
        Info: 10: + IC(0.242 ns) + CELL(0.272 ns) = 13.188 ns; Loc. = LCCOMB_X23_Y12_N12; Fanout = 1; COMB Node = 'lab8_cache_top:U_CACHE_SYSTEM|cache4way_age:U_CACHE|Mux112~4'
        Info: 11: + IC(0.820 ns) + CELL(0.378 ns) = 14.386 ns; Loc. = LCCOMB_X26_Y14_N26; Fanout = 1; COMB Node = 'lab8_cache_top:U_CACHE_SYSTEM|cache4way_age:U_CACHE|Mux112~20'
        Info: 12: + IC(0.205 ns) + CELL(0.053 ns) = 14.644 ns; Loc. = LCCOMB_X26_Y14_N0; Fanout = 2; COMB Node = 'lab8_cache_top:U_CACHE_SYSTEM|cache4way_age:U_CACHE|victim_r[1]~2'
        Info: 13: + IC(0.226 ns) + CELL(0.053 ns) = 14.923 ns; Loc. = LCCOMB_X26_Y14_N30; Fanout = 1; COMB Node = 'lab8_cache_top:U_CACHE_SYSTEM|cache4way_age:U_CACHE|victim_r~4'
        Info: 14: + IC(0.000 ns) + CELL(0.155 ns) = 15.078 ns; Loc. = LCFF_X26_Y14_N31; Fanout = 12; REG Node = 'lab8_cache_top:U_CACHE_SYSTEM|cache4way_age:U_CACHE|victim_r[1]'
        Info: Total cell delay = 4.068 ns ( 26.98 % )
        Info: Total interconnect delay = 11.010 ns ( 73.02 % )
    Info: + Micro setup delay of destination is 0.090 ns
    Info: - Shortest clock path from clock "clock_i" to destination register is 2.488 ns
        Info: 1: + IC(0.000 ns) + CELL(0.854 ns) = 0.854 ns; Loc. = PIN_N20; Fanout = 1; CLK Node = 'clock_i'
        Info: 2: + IC(0.343 ns) + CELL(0.000 ns) = 1.197 ns; Loc. = CLKCTRL_G3; Fanout = 2169; COMB Node = 'clock_i~clkctrl'
        Info: 3: + IC(0.673 ns) + CELL(0.618 ns) = 2.488 ns; Loc. = LCFF_X26_Y14_N31; Fanout = 12; REG Node = 'lab8_cache_top:U_CACHE_SYSTEM|cache4way_age:U_CACHE|victim_r[1]'
        Info: Total cell delay = 1.472 ns ( 59.16 % )
        Info: Total interconnect delay = 1.016 ns ( 40.84 % )
Info: tco from clock "clock_i" to destination pin "memory_data_debug_o[2]" through register "lab8_cache_top:U_CACHE_SYSTEM|cache4way_age:U_CACHE|ram_wdata_r[2]" is 8.670 ns
    Info: + Longest clock path from clock "clock_i" to source register is 2.478 ns
        Info: 1: + IC(0.000 ns) + CELL(0.854 ns) = 0.854 ns; Loc. = PIN_N20; Fanout = 1; CLK Node = 'clock_i'
        Info: 2: + IC(0.343 ns) + CELL(0.000 ns) = 1.197 ns; Loc. = CLKCTRL_G3; Fanout = 2169; COMB Node = 'clock_i~clkctrl'
        Info: 3: + IC(0.663 ns) + CELL(0.618 ns) = 2.478 ns; Loc. = LCFF_X22_Y21_N17; Fanout = 4; REG Node = 'lab8_cache_top:U_CACHE_SYSTEM|cache4way_age:U_CACHE|ram_wdata_r[2]'
        Info: Total cell delay = 1.472 ns ( 59.40 % )
        Info: Total interconnect delay = 1.006 ns ( 40.60 % )
    Info: + Micro clock to output delay of source is 0.094 ns
    Info: + Longest register to pin delay is 6.098 ns
        Info: 1: + IC(0.000 ns) + CELL(0.000 ns) = 0.000 ns; Loc. = LCFF_X22_Y21_N17; Fanout = 4; REG Node = 'lab8_cache_top:U_CACHE_SYSTEM|cache4way_age:U_CACHE|ram_wdata_r[2]'
        Info: 2: + IC(1.769 ns) + CELL(0.225 ns) = 1.994 ns; Loc. = LCCOMB_X23_Y14_N18; Fanout = 1; COMB Node = 'lab8_cache_top:U_CACHE_SYSTEM|ram_data_dbg_o[2]~2'
        Info: 3: + IC(1.970 ns) + CELL(2.134 ns) = 6.098 ns; Loc. = PIN_K20; Fanout = 0; PIN Node = 'memory_data_debug_o[2]'
        Info: Total cell delay = 2.359 ns ( 38.68 % )
        Info: Total interconnect delay = 3.739 ns ( 61.32 % )
Info: th for register "lab8_cache_top:U_CACHE_SYSTEM|cache4way_age:U_CACHE|ram_wdata_r[8]" (data pin = "cpu_write_data_to_cache_i[8]", clock pin = "clock_i") is -2.503 ns
    Info: + Longest clock path from clock "clock_i" to destination register is 2.478 ns
        Info: 1: + IC(0.000 ns) + CELL(0.854 ns) = 0.854 ns; Loc. = PIN_N20; Fanout = 1; CLK Node = 'clock_i'
        Info: 2: + IC(0.343 ns) + CELL(0.000 ns) = 1.197 ns; Loc. = CLKCTRL_G3; Fanout = 2169; COMB Node = 'clock_i~clkctrl'
        Info: 3: + IC(0.663 ns) + CELL(0.618 ns) = 2.478 ns; Loc. = LCFF_X22_Y21_N3; Fanout = 4; REG Node = 'lab8_cache_top:U_CACHE_SYSTEM|cache4way_age:U_CACHE|ram_wdata_r[8]'
        Info: Total cell delay = 1.472 ns ( 59.40 % )
        Info: Total interconnect delay = 1.006 ns ( 40.60 % )
    Info: + Micro hold delay of destination is 0.149 ns
    Info: - Shortest pin to register delay is 5.130 ns
        Info: 1: + IC(0.000 ns) + CELL(0.780 ns) = 0.780 ns; Loc. = PIN_J8; Fanout = 3; PIN Node = 'cpu_write_data_to_cache_i[8]'
        Info: 2: + IC(4.041 ns) + CELL(0.309 ns) = 5.130 ns; Loc. = LCFF_X22_Y21_N3; Fanout = 4; REG Node = 'lab8_cache_top:U_CACHE_SYSTEM|cache4way_age:U_CACHE|ram_wdata_r[8]'
        Info: Total cell delay = 1.089 ns ( 21.23 % )
        Info: Total interconnect delay = 4.041 ns ( 78.77 % )
Info: Quartus II Classic Timing Analyzer was successful. 0 errors, 1 warning
    Info: Peak virtual memory: 212 megabytes
    Info: Processing ended: Thu May 14 23:24:52 2026
    Info: Elapsed time: 00:00:01
    Info: Total CPU time (on all processors): 00:00:01


