Fitter report for lab8_cache
Sun May 17 14:14:47 2026
Quartus II Version 9.1 Build 222 10/21/2009 SJ Web Edition


---------------------
; Table of Contents ;
---------------------
  1. Legal Notice
  2. Fitter Summary
  3. Fitter Settings
  4. Parallel Compilation
  5. I/O Assignment Warnings
  6. Fitter Netlist Optimizations
  7. Incremental Compilation Preservation Summary
  8. Incremental Compilation Partition Settings
  9. Incremental Compilation Placement Preservation
 10. Pin-Out File
 11. Fitter Resource Usage Summary
 12. Input Pins
 13. Output Pins
 14. I/O Bank Usage
 15. All Package Pins
 16. Output Pin Default Load For Reported TCO
 17. Fitter Resource Utilization by Entity
 18. Delay Chain Summary
 19. Pad To Core Delay Chain Fanout
 20. Control Signals
 21. Global & Other Fast Signals
 22. Non-Global High Fan-Out Signals
 23. Fitter RAM Summary
 24. Interconnect Usage Summary
 25. LAB Logic Elements
 26. LAB-wide Signals
 27. LAB Signals Sourced
 28. LAB Signals Sourced Out
 29. LAB Distinct Inputs
 30. I/O Rules Summary
 31. I/O Rules Details
 32. I/O Rules Matrix
 33. Fitter Device Options
 34. Operating Settings and Conditions
 35. Estimated Delay Added for Hold Timing
 36. Fitter Messages



----------------
; Legal Notice ;
----------------
Copyright (C) 1991-2009 Altera Corporation
Your use of Altera Corporation's design tools, logic functions 
and other software and tools, and its AMPP partner logic 
functions, and any output files from any of the foregoing 
(including device programming or simulation files), and any 
associated documentation or information are expressly subject 
to the terms and conditions of the Altera Program License 
Subscription Agreement, Altera MegaCore Function License 
Agreement, or other applicable license agreement, including, 
without limitation, that your use is for the sole purpose of 
programming logic devices manufactured by Altera and sold by 
Altera or its authorized distributors.  Please refer to the 
applicable agreement for further details.



+-------------------------------------------------------------------------+
; Fitter Summary                                                          ;
+-------------------------------+-----------------------------------------+
; Fitter Status                 ; Successful - Sun May 17 14:14:47 2026   ;
; Quartus II Version            ; 9.1 Build 222 10/21/2009 SJ Web Edition ;
; Revision Name                 ; lab8_cache                              ;
; Top-level Entity Name         ; lab8_cache_rtl_view_top                 ;
; Family                        ; Stratix II                              ;
; Device                        ; EP2S15F484C3                            ;
; Timing Models                 ; Final                                   ;
; Logic utilization             ; 5 %                                     ;
;     Combinational ALUTs       ; 200 / 12,480 ( 2 % )                    ;
;     Dedicated logic registers ; 374 / 12,480 ( 3 % )                    ;
; Total registers               ; 374                                     ;
; Total pins                    ; 89 / 343 ( 26 % )                       ;
; Total virtual pins            ; 0                                       ;
; Total block memory bits       ; 4,096 / 419,328 ( < 1 % )               ;
; DSP block 9-bit elements      ; 0 / 96 ( 0 % )                          ;
; Total PLLs                    ; 0 / 6 ( 0 % )                           ;
; Total DLLs                    ; 0 / 2 ( 0 % )                           ;
+-------------------------------+-----------------------------------------+


+----------------------------------------------------------------------------------------------------------------------------------------------+
; Fitter Settings                                                                                                                              ;
+----------------------------------------------------------------------------+--------------------------------+--------------------------------+
; Option                                                                     ; Setting                        ; Default Value                  ;
+----------------------------------------------------------------------------+--------------------------------+--------------------------------+
; Device                                                                     ; AUTO                           ;                                ;
; Fit Attempts to Skip                                                       ; 0                              ; 0.0                            ;
; Use smart compilation                                                      ; Off                            ; Off                            ;
; Enable parallel Assembler and TimeQuest Timing Analyzer during compilation ; On                             ; On                             ;
; Enable compact report table                                                ; Off                            ; Off                            ;
; Use TimeQuest Timing Analyzer                                              ; Off                            ; Off                            ;
; Router Timing Optimization Level                                           ; Normal                         ; Normal                         ;
; Placement Effort Multiplier                                                ; 1.0                            ; 1.0                            ;
; Router Effort Multiplier                                                   ; 1.0                            ; 1.0                            ;
; Always Enable Input Buffers                                                ; Off                            ; Off                            ;
; Optimize Hold Timing                                                       ; IO Paths and Minimum TPD Paths ; IO Paths and Minimum TPD Paths ;
; Optimize Multi-Corner Timing                                               ; Off                            ; Off                            ;
; PowerPlay Power Optimization                                               ; Normal compilation             ; Normal compilation             ;
; Optimize Timing                                                            ; Normal compilation             ; Normal compilation             ;
; Optimize Timing for ECOs                                                   ; Off                            ; Off                            ;
; Regenerate full fit report during ECO compiles                             ; Off                            ; Off                            ;
; Optimize IOC Register Placement for Timing                                 ; On                             ; On                             ;
; Limit to One Fitting Attempt                                               ; Off                            ; Off                            ;
; Final Placement Optimizations                                              ; Automatically                  ; Automatically                  ;
; Fitter Aggressive Routability Optimizations                                ; Automatically                  ; Automatically                  ;
; Fitter Initial Placement Seed                                              ; 1                              ; 1                              ;
; PCI I/O                                                                    ; Off                            ; Off                            ;
; Weak Pull-Up Resistor                                                      ; Off                            ; Off                            ;
; Enable Bus-Hold Circuitry                                                  ; Off                            ; Off                            ;
; Auto Global Memory Control Signals                                         ; Off                            ; Off                            ;
; Auto Packed Registers                                                      ; Auto                           ; Auto                           ;
; Auto Delay Chains                                                          ; On                             ; On                             ;
; Auto Merge PLLs                                                            ; On                             ; On                             ;
; Perform Physical Synthesis for Combinational Logic for Fitting             ; Off                            ; Off                            ;
; Perform Physical Synthesis for Combinational Logic for Performance         ; Off                            ; Off                            ;
; Perform Register Duplication for Performance                               ; Off                            ; Off                            ;
; Perform Logic to Memory Mapping for Fitting                                ; Off                            ; Off                            ;
; Perform Register Retiming for Performance                                  ; Off                            ; Off                            ;
; Perform Asynchronous Signal Pipelining                                     ; Off                            ; Off                            ;
; Fitter Effort                                                              ; Auto Fit                       ; Auto Fit                       ;
; Physical Synthesis Effort Level                                            ; Normal                         ; Normal                         ;
; Logic Cell Insertion - Logic Duplication                                   ; Auto                           ; Auto                           ;
; Auto Register Duplication                                                  ; Auto                           ; Auto                           ;
; Auto Global Clock                                                          ; On                             ; On                             ;
; Auto Global Register Control Signals                                       ; On                             ; On                             ;
; Stop After Congestion Map Generation                                       ; Off                            ; Off                            ;
; Save Intermediate Fitting Results                                          ; Off                            ; Off                            ;
; Force Fitter to Avoid Periphery Placement Warnings                         ; Off                            ; Off                            ;
; Use Best Effort Settings for Compilation                                   ; Off                            ; Off                            ;
+----------------------------------------------------------------------------+--------------------------------+--------------------------------+


Parallel compilation was disabled, but you have multiple processors available. Enable parallel compilation to reduce compilation time.
+-------------------------------------+
; Parallel Compilation                ;
+----------------------------+--------+
; Processors                 ; Number ;
+----------------------------+--------+
; Number detected on machine ; 12     ;
; Maximum allowed            ; 1      ;
+----------------------------+--------+


+-------------------------------------------------------------------+
; I/O Assignment Warnings                                           ;
+-----------------------------------+-------------------------------+
; Pin Name                          ; Reason                        ;
+-----------------------------------+-------------------------------+
; cpu_read_data_from_cache_o[0]     ; Incomplete set of assignments ;
; cpu_read_data_from_cache_o[1]     ; Incomplete set of assignments ;
; cpu_read_data_from_cache_o[2]     ; Incomplete set of assignments ;
; cpu_read_data_from_cache_o[3]     ; Incomplete set of assignments ;
; cpu_read_data_from_cache_o[4]     ; Incomplete set of assignments ;
; cpu_read_data_from_cache_o[5]     ; Incomplete set of assignments ;
; cpu_read_data_from_cache_o[6]     ; Incomplete set of assignments ;
; cpu_read_data_from_cache_o[7]     ; Incomplete set of assignments ;
; cpu_read_data_from_cache_o[8]     ; Incomplete set of assignments ;
; cpu_read_data_from_cache_o[9]     ; Incomplete set of assignments ;
; cpu_read_data_from_cache_o[10]    ; Incomplete set of assignments ;
; cpu_read_data_from_cache_o[11]    ; Incomplete set of assignments ;
; cpu_read_data_from_cache_o[12]    ; Incomplete set of assignments ;
; cpu_read_data_from_cache_o[13]    ; Incomplete set of assignments ;
; cpu_read_data_from_cache_o[14]    ; Incomplete set of assignments ;
; cpu_read_data_from_cache_o[15]    ; Incomplete set of assignments ;
; cpu_cache_response_ready_o        ; Incomplete set of assignments ;
; cache_hit_signal_o                ; Incomplete set of assignments ;
; cache_miss_signal_o               ; Incomplete set of assignments ;
; memory_request_from_cache_debug_o ; Incomplete set of assignments ;
; memory_write_enable_debug_o       ; Incomplete set of assignments ;
; memory_address_debug_o[0]         ; Incomplete set of assignments ;
; memory_address_debug_o[1]         ; Incomplete set of assignments ;
; memory_address_debug_o[2]         ; Incomplete set of assignments ;
; memory_address_debug_o[3]         ; Incomplete set of assignments ;
; memory_address_debug_o[4]         ; Incomplete set of assignments ;
; memory_address_debug_o[5]         ; Incomplete set of assignments ;
; memory_address_debug_o[6]         ; Incomplete set of assignments ;
; memory_address_debug_o[7]         ; Incomplete set of assignments ;
; memory_address_debug_o[8]         ; Incomplete set of assignments ;
; memory_address_debug_o[9]         ; Incomplete set of assignments ;
; memory_address_debug_o[10]        ; Incomplete set of assignments ;
; memory_address_debug_o[11]        ; Incomplete set of assignments ;
; memory_address_debug_o[12]        ; Incomplete set of assignments ;
; memory_address_debug_o[13]        ; Incomplete set of assignments ;
; memory_address_debug_o[14]        ; Incomplete set of assignments ;
; memory_address_debug_o[15]        ; Incomplete set of assignments ;
; memory_data_debug_o[0]            ; Incomplete set of assignments ;
; memory_data_debug_o[1]            ; Incomplete set of assignments ;
; memory_data_debug_o[2]            ; Incomplete set of assignments ;
; memory_data_debug_o[3]            ; Incomplete set of assignments ;
; memory_data_debug_o[4]            ; Incomplete set of assignments ;
; memory_data_debug_o[5]            ; Incomplete set of assignments ;
; memory_data_debug_o[6]            ; Incomplete set of assignments ;
; memory_data_debug_o[7]            ; Incomplete set of assignments ;
; memory_data_debug_o[8]            ; Incomplete set of assignments ;
; memory_data_debug_o[9]            ; Incomplete set of assignments ;
; memory_data_debug_o[10]           ; Incomplete set of assignments ;
; memory_data_debug_o[11]           ; Incomplete set of assignments ;
; memory_data_debug_o[12]           ; Incomplete set of assignments ;
; memory_data_debug_o[13]           ; Incomplete set of assignments ;
; memory_data_debug_o[14]           ; Incomplete set of assignments ;
; memory_data_debug_o[15]           ; Incomplete set of assignments ;
; clock_i                           ; Incomplete set of assignments ;
; cpu_address_tag_set_i[0]          ; Incomplete set of assignments ;
; cpu_address_tag_set_i[2]          ; Incomplete set of assignments ;
; cpu_address_tag_set_i[1]          ; Incomplete set of assignments ;
; reset_i                           ; Incomplete set of assignments ;
; cpu_write_enable_i                ; Incomplete set of assignments ;
; cpu_address_tag_set_i[15]         ; Incomplete set of assignments ;
; cpu_address_tag_set_i[8]          ; Incomplete set of assignments ;
; cpu_address_tag_set_i[7]          ; Incomplete set of assignments ;
; cpu_address_tag_set_i[6]          ; Incomplete set of assignments ;
; cpu_address_tag_set_i[5]          ; Incomplete set of assignments ;
; cpu_address_tag_set_i[4]          ; Incomplete set of assignments ;
; cpu_address_tag_set_i[3]          ; Incomplete set of assignments ;
; cpu_address_tag_set_i[14]         ; Incomplete set of assignments ;
; cpu_address_tag_set_i[13]         ; Incomplete set of assignments ;
; cpu_address_tag_set_i[12]         ; Incomplete set of assignments ;
; cpu_address_tag_set_i[11]         ; Incomplete set of assignments ;
; cpu_address_tag_set_i[9]          ; Incomplete set of assignments ;
; cpu_address_tag_set_i[10]         ; Incomplete set of assignments ;
; cpu_cache_request_i               ; Incomplete set of assignments ;
; cpu_write_data_to_cache_i[0]      ; Incomplete set of assignments ;
; cpu_write_data_to_cache_i[1]      ; Incomplete set of assignments ;
; cpu_write_data_to_cache_i[2]      ; Incomplete set of assignments ;
; cpu_write_data_to_cache_i[3]      ; Incomplete set of assignments ;
; cpu_write_data_to_cache_i[4]      ; Incomplete set of assignments ;
; cpu_write_data_to_cache_i[5]      ; Incomplete set of assignments ;
; cpu_write_data_to_cache_i[6]      ; Incomplete set of assignments ;
; cpu_write_data_to_cache_i[7]      ; Incomplete set of assignments ;
; cpu_write_data_to_cache_i[8]      ; Incomplete set of assignments ;
; cpu_write_data_to_cache_i[9]      ; Incomplete set of assignments ;
; cpu_write_data_to_cache_i[10]     ; Incomplete set of assignments ;
; cpu_write_data_to_cache_i[11]     ; Incomplete set of assignments ;
; cpu_write_data_to_cache_i[12]     ; Incomplete set of assignments ;
; cpu_write_data_to_cache_i[13]     ; Incomplete set of assignments ;
; cpu_write_data_to_cache_i[14]     ; Incomplete set of assignments ;
; cpu_write_data_to_cache_i[15]     ; Incomplete set of assignments ;
+-----------------------------------+-------------------------------+


+--------------------------------------------------------------------------------------------------------------------------------------------------------------------------------------------------------------------------------------------------------------------------------------------------------------------------------------+
; Fitter Netlist Optimizations                                                                                                                                                                                                                                                                                                         ;
+----------------------------------------------------------------------------+------------+---------------------------------------------------+--------------------------+-----------+----------------+-------------------------------------------------------------------------------------+------------------+-----------------------+
; Node                                                                       ; Action     ; Operation                                         ; Reason                   ; Node Port ; Node Port Name ; Destination Node                                                                    ; Destination Port ; Destination Port Name ;
+----------------------------------------------------------------------------+------------+---------------------------------------------------+--------------------------+-----------+----------------+-------------------------------------------------------------------------------------+------------------+-----------------------+
; lab8_cache_top:U_CACHE_SYSTEM|cache_direct_mapped:U_CACHE|cpu_rdata_r[7]~6 ; Duplicated ; Router Logic Cell Insertion and Logic Duplication ; Routability optimization ;           ;                ; lab8_cache_top:U_CACHE_SYSTEM|cache_direct_mapped:U_CACHE|cpu_rdata_r[7]~6DUPLICATE ;                  ;                       ;
; lab8_cache_top:U_CACHE_SYSTEM|cache_direct_mapped:U_CACHE|hit_v~1          ; Duplicated ; Router Logic Cell Insertion and Logic Duplication ; Routability optimization ;           ;                ; lab8_cache_top:U_CACHE_SYSTEM|cache_direct_mapped:U_CACHE|hit_v~1DUPLICATE          ;                  ;                       ;
; lab8_cache_top:U_CACHE_SYSTEM|cache_direct_mapped:U_CACHE|hit_v~2          ; Duplicated ; Router Logic Cell Insertion and Logic Duplication ; Routability optimization ;           ;                ; lab8_cache_top:U_CACHE_SYSTEM|cache_direct_mapped:U_CACHE|hit_v~2DUPLICATE          ;                  ;                       ;
; lab8_cache_top:U_CACHE_SYSTEM|cache_direct_mapped:U_CACHE|ram_addr_r[0]    ; Duplicated ; Router Logic Cell Insertion and Logic Duplication ; Routability optimization ;           ;                ; lab8_cache_top:U_CACHE_SYSTEM|cache_direct_mapped:U_CACHE|ram_addr_r[0]~DUPLICATE   ;                  ;                       ;
; lab8_cache_top:U_CACHE_SYSTEM|cache_direct_mapped:U_CACHE|ram_addr_r[5]    ; Duplicated ; Router Logic Cell Insertion and Logic Duplication ; Routability optimization ;           ;                ; lab8_cache_top:U_CACHE_SYSTEM|cache_direct_mapped:U_CACHE|ram_addr_r[5]~DUPLICATE   ;                  ;                       ;
; lab8_cache_top:U_CACHE_SYSTEM|cache_direct_mapped:U_CACHE|ram_addr_r[6]    ; Duplicated ; Router Logic Cell Insertion and Logic Duplication ; Routability optimization ;           ;                ; lab8_cache_top:U_CACHE_SYSTEM|cache_direct_mapped:U_CACHE|ram_addr_r[6]~DUPLICATE   ;                  ;                       ;
; lab8_cache_top:U_CACHE_SYSTEM|cache_direct_mapped:U_CACHE|ram_addr_r~1     ; Duplicated ; Router Logic Cell Insertion and Logic Duplication ; Routability optimization ;           ;                ; lab8_cache_top:U_CACHE_SYSTEM|cache_direct_mapped:U_CACHE|ram_addr_r~1DUPLICATE     ;                  ;                       ;
; lab8_cache_top:U_CACHE_SYSTEM|cache_direct_mapped:U_CACHE|ram_addr_r~2     ; Duplicated ; Router Logic Cell Insertion and Logic Duplication ; Routability optimization ;           ;                ; lab8_cache_top:U_CACHE_SYSTEM|cache_direct_mapped:U_CACHE|ram_addr_r~2DUPLICATE     ;                  ;                       ;
; lab8_cache_top:U_CACHE_SYSTEM|cache_direct_mapped:U_CACHE|ram_addr_r~7     ; Duplicated ; Router Logic Cell Insertion and Logic Duplication ; Routability optimization ;           ;                ; lab8_cache_top:U_CACHE_SYSTEM|cache_direct_mapped:U_CACHE|ram_addr_r~7DUPLICATE     ;                  ;                       ;
; lab8_cache_top:U_CACHE_SYSTEM|cache_direct_mapped:U_CACHE|ram_addr_r~8     ; Duplicated ; Router Logic Cell Insertion and Logic Duplication ; Routability optimization ;           ;                ; lab8_cache_top:U_CACHE_SYSTEM|cache_direct_mapped:U_CACHE|ram_addr_r~8DUPLICATE     ;                  ;                       ;
+----------------------------------------------------------------------------+------------+---------------------------------------------------+--------------------------+-----------+----------------+-------------------------------------------------------------------------------------+------------------+-----------------------+


+----------------------------------------------+
; Incremental Compilation Preservation Summary ;
+-------------------------+--------------------+
; Type                    ; Value              ;
+-------------------------+--------------------+
; Placement               ;                    ;
;     -- Requested        ; 0 / 671 ( 0.00 % ) ;
;     -- Achieved         ; 0 / 671 ( 0.00 % ) ;
;                         ;                    ;
; Routing (by Connection) ;                    ;
;     -- Requested        ; 0 / 0 ( 0.00 % )   ;
;     -- Achieved         ; 0 / 0 ( 0.00 % )   ;
+-------------------------+--------------------+


+--------------------------------------------------------------------------------------------------------------------------------------------------+
; Incremental Compilation Partition Settings                                                                                                       ;
+----------------+----------------+-------------------+-------------------------+------------------------+------------------------------+----------+
; Partition Name ; Partition Type ; Netlist Type Used ; Preservation Level Used ; Netlist Type Requested ; Preservation Level Requested ; Contents ;
+----------------+----------------+-------------------+-------------------------+------------------------+------------------------------+----------+
; Top            ; User-created   ; Source File       ; N/A                     ; Source File            ; N/A                          ;          ;
+----------------+----------------+-------------------+-------------------------+------------------------+------------------------------+----------+


+--------------------------------------------------------------------------------------------+
; Incremental Compilation Placement Preservation                                             ;
+----------------+---------+-------------------+-------------------------+-------------------+
; Partition Name ; # Nodes ; # Preserved Nodes ; Preservation Level Used ; Netlist Type Used ;
+----------------+---------+-------------------+-------------------------+-------------------+
; Top            ; 671     ; 0                 ; N/A                     ; Source File       ;
+----------------+---------+-------------------+-------------------------+-------------------+


+--------------+
; Pin-Out File ;
+--------------+
The pin-out file can be found in D:/git/sifovm/LABS/student_labs_5_8/lab8_cache/quartus/lab8_cache.pin.


+---------------------------------------------------------------------------------------------------------------+
; Fitter Resource Usage Summary                                                                                 ;
+-----------------------------------------------------------------------------------+---------------------------+
; Resource                                                                          ; Usage                     ;
+-----------------------------------------------------------------------------------+---------------------------+
; Combinational ALUTs                                                               ; 200 / 12,480 ( 2 % )      ;
; Dedicated logic registers                                                         ; 374 / 12,480 ( 3 % )      ;
;                                                                                   ;                           ;
; Combinational ALUT usage by number of inputs                                      ;                           ;
;     -- 7 input functions                                                          ; 0                         ;
;     -- 6 input functions                                                          ; 101                       ;
;     -- 5 input functions                                                          ; 44                        ;
;     -- 4 input functions                                                          ; 30                        ;
;     -- <=3 input functions                                                        ; 25                        ;
;                                                                                   ;                           ;
; Combinational ALUTs by mode                                                       ;                           ;
;     -- normal mode                                                                ; 200                       ;
;     -- extended LUT mode                                                          ; 0                         ;
;     -- arithmetic mode                                                            ; 0                         ;
;     -- shared arithmetic mode                                                     ; 0                         ;
;                                                                                   ;                           ;
; Logic utilization                                                                 ; 635 / 12,480 ( 5 % )      ;
;     -- Difficulty Clustering Design                                               ; Low                       ;
;     -- Combinational ALUT/register pairs used in final Placement                  ; 505                       ;
;         -- Combinational with no register                                         ; 131                       ;
;         -- Register only                                                          ; 305                       ;
;         -- Combinational with a register                                          ; 69                        ;
;     -- Estimated pairs recoverable by pairing ALUTs and registers as design grows ; -16                       ;
;     -- Estimated Combinational ALUT/register pairs unavailable                    ; 146                       ;
;         -- Unavailable due to unpartnered 7 LUTs                                  ; 0                         ;
;         -- Unavailable due to unpartnered 6 LUTs                                  ; 91                        ;
;         -- Unavailable due to unpartnered 5 LUTs                                  ; 1                         ;
;         -- Unavailable due to LAB-wide signal conflicts                           ; 53                        ;
;         -- Unavailable due to LAB input limits                                    ; 1                         ;
;                                                                                   ;                           ;
; Total registers*                                                                  ; 374 / 14,410 ( 3 % )      ;
;     -- Dedicated logic registers                                                  ; 374 / 12,480 ( 3 % )      ;
;     -- I/O registers                                                              ; 0 / 1,930 ( 0 % )         ;
;                                                                                   ;                           ;
; ALMs:  partially or completely used                                               ; 300 / 6,240 ( 5 % )       ;
;                                                                                   ;                           ;
; Total LABs:  partially or completely used                                         ; 45 / 780 ( 6 % )          ;
;                                                                                   ;                           ;
; User inserted logic elements                                                      ; 0                         ;
; Virtual pins                                                                      ; 0                         ;
; I/O pins                                                                          ; 89 / 343 ( 26 % )         ;
;     -- Clock pins                                                                 ; 15 / 16 ( 94 % )          ;
; Global signals                                                                    ; 1                         ;
; M512s                                                                             ; 0 / 104 ( 0 % )           ;
; M4Ks                                                                              ; 1 / 78 ( 1 % )            ;
; Total block memory bits                                                           ; 4,096 / 419,328 ( < 1 % ) ;
; Total block memory implementation bits                                            ; 4,608 / 419,328 ( 1 % )   ;
; DSP block 9-bit elements                                                          ; 0 / 96 ( 0 % )            ;
; PLLs                                                                              ; 0 / 6 ( 0 % )             ;
; Global clocks                                                                     ; 1 / 16 ( 6 % )            ;
; Regional clocks                                                                   ; 0 / 32 ( 0 % )            ;
; SERDES transmitters                                                               ; 0 / 38 ( 0 % )            ;
; SERDES receivers                                                                  ; 0 / 42 ( 0 % )            ;
; JTAGs                                                                             ; 0 / 1 ( 0 % )             ;
; ASMI blocks                                                                       ; 0 / 1 ( 0 % )             ;
; CRC blocks                                                                        ; 0 / 1 ( 0 % )             ;
; Remote update blocks                                                              ; 0 / 1 ( 0 % )             ;
; Average interconnect usage (total/H/V)                                            ; 1% / 1% / 1%              ;
; Peak interconnect usage (total/H/V)                                               ; 6% / 6% / 7%              ;
; Maximum fan-out node                                                              ; clock_i~clkctrl           ;
; Maximum fan-out                                                                   ; 375                       ;
; Highest non-global fan-out signal                                                 ; reset_i                   ;
; Highest non-global fan-out                                                        ; 329                       ;
; Total fan-out                                                                     ; 3319                      ;
; Average fan-out                                                                   ; 3.49                      ;
+-----------------------------------------------------------------------------------+---------------------------+
*  Register count does not include registers inside block RAM or DSP blocks.



+-------------------------------------------------------------------------------------------------------------------------------------------------------------------------------------------------------------------------------------------------------------------------------------+
; Input Pins                                                                                                                                                                                                                                                                          ;
+-------------------------------+-------+----------+--------------+--------------+-------------+-----------------------+--------------------+--------+----------------+---------------+-----------------+----------+--------------+--------------+-------------+----------------------+
; Name                          ; Pin # ; I/O Bank ; X coordinate ; Y coordinate ; Cell number ; Combinational Fan-Out ; Registered Fan-Out ; Global ; Input Register ; Power Up High ; PCI I/O Enabled ; Bus Hold ; Weak Pull Up ; I/O Standard ; Termination ; Location assigned by ;
+-------------------------------+-------+----------+--------------+--------------+-------------+-----------------------+--------------------+--------+----------------+---------------+-----------------+----------+--------------+--------------+-------------+----------------------+
; clock_i                       ; N20   ; 1        ; 0            ; 10           ; 1           ; 1                     ; 0                  ; yes    ; no             ; no            ; no              ; no       ; Off          ; 3.3-V LVTTL  ; Off         ; Fitter               ;
; cpu_address_tag_set_i[0]      ; H6    ; 5        ; 40           ; 21           ; 2           ; 46                    ; 0                  ; no     ; no             ; no            ; no              ; no       ; Off          ; 3.3-V LVTTL  ; Off         ; Fitter               ;
; cpu_address_tag_set_i[10]     ; C15   ; 3        ; 14           ; 27           ; 1           ; 11                    ; 0                  ; no     ; no             ; no            ; no              ; no       ; Off          ; 3.3-V LVTTL  ; Off         ; Fitter               ;
; cpu_address_tag_set_i[11]     ; AB10  ; 10       ; 25           ; 0            ; 3           ; 11                    ; 0                  ; no     ; no             ; no            ; no              ; no       ; Off          ; 3.3-V LVTTL  ; Off         ; Fitter               ;
; cpu_address_tag_set_i[12]     ; Y10   ; 7        ; 22           ; 0            ; 2           ; 11                    ; 0                  ; no     ; no             ; no            ; no              ; no       ; Off          ; 3.3-V LVTTL  ; Off         ; Fitter               ;
; cpu_address_tag_set_i[13]     ; B11   ; 4        ; 22           ; 27           ; 3           ; 11                    ; 0                  ; no     ; no             ; no            ; no              ; no       ; Off          ; 3.3-V LVTTL  ; Off         ; Fitter               ;
; cpu_address_tag_set_i[14]     ; D10   ; 9        ; 25           ; 27           ; 1           ; 11                    ; 0                  ; no     ; no             ; no            ; no              ; no       ; Off          ; 3.3-V LVTTL  ; Off         ; Fitter               ;
; cpu_address_tag_set_i[15]     ; C9    ; 9        ; 26           ; 27           ; 1           ; 11                    ; 0                  ; no     ; no             ; no            ; no              ; no       ; Off          ; 3.3-V LVTTL  ; Off         ; Fitter               ;
; cpu_address_tag_set_i[1]      ; D11   ; 3        ; 15           ; 27           ; 0           ; 75                    ; 0                  ; no     ; no             ; no            ; no              ; no       ; Off          ; 3.3-V LVTTL  ; Off         ; Fitter               ;
; cpu_address_tag_set_i[2]      ; C10   ; 9        ; 25           ; 27           ; 2           ; 78                    ; 0                  ; no     ; no             ; no            ; no              ; no       ; Off          ; 3.3-V LVTTL  ; Off         ; Fitter               ;
; cpu_address_tag_set_i[3]      ; A7    ; 4        ; 29           ; 27           ; 3           ; 11                    ; 0                  ; no     ; no             ; no            ; no              ; no       ; Off          ; 3.3-V LVTTL  ; Off         ; Fitter               ;
; cpu_address_tag_set_i[4]      ; C18   ; 3        ; 10           ; 27           ; 3           ; 11                    ; 0                  ; no     ; no             ; no            ; no              ; no       ; Off          ; 3.3-V LVTTL  ; Off         ; Fitter               ;
; cpu_address_tag_set_i[5]      ; P5    ; 6        ; 40           ; 8            ; 1           ; 12                    ; 0                  ; no     ; no             ; no            ; no              ; no       ; Off          ; 3.3-V LVTTL  ; Off         ; Fitter               ;
; cpu_address_tag_set_i[6]      ; H12   ; 3        ; 15           ; 27           ; 2           ; 12                    ; 0                  ; no     ; no             ; no            ; no              ; no       ; Off          ; 3.3-V LVTTL  ; Off         ; Fitter               ;
; cpu_address_tag_set_i[7]      ; K17   ; 2        ; 0            ; 19           ; 2           ; 11                    ; 0                  ; no     ; no             ; no            ; no              ; no       ; Off          ; 3.3-V LVTTL  ; Off         ; Fitter               ;
; cpu_address_tag_set_i[8]      ; A6    ; 4        ; 30           ; 27           ; 3           ; 11                    ; 0                  ; no     ; no             ; no            ; no              ; no       ; Off          ; 3.3-V LVTTL  ; Off         ; Fitter               ;
; cpu_address_tag_set_i[9]      ; B9    ; 9        ; 26           ; 27           ; 2           ; 11                    ; 0                  ; no     ; no             ; no            ; no              ; no       ; Off          ; 3.3-V LVTTL  ; Off         ; Fitter               ;
; cpu_cache_request_i           ; H1    ; 5        ; 40           ; 20           ; 0           ; 20                    ; 0                  ; no     ; no             ; no            ; no              ; no       ; Off          ; 3.3-V LVTTL  ; Off         ; Fitter               ;
; cpu_write_data_to_cache_i[0]  ; B10   ; 9        ; 25           ; 27           ; 0           ; 10                    ; 0                  ; no     ; no             ; no            ; no              ; no       ; Off          ; 3.3-V LVTTL  ; Off         ; Fitter               ;
; cpu_write_data_to_cache_i[10] ; M21   ; 2        ; 0            ; 16           ; 2           ; 10                    ; 0                  ; no     ; no             ; no            ; no              ; no       ; Off          ; 3.3-V LVTTL  ; Off         ; Fitter               ;
; cpu_write_data_to_cache_i[11] ; B13   ; 3        ; 18           ; 27           ; 3           ; 10                    ; 0                  ; no     ; no             ; no            ; no              ; no       ; Off          ; 3.3-V LVTTL  ; Off         ; Fitter               ;
; cpu_write_data_to_cache_i[12] ; K4    ; 5        ; 40           ; 18           ; 3           ; 10                    ; 0                  ; no     ; no             ; no            ; no              ; no       ; Off          ; 3.3-V LVTTL  ; Off         ; Fitter               ;
; cpu_write_data_to_cache_i[13] ; M3    ; 5        ; 40           ; 16           ; 1           ; 10                    ; 0                  ; no     ; no             ; no            ; no              ; no       ; Off          ; 3.3-V LVTTL  ; Off         ; Fitter               ;
; cpu_write_data_to_cache_i[14] ; A13   ; 3        ; 18           ; 27           ; 0           ; 10                    ; 0                  ; no     ; no             ; no            ; no              ; no       ; Off          ; 3.3-V LVTTL  ; Off         ; Fitter               ;
; cpu_write_data_to_cache_i[15] ; W9    ; 10       ; 26           ; 0            ; 2           ; 10                    ; 0                  ; no     ; no             ; no            ; no              ; no       ; Off          ; 3.3-V LVTTL  ; Off         ; Fitter               ;
; cpu_write_data_to_cache_i[1]  ; M2    ; 5        ; 40           ; 16           ; 2           ; 10                    ; 0                  ; no     ; no             ; no            ; no              ; no       ; Off          ; 3.3-V LVTTL  ; Off         ; Fitter               ;
; cpu_write_data_to_cache_i[2]  ; H11   ; 3        ; 17           ; 27           ; 1           ; 10                    ; 0                  ; no     ; no             ; no            ; no              ; no       ; Off          ; 3.3-V LVTTL  ; Off         ; Fitter               ;
; cpu_write_data_to_cache_i[3]  ; E10   ; 4        ; 30           ; 27           ; 2           ; 10                    ; 0                  ; no     ; no             ; no            ; no              ; no       ; Off          ; 3.3-V LVTTL  ; Off         ; Fitter               ;
; cpu_write_data_to_cache_i[4]  ; N7    ; 6        ; 40           ; 9            ; 1           ; 10                    ; 0                  ; no     ; no             ; no            ; no              ; no       ; Off          ; 3.3-V LVTTL  ; Off         ; Fitter               ;
; cpu_write_data_to_cache_i[5]  ; J2    ; 5        ; 40           ; 19           ; 0           ; 10                    ; 0                  ; no     ; no             ; no            ; no              ; no       ; Off          ; 3.3-V LVTTL  ; Off         ; Fitter               ;
; cpu_write_data_to_cache_i[6]  ; G13   ; 3        ; 13           ; 27           ; 2           ; 10                    ; 0                  ; no     ; no             ; no            ; no              ; no       ; Off          ; 3.3-V LVTTL  ; Off         ; Fitter               ;
; cpu_write_data_to_cache_i[7]  ; K3    ; 5        ; 40           ; 18           ; 0           ; 10                    ; 0                  ; no     ; no             ; no            ; no              ; no       ; Off          ; 3.3-V LVTTL  ; Off         ; Fitter               ;
; cpu_write_data_to_cache_i[8]  ; J19   ; 2        ; 0            ; 20           ; 1           ; 10                    ; 0                  ; no     ; no             ; no            ; no              ; no       ; Off          ; 3.3-V LVTTL  ; Off         ; Fitter               ;
; cpu_write_data_to_cache_i[9]  ; K8    ; 5        ; 40           ; 18           ; 2           ; 10                    ; 0                  ; no     ; no             ; no            ; no              ; no       ; Off          ; 3.3-V LVTTL  ; Off         ; Fitter               ;
; cpu_write_enable_i            ; B7    ; 4        ; 29           ; 27           ; 0           ; 21                    ; 0                  ; no     ; no             ; no            ; no              ; no       ; Off          ; 3.3-V LVTTL  ; Off         ; Fitter               ;
; reset_i                       ; G12   ; 3        ; 17           ; 27           ; 2           ; 329                   ; 0                  ; no     ; no             ; no            ; no              ; no       ; Off          ; 3.3-V LVTTL  ; Off         ; Fitter               ;
+-------------------------------+-------+----------+--------------+--------------+-------------+-----------------------+--------------------+--------+----------------+---------------+-----------------+----------+--------------+--------------+-------------+----------------------+


+-----------------------------------------------------------------------------------------------------------------------------------------------------------------------------------------------------------------------------------------------------------------------------------------------------------------------------------------------------------------+
; Output Pins                                                                                                                                                                                                                                                                                                                                                     ;
+-----------------------------------+-------+----------+--------------+--------------+-------------+-----------------+------------------------+---------------+-----------------+------------+---------------+----------+--------------+--------------+------------------+-------------+----------------------+------+----------------------+---------------------+
; Name                              ; Pin # ; I/O Bank ; X coordinate ; Y coordinate ; Cell number ; Output Register ; Output Enable Register ; Power Up High ; PCI I/O Enabled ; Open Drain ; TRI Primitive ; Bus Hold ; Weak Pull Up ; I/O Standard ; Current Strength ; Termination ; Location assigned by ; Load ; Output Enable Source ; Output Enable Group ;
+-----------------------------------+-------+----------+--------------+--------------+-------------+-----------------+------------------------+---------------+-----------------+------------+---------------+----------+--------------+--------------+------------------+-------------+----------------------+------+----------------------+---------------------+
; cache_hit_signal_o                ; J3    ; 5        ; 40           ; 19           ; 3           ; no              ; no                     ; no            ; no              ; no         ; no            ; no       ; Off          ; 3.3-V LVTTL  ; 12mA             ; Off         ; Fitter               ; 0 pF ; -                    ; -                   ;
; cache_miss_signal_o               ; C11   ; 4        ; 22           ; 27           ; 0           ; no              ; no                     ; no            ; no              ; no         ; no            ; no       ; Off          ; 3.3-V LVTTL  ; 24mA             ; Off         ; Fitter               ; 0 pF ; -                    ; -                   ;
; cpu_cache_response_ready_o        ; AA11  ; 7        ; 22           ; 0            ; 3           ; no              ; no                     ; no            ; no              ; no         ; no            ; no       ; Off          ; 3.3-V LVTTL  ; 24mA             ; Off         ; Fitter               ; 0 pF ; -                    ; -                   ;
; cpu_read_data_from_cache_o[0]     ; L3    ; 5        ; 40           ; 16           ; 0           ; no              ; no                     ; no            ; no              ; no         ; no            ; no       ; Off          ; 3.3-V LVTTL  ; 12mA             ; Off         ; Fitter               ; 0 pF ; -                    ; -                   ;
; cpu_read_data_from_cache_o[10]    ; L8    ; 5        ; 40           ; 17           ; 2           ; no              ; no                     ; no            ; no              ; no         ; no            ; no       ; Off          ; 3.3-V LVTTL  ; 12mA             ; Off         ; Fitter               ; 0 pF ; -                    ; -                   ;
; cpu_read_data_from_cache_o[11]    ; N21   ; 1        ; 0            ; 10           ; 3           ; no              ; no                     ; no            ; no              ; no         ; no            ; no       ; Off          ; 3.3-V LVTTL  ; 12mA             ; Off         ; Fitter               ; 0 pF ; -                    ; -                   ;
; cpu_read_data_from_cache_o[12]    ; C8    ; 4        ; 29           ; 27           ; 1           ; no              ; no                     ; no            ; no              ; no         ; no            ; no       ; Off          ; 3.3-V LVTTL  ; 24mA             ; Off         ; Fitter               ; 0 pF ; -                    ; -                   ;
; cpu_read_data_from_cache_o[13]    ; F6    ; 4        ; 38           ; 27           ; 2           ; no              ; no                     ; no            ; no              ; no         ; no            ; no       ; Off          ; 3.3-V LVTTL  ; 24mA             ; Off         ; Fitter               ; 0 pF ; -                    ; -                   ;
; cpu_read_data_from_cache_o[14]    ; R2    ; 6        ; 40           ; 8            ; 3           ; no              ; no                     ; no            ; no              ; no         ; no            ; no       ; Off          ; 3.3-V LVTTL  ; 12mA             ; Off         ; Fitter               ; 0 pF ; -                    ; -                   ;
; cpu_read_data_from_cache_o[15]    ; B8    ; 4        ; 26           ; 27           ; 0           ; no              ; no                     ; no            ; no              ; no         ; no            ; no       ; Off          ; 3.3-V LVTTL  ; 24mA             ; Off         ; Fitter               ; 0 pF ; -                    ; -                   ;
; cpu_read_data_from_cache_o[1]     ; L7    ; 5        ; 40           ; 17           ; 1           ; no              ; no                     ; no            ; no              ; no         ; no            ; no       ; Off          ; 3.3-V LVTTL  ; 12mA             ; Off         ; Fitter               ; 0 pF ; -                    ; -                   ;
; cpu_read_data_from_cache_o[2]     ; A10   ; 9        ; 25           ; 27           ; 3           ; no              ; no                     ; no            ; no              ; no         ; no            ; no       ; Off          ; 3.3-V LVTTL  ; 24mA             ; Off         ; Fitter               ; 0 pF ; -                    ; -                   ;
; cpu_read_data_from_cache_o[3]     ; C13   ; 3        ; 18           ; 27           ; 1           ; no              ; no                     ; no            ; no              ; no         ; no            ; no       ; Off          ; 3.3-V LVTTL  ; 24mA             ; Off         ; Fitter               ; 0 pF ; -                    ; -                   ;
; cpu_read_data_from_cache_o[4]     ; L20   ; 2        ; 0            ; 16           ; 0           ; no              ; no                     ; no            ; no              ; no         ; no            ; no       ; Off          ; 3.3-V LVTTL  ; 12mA             ; Off         ; Fitter               ; 0 pF ; -                    ; -                   ;
; cpu_read_data_from_cache_o[5]     ; L21   ; 2        ; 0            ; 16           ; 3           ; no              ; no                     ; no            ; no              ; no         ; no            ; no       ; Off          ; 3.3-V LVTTL  ; 12mA             ; Off         ; Fitter               ; 0 pF ; -                    ; -                   ;
; cpu_read_data_from_cache_o[6]     ; A8    ; 4        ; 26           ; 27           ; 3           ; no              ; no                     ; no            ; no              ; no         ; no            ; no       ; Off          ; 3.3-V LVTTL  ; 24mA             ; Off         ; Fitter               ; 0 pF ; -                    ; -                   ;
; cpu_read_data_from_cache_o[7]     ; N2    ; 6        ; 40           ; 10           ; 3           ; no              ; no                     ; no            ; no              ; no         ; no            ; no       ; Off          ; 3.3-V LVTTL  ; 12mA             ; Off         ; Fitter               ; 0 pF ; -                    ; -                   ;
; cpu_read_data_from_cache_o[8]     ; Y8    ; 7        ; 29           ; 0            ; 2           ; no              ; no                     ; no            ; no              ; no         ; no            ; no       ; Off          ; 3.3-V LVTTL  ; 24mA             ; Off         ; Fitter               ; 0 pF ; -                    ; -                   ;
; cpu_read_data_from_cache_o[9]     ; C7    ; 4        ; 29           ; 27           ; 2           ; no              ; no                     ; no            ; no              ; no         ; no            ; no       ; Off          ; 3.3-V LVTTL  ; 24mA             ; Off         ; Fitter               ; 0 pF ; -                    ; -                   ;
; memory_address_debug_o[0]         ; C16   ; 3        ; 14           ; 27           ; 2           ; no              ; no                     ; no            ; no              ; no         ; no            ; no       ; Off          ; 3.3-V LVTTL  ; 24mA             ; Off         ; Fitter               ; 0 pF ; -                    ; -                   ;
; memory_address_debug_o[10]        ; F1    ; 5        ; 40           ; 23           ; 0           ; no              ; no                     ; no            ; no              ; no         ; no            ; no       ; Off          ; 3.3-V LVTTL  ; 12mA             ; Off         ; Fitter               ; 0 pF ; -                    ; -                   ;
; memory_address_debug_o[11]        ; Y11   ; 7        ; 22           ; 0            ; 0           ; no              ; no                     ; no            ; no              ; no         ; no            ; no       ; Off          ; 3.3-V LVTTL  ; 24mA             ; Off         ; Fitter               ; 0 pF ; -                    ; -                   ;
; memory_address_debug_o[12]        ; B12   ; 4        ; 22           ; 27           ; 2           ; no              ; no                     ; no            ; no              ; no         ; no            ; no       ; Off          ; 3.3-V LVTTL  ; 24mA             ; Off         ; Fitter               ; 0 pF ; -                    ; -                   ;
; memory_address_debug_o[13]        ; L2    ; 5        ; 40           ; 16           ; 3           ; no              ; no                     ; no            ; no              ; no         ; no            ; no       ; Off          ; 3.3-V LVTTL  ; 12mA             ; Off         ; Fitter               ; 0 pF ; -                    ; -                   ;
; memory_address_debug_o[14]        ; N1    ; 6        ; 40           ; 10           ; 0           ; no              ; no                     ; no            ; no              ; no         ; no            ; no       ; Off          ; 3.3-V LVTTL  ; 12mA             ; Off         ; Fitter               ; 0 pF ; -                    ; -                   ;
; memory_address_debug_o[15]        ; AB13  ; 8        ; 18           ; 0            ; 0           ; no              ; no                     ; no            ; no              ; no         ; no            ; no       ; Off          ; 3.3-V LVTTL  ; 24mA             ; Off         ; Fitter               ; 0 pF ; -                    ; -                   ;
; memory_address_debug_o[1]         ; E12   ; 3        ; 15           ; 27           ; 3           ; no              ; no                     ; no            ; no              ; no         ; no            ; no       ; Off          ; 3.3-V LVTTL  ; 24mA             ; Off         ; Fitter               ; 0 pF ; -                    ; -                   ;
; memory_address_debug_o[2]         ; K7    ; 5        ; 40           ; 18           ; 1           ; no              ; no                     ; no            ; no              ; no         ; no            ; no       ; Off          ; 3.3-V LVTTL  ; 12mA             ; Off         ; Fitter               ; 0 pF ; -                    ; -                   ;
; memory_address_debug_o[3]         ; K22   ; 2        ; 0            ; 17           ; 0           ; no              ; no                     ; no            ; no              ; no         ; no            ; no       ; Off          ; 3.3-V LVTTL  ; 12mA             ; Off         ; Fitter               ; 0 pF ; -                    ; -                   ;
; memory_address_debug_o[4]         ; K2    ; 5        ; 40           ; 17           ; 3           ; no              ; no                     ; no            ; no              ; no         ; no            ; no       ; Off          ; 3.3-V LVTTL  ; 12mA             ; Off         ; Fitter               ; 0 pF ; -                    ; -                   ;
; memory_address_debug_o[5]         ; G1    ; 5        ; 40           ; 21           ; 0           ; no              ; no                     ; no            ; no              ; no         ; no            ; no       ; Off          ; 3.3-V LVTTL  ; 12mA             ; Off         ; Fitter               ; 0 pF ; -                    ; -                   ;
; memory_address_debug_o[6]         ; AB8   ; 7        ; 26           ; 0            ; 3           ; no              ; no                     ; no            ; no              ; no         ; no            ; no       ; Off          ; 3.3-V LVTTL  ; 24mA             ; Off         ; Fitter               ; 0 pF ; -                    ; -                   ;
; memory_address_debug_o[7]         ; K1    ; 5        ; 40           ; 17           ; 0           ; no              ; no                     ; no            ; no              ; no         ; no            ; no       ; Off          ; 3.3-V LVTTL  ; 12mA             ; Off         ; Fitter               ; 0 pF ; -                    ; -                   ;
; memory_address_debug_o[8]         ; P3    ; 6        ; 40           ; 9            ; 3           ; no              ; no                     ; no            ; no              ; no         ; no            ; no       ; Off          ; 3.3-V LVTTL  ; 12mA             ; Off         ; Fitter               ; 0 pF ; -                    ; -                   ;
; memory_address_debug_o[9]         ; C12   ; 4        ; 22           ; 27           ; 1           ; no              ; no                     ; no            ; no              ; no         ; no            ; no       ; Off          ; 3.3-V LVTTL  ; 24mA             ; Off         ; Fitter               ; 0 pF ; -                    ; -                   ;
; memory_data_debug_o[0]            ; D12   ; 3        ; 17           ; 27           ; 0           ; no              ; no                     ; no            ; no              ; no         ; no            ; no       ; Off          ; 3.3-V LVTTL  ; 24mA             ; Off         ; Fitter               ; 0 pF ; -                    ; -                   ;
; memory_data_debug_o[10]           ; V9    ; 10       ; 26           ; 0            ; 1           ; no              ; no                     ; no            ; no              ; no         ; no            ; no       ; Off          ; 3.3-V LVTTL  ; 24mA             ; Off         ; Fitter               ; 0 pF ; -                    ; -                   ;
; memory_data_debug_o[11]           ; AA8   ; 7        ; 26           ; 0            ; 0           ; no              ; no                     ; no            ; no              ; no         ; no            ; no       ; Off          ; 3.3-V LVTTL  ; 24mA             ; Off         ; Fitter               ; 0 pF ; -                    ; -                   ;
; memory_data_debug_o[12]           ; AA12  ; 8        ; 18           ; 0            ; 1           ; no              ; no                     ; no            ; no              ; no         ; no            ; no       ; Off          ; 3.3-V LVTTL  ; 24mA             ; Off         ; Fitter               ; 0 pF ; -                    ; -                   ;
; memory_data_debug_o[13]           ; D13   ; 3        ; 18           ; 27           ; 2           ; no              ; no                     ; no            ; no              ; no         ; no            ; no       ; Off          ; 3.3-V LVTTL  ; 24mA             ; Off         ; Fitter               ; 0 pF ; -                    ; -                   ;
; memory_data_debug_o[14]           ; D14   ; 3        ; 10           ; 27           ; 2           ; no              ; no                     ; no            ; no              ; no         ; no            ; no       ; Off          ; 3.3-V LVTTL  ; 24mA             ; Off         ; Fitter               ; 0 pF ; -                    ; -                   ;
; memory_data_debug_o[15]           ; W10   ; 7        ; 22           ; 0            ; 1           ; no              ; no                     ; no            ; no              ; no         ; no            ; no       ; Off          ; 3.3-V LVTTL  ; 24mA             ; Off         ; Fitter               ; 0 pF ; -                    ; -                   ;
; memory_data_debug_o[1]            ; V12   ; 8        ; 17           ; 0            ; 1           ; no              ; no                     ; no            ; no              ; no         ; no            ; no       ; Off          ; 3.3-V LVTTL  ; 24mA             ; Off         ; Fitter               ; 0 pF ; -                    ; -                   ;
; memory_data_debug_o[2]            ; K6    ; 5        ; 40           ; 19           ; 2           ; no              ; no                     ; no            ; no              ; no         ; no            ; no       ; Off          ; 3.3-V LVTTL  ; 12mA             ; Off         ; Fitter               ; 0 pF ; -                    ; -                   ;
; memory_data_debug_o[3]            ; Y9    ; 10       ; 25           ; 0            ; 1           ; no              ; no                     ; no            ; no              ; no         ; no            ; no       ; Off          ; 3.3-V LVTTL  ; 24mA             ; Off         ; Fitter               ; 0 pF ; -                    ; -                   ;
; memory_data_debug_o[4]            ; AA13  ; 8        ; 18           ; 0            ; 3           ; no              ; no                     ; no            ; no              ; no         ; no            ; no       ; Off          ; 3.3-V LVTTL  ; 24mA             ; Off         ; Fitter               ; 0 pF ; -                    ; -                   ;
; memory_data_debug_o[5]            ; J6    ; 5        ; 40           ; 20           ; 2           ; no              ; no                     ; no            ; no              ; no         ; no            ; no       ; Off          ; 3.3-V LVTTL  ; 12mA             ; Off         ; Fitter               ; 0 pF ; -                    ; -                   ;
; memory_data_debug_o[6]            ; L15   ; 2        ; 0            ; 17           ; 2           ; no              ; no                     ; no            ; no              ; no         ; no            ; no       ; Off          ; 3.3-V LVTTL  ; 12mA             ; Off         ; Fitter               ; 0 pF ; -                    ; -                   ;
; memory_data_debug_o[7]            ; V11   ; 8        ; 17           ; 0            ; 2           ; no              ; no                     ; no            ; no              ; no         ; no            ; no       ; Off          ; 3.3-V LVTTL  ; 24mA             ; Off         ; Fitter               ; 0 pF ; -                    ; -                   ;
; memory_data_debug_o[8]            ; K5    ; 5        ; 40           ; 19           ; 1           ; no              ; no                     ; no            ; no              ; no         ; no            ; no       ; Off          ; 3.3-V LVTTL  ; 12mA             ; Off         ; Fitter               ; 0 pF ; -                    ; -                   ;
; memory_data_debug_o[9]            ; Y12   ; 8        ; 18           ; 0            ; 2           ; no              ; no                     ; no            ; no              ; no         ; no            ; no       ; Off          ; 3.3-V LVTTL  ; 24mA             ; Off         ; Fitter               ; 0 pF ; -                    ; -                   ;
; memory_request_from_cache_debug_o ; E11   ; 3        ; 17           ; 27           ; 3           ; no              ; no                     ; no            ; no              ; no         ; no            ; no       ; Off          ; 3.3-V LVTTL  ; 24mA             ; Off         ; Fitter               ; 0 pF ; -                    ; -                   ;
; memory_write_enable_debug_o       ; J20   ; 2        ; 0            ; 19           ; 3           ; no              ; no                     ; no            ; no              ; no         ; no            ; no       ; Off          ; 3.3-V LVTTL  ; 12mA             ; Off         ; Fitter               ; 0 pF ; -                    ; -                   ;
+-----------------------------------+-------+----------+--------------+--------------+-------------+-----------------+------------------------+---------------+-----------------+------------+---------------+----------+--------------+--------------+------------------+-------------+----------------------+------+----------------------+---------------------+


+------------------------------------------------------------+
; I/O Bank Usage                                             ;
+----------+------------------+---------------+--------------+
; I/O Bank ; Usage            ; VCCIO Voltage ; VREF Voltage ;
+----------+------------------+---------------+--------------+
; 1        ; 2 / 40 ( 5 % )   ; 3.3V          ; --           ;
; 2        ; 8 / 44 ( 18 % )  ; 3.3V          ; --           ;
; 3        ; 17 / 50 ( 34 % ) ; 3.3V          ; --           ;
; 4        ; 13 / 35 ( 37 % ) ; 3.3V          ; --           ;
; 5        ; 21 / 44 ( 48 % ) ; 3.3V          ; --           ;
; 6        ; 6 / 40 ( 15 % )  ; 3.3V          ; --           ;
; 7        ; 7 / 34 ( 21 % )  ; 3.3V          ; --           ;
; 8        ; 6 / 43 ( 14 % )  ; 3.3V          ; --           ;
; 9        ; 6 / 6 ( 100 % )  ; 3.3V          ; --           ;
; 10       ; 4 / 6 ( 67 % )   ; 3.3V          ; --           ;
+----------+------------------+---------------+--------------+


+-----------------------------------------------------------------------------------------------------------------------------------------------------------------+
; All Package Pins                                                                                                                                                ;
+----------+------------+----------+-----------------------------------+--------+--------------+---------+------------+-----------------+----------+--------------+
; Location ; Pad Number ; I/O Bank ; Pin Name/Usage                    ; Dir.   ; I/O Standard ; Voltage ; I/O Type   ; User Assignment ; Bus Hold ; Weak Pull Up ;
+----------+------------+----------+-----------------------------------+--------+--------------+---------+------------+-----------------+----------+--------------+
; A1       ;            ;          ; GND                               ; gnd    ;              ;         ; --         ;                 ; --       ; --           ;
; A2       ;            ;          ; TEMPDIODEp                        ;        ;              ;         ; --         ;                 ; --       ; --           ;
; A3       ;            ; 4        ; VCCIO4                            ; power  ;              ; 3.3V    ; --         ;                 ; --       ; --           ;
; A4       ; 277        ; 4        ; ^MSEL3                            ;        ;              ;         ; --         ;                 ; --       ; --           ;
; A5       ; 307        ; 4        ; RESERVED_INPUT                    ;        ;              ;         ; Column I/O ;                 ; no       ; Off          ;
; A6       ; 311        ; 4        ; cpu_address_tag_set_i[8]          ; input  ; 3.3-V LVTTL  ;         ; Column I/O ; N               ; no       ; Off          ;
; A7       ; 315        ; 4        ; cpu_address_tag_set_i[3]          ; input  ; 3.3-V LVTTL  ;         ; Column I/O ; N               ; no       ; Off          ;
; A8       ; 318        ; 4        ; cpu_read_data_from_cache_o[6]     ; output ; 3.3-V LVTTL  ;         ; Column I/O ; N               ; no       ; Off          ;
; A9       ;            ;          ; GND                               ; gnd    ;              ;         ; --         ;                 ; --       ; --           ;
; A10      ; 323        ; 9        ; cpu_read_data_from_cache_o[2]     ; output ; 3.3-V LVTTL  ;         ; Column I/O ; N               ; no       ; Off          ;
; A11      ;            ; 4        ; VCCIO4                            ; power  ;              ; 3.3V    ; --         ;                 ; --       ; --           ;
; A12      ;            ; 3        ; VCCIO3                            ; power  ;              ; 3.3V    ; --         ;                 ; --       ; --           ;
; A13      ; 329        ; 3        ; cpu_write_data_to_cache_i[14]     ; input  ; 3.3-V LVTTL  ;         ; Column I/O ; N               ; no       ; Off          ;
; A14      ;            ;          ; GND                               ; gnd    ;              ;         ; --         ;                 ; --       ; --           ;
; A15      ; 343        ; 3        ; RESERVED_INPUT                    ;        ;              ;         ; Column I/O ;                 ; no       ; Off          ;
; A16      ; 347        ; 3        ; RESERVED_INPUT                    ;        ;              ;         ; Column I/O ;                 ; no       ; Off          ;
; A17      ; 351        ; 3        ; RESERVED_INPUT                    ;        ;              ;         ; Column I/O ;                 ; no       ; Off          ;
; A18      ; 350        ; 3        ; RESERVED_INPUT                    ;        ;              ;         ; Column I/O ;                 ; no       ; Off          ;
; A19      ; 375        ; 3        ; RESERVED_INPUT                    ;        ;              ;         ; Column I/O ;                 ; no       ; Off          ;
; A20      ;            ; 3        ; VCCIO3                            ; power  ;              ; 3.3V    ; --         ;                 ; --       ; --           ;
; A21      ; 383        ; 3        ; ^nCE                              ;        ;              ;         ; --         ;                 ; --       ; --           ;
; A22      ;            ;          ; GND                               ; gnd    ;              ;         ; --         ;                 ; --       ; --           ;
; AA1      ;            ; 6        ; VCCIO6                            ; power  ;              ; 3.3V    ; --         ;                 ; --       ; --           ;
; AA2      ;            ;          ; GND                               ; gnd    ;              ;         ; --         ;                 ; --       ; --           ;
; AA3      ; 191        ; 7        ; ^nCEO                             ;        ;              ;         ; --         ;                 ; --       ; --           ;
; AA4      ; 181        ; 7        ; RESERVED_INPUT                    ;        ;              ;         ; Column I/O ;                 ; no       ; Off          ;
; AA5      ; 163        ; 7        ; RESERVED_INPUT                    ;        ;              ;         ; Column I/O ;                 ; no       ; Off          ;
; AA6      ; 159        ; 7        ; RESERVED_INPUT                    ;        ;              ;         ; Column I/O ;                 ; no       ; Off          ;
; AA7      ; 155        ; 7        ; RESERVED_INPUT                    ;        ;              ;         ; Column I/O ;                 ; no       ; Off          ;
; AA8      ; 151        ; 7        ; memory_data_debug_o[11]           ; output ; 3.3-V LVTTL  ;         ; Column I/O ; N               ; no       ; Off          ;
; AA9      ; 144        ; 10       ; RESERVED_INPUT                    ;        ;              ;         ; Column I/O ;                 ; no       ; Off          ;
; AA10     ; 147        ; 10       ; RESERVED_INPUT                    ;        ;              ;         ; Column I/O ;                 ; no       ; Off          ;
; AA11     ; 141        ; 7        ; cpu_cache_response_ready_o        ; output ; 3.3-V LVTTL  ;         ; Column I/O ; N               ; no       ; Off          ;
; AA12     ; 138        ; 8        ; memory_data_debug_o[12]           ; output ; 3.3-V LVTTL  ;         ; Column I/O ; N               ; no       ; Off          ;
; AA13     ; 137        ; 8        ; memory_data_debug_o[4]            ; output ; 3.3-V LVTTL  ;         ; Column I/O ; N               ; no       ; Off          ;
; AA14     ;            ; 8        ; VREFB8                            ; power  ;              ;         ; --         ;                 ; --       ; --           ;
; AA15     ; 127        ; 8        ; RESERVED_INPUT                    ;        ;              ;         ; Column I/O ;                 ; no       ; Off          ;
; AA16     ; 123        ; 8        ; RESERVED_INPUT                    ;        ;              ;         ; Column I/O ;                 ; no       ; Off          ;
; AA17     ; 119        ; 8        ; RESERVED_INPUT                    ;        ;              ;         ; Column I/O ;                 ; no       ; Off          ;
; AA18     ; 115        ; 8        ; RESERVED_INPUT                    ;        ;              ;         ; Column I/O ;                 ; no       ; Off          ;
; AA19     ; 85         ; 8        ; #TCK                              ; input  ;              ;         ; --         ;                 ; --       ; --           ;
; AA20     ; 86         ; 8        ; #TMS                              ; input  ;              ;         ; --         ;                 ; --       ; --           ;
; AA21     ;            ;          ; GND                               ; gnd    ;              ;         ; --         ;                 ; --       ; --           ;
; AA22     ;            ; 1        ; VCCIO1                            ; power  ;              ; 3.3V    ; --         ;                 ; --       ; --           ;
; AB1      ;            ;          ; GND                               ; gnd    ;              ;         ; --         ;                 ; --       ; --           ;
; AB2      ; 190        ; 7        ; ^nIO_PULLUP                       ;        ;              ;         ; --         ;                 ; --       ; --           ;
; AB3      ;            ; 7        ; VCCIO7                            ; power  ;              ; 3.3V    ; --         ;                 ; --       ; --           ;
; AB4      ;            ;          ; GND                               ; gnd    ;              ;         ; --         ;                 ; --       ; --           ;
; AB5      ; 161        ; 7        ; RESERVED_INPUT                    ;        ;              ;         ; Column I/O ;                 ; no       ; Off          ;
; AB6      ; 157        ; 7        ; RESERVED_INPUT                    ;        ;              ;         ; Column I/O ;                 ; no       ; Off          ;
; AB7      ; 153        ; 7        ; RESERVED_INPUT                    ;        ;              ;         ; Column I/O ;                 ; no       ; Off          ;
; AB8      ; 150        ; 7        ; memory_address_debug_o[6]         ; output ; 3.3-V LVTTL  ;         ; Column I/O ; N               ; no       ; Off          ;
; AB9      ;            ;          ; GND                               ; gnd    ;              ;         ; --         ;                 ; --       ; --           ;
; AB10     ; 145        ; 10       ; cpu_address_tag_set_i[11]         ; input  ; 3.3-V LVTTL  ;         ; Column I/O ; N               ; no       ; Off          ;
; AB11     ;            ; 7        ; VCCIO7                            ; power  ;              ; 3.3V    ; --         ;                 ; --       ; --           ;
; AB12     ;            ; 8        ; VCCIO8                            ; power  ;              ; 3.3V    ; --         ;                 ; --       ; --           ;
; AB13     ; 139        ; 8        ; memory_address_debug_o[15]        ; output ; 3.3-V LVTTL  ;         ; Column I/O ; N               ; no       ; Off          ;
; AB14     ;            ;          ; GND                               ; gnd    ;              ;         ; --         ;                 ; --       ; --           ;
; AB15     ; 125        ; 8        ; RESERVED_INPUT                    ;        ;              ;         ; Column I/O ;                 ; no       ; Off          ;
; AB16     ; 124        ; 8        ; RESERVED_INPUT                    ;        ;              ;         ; Column I/O ;                 ; no       ; Off          ;
; AB17     ; 117        ; 8        ; RESERVED_INPUT                    ;        ;              ;         ; Column I/O ;                 ; no       ; Off          ;
; AB18     ; 118        ; 8        ; RESERVED_INPUT                    ;        ;              ;         ; Column I/O ;                 ; no       ; Off          ;
; AB19     ; 87         ; 8        ; #TRST                             ; input  ;              ;         ; --         ;                 ; --       ; --           ;
; AB20     ;            ; 8        ; VCCIO8                            ; power  ;              ; 3.3V    ; --         ;                 ; --       ; --           ;
; AB21     ; 84         ; 8        ; #TDI                              ; input  ;              ;         ; --         ;                 ; --       ; --           ;
; AB22     ;            ;          ; GND                               ; gnd    ;              ;         ; --         ;                 ; --       ; --           ;
; B1       ;            ; 5        ; VCCIO5                            ; power  ;              ; 3.3V    ; --         ;                 ; --       ; --           ;
; B2       ;            ;          ; GND                               ; gnd    ;              ;         ; --         ;                 ; --       ; --           ;
; B3       ; 276        ; 4        ; #TDO                              ; output ;              ;         ; --         ;                 ; --       ; --           ;
; B4       ; 279        ; 4        ; ^MSEL2                            ;        ;              ;         ; --         ;                 ; --       ; --           ;
; B5       ; 305        ; 4        ; RESERVED_INPUT                    ;        ;              ;         ; Column I/O ;                 ; no       ; Off          ;
; B6       ; 309        ; 4        ; RESERVED_INPUT                    ;        ;              ;         ; Column I/O ;                 ; no       ; Off          ;
; B7       ; 313        ; 4        ; cpu_write_enable_i                ; input  ; 3.3-V LVTTL  ;         ; Column I/O ; N               ; no       ; Off          ;
; B8       ; 317        ; 4        ; cpu_read_data_from_cache_o[15]    ; output ; 3.3-V LVTTL  ;         ; Column I/O ; N               ; no       ; Off          ;
; B9       ; 320        ; 9        ; cpu_address_tag_set_i[9]          ; input  ; 3.3-V LVTTL  ;         ; Column I/O ; N               ; no       ; Off          ;
; B10      ; 321        ; 9        ; cpu_write_data_to_cache_i[0]      ; input  ; 3.3-V LVTTL  ;         ; Column I/O ; N               ; no       ; Off          ;
; B11      ; 327        ; 4        ; cpu_address_tag_set_i[13]         ; input  ; 3.3-V LVTTL  ;         ; Column I/O ; N               ; no       ; Off          ;
; B12      ; 328        ; 4        ; memory_address_debug_o[12]        ; output ; 3.3-V LVTTL  ;         ; Column I/O ; N               ; no       ; Off          ;
; B13      ; 331        ; 3        ; cpu_write_data_to_cache_i[11]     ; input  ; 3.3-V LVTTL  ;         ; Column I/O ; N               ; no       ; Off          ;
; B14      ;            ; 3        ; VREFB3                            ; power  ;              ;         ; --         ;                 ; --       ; --           ;
; B15      ; 341        ; 3        ; RESERVED_INPUT                    ;        ;              ;         ; Column I/O ;                 ; no       ; Off          ;
; B16      ; 345        ; 3        ; RESERVED_INPUT                    ;        ;              ;         ; Column I/O ;                 ; no       ; Off          ;
; B17      ; 349        ; 3        ; RESERVED_INPUT                    ;        ;              ;         ; Column I/O ;                 ; no       ; Off          ;
; B18      ; 353        ; 3        ; RESERVED_INPUT                    ;        ;              ;         ; Column I/O ;                 ; no       ; Off          ;
; B19      ; 377        ; 3        ; RESERVED_INPUT                    ;        ;              ;         ; Column I/O ;                 ; no       ; Off          ;
; B20      ; 381        ; 3        ; ^nSTATUS                          ;        ;              ;         ; --         ;                 ; --       ; --           ;
; B21      ;            ;          ; GND                               ; gnd    ;              ;         ; --         ;                 ; --       ; --           ;
; B22      ;            ; 2        ; VCCIO2                            ; power  ;              ; 3.3V    ; --         ;                 ; --       ; --           ;
; C1       ; 275        ; 5        ; RESERVED_INPUT                    ;        ;              ;         ; Row I/O    ;                 ; no       ; Off          ;
; C2       ; 273        ; 5        ; RESERVED_INPUT                    ;        ;              ;         ; Row I/O    ;                 ; no       ; Off          ;
; C3       ;            ;          ; TEMPDIODEn                        ;        ;              ;         ; --         ;                 ; --       ; --           ;
; C4       ; 285        ; 4        ; RESERVED_INPUT                    ;        ;              ;         ; Column I/O ;                 ; no       ; Off          ;
; C5       ; 306        ; 4        ; RESERVED_INPUT                    ;        ;              ;         ; Column I/O ;                 ; no       ; Off          ;
; C6       ; 308        ; 4        ; RESERVED_INPUT                    ;        ;              ;         ; Column I/O ;                 ; no       ; Off          ;
; C7       ; 316        ; 4        ; cpu_read_data_from_cache_o[9]     ; output ; 3.3-V LVTTL  ;         ; Column I/O ; N               ; no       ; Off          ;
; C8       ; 314        ; 4        ; cpu_read_data_from_cache_o[12]    ; output ; 3.3-V LVTTL  ;         ; Column I/O ; N               ; no       ; Off          ;
; C9       ; 319        ; 9        ; cpu_address_tag_set_i[15]         ; input  ; 3.3-V LVTTL  ;         ; Column I/O ; N               ; no       ; Off          ;
; C10      ; 324        ; 9        ; cpu_address_tag_set_i[2]          ; input  ; 3.3-V LVTTL  ;         ; Column I/O ; N               ; no       ; Off          ;
; C11      ; 325        ; 4        ; cache_miss_signal_o               ; output ; 3.3-V LVTTL  ;         ; Column I/O ; N               ; no       ; Off          ;
; C12      ; 326        ; 4        ; memory_address_debug_o[9]         ; output ; 3.3-V LVTTL  ;         ; Column I/O ; N               ; no       ; Off          ;
; C13      ; 330        ; 3        ; cpu_read_data_from_cache_o[3]     ; output ; 3.3-V LVTTL  ;         ; Column I/O ; N               ; no       ; Off          ;
; C14      ; 354        ; 3        ; RESERVED_INPUT                    ;        ;              ;         ; Column I/O ;                 ; no       ; Off          ;
; C15      ; 342        ; 3        ; cpu_address_tag_set_i[10]         ; input  ; 3.3-V LVTTL  ;         ; Column I/O ; N               ; no       ; Off          ;
; C16      ; 344        ; 3        ; memory_address_debug_o[0]         ; output ; 3.3-V LVTTL  ;         ; Column I/O ; N               ; no       ; Off          ;
; C17      ; 352        ; 3        ; RESERVED_INPUT                    ;        ;              ;         ; Column I/O ;                 ; no       ; Off          ;
; C18      ; 355        ; 3        ; cpu_address_tag_set_i[4]          ; input  ; 3.3-V LVTTL  ;         ; Column I/O ; N               ; no       ; Off          ;
; C19      ; 369        ; 3        ; RESERVED_INPUT                    ;        ;              ;         ; Column I/O ;                 ; no       ; Off          ;
; C20      ; 384        ; 3        ; ^CONF_DONE                        ;        ;              ;         ; --         ;                 ; --       ; --           ;
; C21      ; 2          ; 2        ; RESERVED_INPUT                    ;        ;              ;         ; Row I/O    ;                 ; no       ; Off          ;
; C22      ; 0          ; 2        ; RESERVED_INPUT                    ;        ;              ;         ; Row I/O    ;                 ; no       ; Off          ;
; D1       ; 271        ; 5        ; RESERVED_INPUT                    ;        ;              ;         ; Row I/O    ;                 ; no       ; Off          ;
; D2       ; 269        ; 5        ; RESERVED_INPUT                    ;        ;              ;         ; Row I/O    ;                 ; no       ; Off          ;
; D3       ; 287        ; 4        ; RESERVED_INPUT                    ;        ;              ;         ; Column I/O ;                 ; no       ; Off          ;
; D4       ; 278        ; 4        ; ^MSEL1                            ;        ;              ;         ; --         ;                 ; --       ; --           ;
; D5       ; 283        ; 4        ; RESERVED_INPUT                    ;        ;              ;         ; Column I/O ;                 ; no       ; Off          ;
; D6       ; 293        ; 4        ; RESERVED_INPUT                    ;        ;              ;         ; Column I/O ;                 ; no       ; Off          ;
; D7       ;            ; 4        ; VREFB4                            ; power  ;              ;         ; --         ;                 ; --       ; --           ;
; D8       ; 297        ; 4        ; RESERVED_INPUT                    ;        ;              ;         ; Column I/O ;                 ; no       ; Off          ;
; D9       ;            ; 4        ; VREFB4                            ; power  ;              ;         ; --         ;                 ; --       ; --           ;
; D10      ; 322        ; 9        ; cpu_address_tag_set_i[14]         ; input  ; 3.3-V LVTTL  ;         ; Column I/O ; N               ; no       ; Off          ;
; D11      ; 337        ; 3        ; cpu_address_tag_set_i[1]          ; input  ; 3.3-V LVTTL  ;         ; Column I/O ; N               ; no       ; Off          ;
; D12      ; 333        ; 3        ; memory_data_debug_o[0]            ; output ; 3.3-V LVTTL  ;         ; Column I/O ; N               ; no       ; Off          ;
; D13      ; 332        ; 3        ; memory_data_debug_o[13]           ; output ; 3.3-V LVTTL  ;         ; Column I/O ; N               ; no       ; Off          ;
; D14      ; 356        ; 3        ; memory_data_debug_o[14]           ; output ; 3.3-V LVTTL  ;         ; Column I/O ; N               ; no       ; Off          ;
; D15      ; 361        ; 3        ; RESERVED_INPUT                    ;        ;              ;         ; Column I/O ;                 ; no       ; Off          ;
; D16      ;            ; 3        ; VREFB3                            ; power  ;              ;         ; --         ;                 ; --       ; --           ;
; D17      ; 373        ; 3        ; RESERVED_INPUT                    ;        ;              ;         ; Column I/O ;                 ; no       ; Off          ;
; D18      ; 379        ; 3        ; RESERVED_INPUT                    ;        ;              ;         ; Column I/O ;                 ; no       ; Off          ;
; D19      ; 382        ; 3        ; ^DCLK                             ;        ;              ;         ; --         ;                 ; --       ; --           ;
; D20      ; 371        ; 3        ; RESERVED_INPUT                    ;        ;              ;         ; Column I/O ;                 ; no       ; Off          ;
; D21      ; 6          ; 2        ; RESERVED_INPUT                    ;        ;              ;         ; Row I/O    ;                 ; no       ; Off          ;
; D22      ; 4          ; 2        ; RESERVED_INPUT                    ;        ;              ;         ; Row I/O    ;                 ; no       ; Off          ;
; E1       ; 267        ; 5        ; RESERVED_INPUT                    ;        ;              ;         ; Row I/O    ;                 ; no       ; Off          ;
; E2       ; 265        ; 5        ; RESERVED_INPUT                    ;        ;              ;         ; Row I/O    ;                 ; no       ; Off          ;
; E3       ; 274        ; 5        ; RESERVED_INPUT                    ;        ;              ;         ; Row I/O    ;                 ; no       ; Off          ;
; E4       ; 272        ; 5        ; RESERVED_INPUT                    ;        ;              ;         ; Row I/O    ;                 ; no       ; Off          ;
; E5       ; 280        ; 4        ; ^MSEL0                            ;        ;              ;         ; --         ;                 ; --       ; --           ;
; E6       ; 281        ; 4        ; RESERVED_INPUT                    ;        ;              ;         ; Column I/O ;                 ; no       ; Off          ;
; E7       ; 289        ; 4        ; RESERVED_INPUT                    ;        ;              ;         ; Column I/O ;                 ; no       ; Off          ;
; E8       ; 298        ; 4        ; RESERVED_INPUT                    ;        ;              ;         ; Column I/O ;                 ; no       ; Off          ;
; E9       ; 301        ; 4        ; RESERVED_INPUT                    ;        ;              ;         ; Column I/O ;                 ; no       ; Off          ;
; E10      ; 312        ; 4        ; cpu_write_data_to_cache_i[3]      ; input  ; 3.3-V LVTTL  ;         ; Column I/O ; N               ; no       ; Off          ;
; E11      ; 335        ; 3        ; memory_request_from_cache_debug_o ; output ; 3.3-V LVTTL  ;         ; Column I/O ; N               ; no       ; Off          ;
; E12      ; 339        ; 3        ; memory_address_debug_o[1]         ; output ; 3.3-V LVTTL  ;         ; Column I/O ; N               ; no       ; Off          ;
; E13      ; 338        ; 3        ; ~DATA0~ / RESERVED_INPUT          ; input  ; 3.3-V LVTTL  ;         ; Column I/O ; N               ; no       ; Off          ;
; E14      ; 357        ; 3        ; RESERVED_INPUT                    ;        ;              ;         ; Column I/O ;                 ; no       ; Off          ;
; E15      ; 365        ; 3        ; RESERVED_INPUT                    ;        ;              ;         ; Column I/O ;                 ; no       ; Off          ;
; E16      ; 374        ; 3        ; RESERVED_INPUT                    ;        ;              ;         ; Column I/O ;                 ; no       ; Off          ;
; E17      ; 376        ; 3        ; RESERVED_INPUT                    ;        ;              ;         ; Column I/O ;                 ; no       ; Off          ;
; E18      ; 380        ; 3        ; RESERVED_INPUT                    ;        ;              ;         ; Column I/O ;                 ; no       ; Off          ;
; E19      ; 3          ; 2        ; RESERVED_INPUT                    ;        ;              ;         ; Row I/O    ;                 ; no       ; Off          ;
; E20      ; 1          ; 2        ; RESERVED_INPUT                    ;        ;              ;         ; Row I/O    ;                 ; no       ; Off          ;
; E21      ; 10         ; 2        ; RESERVED_INPUT                    ;        ;              ;         ; Row I/O    ;                 ; no       ; Off          ;
; E22      ; 8          ; 2        ; RESERVED_INPUT                    ;        ;              ;         ; Row I/O    ;                 ; no       ; Off          ;
; F1       ; 263        ; 5        ; memory_address_debug_o[10]        ; output ; 3.3-V LVTTL  ;         ; Row I/O    ; N               ; no       ; Off          ;
; F2       ; 261        ; 5        ; RESERVED_INPUT                    ;        ;              ;         ; Row I/O    ;                 ; no       ; Off          ;
; F3       ;            ; 5        ; VREFB5                            ; power  ;              ;         ; --         ;                 ; --       ; --           ;
; F4       ; 270        ; 5        ; RESERVED_INPUT                    ;        ;              ;         ; Row I/O    ;                 ; no       ; Off          ;
; F5       ; 268        ; 5        ; RESERVED_INPUT                    ;        ;              ;         ; Row I/O    ;                 ; no       ; Off          ;
; F6       ; 288        ; 4        ; cpu_read_data_from_cache_o[13]    ; output ; 3.3-V LVTTL  ;         ; Column I/O ; N               ; no       ; Off          ;
; F7       ; 296        ; 4        ; RESERVED_INPUT                    ;        ;              ;         ; Column I/O ;                 ; no       ; Off          ;
; F8       ; 294        ; 4        ; RESERVED_INPUT                    ;        ;              ;         ; Column I/O ;                 ; no       ; Off          ;
; F9       ; 300        ; 4        ; RESERVED_INPUT                    ;        ;              ;         ; Column I/O ;                 ; no       ; Off          ;
; F10      ;            ;          ; GNDA_PLL5                         ; gnd    ;              ;         ; --         ;                 ; --       ; --           ;
; F11      ;            ;          ; GNDA_PLL5                         ; gnd    ;              ;         ; --         ;                 ; --       ; --           ;
; F12      ;            ;          ; VCCA_PLL5                         ; power  ;              ; 1.2V    ; --         ;                 ; --       ; --           ;
; F13      ; 346        ; 3        ; RESERVED_INPUT                    ;        ;              ;         ; Column I/O ;                 ; no       ; Off          ;
; F14      ; 358        ; 3        ; RESERVED_INPUT                    ;        ;              ;         ; Column I/O ;                 ; no       ; Off          ;
; F15      ; 367        ; 3        ; RESERVED_INPUT                    ;        ;              ;         ; Column I/O ;                 ; no       ; Off          ;
; F16      ; 362        ; 3        ; RESERVED_INPUT                    ;        ;              ;         ; Column I/O ;                 ; no       ; Off          ;
; F17      ; 378        ; 3        ; RESERVED_INPUT                    ;        ;              ;         ; Column I/O ;                 ; no       ; Off          ;
; F18      ;            ; 2        ; VREFB2                            ; power  ;              ;         ; --         ;                 ; --       ; --           ;
; F19      ; 11         ; 2        ; RESERVED_INPUT                    ;        ;              ;         ; Row I/O    ;                 ; no       ; Off          ;
; F20      ; 9          ; 2        ; RESERVED_INPUT                    ;        ;              ;         ; Row I/O    ;                 ; no       ; Off          ;
; F21      ; 14         ; 2        ; RESERVED_INPUT                    ;        ;              ;         ; Row I/O    ;                 ; no       ; Off          ;
; F22      ; 12         ; 2        ; RESERVED_INPUT                    ;        ;              ;         ; Row I/O    ;                 ; no       ; Off          ;
; G1       ; 255        ; 5        ; memory_address_debug_o[5]         ; output ; 3.3-V LVTTL  ;         ; Row I/O    ; N               ; no       ; Off          ;
; G2       ; 253        ; 5        ; RESERVED_INPUT                    ;        ;              ;         ; Row I/O    ;                 ; no       ; Off          ;
; G3       ; 262        ; 5        ; RESERVED_INPUT                    ;        ;              ;         ; Row I/O    ;                 ; no       ; Off          ;
; G4       ; 260        ; 5        ; RESERVED_INPUT                    ;        ;              ;         ; Row I/O    ;                 ; no       ; Off          ;
; G5       ; 266        ; 5        ; RESERVED_INPUT                    ;        ;              ;         ; Row I/O    ;                 ; no       ; Off          ;
; G6       ; 264        ; 5        ; RESERVED_INPUT                    ;        ;              ;         ; Row I/O    ;                 ; no       ; Off          ;
; G7       ; 286        ; 4        ; RESERVED_INPUT                    ;        ;              ;         ; Column I/O ;                 ; no       ; Off          ;
; G8       ; 291        ; 4        ; RESERVED_INPUT                    ;        ;              ;         ; Column I/O ;                 ; no       ; Off          ;
; G9       ; 302        ; 4        ; RESERVED_INPUT                    ;        ;              ;         ; Column I/O ;                 ; no       ; Off          ;
; G10      ;            ; 9        ; VCC_PLL5_OUT                      ; power  ;              ; 3.3V    ; --         ;                 ; --       ; --           ;
; G11      ;            ;          ; VCCD_PLL5                         ; power  ;              ; 1.2V    ; --         ;                 ; --       ; --           ;
; G12      ; 336        ; 3        ; reset_i                           ; input  ; 3.3-V LVTTL  ;         ; Column I/O ; N               ; no       ; Off          ;
; G13      ; 348        ; 3        ; cpu_write_data_to_cache_i[6]      ; input  ; 3.3-V LVTTL  ;         ; Column I/O ; N               ; no       ; Off          ;
; G14      ; 359        ; 3        ; RESERVED_INPUT                    ;        ;              ;         ; Column I/O ;                 ; no       ; Off          ;
; G15      ; 366        ; 3        ; RESERVED_INPUT                    ;        ;              ;         ; Column I/O ;                 ; no       ; Off          ;
; G16      ; 370        ; 3        ; RESERVED_INPUT                    ;        ;              ;         ; Column I/O ;                 ; no       ; Off          ;
; G17      ; 7          ; 2        ; RESERVED_INPUT                    ;        ;              ;         ; Row I/O    ;                 ; no       ; Off          ;
; G18      ; 5          ; 2        ; RESERVED_INPUT                    ;        ;              ;         ; Row I/O    ;                 ; no       ; Off          ;
; G19      ; 19         ; 2        ; RESERVED_INPUT                    ;        ;              ;         ; Row I/O    ;                 ; no       ; Off          ;
; G20      ; 17         ; 2        ; RESERVED_INPUT                    ;        ;              ;         ; Row I/O    ;                 ; no       ; Off          ;
; G21      ; 22         ; 2        ; RESERVED_INPUT                    ;        ;              ;         ; Row I/O    ;                 ; no       ; Off          ;
; G22      ; 20         ; 2        ; RESERVED_INPUT                    ;        ;              ;         ; Row I/O    ;                 ; no       ; Off          ;
; H1       ; 251        ; 5        ; cpu_cache_request_i               ; input  ; 3.3-V LVTTL  ;         ; Row I/O    ; N               ; no       ; Off          ;
; H2       ; 249        ; 5        ; RESERVED_INPUT                    ;        ;              ;         ; Row I/O    ;                 ; no       ; Off          ;
; H3       ; 259        ; 5        ; RESERVED_INPUT                    ;        ;              ;         ; Row I/O    ;                 ; no       ; Off          ;
; H4       ; 257        ; 5        ; RESERVED_INPUT                    ;        ;              ;         ; Row I/O    ;                 ; no       ; Off          ;
; H5       ; 254        ; 5        ; RESERVED_INPUT                    ;        ;              ;         ; Row I/O    ;                 ; no       ; Off          ;
; H6       ; 252        ; 5        ; cpu_address_tag_set_i[0]          ; input  ; 3.3-V LVTTL  ;         ; Row I/O    ; N               ; no       ; Off          ;
; H7       ; 284        ; 4        ; RESERVED_INPUT                    ;        ;              ;         ; Column I/O ;                 ; no       ; Off          ;
; H8       ;            ;          ; VCCINT                            ; power  ;              ; 1.2V    ; --         ;                 ; --       ; --           ;
; H9       ; 304        ; 4        ; RESERVED_INPUT                    ;        ;              ;         ; Column I/O ;                 ; no       ; Off          ;
; H10      ;            ; 4        ; VCCPD4                            ; power  ;              ; 3.3V    ; --         ;                 ; --       ; --           ;
; H11      ; 334        ; 3        ; cpu_write_data_to_cache_i[2]      ; input  ; 3.3-V LVTTL  ;         ; Column I/O ; N               ; no       ; Off          ;
; H12      ; 340        ; 3        ; cpu_address_tag_set_i[6]          ; input  ; 3.3-V LVTTL  ;         ; Column I/O ; N               ; no       ; Off          ;
; H13      ;            ; 3        ; VCCPD3                            ; power  ;              ; 3.3V    ; --         ;                 ; --       ; --           ;
; H14      ; 360        ; 3        ; RESERVED_INPUT                    ;        ;              ;         ; Column I/O ;                 ; no       ; Off          ;
; H15      ;            ;          ; GND                               ; gnd    ;              ;         ; --         ;                 ; --       ; --           ;
; H16      ; 368        ; 3        ; RESERVED_INPUT                    ;        ;              ;         ; Column I/O ;                 ; no       ; Off          ;
; H17      ; 15         ; 2        ; RESERVED_INPUT                    ;        ;              ;         ; Row I/O    ;                 ; no       ; Off          ;
; H18      ; 13         ; 2        ; RESERVED_INPUT                    ;        ;              ;         ; Row I/O    ;                 ; no       ; Off          ;
; H19      ; 18         ; 2        ; RESERVED_INPUT                    ;        ;              ;         ; Row I/O    ;                 ; no       ; Off          ;
; H20      ; 16         ; 2        ; RESERVED_INPUT                    ;        ;              ;         ; Row I/O    ;                 ; no       ; Off          ;
; H21      ; 26         ; 2        ; RESERVED_INPUT                    ;        ;              ;         ; Row I/O    ;                 ; no       ; Off          ;
; H22      ; 24         ; 2        ; RESERVED_INPUT                    ;        ;              ;         ; Row I/O    ;                 ; no       ; Off          ;
; J1       ;            ;          ; GND                               ; gnd    ;              ;         ; --         ;                 ; --       ; --           ;
; J2       ; 247        ; 5        ; cpu_write_data_to_cache_i[5]      ; input  ; 3.3-V LVTTL  ;         ; Row I/O    ; N               ; no       ; Off          ;
; J3       ; 245        ; 5        ; cache_hit_signal_o                ; output ; 3.3-V LVTTL  ;         ; Row I/O    ; N               ; no       ; Off          ;
; J4       ;            ; 5        ; VREFB5                            ; power  ;              ;         ; --         ;                 ; --       ; --           ;
; J5       ; 250        ; 5        ; RESERVED_INPUT                    ;        ;              ;         ; Row I/O    ;                 ; no       ; Off          ;
; J6       ; 248        ; 5        ; memory_data_debug_o[5]            ; output ; 3.3-V LVTTL  ;         ; Row I/O    ; N               ; no       ; Off          ;
; J7       ; 258        ; 5        ; RESERVED_INPUT                    ;        ;              ;         ; Row I/O    ;                 ; no       ; Off          ;
; J8       ; 256        ; 5        ; RESERVED_INPUT                    ;        ;              ;         ; Row I/O    ;                 ; no       ; Off          ;
; J9       ;            ;          ; VCCINT                            ; power  ;              ; 1.2V    ; --         ;                 ; --       ; --           ;
; J10      ;            ;          ; GND                               ; gnd    ;              ;         ; --         ;                 ; --       ; --           ;
; J11      ;            ;          ; VCCINT                            ; power  ;              ; 1.2V    ; --         ;                 ; --       ; --           ;
; J12      ;            ;          ; GND                               ; gnd    ;              ;         ; --         ;                 ; --       ; --           ;
; J13      ;            ;          ; VCCINT                            ; power  ;              ; 1.2V    ; --         ;                 ; --       ; --           ;
; J14      ;            ;          ; GND                               ; gnd    ;              ;         ; --         ;                 ; --       ; --           ;
; J15      ; 364        ; 3        ; RESERVED_INPUT                    ;        ;              ;         ; Column I/O ;                 ; no       ; Off          ;
; J16      ; 23         ; 2        ; RESERVED_INPUT                    ;        ;              ;         ; Row I/O    ;                 ; no       ; Off          ;
; J17      ; 21         ; 2        ; RESERVED_INPUT                    ;        ;              ;         ; Row I/O    ;                 ; no       ; Off          ;
; J18      ; 27         ; 2        ; RESERVED_INPUT                    ;        ;              ;         ; Row I/O    ;                 ; no       ; Off          ;
; J19      ; 25         ; 2        ; cpu_write_data_to_cache_i[8]      ; input  ; 3.3-V LVTTL  ;         ; Row I/O    ; N               ; no       ; Off          ;
; J20      ; 30         ; 2        ; memory_write_enable_debug_o       ; output ; 3.3-V LVTTL  ;         ; Row I/O    ; N               ; no       ; Off          ;
; J21      ; 28         ; 2        ; RESERVED_INPUT                    ;        ;              ;         ; Row I/O    ;                 ; no       ; Off          ;
; J22      ;            ;          ; GND                               ; gnd    ;              ;         ; --         ;                 ; --       ; --           ;
; K1       ; 239        ; 5        ; memory_address_debug_o[7]         ; output ; 3.3-V LVTTL  ;         ; Row I/O    ; N               ; no       ; Off          ;
; K2       ; 237        ; 5        ; memory_address_debug_o[4]         ; output ; 3.3-V LVTTL  ;         ; Row I/O    ; N               ; no       ; Off          ;
; K3       ; 243        ; 5        ; cpu_write_data_to_cache_i[7]      ; input  ; 3.3-V LVTTL  ;         ; Row I/O    ; N               ; no       ; Off          ;
; K4       ; 241        ; 5        ; cpu_write_data_to_cache_i[12]     ; input  ; 3.3-V LVTTL  ;         ; Row I/O    ; N               ; no       ; Off          ;
; K5       ; 246        ; 5        ; memory_data_debug_o[8]            ; output ; 3.3-V LVTTL  ;         ; Row I/O    ; N               ; no       ; Off          ;
; K6       ; 244        ; 5        ; memory_data_debug_o[2]            ; output ; 3.3-V LVTTL  ;         ; Row I/O    ; N               ; no       ; Off          ;
; K7       ; 242        ; 5        ; memory_address_debug_o[2]         ; output ; 3.3-V LVTTL  ;         ; Row I/O    ; N               ; no       ; Off          ;
; K8       ; 240        ; 5        ; cpu_write_data_to_cache_i[9]      ; input  ; 3.3-V LVTTL  ;         ; Row I/O    ; N               ; no       ; Off          ;
; K9       ;            ;          ; GND                               ; gnd    ;              ;         ; --         ;                 ; --       ; --           ;
; K10      ;            ;          ; VCCINT                            ; power  ;              ; 1.2V    ; --         ;                 ; --       ; --           ;
; K11      ;            ;          ; GND                               ; gnd    ;              ;         ; --         ;                 ; --       ; --           ;
; K12      ;            ;          ; VCCINT                            ; power  ;              ; 1.2V    ; --         ;                 ; --       ; --           ;
; K13      ;            ;          ; GND                               ; gnd    ;              ;         ; --         ;                 ; --       ; --           ;
; K14      ;            ; 2        ; VCCPD2                            ; power  ;              ; 3.3V    ; --         ;                 ; --       ; --           ;
; K15      ; 35         ; 2        ; RESERVED_INPUT                    ;        ;              ;         ; Row I/O    ;                 ; no       ; Off          ;
; K16      ; 33         ; 2        ; RESERVED_INPUT                    ;        ;              ;         ; Row I/O    ;                 ; no       ; Off          ;
; K17      ; 31         ; 2        ; cpu_address_tag_set_i[7]          ; input  ; 3.3-V LVTTL  ;         ; Row I/O    ; N               ; no       ; Off          ;
; K18      ; 29         ; 2        ; RESERVED_INPUT                    ;        ;              ;         ; Row I/O    ;                 ; no       ; Off          ;
; K19      ; 34         ; 2        ; RESERVED_INPUT                    ;        ;              ;         ; Row I/O    ;                 ; no       ; Off          ;
; K20      ; 32         ; 2        ; RESERVED_INPUT                    ;        ;              ;         ; Row I/O    ;                 ; no       ; Off          ;
; K21      ; 38         ; 2        ; RESERVED_INPUT                    ;        ;              ;         ; Row I/O    ;                 ; no       ; Off          ;
; K22      ; 36         ; 2        ; memory_address_debug_o[3]         ; output ; 3.3-V LVTTL  ;         ; Row I/O    ; N               ; no       ; Off          ;
; L1       ;            ; 5        ; VCCIO5                            ; power  ;              ; 3.3V    ; --         ;                 ; --       ; --           ;
; L2       ; 233        ; 5        ; memory_address_debug_o[13]        ; output ; 3.3-V LVTTL  ;         ; Row I/O    ; N               ; no       ; Off          ;
; L3       ; 235        ; 5        ; cpu_read_data_from_cache_o[0]     ; output ; 3.3-V LVTTL  ;         ; Row I/O    ; N               ; no       ; Off          ;
; L4       ;            ;          ; GNDA_PLL4                         ; gnd    ;              ;         ; --         ;                 ; --       ; --           ;
; L5       ;            ;          ; GNDA_PLL4                         ; gnd    ;              ;         ; --         ;                 ; --       ; --           ;
; L6       ;            ;          ; VCCD_PLL4                         ; power  ;              ; 1.2V    ; --         ;                 ; --       ; --           ;
; L7       ; 238        ; 5        ; cpu_read_data_from_cache_o[1]     ; output ; 3.3-V LVTTL  ;         ; Row I/O    ; N               ; no       ; Off          ;
; L8       ; 236        ; 5        ; cpu_read_data_from_cache_o[10]    ; output ; 3.3-V LVTTL  ;         ; Row I/O    ; N               ; no       ; Off          ;
; L9       ;            ; 5        ; VCCPD5                            ; power  ;              ; 3.3V    ; --         ;                 ; --       ; --           ;
; L10      ;            ;          ; GND                               ; gnd    ;              ;         ; --         ;                 ; --       ; --           ;
; L11      ;            ;          ; VCCINT                            ; power  ;              ; 1.2V    ; --         ;                 ; --       ; --           ;
; L12      ;            ;          ; GND                               ; gnd    ;              ;         ; --         ;                 ; --       ; --           ;
; L13      ;            ;          ; VCCINT                            ; power  ;              ; 1.2V    ; --         ;                 ; --       ; --           ;
; L14      ;            ;          ; GND                               ; gnd    ;              ;         ; --         ;                 ; --       ; --           ;
; L15      ; 39         ; 2        ; memory_data_debug_o[6]            ; output ; 3.3-V LVTTL  ;         ; Row I/O    ; N               ; no       ; Off          ;
; L16      ; 37         ; 2        ; RESERVED_INPUT                    ;        ;              ;         ; Row I/O    ;                 ; no       ; Off          ;
; L17      ;            ;          ; GNDA_PLL1                         ; gnd    ;              ;         ; --         ;                 ; --       ; --           ;
; L18      ;            ;          ; GNDA_PLL1                         ; gnd    ;              ;         ; --         ;                 ; --       ; --           ;
; L19      ;            ; 2        ; VREFB2                            ; power  ;              ;         ; --         ;                 ; --       ; --           ;
; L20      ; 40         ; 2        ; cpu_read_data_from_cache_o[4]     ; output ; 3.3-V LVTTL  ;         ; Row I/O    ; N               ; no       ; Off          ;
; L21      ; 42         ; 2        ; cpu_read_data_from_cache_o[5]     ; output ; 3.3-V LVTTL  ;         ; Row I/O    ; N               ; no       ; Off          ;
; L22      ;            ; 2        ; VCCIO2                            ; power  ;              ; 3.3V    ; --         ;                 ; --       ; --           ;
; M1       ;            ; 6        ; VCCIO6                            ; power  ;              ; 3.3V    ; --         ;                 ; --       ; --           ;
; M2       ; 232        ; 5        ; cpu_write_data_to_cache_i[1]      ; input  ; 3.3-V LVTTL  ;         ; Row I/O    ; N               ; no       ; Off          ;
; M3       ; 234        ; 5        ; cpu_write_data_to_cache_i[13]     ; input  ; 3.3-V LVTTL  ;         ; Row I/O    ; N               ; no       ; Off          ;
; M4       ;            ;          ; VCCA_PLL3                         ; power  ;              ; 1.2V    ; --         ;                 ; --       ; --           ;
; M5       ;            ;          ; VCCD_PLL3                         ; power  ;              ; 1.2V    ; --         ;                 ; --       ; --           ;
; M6       ;            ;          ; VCCA_PLL4                         ; power  ;              ; 1.2V    ; --         ;                 ; --       ; --           ;
; M7       ;            ;          ; GND                               ; gnd    ;              ;         ; --         ;                 ; --       ; --           ;
; M8       ;            ;          ; VCCINT                            ; power  ;              ; 1.2V    ; --         ;                 ; --       ; --           ;
; M9       ;            ;          ; GND                               ; gnd    ;              ;         ; --         ;                 ; --       ; --           ;
; M10      ;            ;          ; VCCINT                            ; power  ;              ; 1.2V    ; --         ;                 ; --       ; --           ;
; M11      ;            ;          ; GND                               ; gnd    ;              ;         ; --         ;                 ; --       ; --           ;
; M12      ;            ;          ; VCCINT                            ; power  ;              ; 1.2V    ; --         ;                 ; --       ; --           ;
; M13      ;            ;          ; GND                               ; gnd    ;              ;         ; --         ;                 ; --       ; --           ;
; M14      ;            ;          ; VCCINT                            ; power  ;              ; 1.2V    ; --         ;                 ; --       ; --           ;
; M15      ;            ;          ; GND                               ; gnd    ;              ;         ; --         ;                 ; --       ; --           ;
; M16      ;            ;          ; VCCD_PLL1                         ; power  ;              ; 1.2V    ; --         ;                 ; --       ; --           ;
; M17      ;            ;          ; VCCA_PLL1                         ; power  ;              ; 1.2V    ; --         ;                 ; --       ; --           ;
; M18      ;            ;          ; VCCD_PLL2                         ; power  ;              ; 1.2V    ; --         ;                 ; --       ; --           ;
; M19      ;            ;          ; VCCA_PLL2                         ; power  ;              ; 1.2V    ; --         ;                 ; --       ; --           ;
; M20      ; 41         ; 2        ; GND+                              ;        ;              ;         ; Row I/O    ;                 ; --       ; --           ;
; M21      ; 43         ; 2        ; cpu_write_data_to_cache_i[10]     ; input  ; 3.3-V LVTTL  ;         ; Row I/O    ; N               ; no       ; Off          ;
; M22      ;            ; 1        ; VCCIO1                            ; power  ;              ; 3.3V    ; --         ;                 ; --       ; --           ;
; N1       ; 231        ; 6        ; memory_address_debug_o[14]        ; output ; 3.3-V LVTTL  ;         ; Row I/O    ; N               ; no       ; Off          ;
; N2       ; 229        ; 6        ; cpu_read_data_from_cache_o[7]     ; output ; 3.3-V LVTTL  ;         ; Row I/O    ; N               ; no       ; Off          ;
; N3       ; 230        ; 6        ; GND+                              ;        ;              ;         ; Row I/O    ;                 ; --       ; --           ;
; N4       ; 228        ; 6        ; GND+                              ;        ;              ;         ; Row I/O    ;                 ; --       ; --           ;
; N5       ;            ;          ; GNDA_PLL3                         ; gnd    ;              ;         ; --         ;                 ; --       ; --           ;
; N6       ;            ;          ; GNDA_PLL3                         ; gnd    ;              ;         ; --         ;                 ; --       ; --           ;
; N7       ; 226        ; 6        ; cpu_write_data_to_cache_i[4]      ; input  ; 3.3-V LVTTL  ;         ; Row I/O    ; N               ; no       ; Off          ;
; N8       ; 224        ; 6        ; RESERVED_INPUT                    ;        ;              ;         ; Row I/O    ;                 ; no       ; Off          ;
; N9       ;            ; 6        ; VCCPD6                            ; power  ;              ; 3.3V    ; --         ;                 ; --       ; --           ;
; N10      ;            ;          ; GND                               ; gnd    ;              ;         ; --         ;                 ; --       ; --           ;
; N11      ;            ;          ; VCCINT                            ; power  ;              ; 1.2V    ; --         ;                 ; --       ; --           ;
; N12      ;            ;          ; GND                               ; gnd    ;              ;         ; --         ;                 ; --       ; --           ;
; N13      ;            ;          ; VCCINT                            ; power  ;              ; 1.2V    ; --         ;                 ; --       ; --           ;
; N14      ;            ;          ; GND                               ; gnd    ;              ;         ; --         ;                 ; --       ; --           ;
; N15      ; 51         ; 1        ; RESERVED_INPUT                    ;        ;              ;         ; Row I/O    ;                 ; no       ; Off          ;
; N16      ; 49         ; 1        ; RESERVED_INPUT                    ;        ;              ;         ; Row I/O    ;                 ; no       ; Off          ;
; N17      ;            ;          ; GNDA_PLL2                         ; gnd    ;              ;         ; --         ;                 ; --       ; --           ;
; N18      ;            ;          ; GNDA_PLL2                         ; gnd    ;              ;         ; --         ;                 ; --       ; --           ;
; N19      ; 47         ; 1        ; GND+                              ;        ;              ;         ; Row I/O    ;                 ; --       ; --           ;
; N20      ; 45         ; 1        ; clock_i                           ; input  ; 3.3-V LVTTL  ;         ; Row I/O    ; N               ; no       ; Off          ;
; N21      ; 46         ; 1        ; cpu_read_data_from_cache_o[11]    ; output ; 3.3-V LVTTL  ;         ; Row I/O    ; N               ; no       ; Off          ;
; N22      ; 44         ; 1        ; RESERVED_INPUT                    ;        ;              ;         ; Row I/O    ;                 ; no       ; Off          ;
; P1       ;            ;          ; GND                               ; gnd    ;              ;         ; --         ;                 ; --       ; --           ;
; P2       ; 227        ; 6        ; RESERVED_INPUT                    ;        ;              ;         ; Row I/O    ;                 ; no       ; Off          ;
; P3       ; 225        ; 6        ; memory_address_debug_o[8]         ; output ; 3.3-V LVTTL  ;         ; Row I/O    ; N               ; no       ; Off          ;
; P4       ;            ; 6        ; VREFB6                            ; power  ;              ;         ; --         ;                 ; --       ; --           ;
; P5       ; 222        ; 6        ; cpu_address_tag_set_i[5]          ; input  ; 3.3-V LVTTL  ;         ; Row I/O    ; N               ; no       ; Off          ;
; P6       ; 220        ; 6        ; RESERVED_INPUT                    ;        ;              ;         ; Row I/O    ;                 ; no       ; Off          ;
; P7       ; 218        ; 6        ; RESERVED_INPUT                    ;        ;              ;         ; Row I/O    ;                 ; no       ; Off          ;
; P8       ; 216        ; 6        ; RESERVED_INPUT                    ;        ;              ;         ; Row I/O    ;                 ; no       ; Off          ;
; P9       ;            ;          ; VCCINT                            ; power  ;              ; 1.2V    ; --         ;                 ; --       ; --           ;
; P10      ;            ; 7        ; VCCPD7                            ; power  ;              ; 3.3V    ; --         ;                 ; --       ; --           ;
; P11      ;            ;          ; GND                               ; gnd    ;              ;         ; --         ;                 ; --       ; --           ;
; P12      ;            ;          ; VCCINT                            ; power  ;              ; 1.2V    ; --         ;                 ; --       ; --           ;
; P13      ;            ;          ; GND                               ; gnd    ;              ;         ; --         ;                 ; --       ; --           ;
; P14      ;            ;          ; VCCINT                            ; power  ;              ; 1.2V    ; --         ;                 ; --       ; --           ;
; P15      ;            ; 1        ; VCCPD1                            ; power  ;              ; 3.3V    ; --         ;                 ; --       ; --           ;
; P16      ; 59         ; 1        ; RESERVED_INPUT                    ;        ;              ;         ; Row I/O    ;                 ; no       ; Off          ;
; P17      ; 57         ; 1        ; RESERVED_INPUT                    ;        ;              ;         ; Row I/O    ;                 ; no       ; Off          ;
; P18      ; 55         ; 1        ; RESERVED_INPUT                    ;        ;              ;         ; Row I/O    ;                 ; no       ; Off          ;
; P19      ; 53         ; 1        ; RESERVED_INPUT                    ;        ;              ;         ; Row I/O    ;                 ; no       ; Off          ;
; P20      ; 50         ; 1        ; RESERVED_INPUT                    ;        ;              ;         ; Row I/O    ;                 ; no       ; Off          ;
; P21      ; 48         ; 1        ; RESERVED_INPUT                    ;        ;              ;         ; Row I/O    ;                 ; no       ; Off          ;
; P22      ;            ;          ; GND                               ; gnd    ;              ;         ; --         ;                 ; --       ; --           ;
; R1       ; 223        ; 6        ; RESERVED_INPUT                    ;        ;              ;         ; Row I/O    ;                 ; no       ; Off          ;
; R2       ; 221        ; 6        ; cpu_read_data_from_cache_o[14]    ; output ; 3.3-V LVTTL  ;         ; Row I/O    ; N               ; no       ; Off          ;
; R3       ; 215        ; 6        ; RESERVED_INPUT                    ;        ;              ;         ; Row I/O    ;                 ; no       ; Off          ;
; R4       ; 213        ; 6        ; RESERVED_INPUT                    ;        ;              ;         ; Row I/O    ;                 ; no       ; Off          ;
; R5       ; 214        ; 6        ; RESERVED_INPUT                    ;        ;              ;         ; Row I/O    ;                 ; no       ; Off          ;
; R6       ; 212        ; 6        ; RESERVED_INPUT                    ;        ;              ;         ; Row I/O    ;                 ; no       ; Off          ;
; R7       ; 202        ; 6        ; RESERVED_INPUT                    ;        ;              ;         ; Row I/O    ;                 ; no       ; Off          ;
; R8       ; 200        ; 6        ; RESERVED_INPUT                    ;        ;              ;         ; Row I/O    ;                 ; no       ; Off          ;
; R9       ; 168        ; 7        ; RESERVED_INPUT                    ;        ;              ;         ; Column I/O ;                 ; no       ; Off          ;
; R10      ;            ;          ; GND                               ; gnd    ;              ;         ; --         ;                 ; --       ; --           ;
; R11      ;            ; 10       ; VCC_PLL6_OUT                      ; power  ;              ; 3.3V    ; --         ;                 ; --       ; --           ;
; R12      ;            ;          ; VCCA_PLL6                         ; power  ;              ; 1.2V    ; --         ;                 ; --       ; --           ;
; R13      ;            ; 8        ; VCCPD8                            ; power  ;              ; 3.3V    ; --         ;                 ; --       ; --           ;
; R14      ; 106        ; 8        ; RESERVED_INPUT                    ;        ;              ;         ; Column I/O ;                 ; no       ; Off          ;
; R15      ; 89         ; 8        ; RESERVED_INPUT                    ;        ;              ;         ; Column I/O ;                 ; no       ; Off          ;
; R16      ; 83         ; 1        ; RESERVED_INPUT                    ;        ;              ;         ; Row I/O    ;                 ; no       ; Off          ;
; R17      ; 81         ; 1        ; RESERVED_INPUT                    ;        ;              ;         ; Row I/O    ;                 ; no       ; Off          ;
; R18      ; 63         ; 1        ; RESERVED_INPUT                    ;        ;              ;         ; Row I/O    ;                 ; no       ; Off          ;
; R19      ; 61         ; 1        ; RESERVED_INPUT                    ;        ;              ;         ; Row I/O    ;                 ; no       ; Off          ;
; R20      ;            ; 1        ; VREFB1                            ; power  ;              ;         ; --         ;                 ; --       ; --           ;
; R21      ; 54         ; 1        ; RESERVED_INPUT                    ;        ;              ;         ; Row I/O    ;                 ; no       ; Off          ;
; R22      ; 52         ; 1        ; RESERVED_INPUT                    ;        ;              ;         ; Row I/O    ;                 ; no       ; Off          ;
; T1       ; 219        ; 6        ; RESERVED_INPUT                    ;        ;              ;         ; Row I/O    ;                 ; no       ; Off          ;
; T2       ; 217        ; 6        ; RESERVED_INPUT                    ;        ;              ;         ; Row I/O    ;                 ; no       ; Off          ;
; T3       ; 207        ; 6        ; RESERVED_INPUT                    ;        ;              ;         ; Row I/O    ;                 ; no       ; Off          ;
; T4       ; 205        ; 6        ; RESERVED_INPUT                    ;        ;              ;         ; Row I/O    ;                 ; no       ; Off          ;
; T5       ; 210        ; 6        ; RESERVED_INPUT                    ;        ;              ;         ; Row I/O    ;                 ; no       ; Off          ;
; T6       ; 208        ; 6        ; RESERVED_INPUT                    ;        ;              ;         ; Row I/O    ;                 ; no       ; Off          ;
; T7       ; 186        ; 7        ; RESERVED_INPUT                    ;        ;              ;         ; Column I/O ;                 ; no       ; Off          ;
; T8       ; 172        ; 7        ; RESERVED_INPUT                    ;        ;              ;         ; Column I/O ;                 ; no       ; Off          ;
; T9       ; 170        ; 7        ; RESERVED_INPUT                    ;        ;              ;         ; Column I/O ;                 ; no       ; Off          ;
; T10      ; 156        ; 7        ; RESERVED_INPUT                    ;        ;              ;         ; Column I/O ;                 ; no       ; Off          ;
; T11      ;            ;          ; GNDA_PLL6                         ; gnd    ;              ;         ; --         ;                 ; --       ; --           ;
; T12      ;            ;          ; GNDA_PLL6                         ; gnd    ;              ;         ; --         ;                 ; --       ; --           ;
; T13      ; 120        ; 8        ; RESERVED_INPUT                    ;        ;              ;         ; Column I/O ;                 ; no       ; Off          ;
; T14      ; 108        ; 8        ; RESERVED_INPUT                    ;        ;              ;         ; Column I/O ;                 ; no       ; Off          ;
; T15      ; 98         ; 8        ; RESERVED_INPUT                    ;        ;              ;         ; Column I/O ;                 ; no       ; Off          ;
; T16      ; 92         ; 8        ; RESERVED_INPUT                    ;        ;              ;         ; Column I/O ;                 ; no       ; Off          ;
; T17      ; 67         ; 1        ; RESERVED_INPUT                    ;        ;              ;         ; Row I/O    ;                 ; no       ; Off          ;
; T18      ; 65         ; 1        ; RESERVED_INPUT                    ;        ;              ;         ; Row I/O    ;                 ; no       ; Off          ;
; T19      ; 66         ; 1        ; RESERVED_INPUT                    ;        ;              ;         ; Row I/O    ;                 ; no       ; Off          ;
; T20      ; 64         ; 1        ; RESERVED_INPUT                    ;        ;              ;         ; Row I/O    ;                 ; no       ; Off          ;
; T21      ; 58         ; 1        ; RESERVED_INPUT                    ;        ;              ;         ; Row I/O    ;                 ; no       ; Off          ;
; T22      ; 56         ; 1        ; RESERVED_INPUT                    ;        ;              ;         ; Row I/O    ;                 ; no       ; Off          ;
; U1       ; 211        ; 6        ; RESERVED_INPUT                    ;        ;              ;         ; Row I/O    ;                 ; no       ; Off          ;
; U2       ; 209        ; 6        ; RESERVED_INPUT                    ;        ;              ;         ; Row I/O    ;                 ; no       ; Off          ;
; U3       ;            ; 6        ; VREFB6                            ; power  ;              ;         ; --         ;                 ; --       ; --           ;
; U4       ; 206        ; 6        ; RESERVED_INPUT                    ;        ;              ;         ; Row I/O    ;                 ; no       ; Off          ;
; U5       ; 204        ; 6        ; RESERVED_INPUT                    ;        ;              ;         ; Row I/O    ;                 ; no       ; Off          ;
; U6       ; 179        ; 7        ; RESERVED_INPUT                    ;        ;              ;         ; Column I/O ;                 ; no       ; Off          ;
; U7       ; 180        ; 7        ; RESERVED_INPUT                    ;        ;              ;         ; Column I/O ;                 ; no       ; Off          ;
; U8       ; 173        ; 7        ; RESERVED_INPUT                    ;        ;              ;         ; Column I/O ;                 ; no       ; Off          ;
; U9       ; 171        ; 7        ; RESERVED_INPUT                    ;        ;              ;         ; Column I/O ;                 ; no       ; Off          ;
; U10      ; 158        ; 7        ; RESERVED_INPUT                    ;        ;              ;         ; Column I/O ;                 ; no       ; Off          ;
; U11      ;            ;          ; VCCD_PLL6                         ; power  ;              ; 1.2V    ; --         ;                 ; --       ; --           ;
; U12      ; 130        ; 8        ; RESERVED_INPUT                    ;        ;              ;         ; Column I/O ;                 ; no       ; Off          ;
; U13      ; 112        ; 8        ; RESERVED_INPUT                    ;        ;              ;         ; Column I/O ;                 ; no       ; Off          ;
; U14      ; 103        ; 8        ; RESERVED_INPUT                    ;        ;              ;         ; Column I/O ;                 ; no       ; Off          ;
; U15      ; 99         ; 8        ; RESERVED_INPUT                    ;        ;              ;         ; Column I/O ;                 ; no       ; Off          ;
; U16      ; 94         ; 8        ; RESERVED_INPUT                    ;        ;              ;         ; Column I/O ;                 ; no       ; Off          ;
; U17      ; 71         ; 1        ; RESERVED_INPUT                    ;        ;              ;         ; Row I/O    ;                 ; no       ; Off          ;
; U18      ; 69         ; 1        ; RESERVED_INPUT                    ;        ;              ;         ; Row I/O    ;                 ; no       ; Off          ;
; U19      ; 70         ; 1        ; RESERVED_INPUT                    ;        ;              ;         ; Row I/O    ;                 ; no       ; Off          ;
; U20      ; 68         ; 1        ; RESERVED_INPUT                    ;        ;              ;         ; Row I/O    ;                 ; no       ; Off          ;
; U21      ; 62         ; 1        ; RESERVED_INPUT                    ;        ;              ;         ; Row I/O    ;                 ; no       ; Off          ;
; U22      ; 60         ; 1        ; RESERVED_INPUT                    ;        ;              ;         ; Row I/O    ;                 ; no       ; Off          ;
; V1       ; 203        ; 6        ; RESERVED_INPUT                    ;        ;              ;         ; Row I/O    ;                 ; no       ; Off          ;
; V2       ; 201        ; 6        ; RESERVED_INPUT                    ;        ;              ;         ; Row I/O    ;                 ; no       ; Off          ;
; V3       ; 198        ; 6        ; RESERVED_INPUT                    ;        ;              ;         ; Row I/O    ;                 ; no       ; Off          ;
; V4       ; 196        ; 6        ; RESERVED_INPUT                    ;        ;              ;         ; Row I/O    ;                 ; no       ; Off          ;
; V5       ; 188        ; 7        ; ^PORSEL                           ;        ;              ;         ; --         ;                 ; --       ; --           ;
; V6       ; 185        ; 7        ; RESERVED_INPUT                    ;        ;              ;         ; Column I/O ;                 ; no       ; Off          ;
; V7       ; 175        ; 7        ; RESERVED_INPUT                    ;        ;              ;         ; Column I/O ;                 ; no       ; Off          ;
; V8       ; 166        ; 7        ; RESERVED_INPUT                    ;        ;              ;         ; Column I/O ;                 ; no       ; Off          ;
; V9       ; 149        ; 10       ; memory_data_debug_o[10]           ; output ; 3.3-V LVTTL  ;         ; Column I/O ; N               ; no       ; Off          ;
; V10      ; 165        ; 7        ; RESERVED_INPUT                    ;        ;              ;         ; Column I/O ;                 ; no       ; Off          ;
; V11      ; 132        ; 8        ; memory_data_debug_o[7]            ; output ; 3.3-V LVTTL  ;         ; Column I/O ; N               ; no       ; Off          ;
; V12      ; 134        ; 8        ; memory_data_debug_o[1]            ; output ; 3.3-V LVTTL  ;         ; Column I/O ; N               ; no       ; Off          ;
; V13      ; 114        ; 8        ; RESERVED_INPUT                    ;        ;              ;         ; Column I/O ;                 ; no       ; Off          ;
; V14      ; 105        ; 8        ; RESERVED_INPUT                    ;        ;              ;         ; Column I/O ;                 ; no       ; Off          ;
; V15      ; 97         ; 8        ; RESERVED_INPUT                    ;        ;              ;         ; Column I/O ;                 ; no       ; Off          ;
; V16      ; 93         ; 8        ; RESERVED_INPUT                    ;        ;              ;         ; Column I/O ;                 ; no       ; Off          ;
; V17      ; 90         ; 8        ; ^VCCSEL                           ;        ;              ;         ; --         ;                 ; --       ; --           ;
; V18      ; 75         ; 1        ; RESERVED_INPUT                    ;        ;              ;         ; Row I/O    ;                 ; no       ; Off          ;
; V19      ; 73         ; 1        ; RESERVED_INPUT                    ;        ;              ;         ; Row I/O    ;                 ; no       ; Off          ;
; V20      ;            ; 1        ; VREFB1                            ; power  ;              ;         ; --         ;                 ; --       ; --           ;
; V21      ; 74         ; 1        ; RESERVED_INPUT                    ;        ;              ;         ; Row I/O    ;                 ; no       ; Off          ;
; V22      ; 72         ; 1        ; RESERVED_INPUT                    ;        ;              ;         ; Row I/O    ;                 ; no       ; Off          ;
; W1       ; 199        ; 6        ; RESERVED_INPUT                    ;        ;              ;         ; Row I/O    ;                 ; no       ; Off          ;
; W2       ; 197        ; 6        ; RESERVED_INPUT                    ;        ;              ;         ; Row I/O    ;                 ; no       ; Off          ;
; W3       ; 194        ; 6        ; RESERVED_INPUT                    ;        ;              ;         ; Row I/O    ;                 ; no       ; Off          ;
; W4       ; 192        ; 6        ; RESERVED_INPUT                    ;        ;              ;         ; Row I/O    ;                 ; no       ; Off          ;
; W5       ; 182        ; 7        ; RESERVED_INPUT                    ;        ;              ;         ; Column I/O ;                 ; no       ; Off          ;
; W6       ;            ; 7        ; VREFB7                            ; power  ;              ;         ; --         ;                 ; --       ; --           ;
; W7       ; 177        ; 7        ; RESERVED_INPUT                    ;        ;              ;         ; Column I/O ;                 ; no       ; Off          ;
; W8       ;            ; 7        ; VREFB7                            ; power  ;              ;         ; --         ;                 ; --       ; --           ;
; W9       ; 148        ; 10       ; cpu_write_data_to_cache_i[15]     ; input  ; 3.3-V LVTTL  ;         ; Column I/O ; N               ; no       ; Off          ;
; W10      ; 142        ; 7        ; memory_data_debug_o[15]           ; output ; 3.3-V LVTTL  ;         ; Column I/O ; N               ; no       ; Off          ;
; W11      ; 133        ; 8        ; RESERVED_INPUT                    ;        ;              ;         ; Column I/O ;                 ; no       ; Off          ;
; W12      ; 135        ; 8        ; RESERVED_INPUT                    ;        ;              ;         ; Column I/O ;                 ; no       ; Off          ;
; W13      ; 128        ; 8        ; RESERVED_INPUT                    ;        ;              ;         ; Column I/O ;                 ; no       ; Off          ;
; W14      ; 109        ; 8        ; RESERVED_INPUT                    ;        ;              ;         ; Column I/O ;                 ; no       ; Off          ;
; W15      ; 102        ; 8        ; RESERVED_INPUT                    ;        ;              ;         ; Column I/O ;                 ; no       ; Off          ;
; W16      ; 101        ; 8        ; RESERVED_INPUT                    ;        ;              ;         ; Column I/O ;                 ; no       ; Off          ;
; W17      ; 95         ; 8        ; RESERVED_INPUT                    ;        ;              ;         ; Column I/O ;                 ; no       ; Off          ;
; W18      ; 88         ; 8        ; ^nCONFIG                          ;        ;              ;         ; --         ;                 ; --       ; --           ;
; W19      ; 79         ; 1        ; RESERVED_INPUT                    ;        ;              ;         ; Row I/O    ;                 ; no       ; Off          ;
; W20      ; 77         ; 1        ; RESERVED_INPUT                    ;        ;              ;         ; Row I/O    ;                 ; no       ; Off          ;
; W21      ; 78         ; 1        ; RESERVED_INPUT                    ;        ;              ;         ; Row I/O    ;                 ; no       ; Off          ;
; W22      ; 76         ; 1        ; RESERVED_INPUT                    ;        ;              ;         ; Row I/O    ;                 ; no       ; Off          ;
; Y1       ; 195        ; 6        ; RESERVED_INPUT                    ;        ;              ;         ; Row I/O    ;                 ; no       ; Off          ;
; Y2       ; 193        ; 6        ; RESERVED_INPUT                    ;        ;              ;         ; Row I/O    ;                 ; no       ; Off          ;
; Y3       ; 184        ; 7        ; RESERVED_INPUT                    ;        ;              ;         ; Column I/O ;                 ; no       ; Off          ;
; Y4       ; 189        ; 7        ; PLL_ENA                           ;        ;              ;         ; --         ;                 ; --       ; --           ;
; Y5       ; 162        ; 7        ; RESERVED_INPUT                    ;        ;              ;         ; Column I/O ;                 ; no       ; Off          ;
; Y6       ; 160        ; 7        ; RESERVED_INPUT                    ;        ;              ;         ; Column I/O ;                 ; no       ; Off          ;
; Y7       ; 154        ; 7        ; RESERVED_INPUT                    ;        ;              ;         ; Column I/O ;                 ; no       ; Off          ;
; Y8       ; 152        ; 7        ; cpu_read_data_from_cache_o[8]     ; output ; 3.3-V LVTTL  ;         ; Column I/O ; N               ; no       ; Off          ;
; Y9       ; 146        ; 10       ; memory_data_debug_o[3]            ; output ; 3.3-V LVTTL  ;         ; Column I/O ; N               ; no       ; Off          ;
; Y10      ; 140        ; 7        ; cpu_address_tag_set_i[12]         ; input  ; 3.3-V LVTTL  ;         ; Column I/O ; N               ; no       ; Off          ;
; Y11      ; 143        ; 7        ; memory_address_debug_o[11]        ; output ; 3.3-V LVTTL  ;         ; Column I/O ; N               ; no       ; Off          ;
; Y12      ; 136        ; 8        ; memory_data_debug_o[9]            ; output ; 3.3-V LVTTL  ;         ; Column I/O ; N               ; no       ; Off          ;
; Y13      ; 131        ; 8        ; RESERVED_INPUT                    ;        ;              ;         ; Column I/O ;                 ; no       ; Off          ;
; Y14      ; 110        ; 8        ; RESERVED_INPUT                    ;        ;              ;         ; Column I/O ;                 ; no       ; Off          ;
; Y15      ; 126        ; 8        ; RESERVED_INPUT                    ;        ;              ;         ; Column I/O ;                 ; no       ; Off          ;
; Y16      ; 121        ; 8        ; RESERVED_INPUT                    ;        ;              ;         ; Column I/O ;                 ; no       ; Off          ;
; Y17      ; 116        ; 8        ; RESERVED_INPUT                    ;        ;              ;         ; Column I/O ;                 ; no       ; Off          ;
; Y18      ; 113        ; 8        ; RESERVED_INPUT                    ;        ;              ;         ; Column I/O ;                 ; no       ; Off          ;
; Y19      ;            ; 8        ; VREFB8                            ; power  ;              ;         ; --         ;                 ; --       ; --           ;
; Y20      ; 91         ; 8        ; RESERVED_INPUT                    ;        ;              ;         ; Column I/O ;                 ; no       ; Off          ;
; Y21      ; 82         ; 1        ; RESERVED_INPUT                    ;        ;              ;         ; Row I/O    ;                 ; no       ; Off          ;
; Y22      ; 80         ; 1        ; RESERVED_INPUT                    ;        ;              ;         ; Row I/O    ;                 ; no       ; Off          ;
+----------+------------+----------+-----------------------------------+--------+--------------+---------+------------+-----------------+----------+--------------+
Note: Pin directions (input, output or bidir) are based on device operating in user mode.


+-------------------------------------------------------------------------------+
; Output Pin Default Load For Reported TCO                                      ;
+----------------------------------+-------+------------------------------------+
; I/O Standard                     ; Load  ; Termination Resistance             ;
+----------------------------------+-------+------------------------------------+
; 3.3-V PCI                        ; 10 pF ; 25 Ohm (Parallel)                  ;
; 3.3-V PCI-X                      ; 10 pF ; 25 Ohm (Parallel)                  ;
; Differential 2.5-V SSTL Class II ; 0 pF  ; (See SSTL-2 Class II)              ;
; Differential 1.8-V SSTL Class II ; 0 pF  ; (See 1.8-V SSTL Class II)          ;
; LVDS                             ; 0 pF  ; 100 Ohm (Differential)             ;
; HyperTransport                   ; 0 pF  ; 100 Ohm (Differential)             ;
; Differential LVPECL              ; 0 pF  ; 100 Ohm (Differential)             ;
; 3.3-V LVTTL                      ; 0 pF  ; Not Available                      ;
; 3.3-V LVCMOS                     ; 0 pF  ; Not Available                      ;
; 2.5 V                            ; 0 pF  ; Not Available                      ;
; 1.8 V                            ; 0 pF  ; Not Available                      ;
; 1.5 V                            ; 0 pF  ; Not Available                      ;
; SSTL-2 Class I                   ; 0 pF  ; 50 Ohm (Parallel), 25 Ohm (Serial) ;
; SSTL-2 Class II                  ; 0 pF  ; 25 Ohm (Parallel), 25 Ohm (Serial) ;
; SSTL-18 Class I                  ; 0 pF  ; 50 Ohm (Parallel), 25 Ohm (Serial) ;
; SSTL-18 Class II                 ; 0 pF  ; 25 Ohm (Parallel), 25 Ohm (Serial) ;
; 1.5-V HSTL Class I               ; 0 pF  ; 50 Ohm (Parallel)                  ;
; 1.5-V HSTL Class II              ; 0 pF  ; 25 Ohm (Parallel)                  ;
; 1.8-V HSTL Class I               ; 0 pF  ; 50 Ohm (Parallel)                  ;
; 1.8-V HSTL Class II              ; 0 pF  ; 25 Ohm (Parallel)                  ;
; 1.2-V HSTL                       ; 0 pF  ; Not Available                      ;
; Differential SSTL-2              ; 0 pF  ; (See SSTL-2)                       ;
; Differential 1.8-V SSTL Class I  ; 0 pF  ; (See 1.8-V SSTL Class I)           ;
; Differential 1.5-V HSTL Class I  ; 0 pF  ; (See 1.5-V HSTL Class I)           ;
; Differential 1.5-V HSTL Class II ; 0 pF  ; (See 1.5-V HSTL Class II)          ;
; Differential 1.8-V HSTL Class I  ; 0 pF  ; (See 1.8-V HSTL Class I)           ;
; Differential 1.8-V HSTL Class II ; 0 pF  ; (See 1.8-V HSTL Class II)          ;
; Differential 1.2-V HSTL          ; 0 pF  ; Not Available                      ;
+----------------------------------+-------+------------------------------------+
Note: User assignments will override these defaults. The user specified values are listed in the Output Pins and Bidir Pins tables.


+------------------------------------------------------------------------------------------------------------------------------------------------------------------------------------------------------------------------------------------------------------------------------------------------------------------------------------------------------------------------------------------------------------------------------------------------------------------------------------------+
; Fitter Resource Utilization by Entity                                                                                                                                                                                                                                                                                                                                                                                                                                                    ;
+----------------------------------------------+---------------------+-----------+---------------------------+---------------+-------------------+-------+------+--------+--------------+---------+-----------+-----------+------+--------------+--------------------------------+--------------------+-------------------------------+-------------------------------------------------------------------------------------------------------------------------------------+--------------+
; Compilation Hierarchy Node                   ; Combinational ALUTs ; ALMs      ; Dedicated Logic Registers ; I/O Registers ; Block Memory Bits ; M512s ; M4Ks ; M-RAMs ; DSP Elements ; DSP 9x9 ; DSP 18x18 ; DSP 36x36 ; Pins ; Virtual Pins ; Combinational with no register ; Register-Only      ; Combinational with a register ; Full Hierarchy Name                                                                                                                 ; Library Name ;
;                                              ;                     ;           ;                           ;               ;                   ;       ;      ;        ;              ;         ;           ;           ;      ;              ; ALUT/register pair             ; ALUT/register pair ; ALUT/register pair            ;                                                                                                                                     ;              ;
+----------------------------------------------+---------------------+-----------+---------------------------+---------------+-------------------+-------+------+--------+--------------+---------+-----------+-----------+------+--------------+--------------------------------+--------------------+-------------------------------+-------------------------------------------------------------------------------------------------------------------------------------+--------------+
; |lab8_cache_rtl_view_top                     ; 200 (1)             ; 300 (1)   ; 374 (0)                   ; 0 (0)         ; 4096              ; 0     ; 1    ; 0      ; 0            ; 0       ; 0         ; 0         ; 89   ; 0            ; 131 (1)                        ; 305 (0)            ; 69 (0)                        ; |lab8_cache_rtl_view_top                                                                                                            ; work         ;
;    |lab8_cache_top:U_CACHE_SYSTEM|           ; 199 (16)            ; 299 (8)   ; 374 (0)                   ; 0 (0)         ; 4096              ; 0     ; 1    ; 0      ; 0            ; 0       ; 0         ; 0         ; 0    ; 0            ; 130 (16)                       ; 305 (0)            ; 69 (0)                        ; |lab8_cache_rtl_view_top|lab8_cache_top:U_CACHE_SYSTEM                                                                              ;              ;
;       |cache_direct_mapped:U_CACHE|          ; 162 (162)           ; 268 (268) ; 332 (332)                 ; 0 (0)         ; 0                 ; 0     ; 0    ; 0      ; 0            ; 0       ; 0         ; 0         ; 0    ; 0            ; 114 (114)                      ; 285 (285)          ; 48 (48)                       ; |lab8_cache_rtl_view_top|lab8_cache_top:U_CACHE_SYSTEM|cache_direct_mapped:U_CACHE                                                  ; work         ;
;       |main_memory_sync:U_RAM|               ; 21 (21)             ; 38 (38)   ; 42 (42)                   ; 0 (0)         ; 4096              ; 0     ; 1    ; 0      ; 0            ; 0       ; 0         ; 0         ; 0    ; 0            ; 0 (0)                          ; 20 (20)            ; 22 (22)                       ; |lab8_cache_rtl_view_top|lab8_cache_top:U_CACHE_SYSTEM|main_memory_sync:U_RAM                                                       ; work         ;
;          |altsyncram:mem_r_rtl_0|            ; 0 (0)               ; 0 (0)     ; 0 (0)                     ; 0 (0)         ; 4096              ; 0     ; 1    ; 0      ; 0            ; 0       ; 0         ; 0         ; 0    ; 0            ; 0 (0)                          ; 0 (0)              ; 0 (0)                         ; |lab8_cache_rtl_view_top|lab8_cache_top:U_CACHE_SYSTEM|main_memory_sync:U_RAM|altsyncram:mem_r_rtl_0                                ;              ;
;             |altsyncram_tlm1:auto_generated| ; 0 (0)               ; 0 (0)     ; 0 (0)                     ; 0 (0)         ; 4096              ; 0     ; 1    ; 0      ; 0            ; 0       ; 0         ; 0         ; 0    ; 0            ; 0 (0)                          ; 0 (0)              ; 0 (0)                         ; |lab8_cache_rtl_view_top|lab8_cache_top:U_CACHE_SYSTEM|main_memory_sync:U_RAM|altsyncram:mem_r_rtl_0|altsyncram_tlm1:auto_generated ;              ;
+----------------------------------------------+---------------------+-----------+---------------------------+---------------+-------------------+-------+------+--------+--------------+---------+-----------+-----------+------+--------------+--------------------------------+--------------------+-------------------------------+-------------------------------------------------------------------------------------------------------------------------------------+--------------+
Note: For table entries with two numbers listed, the numbers in parentheses indicate the number of resources of the given type used by the specific entity alone. The numbers listed outside of parentheses indicate the total resources of the given type used by the specific entity and all of its sub-entities in the hierarchy.


+----------------------------------------------------------------------------------------------------------------------------------------------------------+
; Delay Chain Summary                                                                                                                                      ;
+-----------------------------------+----------+---------------+---------------+-----------------------+-----+-----------+---------+----------+------------+
; Name                              ; Pin Type ; Pad to Core 0 ; Pad to Core 1 ; Pad to Input Register ; TCO ; TCOE      ; DQS bus ; NDQS bus ; DQS output ;
+-----------------------------------+----------+---------------+---------------+-----------------------+-----+-----------+---------+----------+------------+
; cpu_read_data_from_cache_o[0]     ; Output   ; --            ; --            ; --                    ; --  ; (0) 52 ps ; --      ; --       ; --         ;
; cpu_read_data_from_cache_o[1]     ; Output   ; --            ; --            ; --                    ; --  ; (0) 52 ps ; --      ; --       ; --         ;
; cpu_read_data_from_cache_o[2]     ; Output   ; --            ; --            ; --                    ; --  ; (0) 52 ps ; --      ; --       ; --         ;
; cpu_read_data_from_cache_o[3]     ; Output   ; --            ; --            ; --                    ; --  ; (0) 52 ps ; --      ; --       ; --         ;
; cpu_read_data_from_cache_o[4]     ; Output   ; --            ; --            ; --                    ; --  ; (0) 52 ps ; --      ; --       ; --         ;
; cpu_read_data_from_cache_o[5]     ; Output   ; --            ; --            ; --                    ; --  ; (0) 52 ps ; --      ; --       ; --         ;
; cpu_read_data_from_cache_o[6]     ; Output   ; --            ; --            ; --                    ; --  ; (0) 52 ps ; --      ; --       ; --         ;
; cpu_read_data_from_cache_o[7]     ; Output   ; --            ; --            ; --                    ; --  ; (0) 52 ps ; --      ; --       ; --         ;
; cpu_read_data_from_cache_o[8]     ; Output   ; --            ; --            ; --                    ; --  ; (0) 52 ps ; --      ; --       ; --         ;
; cpu_read_data_from_cache_o[9]     ; Output   ; --            ; --            ; --                    ; --  ; (0) 52 ps ; --      ; --       ; --         ;
; cpu_read_data_from_cache_o[10]    ; Output   ; --            ; --            ; --                    ; --  ; (0) 52 ps ; --      ; --       ; --         ;
; cpu_read_data_from_cache_o[11]    ; Output   ; --            ; --            ; --                    ; --  ; (0) 52 ps ; --      ; --       ; --         ;
; cpu_read_data_from_cache_o[12]    ; Output   ; --            ; --            ; --                    ; --  ; (0) 52 ps ; --      ; --       ; --         ;
; cpu_read_data_from_cache_o[13]    ; Output   ; --            ; --            ; --                    ; --  ; (0) 52 ps ; --      ; --       ; --         ;
; cpu_read_data_from_cache_o[14]    ; Output   ; --            ; --            ; --                    ; --  ; (0) 52 ps ; --      ; --       ; --         ;
; cpu_read_data_from_cache_o[15]    ; Output   ; --            ; --            ; --                    ; --  ; (0) 52 ps ; --      ; --       ; --         ;
; cpu_cache_response_ready_o        ; Output   ; --            ; --            ; --                    ; --  ; (0) 52 ps ; --      ; --       ; --         ;
; cache_hit_signal_o                ; Output   ; --            ; --            ; --                    ; --  ; (0) 52 ps ; --      ; --       ; --         ;
; cache_miss_signal_o               ; Output   ; --            ; --            ; --                    ; --  ; (0) 52 ps ; --      ; --       ; --         ;
; memory_request_from_cache_debug_o ; Output   ; --            ; --            ; --                    ; --  ; (0) 52 ps ; --      ; --       ; --         ;
; memory_write_enable_debug_o       ; Output   ; --            ; --            ; --                    ; --  ; (0) 52 ps ; --      ; --       ; --         ;
; memory_address_debug_o[0]         ; Output   ; --            ; --            ; --                    ; --  ; (0) 52 ps ; --      ; --       ; --         ;
; memory_address_debug_o[1]         ; Output   ; --            ; --            ; --                    ; --  ; (0) 52 ps ; --      ; --       ; --         ;
; memory_address_debug_o[2]         ; Output   ; --            ; --            ; --                    ; --  ; (0) 52 ps ; --      ; --       ; --         ;
; memory_address_debug_o[3]         ; Output   ; --            ; --            ; --                    ; --  ; (0) 52 ps ; --      ; --       ; --         ;
; memory_address_debug_o[4]         ; Output   ; --            ; --            ; --                    ; --  ; (0) 52 ps ; --      ; --       ; --         ;
; memory_address_debug_o[5]         ; Output   ; --            ; --            ; --                    ; --  ; (0) 52 ps ; --      ; --       ; --         ;
; memory_address_debug_o[6]         ; Output   ; --            ; --            ; --                    ; --  ; (0) 52 ps ; --      ; --       ; --         ;
; memory_address_debug_o[7]         ; Output   ; --            ; --            ; --                    ; --  ; (0) 52 ps ; --      ; --       ; --         ;
; memory_address_debug_o[8]         ; Output   ; --            ; --            ; --                    ; --  ; (0) 52 ps ; --      ; --       ; --         ;
; memory_address_debug_o[9]         ; Output   ; --            ; --            ; --                    ; --  ; (0) 52 ps ; --      ; --       ; --         ;
; memory_address_debug_o[10]        ; Output   ; --            ; --            ; --                    ; --  ; (0) 52 ps ; --      ; --       ; --         ;
; memory_address_debug_o[11]        ; Output   ; --            ; --            ; --                    ; --  ; (0) 52 ps ; --      ; --       ; --         ;
; memory_address_debug_o[12]        ; Output   ; --            ; --            ; --                    ; --  ; (0) 52 ps ; --      ; --       ; --         ;
; memory_address_debug_o[13]        ; Output   ; --            ; --            ; --                    ; --  ; (0) 52 ps ; --      ; --       ; --         ;
; memory_address_debug_o[14]        ; Output   ; --            ; --            ; --                    ; --  ; (0) 52 ps ; --      ; --       ; --         ;
; memory_address_debug_o[15]        ; Output   ; --            ; --            ; --                    ; --  ; (0) 52 ps ; --      ; --       ; --         ;
; memory_data_debug_o[0]            ; Output   ; --            ; --            ; --                    ; --  ; (0) 52 ps ; --      ; --       ; --         ;
; memory_data_debug_o[1]            ; Output   ; --            ; --            ; --                    ; --  ; (0) 52 ps ; --      ; --       ; --         ;
; memory_data_debug_o[2]            ; Output   ; --            ; --            ; --                    ; --  ; (0) 52 ps ; --      ; --       ; --         ;
; memory_data_debug_o[3]            ; Output   ; --            ; --            ; --                    ; --  ; (0) 52 ps ; --      ; --       ; --         ;
; memory_data_debug_o[4]            ; Output   ; --            ; --            ; --                    ; --  ; (0) 52 ps ; --      ; --       ; --         ;
; memory_data_debug_o[5]            ; Output   ; --            ; --            ; --                    ; --  ; (0) 52 ps ; --      ; --       ; --         ;
; memory_data_debug_o[6]            ; Output   ; --            ; --            ; --                    ; --  ; (0) 52 ps ; --      ; --       ; --         ;
; memory_data_debug_o[7]            ; Output   ; --            ; --            ; --                    ; --  ; (0) 52 ps ; --      ; --       ; --         ;
; memory_data_debug_o[8]            ; Output   ; --            ; --            ; --                    ; --  ; (0) 52 ps ; --      ; --       ; --         ;
; memory_data_debug_o[9]            ; Output   ; --            ; --            ; --                    ; --  ; (0) 52 ps ; --      ; --       ; --         ;
; memory_data_debug_o[10]           ; Output   ; --            ; --            ; --                    ; --  ; (0) 52 ps ; --      ; --       ; --         ;
; memory_data_debug_o[11]           ; Output   ; --            ; --            ; --                    ; --  ; (0) 52 ps ; --      ; --       ; --         ;
; memory_data_debug_o[12]           ; Output   ; --            ; --            ; --                    ; --  ; (0) 52 ps ; --      ; --       ; --         ;
; memory_data_debug_o[13]           ; Output   ; --            ; --            ; --                    ; --  ; (0) 52 ps ; --      ; --       ; --         ;
; memory_data_debug_o[14]           ; Output   ; --            ; --            ; --                    ; --  ; (0) 52 ps ; --      ; --       ; --         ;
; memory_data_debug_o[15]           ; Output   ; --            ; --            ; --                    ; --  ; (0) 52 ps ; --      ; --       ; --         ;
; clock_i                           ; Input    ; (0) 206 ps    ; (0) 206 ps    ; --                    ; --  ; --        ; --      ; --       ; --         ;
; cpu_address_tag_set_i[0]          ; Input    ; (7) 3082 ps   ; (7) 3082 ps   ; --                    ; --  ; --        ; --      ; --       ; --         ;
; cpu_address_tag_set_i[2]          ; Input    ; (7) 2996 ps   ; (7) 2996 ps   ; --                    ; --  ; --        ; --      ; --       ; --         ;
; cpu_address_tag_set_i[1]          ; Input    ; (7) 2996 ps   ; (7) 2996 ps   ; --                    ; --  ; --        ; --      ; --       ; --         ;
; reset_i                           ; Input    ; (7) 2996 ps   ; (7) 2996 ps   ; --                    ; --  ; --        ; --      ; --       ; --         ;
; cpu_write_enable_i                ; Input    ; (7) 2996 ps   ; (7) 2996 ps   ; --                    ; --  ; --        ; --      ; --       ; --         ;
; cpu_address_tag_set_i[15]         ; Input    ; (7) 2996 ps   ; (7) 2996 ps   ; --                    ; --  ; --        ; --      ; --       ; --         ;
; cpu_address_tag_set_i[8]          ; Input    ; (7) 2996 ps   ; (7) 2996 ps   ; --                    ; --  ; --        ; --      ; --       ; --         ;
; cpu_address_tag_set_i[7]          ; Input    ; (7) 3082 ps   ; (7) 3082 ps   ; --                    ; --  ; --        ; --      ; --       ; --         ;
; cpu_address_tag_set_i[6]          ; Input    ; (7) 2996 ps   ; (7) 2996 ps   ; --                    ; --  ; --        ; --      ; --       ; --         ;
; cpu_address_tag_set_i[5]          ; Input    ; (7) 3082 ps   ; (7) 3082 ps   ; --                    ; --  ; --        ; --      ; --       ; --         ;
; cpu_address_tag_set_i[4]          ; Input    ; (7) 2996 ps   ; (7) 2996 ps   ; --                    ; --  ; --        ; --      ; --       ; --         ;
; cpu_address_tag_set_i[3]          ; Input    ; (7) 2996 ps   ; (7) 2996 ps   ; --                    ; --  ; --        ; --      ; --       ; --         ;
; cpu_address_tag_set_i[14]         ; Input    ; (7) 2996 ps   ; (7) 2996 ps   ; --                    ; --  ; --        ; --      ; --       ; --         ;
; cpu_address_tag_set_i[13]         ; Input    ; (7) 2996 ps   ; (7) 2996 ps   ; --                    ; --  ; --        ; --      ; --       ; --         ;
; cpu_address_tag_set_i[12]         ; Input    ; (7) 2996 ps   ; (7) 2996 ps   ; --                    ; --  ; --        ; --      ; --       ; --         ;
; cpu_address_tag_set_i[11]         ; Input    ; (7) 2996 ps   ; (7) 2996 ps   ; --                    ; --  ; --        ; --      ; --       ; --         ;
; cpu_address_tag_set_i[9]          ; Input    ; (7) 2996 ps   ; (7) 2996 ps   ; --                    ; --  ; --        ; --      ; --       ; --         ;
; cpu_address_tag_set_i[10]         ; Input    ; (7) 2996 ps   ; (7) 2996 ps   ; --                    ; --  ; --        ; --      ; --       ; --         ;
; cpu_cache_request_i               ; Input    ; (7) 3082 ps   ; (7) 3082 ps   ; --                    ; --  ; --        ; --      ; --       ; --         ;
; cpu_write_data_to_cache_i[0]      ; Input    ; (7) 2996 ps   ; (7) 2996 ps   ; --                    ; --  ; --        ; --      ; --       ; --         ;
; cpu_write_data_to_cache_i[1]      ; Input    ; (7) 3082 ps   ; (7) 3082 ps   ; --                    ; --  ; --        ; --      ; --       ; --         ;
; cpu_write_data_to_cache_i[2]      ; Input    ; (7) 2996 ps   ; (7) 2996 ps   ; --                    ; --  ; --        ; --      ; --       ; --         ;
; cpu_write_data_to_cache_i[3]      ; Input    ; (7) 2996 ps   ; (7) 2996 ps   ; --                    ; --  ; --        ; --      ; --       ; --         ;
; cpu_write_data_to_cache_i[4]      ; Input    ; (7) 3082 ps   ; (7) 3082 ps   ; --                    ; --  ; --        ; --      ; --       ; --         ;
; cpu_write_data_to_cache_i[5]      ; Input    ; (7) 3082 ps   ; (7) 3082 ps   ; --                    ; --  ; --        ; --      ; --       ; --         ;
; cpu_write_data_to_cache_i[6]      ; Input    ; (7) 2996 ps   ; (7) 2996 ps   ; --                    ; --  ; --        ; --      ; --       ; --         ;
; cpu_write_data_to_cache_i[7]      ; Input    ; (7) 3082 ps   ; (7) 3082 ps   ; --                    ; --  ; --        ; --      ; --       ; --         ;
; cpu_write_data_to_cache_i[8]      ; Input    ; (7) 3082 ps   ; (7) 3082 ps   ; --                    ; --  ; --        ; --      ; --       ; --         ;
; cpu_write_data_to_cache_i[9]      ; Input    ; (7) 3082 ps   ; (7) 3082 ps   ; --                    ; --  ; --        ; --      ; --       ; --         ;
; cpu_write_data_to_cache_i[10]     ; Input    ; (7) 3082 ps   ; (7) 3082 ps   ; --                    ; --  ; --        ; --      ; --       ; --         ;
; cpu_write_data_to_cache_i[11]     ; Input    ; (7) 2996 ps   ; (7) 2996 ps   ; --                    ; --  ; --        ; --      ; --       ; --         ;
; cpu_write_data_to_cache_i[12]     ; Input    ; (7) 3082 ps   ; (7) 3082 ps   ; --                    ; --  ; --        ; --      ; --       ; --         ;
; cpu_write_data_to_cache_i[13]     ; Input    ; (7) 3082 ps   ; (7) 3082 ps   ; --                    ; --  ; --        ; --      ; --       ; --         ;
; cpu_write_data_to_cache_i[14]     ; Input    ; (7) 2996 ps   ; (7) 2996 ps   ; --                    ; --  ; --        ; --      ; --       ; --         ;
; cpu_write_data_to_cache_i[15]     ; Input    ; (7) 2996 ps   ; (7) 2996 ps   ; --                    ; --  ; --        ; --      ; --       ; --         ;
+-----------------------------------+----------+---------------+---------------+-----------------------+-----+-----------+---------+----------+------------+


+--------------------------------------------------------------------------------------------------------------------------+
; Pad To Core Delay Chain Fanout                                                                                           ;
+--------------------------------------------------------------------------------------------+-------------------+---------+
; Source Pin / Fanout                                                                        ; Pad To Core Index ; Setting ;
+--------------------------------------------------------------------------------------------+-------------------+---------+
; clock_i                                                                                    ;                   ;         ;
; cpu_address_tag_set_i[0]                                                                   ;                   ;         ;
;      - lab8_cache_top:U_CACHE_SYSTEM|cache_direct_mapped:U_CACHE|index_r[0]                ; 0                 ; 7       ;
;      - lab8_cache_top:U_CACHE_SYSTEM|cache_direct_mapped:U_CACHE|cpu_rdata_r~2             ; 0                 ; 7       ;
;      - lab8_cache_top:U_CACHE_SYSTEM|cache_direct_mapped:U_CACHE|Equal0~0                  ; 0                 ; 7       ;
;      - lab8_cache_top:U_CACHE_SYSTEM|cache_direct_mapped:U_CACHE|Equal0~1                  ; 0                 ; 7       ;
;      - lab8_cache_top:U_CACHE_SYSTEM|cache_direct_mapped:U_CACHE|Equal0~2                  ; 0                 ; 7       ;
;      - lab8_cache_top:U_CACHE_SYSTEM|cache_direct_mapped:U_CACHE|Equal0~3                  ; 0                 ; 7       ;
;      - lab8_cache_top:U_CACHE_SYSTEM|cache_direct_mapped:U_CACHE|Equal0~4                  ; 0                 ; 7       ;
;      - lab8_cache_top:U_CACHE_SYSTEM|cache_direct_mapped:U_CACHE|Equal0~5                  ; 0                 ; 7       ;
;      - lab8_cache_top:U_CACHE_SYSTEM|cache_direct_mapped:U_CACHE|hit_v~0                   ; 0                 ; 7       ;
;      - lab8_cache_top:U_CACHE_SYSTEM|cache_direct_mapped:U_CACHE|Equal0~6                  ; 0                 ; 7       ;
;      - lab8_cache_top:U_CACHE_SYSTEM|cache_direct_mapped:U_CACHE|Equal0~7                  ; 0                 ; 7       ;
;      - lab8_cache_top:U_CACHE_SYSTEM|cache_direct_mapped:U_CACHE|Equal0~8                  ; 0                 ; 7       ;
;      - lab8_cache_top:U_CACHE_SYSTEM|cache_direct_mapped:U_CACHE|Equal0~9                  ; 0                 ; 7       ;
;      - lab8_cache_top:U_CACHE_SYSTEM|cache_direct_mapped:U_CACHE|Equal0~10                 ; 0                 ; 7       ;
;      - lab8_cache_top:U_CACHE_SYSTEM|cache_direct_mapped:U_CACHE|Equal0~11                 ; 0                 ; 7       ;
;      - lab8_cache_top:U_CACHE_SYSTEM|cache_direct_mapped:U_CACHE|cpu_rdata_r~9             ; 0                 ; 7       ;
;      - lab8_cache_top:U_CACHE_SYSTEM|cache_direct_mapped:U_CACHE|cpu_rdata_r~12            ; 0                 ; 7       ;
;      - lab8_cache_top:U_CACHE_SYSTEM|cache_direct_mapped:U_CACHE|cpu_rdata_r~15            ; 0                 ; 7       ;
;      - lab8_cache_top:U_CACHE_SYSTEM|cache_direct_mapped:U_CACHE|cpu_rdata_r~18            ; 0                 ; 7       ;
;      - lab8_cache_top:U_CACHE_SYSTEM|cache_direct_mapped:U_CACHE|cpu_rdata_r~21            ; 0                 ; 7       ;
;      - lab8_cache_top:U_CACHE_SYSTEM|cache_direct_mapped:U_CACHE|cpu_rdata_r~24            ; 0                 ; 7       ;
;      - lab8_cache_top:U_CACHE_SYSTEM|cache_direct_mapped:U_CACHE|cpu_rdata_r~27            ; 0                 ; 7       ;
;      - lab8_cache_top:U_CACHE_SYSTEM|cache_direct_mapped:U_CACHE|cpu_rdata_r~30            ; 0                 ; 7       ;
;      - lab8_cache_top:U_CACHE_SYSTEM|cache_direct_mapped:U_CACHE|cpu_rdata_r~33            ; 0                 ; 7       ;
;      - lab8_cache_top:U_CACHE_SYSTEM|cache_direct_mapped:U_CACHE|cpu_rdata_r~36            ; 0                 ; 7       ;
;      - lab8_cache_top:U_CACHE_SYSTEM|cache_direct_mapped:U_CACHE|cpu_rdata_r~39            ; 0                 ; 7       ;
;      - lab8_cache_top:U_CACHE_SYSTEM|cache_direct_mapped:U_CACHE|cpu_rdata_r~42            ; 0                 ; 7       ;
;      - lab8_cache_top:U_CACHE_SYSTEM|cache_direct_mapped:U_CACHE|cpu_rdata_r~45            ; 0                 ; 7       ;
;      - lab8_cache_top:U_CACHE_SYSTEM|cache_direct_mapped:U_CACHE|cpu_rdata_r~48            ; 0                 ; 7       ;
;      - lab8_cache_top:U_CACHE_SYSTEM|cache_direct_mapped:U_CACHE|cpu_rdata_r~51            ; 0                 ; 7       ;
;      - lab8_cache_top:U_CACHE_SYSTEM|cache_direct_mapped:U_CACHE|ram_addr_r~2              ; 0                 ; 7       ;
;      - lab8_cache_top:U_CACHE_SYSTEM|cache_direct_mapped:U_CACHE|tag_r[1][5]~0             ; 0                 ; 7       ;
;      - lab8_cache_top:U_CACHE_SYSTEM|cache_direct_mapped:U_CACHE|tag_r[3][3]~5             ; 0                 ; 7       ;
;      - lab8_cache_top:U_CACHE_SYSTEM|cache_direct_mapped:U_CACHE|data_r[7][14]~3           ; 0                 ; 7       ;
;      - lab8_cache_top:U_CACHE_SYSTEM|cache_direct_mapped:U_CACHE|tag_r[0][5]~6             ; 0                 ; 7       ;
;      - lab8_cache_top:U_CACHE_SYSTEM|cache_direct_mapped:U_CACHE|tag_r[2][5]~12            ; 0                 ; 7       ;
;      - lab8_cache_top:U_CACHE_SYSTEM|cache_direct_mapped:U_CACHE|data_r[6][8]~5            ; 0                 ; 7       ;
;      - lab8_cache_top:U_CACHE_SYSTEM|cache_direct_mapped:U_CACHE|Selector253~0             ; 0                 ; 7       ;
;      - lab8_cache_top:U_CACHE_SYSTEM|cache_direct_mapped:U_CACHE|Selector257~0             ; 0                 ; 7       ;
;      - lab8_cache_top:U_CACHE_SYSTEM|cache_direct_mapped:U_CACHE|Selector255~0             ; 0                 ; 7       ;
;      - lab8_cache_top:U_CACHE_SYSTEM|cache_direct_mapped:U_CACHE|Selector259~0             ; 0                 ; 7       ;
;      - lab8_cache_top:U_CACHE_SYSTEM|cache_direct_mapped:U_CACHE|Selector252~0             ; 0                 ; 7       ;
;      - lab8_cache_top:U_CACHE_SYSTEM|cache_direct_mapped:U_CACHE|Selector256~0             ; 0                 ; 7       ;
;      - lab8_cache_top:U_CACHE_SYSTEM|cache_direct_mapped:U_CACHE|Selector254~0             ; 0                 ; 7       ;
;      - lab8_cache_top:U_CACHE_SYSTEM|cache_direct_mapped:U_CACHE|Selector258~0             ; 0                 ; 7       ;
;      - lab8_cache_top:U_CACHE_SYSTEM|cache_direct_mapped:U_CACHE|ram_addr_r~2DUPLICATE     ; 0                 ; 7       ;
; cpu_address_tag_set_i[2]                                                                   ;                   ;         ;
;      - lab8_cache_top:U_CACHE_SYSTEM|cache_direct_mapped:U_CACHE|index_r[2]                ; 0                 ; 7       ;
;      - lab8_cache_top:U_CACHE_SYSTEM|cache_direct_mapped:U_CACHE|cpu_rdata_r~0             ; 0                 ; 7       ;
;      - lab8_cache_top:U_CACHE_SYSTEM|cache_direct_mapped:U_CACHE|cpu_rdata_r~1             ; 0                 ; 7       ;
;      - lab8_cache_top:U_CACHE_SYSTEM|cache_direct_mapped:U_CACHE|Mux1~0                    ; 0                 ; 7       ;
;      - lab8_cache_top:U_CACHE_SYSTEM|cache_direct_mapped:U_CACHE|Mux1~1                    ; 0                 ; 7       ;
;      - lab8_cache_top:U_CACHE_SYSTEM|cache_direct_mapped:U_CACHE|Mux8~0                    ; 0                 ; 7       ;
;      - lab8_cache_top:U_CACHE_SYSTEM|cache_direct_mapped:U_CACHE|Mux8~1                    ; 0                 ; 7       ;
;      - lab8_cache_top:U_CACHE_SYSTEM|cache_direct_mapped:U_CACHE|Mux9~0                    ; 0                 ; 7       ;
;      - lab8_cache_top:U_CACHE_SYSTEM|cache_direct_mapped:U_CACHE|Mux9~1                    ; 0                 ; 7       ;
;      - lab8_cache_top:U_CACHE_SYSTEM|cache_direct_mapped:U_CACHE|Mux10~0                   ; 0                 ; 7       ;
;      - lab8_cache_top:U_CACHE_SYSTEM|cache_direct_mapped:U_CACHE|Mux10~1                   ; 0                 ; 7       ;
;      - lab8_cache_top:U_CACHE_SYSTEM|cache_direct_mapped:U_CACHE|Mux11~0                   ; 0                 ; 7       ;
;      - lab8_cache_top:U_CACHE_SYSTEM|cache_direct_mapped:U_CACHE|Mux11~1                   ; 0                 ; 7       ;
;      - lab8_cache_top:U_CACHE_SYSTEM|cache_direct_mapped:U_CACHE|Mux12~0                   ; 0                 ; 7       ;
;      - lab8_cache_top:U_CACHE_SYSTEM|cache_direct_mapped:U_CACHE|Mux12~1                   ; 0                 ; 7       ;
;      - lab8_cache_top:U_CACHE_SYSTEM|cache_direct_mapped:U_CACHE|Mux13~0                   ; 0                 ; 7       ;
;      - lab8_cache_top:U_CACHE_SYSTEM|cache_direct_mapped:U_CACHE|Mux13~1                   ; 0                 ; 7       ;
;      - lab8_cache_top:U_CACHE_SYSTEM|cache_direct_mapped:U_CACHE|Mux0~0                    ; 0                 ; 7       ;
;      - lab8_cache_top:U_CACHE_SYSTEM|cache_direct_mapped:U_CACHE|Mux0~1                    ; 0                 ; 7       ;
;      - lab8_cache_top:U_CACHE_SYSTEM|cache_direct_mapped:U_CACHE|Mux2~0                    ; 0                 ; 7       ;
;      - lab8_cache_top:U_CACHE_SYSTEM|cache_direct_mapped:U_CACHE|Mux2~1                    ; 0                 ; 7       ;
;      - lab8_cache_top:U_CACHE_SYSTEM|cache_direct_mapped:U_CACHE|Mux3~0                    ; 0                 ; 7       ;
;      - lab8_cache_top:U_CACHE_SYSTEM|cache_direct_mapped:U_CACHE|Mux3~1                    ; 0                 ; 7       ;
;      - lab8_cache_top:U_CACHE_SYSTEM|cache_direct_mapped:U_CACHE|Mux4~0                    ; 0                 ; 7       ;
;      - lab8_cache_top:U_CACHE_SYSTEM|cache_direct_mapped:U_CACHE|Mux4~1                    ; 0                 ; 7       ;
;      - lab8_cache_top:U_CACHE_SYSTEM|cache_direct_mapped:U_CACHE|Mux5~0                    ; 0                 ; 7       ;
;      - lab8_cache_top:U_CACHE_SYSTEM|cache_direct_mapped:U_CACHE|Mux5~1                    ; 0                 ; 7       ;
;      - lab8_cache_top:U_CACHE_SYSTEM|cache_direct_mapped:U_CACHE|Mux7~0                    ; 0                 ; 7       ;
;      - lab8_cache_top:U_CACHE_SYSTEM|cache_direct_mapped:U_CACHE|Mux7~1                    ; 0                 ; 7       ;
;      - lab8_cache_top:U_CACHE_SYSTEM|cache_direct_mapped:U_CACHE|Mux6~0                    ; 0                 ; 7       ;
;      - lab8_cache_top:U_CACHE_SYSTEM|cache_direct_mapped:U_CACHE|Mux6~1                    ; 0                 ; 7       ;
;      - lab8_cache_top:U_CACHE_SYSTEM|cache_direct_mapped:U_CACHE|cpu_rdata_r~7             ; 0                 ; 7       ;
;      - lab8_cache_top:U_CACHE_SYSTEM|cache_direct_mapped:U_CACHE|cpu_rdata_r~8             ; 0                 ; 7       ;
;      - lab8_cache_top:U_CACHE_SYSTEM|cache_direct_mapped:U_CACHE|cpu_rdata_r~10            ; 0                 ; 7       ;
;      - lab8_cache_top:U_CACHE_SYSTEM|cache_direct_mapped:U_CACHE|cpu_rdata_r~11            ; 0                 ; 7       ;
;      - lab8_cache_top:U_CACHE_SYSTEM|cache_direct_mapped:U_CACHE|cpu_rdata_r~13            ; 0                 ; 7       ;
;      - lab8_cache_top:U_CACHE_SYSTEM|cache_direct_mapped:U_CACHE|cpu_rdata_r~14            ; 0                 ; 7       ;
;      - lab8_cache_top:U_CACHE_SYSTEM|cache_direct_mapped:U_CACHE|cpu_rdata_r~16            ; 0                 ; 7       ;
;      - lab8_cache_top:U_CACHE_SYSTEM|cache_direct_mapped:U_CACHE|cpu_rdata_r~17            ; 0                 ; 7       ;
;      - lab8_cache_top:U_CACHE_SYSTEM|cache_direct_mapped:U_CACHE|cpu_rdata_r~19            ; 0                 ; 7       ;
;      - lab8_cache_top:U_CACHE_SYSTEM|cache_direct_mapped:U_CACHE|cpu_rdata_r~20            ; 0                 ; 7       ;
;      - lab8_cache_top:U_CACHE_SYSTEM|cache_direct_mapped:U_CACHE|cpu_rdata_r~22            ; 0                 ; 7       ;
;      - lab8_cache_top:U_CACHE_SYSTEM|cache_direct_mapped:U_CACHE|cpu_rdata_r~23            ; 0                 ; 7       ;
;      - lab8_cache_top:U_CACHE_SYSTEM|cache_direct_mapped:U_CACHE|cpu_rdata_r~25            ; 0                 ; 7       ;
;      - lab8_cache_top:U_CACHE_SYSTEM|cache_direct_mapped:U_CACHE|cpu_rdata_r~26            ; 0                 ; 7       ;
;      - lab8_cache_top:U_CACHE_SYSTEM|cache_direct_mapped:U_CACHE|cpu_rdata_r~28            ; 0                 ; 7       ;
;      - lab8_cache_top:U_CACHE_SYSTEM|cache_direct_mapped:U_CACHE|cpu_rdata_r~29            ; 0                 ; 7       ;
;      - lab8_cache_top:U_CACHE_SYSTEM|cache_direct_mapped:U_CACHE|cpu_rdata_r~31            ; 0                 ; 7       ;
;      - lab8_cache_top:U_CACHE_SYSTEM|cache_direct_mapped:U_CACHE|cpu_rdata_r~32            ; 0                 ; 7       ;
;      - lab8_cache_top:U_CACHE_SYSTEM|cache_direct_mapped:U_CACHE|cpu_rdata_r~34            ; 0                 ; 7       ;
;      - lab8_cache_top:U_CACHE_SYSTEM|cache_direct_mapped:U_CACHE|cpu_rdata_r~35            ; 0                 ; 7       ;
;      - lab8_cache_top:U_CACHE_SYSTEM|cache_direct_mapped:U_CACHE|cpu_rdata_r~37            ; 0                 ; 7       ;
;      - lab8_cache_top:U_CACHE_SYSTEM|cache_direct_mapped:U_CACHE|cpu_rdata_r~38            ; 0                 ; 7       ;
;      - lab8_cache_top:U_CACHE_SYSTEM|cache_direct_mapped:U_CACHE|cpu_rdata_r~40            ; 0                 ; 7       ;
;      - lab8_cache_top:U_CACHE_SYSTEM|cache_direct_mapped:U_CACHE|cpu_rdata_r~41            ; 0                 ; 7       ;
;      - lab8_cache_top:U_CACHE_SYSTEM|cache_direct_mapped:U_CACHE|cpu_rdata_r~43            ; 0                 ; 7       ;
;      - lab8_cache_top:U_CACHE_SYSTEM|cache_direct_mapped:U_CACHE|cpu_rdata_r~44            ; 0                 ; 7       ;
;      - lab8_cache_top:U_CACHE_SYSTEM|cache_direct_mapped:U_CACHE|cpu_rdata_r~46            ; 0                 ; 7       ;
;      - lab8_cache_top:U_CACHE_SYSTEM|cache_direct_mapped:U_CACHE|cpu_rdata_r~47            ; 0                 ; 7       ;
;      - lab8_cache_top:U_CACHE_SYSTEM|cache_direct_mapped:U_CACHE|cpu_rdata_r~49            ; 0                 ; 7       ;
;      - lab8_cache_top:U_CACHE_SYSTEM|cache_direct_mapped:U_CACHE|cpu_rdata_r~50            ; 0                 ; 7       ;
;      - lab8_cache_top:U_CACHE_SYSTEM|cache_direct_mapped:U_CACHE|ram_addr_r~4              ; 0                 ; 7       ;
;      - lab8_cache_top:U_CACHE_SYSTEM|cache_direct_mapped:U_CACHE|tag_r[1][5]~2             ; 0                 ; 7       ;
;      - lab8_cache_top:U_CACHE_SYSTEM|cache_direct_mapped:U_CACHE|data_r[5][13]~1           ; 0                 ; 7       ;
;      - lab8_cache_top:U_CACHE_SYSTEM|cache_direct_mapped:U_CACHE|tag_r[3][3]~5             ; 0                 ; 7       ;
;      - lab8_cache_top:U_CACHE_SYSTEM|cache_direct_mapped:U_CACHE|data_r[7][14]~3           ; 0                 ; 7       ;
;      - lab8_cache_top:U_CACHE_SYSTEM|cache_direct_mapped:U_CACHE|tag_r[0][5]~8             ; 0                 ; 7       ;
;      - lab8_cache_top:U_CACHE_SYSTEM|cache_direct_mapped:U_CACHE|tag_r[4][8]~10            ; 0                 ; 7       ;
;      - lab8_cache_top:U_CACHE_SYSTEM|cache_direct_mapped:U_CACHE|tag_r[2][5]~12            ; 0                 ; 7       ;
;      - lab8_cache_top:U_CACHE_SYSTEM|cache_direct_mapped:U_CACHE|data_r[6][8]~5            ; 0                 ; 7       ;
;      - lab8_cache_top:U_CACHE_SYSTEM|cache_direct_mapped:U_CACHE|Selector253~0             ; 0                 ; 7       ;
;      - lab8_cache_top:U_CACHE_SYSTEM|cache_direct_mapped:U_CACHE|Selector257~0             ; 0                 ; 7       ;
;      - lab8_cache_top:U_CACHE_SYSTEM|cache_direct_mapped:U_CACHE|Selector255~0             ; 0                 ; 7       ;
;      - lab8_cache_top:U_CACHE_SYSTEM|cache_direct_mapped:U_CACHE|Selector259~0             ; 0                 ; 7       ;
;      - lab8_cache_top:U_CACHE_SYSTEM|cache_direct_mapped:U_CACHE|Selector252~0             ; 0                 ; 7       ;
;      - lab8_cache_top:U_CACHE_SYSTEM|cache_direct_mapped:U_CACHE|Selector256~0             ; 0                 ; 7       ;
;      - lab8_cache_top:U_CACHE_SYSTEM|cache_direct_mapped:U_CACHE|Selector254~0             ; 0                 ; 7       ;
;      - lab8_cache_top:U_CACHE_SYSTEM|cache_direct_mapped:U_CACHE|Selector258~0             ; 0                 ; 7       ;
; cpu_address_tag_set_i[1]                                                                   ;                   ;         ;
;      - lab8_cache_top:U_CACHE_SYSTEM|cache_direct_mapped:U_CACHE|index_r[1]                ; 0                 ; 7       ;
;      - lab8_cache_top:U_CACHE_SYSTEM|cache_direct_mapped:U_CACHE|cpu_rdata_r~0             ; 0                 ; 7       ;
;      - lab8_cache_top:U_CACHE_SYSTEM|cache_direct_mapped:U_CACHE|cpu_rdata_r~1             ; 0                 ; 7       ;
;      - lab8_cache_top:U_CACHE_SYSTEM|cache_direct_mapped:U_CACHE|Mux1~0                    ; 0                 ; 7       ;
;      - lab8_cache_top:U_CACHE_SYSTEM|cache_direct_mapped:U_CACHE|Mux1~1                    ; 0                 ; 7       ;
;      - lab8_cache_top:U_CACHE_SYSTEM|cache_direct_mapped:U_CACHE|Mux8~0                    ; 0                 ; 7       ;
;      - lab8_cache_top:U_CACHE_SYSTEM|cache_direct_mapped:U_CACHE|Mux8~1                    ; 0                 ; 7       ;
;      - lab8_cache_top:U_CACHE_SYSTEM|cache_direct_mapped:U_CACHE|Mux9~0                    ; 0                 ; 7       ;
;      - lab8_cache_top:U_CACHE_SYSTEM|cache_direct_mapped:U_CACHE|Mux9~1                    ; 0                 ; 7       ;
;      - lab8_cache_top:U_CACHE_SYSTEM|cache_direct_mapped:U_CACHE|Mux10~0                   ; 0                 ; 7       ;
;      - lab8_cache_top:U_CACHE_SYSTEM|cache_direct_mapped:U_CACHE|Mux10~1                   ; 0                 ; 7       ;
;      - lab8_cache_top:U_CACHE_SYSTEM|cache_direct_mapped:U_CACHE|Mux11~0                   ; 0                 ; 7       ;
;      - lab8_cache_top:U_CACHE_SYSTEM|cache_direct_mapped:U_CACHE|Mux11~1                   ; 0                 ; 7       ;
;      - lab8_cache_top:U_CACHE_SYSTEM|cache_direct_mapped:U_CACHE|Mux12~0                   ; 0                 ; 7       ;
;      - lab8_cache_top:U_CACHE_SYSTEM|cache_direct_mapped:U_CACHE|Mux12~1                   ; 0                 ; 7       ;
;      - lab8_cache_top:U_CACHE_SYSTEM|cache_direct_mapped:U_CACHE|Mux13~0                   ; 0                 ; 7       ;
;      - lab8_cache_top:U_CACHE_SYSTEM|cache_direct_mapped:U_CACHE|Mux13~1                   ; 0                 ; 7       ;
;      - lab8_cache_top:U_CACHE_SYSTEM|cache_direct_mapped:U_CACHE|Mux0~0                    ; 0                 ; 7       ;
;      - lab8_cache_top:U_CACHE_SYSTEM|cache_direct_mapped:U_CACHE|Mux0~1                    ; 0                 ; 7       ;
;      - lab8_cache_top:U_CACHE_SYSTEM|cache_direct_mapped:U_CACHE|Mux2~0                    ; 0                 ; 7       ;
;      - lab8_cache_top:U_CACHE_SYSTEM|cache_direct_mapped:U_CACHE|Mux2~1                    ; 0                 ; 7       ;
;      - lab8_cache_top:U_CACHE_SYSTEM|cache_direct_mapped:U_CACHE|Mux3~0                    ; 0                 ; 7       ;
;      - lab8_cache_top:U_CACHE_SYSTEM|cache_direct_mapped:U_CACHE|Mux3~1                    ; 0                 ; 7       ;
;      - lab8_cache_top:U_CACHE_SYSTEM|cache_direct_mapped:U_CACHE|Mux4~0                    ; 0                 ; 7       ;
;      - lab8_cache_top:U_CACHE_SYSTEM|cache_direct_mapped:U_CACHE|Mux4~1                    ; 0                 ; 7       ;
;      - lab8_cache_top:U_CACHE_SYSTEM|cache_direct_mapped:U_CACHE|Mux5~0                    ; 0                 ; 7       ;
;      - lab8_cache_top:U_CACHE_SYSTEM|cache_direct_mapped:U_CACHE|Mux5~1                    ; 0                 ; 7       ;
;      - lab8_cache_top:U_CACHE_SYSTEM|cache_direct_mapped:U_CACHE|Mux7~0                    ; 0                 ; 7       ;
;      - lab8_cache_top:U_CACHE_SYSTEM|cache_direct_mapped:U_CACHE|Mux7~1                    ; 0                 ; 7       ;
;      - lab8_cache_top:U_CACHE_SYSTEM|cache_direct_mapped:U_CACHE|Mux6~0                    ; 0                 ; 7       ;
;      - lab8_cache_top:U_CACHE_SYSTEM|cache_direct_mapped:U_CACHE|Mux6~1                    ; 0                 ; 7       ;
;      - lab8_cache_top:U_CACHE_SYSTEM|cache_direct_mapped:U_CACHE|cpu_rdata_r~7             ; 0                 ; 7       ;
;      - lab8_cache_top:U_CACHE_SYSTEM|cache_direct_mapped:U_CACHE|cpu_rdata_r~8             ; 0                 ; 7       ;
;      - lab8_cache_top:U_CACHE_SYSTEM|cache_direct_mapped:U_CACHE|cpu_rdata_r~10            ; 0                 ; 7       ;
;      - lab8_cache_top:U_CACHE_SYSTEM|cache_direct_mapped:U_CACHE|cpu_rdata_r~11            ; 0                 ; 7       ;
;      - lab8_cache_top:U_CACHE_SYSTEM|cache_direct_mapped:U_CACHE|cpu_rdata_r~13            ; 0                 ; 7       ;
;      - lab8_cache_top:U_CACHE_SYSTEM|cache_direct_mapped:U_CACHE|cpu_rdata_r~14            ; 0                 ; 7       ;
;      - lab8_cache_top:U_CACHE_SYSTEM|cache_direct_mapped:U_CACHE|cpu_rdata_r~16            ; 0                 ; 7       ;
;      - lab8_cache_top:U_CACHE_SYSTEM|cache_direct_mapped:U_CACHE|cpu_rdata_r~17            ; 0                 ; 7       ;
;      - lab8_cache_top:U_CACHE_SYSTEM|cache_direct_mapped:U_CACHE|cpu_rdata_r~19            ; 0                 ; 7       ;
;      - lab8_cache_top:U_CACHE_SYSTEM|cache_direct_mapped:U_CACHE|cpu_rdata_r~20            ; 0                 ; 7       ;
;      - lab8_cache_top:U_CACHE_SYSTEM|cache_direct_mapped:U_CACHE|cpu_rdata_r~22            ; 0                 ; 7       ;
;      - lab8_cache_top:U_CACHE_SYSTEM|cache_direct_mapped:U_CACHE|cpu_rdata_r~23            ; 0                 ; 7       ;
;      - lab8_cache_top:U_CACHE_SYSTEM|cache_direct_mapped:U_CACHE|cpu_rdata_r~25            ; 0                 ; 7       ;
;      - lab8_cache_top:U_CACHE_SYSTEM|cache_direct_mapped:U_CACHE|cpu_rdata_r~26            ; 0                 ; 7       ;
;      - lab8_cache_top:U_CACHE_SYSTEM|cache_direct_mapped:U_CACHE|cpu_rdata_r~28            ; 0                 ; 7       ;
;      - lab8_cache_top:U_CACHE_SYSTEM|cache_direct_mapped:U_CACHE|cpu_rdata_r~29            ; 0                 ; 7       ;
;      - lab8_cache_top:U_CACHE_SYSTEM|cache_direct_mapped:U_CACHE|cpu_rdata_r~31            ; 0                 ; 7       ;
;      - lab8_cache_top:U_CACHE_SYSTEM|cache_direct_mapped:U_CACHE|cpu_rdata_r~32            ; 0                 ; 7       ;
;      - lab8_cache_top:U_CACHE_SYSTEM|cache_direct_mapped:U_CACHE|cpu_rdata_r~34            ; 0                 ; 7       ;
;      - lab8_cache_top:U_CACHE_SYSTEM|cache_direct_mapped:U_CACHE|cpu_rdata_r~35            ; 0                 ; 7       ;
;      - lab8_cache_top:U_CACHE_SYSTEM|cache_direct_mapped:U_CACHE|cpu_rdata_r~37            ; 0                 ; 7       ;
;      - lab8_cache_top:U_CACHE_SYSTEM|cache_direct_mapped:U_CACHE|cpu_rdata_r~38            ; 0                 ; 7       ;
;      - lab8_cache_top:U_CACHE_SYSTEM|cache_direct_mapped:U_CACHE|cpu_rdata_r~40            ; 0                 ; 7       ;
;      - lab8_cache_top:U_CACHE_SYSTEM|cache_direct_mapped:U_CACHE|cpu_rdata_r~41            ; 0                 ; 7       ;
;      - lab8_cache_top:U_CACHE_SYSTEM|cache_direct_mapped:U_CACHE|cpu_rdata_r~43            ; 0                 ; 7       ;
;      - lab8_cache_top:U_CACHE_SYSTEM|cache_direct_mapped:U_CACHE|cpu_rdata_r~44            ; 0                 ; 7       ;
;      - lab8_cache_top:U_CACHE_SYSTEM|cache_direct_mapped:U_CACHE|cpu_rdata_r~46            ; 0                 ; 7       ;
;      - lab8_cache_top:U_CACHE_SYSTEM|cache_direct_mapped:U_CACHE|cpu_rdata_r~47            ; 0                 ; 7       ;
;      - lab8_cache_top:U_CACHE_SYSTEM|cache_direct_mapped:U_CACHE|cpu_rdata_r~49            ; 0                 ; 7       ;
;      - lab8_cache_top:U_CACHE_SYSTEM|cache_direct_mapped:U_CACHE|cpu_rdata_r~50            ; 0                 ; 7       ;
;      - lab8_cache_top:U_CACHE_SYSTEM|cache_direct_mapped:U_CACHE|ram_addr_r~3              ; 0                 ; 7       ;
;      - lab8_cache_top:U_CACHE_SYSTEM|cache_direct_mapped:U_CACHE|tag_r[1][5]~2             ; 0                 ; 7       ;
;      - lab8_cache_top:U_CACHE_SYSTEM|cache_direct_mapped:U_CACHE|data_r[5][13]~1           ; 0                 ; 7       ;
;      - lab8_cache_top:U_CACHE_SYSTEM|cache_direct_mapped:U_CACHE|tag_r[3][3]~3             ; 0                 ; 7       ;
;      - lab8_cache_top:U_CACHE_SYSTEM|cache_direct_mapped:U_CACHE|tag_r[0][5]~8             ; 0                 ; 7       ;
;      - lab8_cache_top:U_CACHE_SYSTEM|cache_direct_mapped:U_CACHE|tag_r[4][8]~10            ; 0                 ; 7       ;
;      - lab8_cache_top:U_CACHE_SYSTEM|cache_direct_mapped:U_CACHE|Selector253~0             ; 0                 ; 7       ;
;      - lab8_cache_top:U_CACHE_SYSTEM|cache_direct_mapped:U_CACHE|Selector257~0             ; 0                 ; 7       ;
;      - lab8_cache_top:U_CACHE_SYSTEM|cache_direct_mapped:U_CACHE|Selector255~0             ; 0                 ; 7       ;
;      - lab8_cache_top:U_CACHE_SYSTEM|cache_direct_mapped:U_CACHE|Selector259~0             ; 0                 ; 7       ;
;      - lab8_cache_top:U_CACHE_SYSTEM|cache_direct_mapped:U_CACHE|Selector252~0             ; 0                 ; 7       ;
;      - lab8_cache_top:U_CACHE_SYSTEM|cache_direct_mapped:U_CACHE|Selector256~0             ; 0                 ; 7       ;
;      - lab8_cache_top:U_CACHE_SYSTEM|cache_direct_mapped:U_CACHE|Selector254~0             ; 0                 ; 7       ;
;      - lab8_cache_top:U_CACHE_SYSTEM|cache_direct_mapped:U_CACHE|Selector258~0             ; 0                 ; 7       ;
; reset_i                                                                                    ;                   ;         ;
;      - lab8_cache_top:U_CACHE_SYSTEM|cache_direct_mapped:U_CACHE|tag_req_r[1]              ; 1                 ; 7       ;
;      - lab8_cache_top:U_CACHE_SYSTEM|cache_direct_mapped:U_CACHE|req_wdata_r[10]           ; 1                 ; 7       ;
;      - lab8_cache_top:U_CACHE_SYSTEM|cache_direct_mapped:U_CACHE|req_wdata_r[9]            ; 1                 ; 7       ;
;      - lab8_cache_top:U_CACHE_SYSTEM|cache_direct_mapped:U_CACHE|req_wdata_r[8]            ; 1                 ; 7       ;
;      - lab8_cache_top:U_CACHE_SYSTEM|cache_direct_mapped:U_CACHE|req_wdata_r[7]            ; 1                 ; 7       ;
;      - lab8_cache_top:U_CACHE_SYSTEM|cache_direct_mapped:U_CACHE|req_wdata_r[6]            ; 1                 ; 7       ;
;      - lab8_cache_top:U_CACHE_SYSTEM|cache_direct_mapped:U_CACHE|req_wdata_r[5]            ; 1                 ; 7       ;
;      - lab8_cache_top:U_CACHE_SYSTEM|cache_direct_mapped:U_CACHE|req_wdata_r[3]            ; 1                 ; 7       ;
;      - lab8_cache_top:U_CACHE_SYSTEM|cache_direct_mapped:U_CACHE|req_wdata_r[2]            ; 1                 ; 7       ;
;      - lab8_cache_top:U_CACHE_SYSTEM|cache_direct_mapped:U_CACHE|req_wdata_r[1]            ; 1                 ; 7       ;
;      - lab8_cache_top:U_CACHE_SYSTEM|cache_direct_mapped:U_CACHE|req_wdata_r[0]            ; 1                 ; 7       ;
;      - lab8_cache_top:U_CACHE_SYSTEM|cache_direct_mapped:U_CACHE|tag_req_r[12]             ; 1                 ; 7       ;
;      - lab8_cache_top:U_CACHE_SYSTEM|cache_direct_mapped:U_CACHE|tag_req_r[11]             ; 1                 ; 7       ;
;      - lab8_cache_top:U_CACHE_SYSTEM|cache_direct_mapped:U_CACHE|tag_req_r[10]             ; 1                 ; 7       ;
;      - lab8_cache_top:U_CACHE_SYSTEM|cache_direct_mapped:U_CACHE|tag_req_r[9]              ; 1                 ; 7       ;
;      - lab8_cache_top:U_CACHE_SYSTEM|cache_direct_mapped:U_CACHE|tag_req_r[8]              ; 1                 ; 7       ;
;      - lab8_cache_top:U_CACHE_SYSTEM|cache_direct_mapped:U_CACHE|tag_req_r[7]              ; 1                 ; 7       ;
;      - lab8_cache_top:U_CACHE_SYSTEM|cache_direct_mapped:U_CACHE|tag_req_r[6]              ; 1                 ; 7       ;
;      - lab8_cache_top:U_CACHE_SYSTEM|cache_direct_mapped:U_CACHE|tag_req_r[5]              ; 1                 ; 7       ;
;      - lab8_cache_top:U_CACHE_SYSTEM|cache_direct_mapped:U_CACHE|tag_req_r[4]              ; 1                 ; 7       ;
;      - lab8_cache_top:U_CACHE_SYSTEM|cache_direct_mapped:U_CACHE|tag_req_r[3]              ; 1                 ; 7       ;
;      - lab8_cache_top:U_CACHE_SYSTEM|cache_direct_mapped:U_CACHE|tag_req_r[2]              ; 1                 ; 7       ;
;      - lab8_cache_top:U_CACHE_SYSTEM|cache_direct_mapped:U_CACHE|tag_req_r[0]              ; 1                 ; 7       ;
;      - lab8_cache_top:U_CACHE_SYSTEM|cache_direct_mapped:U_CACHE|index_r[2]                ; 1                 ; 7       ;
;      - lab8_cache_top:U_CACHE_SYSTEM|cache_direct_mapped:U_CACHE|index_r[0]                ; 1                 ; 7       ;
;      - lab8_cache_top:U_CACHE_SYSTEM|cache_direct_mapped:U_CACHE|req_wdata_r[13]           ; 1                 ; 7       ;
;      - lab8_cache_top:U_CACHE_SYSTEM|cache_direct_mapped:U_CACHE|req_wdata_r[11]           ; 1                 ; 7       ;
;      - lab8_cache_top:U_CACHE_SYSTEM|cache_direct_mapped:U_CACHE|req_wdata_r[12]           ; 1                 ; 7       ;
;      - lab8_cache_top:U_CACHE_SYSTEM|cache_direct_mapped:U_CACHE|req_wdata_r[4]            ; 1                 ; 7       ;
;      - lab8_cache_top:U_CACHE_SYSTEM|cache_direct_mapped:U_CACHE|index_r[1]                ; 1                 ; 7       ;
;      - lab8_cache_top:U_CACHE_SYSTEM|cache_direct_mapped:U_CACHE|req_wdata_r[14]           ; 1                 ; 7       ;
;      - lab8_cache_top:U_CACHE_SYSTEM|cache_direct_mapped:U_CACHE|req_wdata_r[15]           ; 1                 ; 7       ;
;      - lab8_cache_top:U_CACHE_SYSTEM|cache_direct_mapped:U_CACHE|ram_addr_r[13]            ; 1                 ; 7       ;
;      - lab8_cache_top:U_CACHE_SYSTEM|cache_direct_mapped:U_CACHE|ram_addr_r[14]            ; 1                 ; 7       ;
;      - lab8_cache_top:U_CACHE_SYSTEM|cache_direct_mapped:U_CACHE|ram_addr_r[11]            ; 1                 ; 7       ;
;      - lab8_cache_top:U_CACHE_SYSTEM|cache_direct_mapped:U_CACHE|ram_addr_r[10]            ; 1                 ; 7       ;
;      - lab8_cache_top:U_CACHE_SYSTEM|cache_direct_mapped:U_CACHE|ram_addr_r[15]            ; 1                 ; 7       ;
;      - lab8_cache_top:U_CACHE_SYSTEM|cache_direct_mapped:U_CACHE|ram_addr_r[8]             ; 1                 ; 7       ;
;      - lab8_cache_top:U_CACHE_SYSTEM|cache_direct_mapped:U_CACHE|ram_addr_r[12]            ; 1                 ; 7       ;
;      - lab8_cache_top:U_CACHE_SYSTEM|cache_direct_mapped:U_CACHE|ram_addr_r[9]             ; 1                 ; 7       ;
;      - lab8_cache_top:U_CACHE_SYSTEM|cache_direct_mapped:U_CACHE|cpu_rdata_r[7]            ; 1                 ; 7       ;
;      - lab8_cache_top:U_CACHE_SYSTEM|cache_direct_mapped:U_CACHE|cpu_rdata_r[9]            ; 1                 ; 7       ;
;      - lab8_cache_top:U_CACHE_SYSTEM|cache_direct_mapped:U_CACHE|cpu_rdata_r[10]           ; 1                 ; 7       ;
;      - lab8_cache_top:U_CACHE_SYSTEM|cache_direct_mapped:U_CACHE|cpu_rdata_r[11]           ; 1                 ; 7       ;
;      - lab8_cache_top:U_CACHE_SYSTEM|cache_direct_mapped:U_CACHE|cpu_rdata_r[12]           ; 1                 ; 7       ;
;      - lab8_cache_top:U_CACHE_SYSTEM|cache_direct_mapped:U_CACHE|cpu_rdata_r[4]            ; 1                 ; 7       ;
;      - lab8_cache_top:U_CACHE_SYSTEM|cache_direct_mapped:U_CACHE|cpu_rdata_r[0]            ; 1                 ; 7       ;
;      - lab8_cache_top:U_CACHE_SYSTEM|cache_direct_mapped:U_CACHE|cpu_rdata_r[1]            ; 1                 ; 7       ;
;      - lab8_cache_top:U_CACHE_SYSTEM|cache_direct_mapped:U_CACHE|cpu_rdata_r[2]            ; 1                 ; 7       ;
;      - lab8_cache_top:U_CACHE_SYSTEM|cache_direct_mapped:U_CACHE|cpu_rdata_r[3]            ; 1                 ; 7       ;
;      - lab8_cache_top:U_CACHE_SYSTEM|cache_direct_mapped:U_CACHE|cpu_rdata_r[13]           ; 1                 ; 7       ;
;      - lab8_cache_top:U_CACHE_SYSTEM|cache_direct_mapped:U_CACHE|cpu_rdata_r[5]            ; 1                 ; 7       ;
;      - lab8_cache_top:U_CACHE_SYSTEM|cache_direct_mapped:U_CACHE|cpu_rdata_r[6]            ; 1                 ; 7       ;
;      - lab8_cache_top:U_CACHE_SYSTEM|cache_direct_mapped:U_CACHE|cpu_rdata_r[14]           ; 1                 ; 7       ;
;      - lab8_cache_top:U_CACHE_SYSTEM|cache_direct_mapped:U_CACHE|cpu_rdata_r[8]            ; 1                 ; 7       ;
;      - lab8_cache_top:U_CACHE_SYSTEM|cache_direct_mapped:U_CACHE|cpu_rdata_r[15]           ; 1                 ; 7       ;
;      - lab8_cache_top:U_CACHE_SYSTEM|cache_direct_mapped:U_CACHE|data_r[7][14]             ; 1                 ; 7       ;
;      - lab8_cache_top:U_CACHE_SYSTEM|cache_direct_mapped:U_CACHE|data_r[7][5]              ; 1                 ; 7       ;
;      - lab8_cache_top:U_CACHE_SYSTEM|cache_direct_mapped:U_CACHE|tag_r[7][3]               ; 1                 ; 7       ;
;      - lab8_cache_top:U_CACHE_SYSTEM|cache_direct_mapped:U_CACHE|data_r[7][15]             ; 1                 ; 7       ;
;      - lab8_cache_top:U_CACHE_SYSTEM|cache_direct_mapped:U_CACHE|tag_r[7][12]              ; 1                 ; 7       ;
;      - lab8_cache_top:U_CACHE_SYSTEM|cache_direct_mapped:U_CACHE|data_r[7][11]             ; 1                 ; 7       ;
;      - lab8_cache_top:U_CACHE_SYSTEM|cache_direct_mapped:U_CACHE|data_r[7][0]              ; 1                 ; 7       ;
;      - lab8_cache_top:U_CACHE_SYSTEM|cache_direct_mapped:U_CACHE|tag_r[7][7]               ; 1                 ; 7       ;
;      - lab8_cache_top:U_CACHE_SYSTEM|cache_direct_mapped:U_CACHE|data_r[7][10]             ; 1                 ; 7       ;
;      - lab8_cache_top:U_CACHE_SYSTEM|cache_direct_mapped:U_CACHE|data_r[7][7]              ; 1                 ; 7       ;
;      - lab8_cache_top:U_CACHE_SYSTEM|cache_direct_mapped:U_CACHE|tag_r[7][11]              ; 1                 ; 7       ;
;      - lab8_cache_top:U_CACHE_SYSTEM|cache_direct_mapped:U_CACHE|data_r[7][1]              ; 1                 ; 7       ;
;      - lab8_cache_top:U_CACHE_SYSTEM|cache_direct_mapped:U_CACHE|data_r[7][9]              ; 1                 ; 7       ;
;      - lab8_cache_top:U_CACHE_SYSTEM|cache_direct_mapped:U_CACHE|data_r[7][4]              ; 1                 ; 7       ;
;      - lab8_cache_top:U_CACHE_SYSTEM|cache_direct_mapped:U_CACHE|tag_r[7][8]               ; 1                 ; 7       ;
;      - lab8_cache_top:U_CACHE_SYSTEM|cache_direct_mapped:U_CACHE|tag_r[7][4]               ; 1                 ; 7       ;
;      - lab8_cache_top:U_CACHE_SYSTEM|cache_direct_mapped:U_CACHE|data_r[7][2]              ; 1                 ; 7       ;
;      - lab8_cache_top:U_CACHE_SYSTEM|cache_direct_mapped:U_CACHE|tag_r[7][9]               ; 1                 ; 7       ;
;      - lab8_cache_top:U_CACHE_SYSTEM|cache_direct_mapped:U_CACHE|tag_r[7][6]               ; 1                 ; 7       ;
;      - lab8_cache_top:U_CACHE_SYSTEM|cache_direct_mapped:U_CACHE|data_r[7][6]              ; 1                 ; 7       ;
;      - lab8_cache_top:U_CACHE_SYSTEM|cache_direct_mapped:U_CACHE|data_r[7][3]              ; 1                 ; 7       ;
;      - lab8_cache_top:U_CACHE_SYSTEM|cache_direct_mapped:U_CACHE|data_r[7][12]             ; 1                 ; 7       ;
;      - lab8_cache_top:U_CACHE_SYSTEM|cache_direct_mapped:U_CACHE|tag_r[7][10]              ; 1                 ; 7       ;
;      - lab8_cache_top:U_CACHE_SYSTEM|cache_direct_mapped:U_CACHE|data_r[7][8]              ; 1                 ; 7       ;
;      - lab8_cache_top:U_CACHE_SYSTEM|cache_direct_mapped:U_CACHE|tag_r[7][1]               ; 1                 ; 7       ;
;      - lab8_cache_top:U_CACHE_SYSTEM|cache_direct_mapped:U_CACHE|tag_r[7][5]               ; 1                 ; 7       ;
;      - lab8_cache_top:U_CACHE_SYSTEM|cache_direct_mapped:U_CACHE|tag_r[7][2]               ; 1                 ; 7       ;
;      - lab8_cache_top:U_CACHE_SYSTEM|cache_direct_mapped:U_CACHE|data_r[7][13]             ; 1                 ; 7       ;
;      - lab8_cache_top:U_CACHE_SYSTEM|cache_direct_mapped:U_CACHE|tag_r[7][0]               ; 1                 ; 7       ;
;      - lab8_cache_top:U_CACHE_SYSTEM|cache_direct_mapped:U_CACHE|data_r[6][8]              ; 1                 ; 7       ;
;      - lab8_cache_top:U_CACHE_SYSTEM|cache_direct_mapped:U_CACHE|tag_r[6][2]               ; 1                 ; 7       ;
;      - lab8_cache_top:U_CACHE_SYSTEM|cache_direct_mapped:U_CACHE|tag_r[6][12]              ; 1                 ; 7       ;
;      - lab8_cache_top:U_CACHE_SYSTEM|cache_direct_mapped:U_CACHE|data_r[6][7]              ; 1                 ; 7       ;
;      - lab8_cache_top:U_CACHE_SYSTEM|cache_direct_mapped:U_CACHE|tag_r[6][11]              ; 1                 ; 7       ;
;      - lab8_cache_top:U_CACHE_SYSTEM|cache_direct_mapped:U_CACHE|data_r[6][6]              ; 1                 ; 7       ;
;      - lab8_cache_top:U_CACHE_SYSTEM|cache_direct_mapped:U_CACHE|tag_r[6][9]               ; 1                 ; 7       ;
;      - lab8_cache_top:U_CACHE_SYSTEM|cache_direct_mapped:U_CACHE|data_r[6][5]              ; 1                 ; 7       ;
;      - lab8_cache_top:U_CACHE_SYSTEM|cache_direct_mapped:U_CACHE|tag_r[6][10]              ; 1                 ; 7       ;
;      - lab8_cache_top:U_CACHE_SYSTEM|cache_direct_mapped:U_CACHE|data_r[6][4]              ; 1                 ; 7       ;
;      - lab8_cache_top:U_CACHE_SYSTEM|cache_direct_mapped:U_CACHE|tag_r[6][4]               ; 1                 ; 7       ;
;      - lab8_cache_top:U_CACHE_SYSTEM|cache_direct_mapped:U_CACHE|data_r[6][3]              ; 1                 ; 7       ;
;      - lab8_cache_top:U_CACHE_SYSTEM|cache_direct_mapped:U_CACHE|tag_r[6][8]               ; 1                 ; 7       ;
;      - lab8_cache_top:U_CACHE_SYSTEM|cache_direct_mapped:U_CACHE|data_r[6][2]              ; 1                 ; 7       ;
;      - lab8_cache_top:U_CACHE_SYSTEM|cache_direct_mapped:U_CACHE|data_r[6][1]              ; 1                 ; 7       ;
;      - lab8_cache_top:U_CACHE_SYSTEM|cache_direct_mapped:U_CACHE|tag_r[6][0]               ; 1                 ; 7       ;
;      - lab8_cache_top:U_CACHE_SYSTEM|cache_direct_mapped:U_CACHE|tag_r[6][7]               ; 1                 ; 7       ;
;      - lab8_cache_top:U_CACHE_SYSTEM|cache_direct_mapped:U_CACHE|data_r[6][0]              ; 1                 ; 7       ;
;      - lab8_cache_top:U_CACHE_SYSTEM|cache_direct_mapped:U_CACHE|tag_r[6][6]               ; 1                 ; 7       ;
;      - lab8_cache_top:U_CACHE_SYSTEM|cache_direct_mapped:U_CACHE|data_r[6][15]             ; 1                 ; 7       ;
;      - lab8_cache_top:U_CACHE_SYSTEM|cache_direct_mapped:U_CACHE|data_r[6][14]             ; 1                 ; 7       ;
;      - lab8_cache_top:U_CACHE_SYSTEM|cache_direct_mapped:U_CACHE|tag_r[6][3]               ; 1                 ; 7       ;
;      - lab8_cache_top:U_CACHE_SYSTEM|cache_direct_mapped:U_CACHE|tag_r[6][5]               ; 1                 ; 7       ;
;      - lab8_cache_top:U_CACHE_SYSTEM|cache_direct_mapped:U_CACHE|data_r[6][10]             ; 1                 ; 7       ;
;      - lab8_cache_top:U_CACHE_SYSTEM|cache_direct_mapped:U_CACHE|tag_r[6][1]               ; 1                 ; 7       ;
;      - lab8_cache_top:U_CACHE_SYSTEM|cache_direct_mapped:U_CACHE|data_r[6][12]             ; 1                 ; 7       ;
;      - lab8_cache_top:U_CACHE_SYSTEM|cache_direct_mapped:U_CACHE|data_r[6][13]             ; 1                 ; 7       ;
;      - lab8_cache_top:U_CACHE_SYSTEM|cache_direct_mapped:U_CACHE|data_r[6][11]             ; 1                 ; 7       ;
;      - lab8_cache_top:U_CACHE_SYSTEM|cache_direct_mapped:U_CACHE|data_r[6][9]              ; 1                 ; 7       ;
;      - lab8_cache_top:U_CACHE_SYSTEM|cache_direct_mapped:U_CACHE|data_r[5][13]             ; 1                 ; 7       ;
;      - lab8_cache_top:U_CACHE_SYSTEM|cache_direct_mapped:U_CACHE|data_r[5][2]              ; 1                 ; 7       ;
;      - lab8_cache_top:U_CACHE_SYSTEM|cache_direct_mapped:U_CACHE|data_r[5][10]             ; 1                 ; 7       ;
;      - lab8_cache_top:U_CACHE_SYSTEM|cache_direct_mapped:U_CACHE|data_r[5][7]              ; 1                 ; 7       ;
;      - lab8_cache_top:U_CACHE_SYSTEM|cache_direct_mapped:U_CACHE|tag_r[5][4]               ; 1                 ; 7       ;
;      - lab8_cache_top:U_CACHE_SYSTEM|cache_direct_mapped:U_CACHE|tag_r[5][7]               ; 1                 ; 7       ;
;      - lab8_cache_top:U_CACHE_SYSTEM|cache_direct_mapped:U_CACHE|data_r[5][4]              ; 1                 ; 7       ;
;      - lab8_cache_top:U_CACHE_SYSTEM|cache_direct_mapped:U_CACHE|data_r[5][12]             ; 1                 ; 7       ;
;      - lab8_cache_top:U_CACHE_SYSTEM|cache_direct_mapped:U_CACHE|data_r[5][1]              ; 1                 ; 7       ;
;      - lab8_cache_top:U_CACHE_SYSTEM|cache_direct_mapped:U_CACHE|data_r[5][11]             ; 1                 ; 7       ;
;      - lab8_cache_top:U_CACHE_SYSTEM|cache_direct_mapped:U_CACHE|tag_r[5][10]              ; 1                 ; 7       ;
;      - lab8_cache_top:U_CACHE_SYSTEM|cache_direct_mapped:U_CACHE|data_r[5][0]              ; 1                 ; 7       ;
;      - lab8_cache_top:U_CACHE_SYSTEM|cache_direct_mapped:U_CACHE|data_r[5][14]             ; 1                 ; 7       ;
;      - lab8_cache_top:U_CACHE_SYSTEM|cache_direct_mapped:U_CACHE|tag_r[5][6]               ; 1                 ; 7       ;
;      - lab8_cache_top:U_CACHE_SYSTEM|cache_direct_mapped:U_CACHE|tag_r[5][9]               ; 1                 ; 7       ;
;      - lab8_cache_top:U_CACHE_SYSTEM|cache_direct_mapped:U_CACHE|data_r[5][15]             ; 1                 ; 7       ;
;      - lab8_cache_top:U_CACHE_SYSTEM|cache_direct_mapped:U_CACHE|data_r[5][6]              ; 1                 ; 7       ;
;      - lab8_cache_top:U_CACHE_SYSTEM|cache_direct_mapped:U_CACHE|tag_r[5][2]               ; 1                 ; 7       ;
;      - lab8_cache_top:U_CACHE_SYSTEM|cache_direct_mapped:U_CACHE|tag_r[5][0]               ; 1                 ; 7       ;
;      - lab8_cache_top:U_CACHE_SYSTEM|cache_direct_mapped:U_CACHE|tag_r[5][12]              ; 1                 ; 7       ;
;      - lab8_cache_top:U_CACHE_SYSTEM|cache_direct_mapped:U_CACHE|data_r[5][8]              ; 1                 ; 7       ;
;      - lab8_cache_top:U_CACHE_SYSTEM|cache_direct_mapped:U_CACHE|tag_r[5][5]               ; 1                 ; 7       ;
;      - lab8_cache_top:U_CACHE_SYSTEM|cache_direct_mapped:U_CACHE|tag_r[5][11]              ; 1                 ; 7       ;
;      - lab8_cache_top:U_CACHE_SYSTEM|cache_direct_mapped:U_CACHE|data_r[5][3]              ; 1                 ; 7       ;
;      - lab8_cache_top:U_CACHE_SYSTEM|cache_direct_mapped:U_CACHE|tag_r[5][1]               ; 1                 ; 7       ;
;      - lab8_cache_top:U_CACHE_SYSTEM|cache_direct_mapped:U_CACHE|tag_r[5][8]               ; 1                 ; 7       ;
;      - lab8_cache_top:U_CACHE_SYSTEM|cache_direct_mapped:U_CACHE|tag_r[5][3]               ; 1                 ; 7       ;
;      - lab8_cache_top:U_CACHE_SYSTEM|cache_direct_mapped:U_CACHE|data_r[5][9]              ; 1                 ; 7       ;
;      - lab8_cache_top:U_CACHE_SYSTEM|cache_direct_mapped:U_CACHE|data_r[5][5]              ; 1                 ; 7       ;
;      - lab8_cache_top:U_CACHE_SYSTEM|cache_direct_mapped:U_CACHE|tag_r[4][8]               ; 1                 ; 7       ;
;      - lab8_cache_top:U_CACHE_SYSTEM|cache_direct_mapped:U_CACHE|tag_r[4][7]               ; 1                 ; 7       ;
;      - lab8_cache_top:U_CACHE_SYSTEM|cache_direct_mapped:U_CACHE|tag_r[4][6]               ; 1                 ; 7       ;
;      - lab8_cache_top:U_CACHE_SYSTEM|cache_direct_mapped:U_CACHE|tag_r[4][5]               ; 1                 ; 7       ;
;      - lab8_cache_top:U_CACHE_SYSTEM|cache_direct_mapped:U_CACHE|tag_r[4][4]               ; 1                 ; 7       ;
;      - lab8_cache_top:U_CACHE_SYSTEM|cache_direct_mapped:U_CACHE|tag_r[4][3]               ; 1                 ; 7       ;
;      - lab8_cache_top:U_CACHE_SYSTEM|cache_direct_mapped:U_CACHE|tag_r[4][2]               ; 1                 ; 7       ;
;      - lab8_cache_top:U_CACHE_SYSTEM|cache_direct_mapped:U_CACHE|tag_r[4][1]               ; 1                 ; 7       ;
;      - lab8_cache_top:U_CACHE_SYSTEM|cache_direct_mapped:U_CACHE|tag_r[4][0]               ; 1                 ; 7       ;
;      - lab8_cache_top:U_CACHE_SYSTEM|cache_direct_mapped:U_CACHE|data_r[4][0]              ; 1                 ; 7       ;
;      - lab8_cache_top:U_CACHE_SYSTEM|cache_direct_mapped:U_CACHE|data_r[4][1]              ; 1                 ; 7       ;
;      - lab8_cache_top:U_CACHE_SYSTEM|cache_direct_mapped:U_CACHE|data_r[4][2]              ; 1                 ; 7       ;
;      - lab8_cache_top:U_CACHE_SYSTEM|cache_direct_mapped:U_CACHE|data_r[4][3]              ; 1                 ; 7       ;
;      - lab8_cache_top:U_CACHE_SYSTEM|cache_direct_mapped:U_CACHE|data_r[4][4]              ; 1                 ; 7       ;
;      - lab8_cache_top:U_CACHE_SYSTEM|cache_direct_mapped:U_CACHE|data_r[4][5]              ; 1                 ; 7       ;
;      - lab8_cache_top:U_CACHE_SYSTEM|cache_direct_mapped:U_CACHE|data_r[4][6]              ; 1                 ; 7       ;
;      - lab8_cache_top:U_CACHE_SYSTEM|cache_direct_mapped:U_CACHE|data_r[4][7]              ; 1                 ; 7       ;
;      - lab8_cache_top:U_CACHE_SYSTEM|cache_direct_mapped:U_CACHE|data_r[4][8]              ; 1                 ; 7       ;
;      - lab8_cache_top:U_CACHE_SYSTEM|cache_direct_mapped:U_CACHE|data_r[4][9]              ; 1                 ; 7       ;
;      - lab8_cache_top:U_CACHE_SYSTEM|cache_direct_mapped:U_CACHE|data_r[4][10]             ; 1                 ; 7       ;
;      - lab8_cache_top:U_CACHE_SYSTEM|cache_direct_mapped:U_CACHE|data_r[4][11]             ; 1                 ; 7       ;
;      - lab8_cache_top:U_CACHE_SYSTEM|cache_direct_mapped:U_CACHE|data_r[4][12]             ; 1                 ; 7       ;
;      - lab8_cache_top:U_CACHE_SYSTEM|cache_direct_mapped:U_CACHE|data_r[4][13]             ; 1                 ; 7       ;
;      - lab8_cache_top:U_CACHE_SYSTEM|cache_direct_mapped:U_CACHE|data_r[4][14]             ; 1                 ; 7       ;
;      - lab8_cache_top:U_CACHE_SYSTEM|cache_direct_mapped:U_CACHE|data_r[4][15]             ; 1                 ; 7       ;
;      - lab8_cache_top:U_CACHE_SYSTEM|cache_direct_mapped:U_CACHE|tag_r[4][12]              ; 1                 ; 7       ;
;      - lab8_cache_top:U_CACHE_SYSTEM|cache_direct_mapped:U_CACHE|tag_r[4][11]              ; 1                 ; 7       ;
;      - lab8_cache_top:U_CACHE_SYSTEM|cache_direct_mapped:U_CACHE|tag_r[4][10]              ; 1                 ; 7       ;
;      - lab8_cache_top:U_CACHE_SYSTEM|cache_direct_mapped:U_CACHE|tag_r[4][9]               ; 1                 ; 7       ;
;      - lab8_cache_top:U_CACHE_SYSTEM|cache_direct_mapped:U_CACHE|tag_r[3][3]               ; 1                 ; 7       ;
;      - lab8_cache_top:U_CACHE_SYSTEM|cache_direct_mapped:U_CACHE|data_r[3][8]              ; 1                 ; 7       ;
;      - lab8_cache_top:U_CACHE_SYSTEM|cache_direct_mapped:U_CACHE|data_r[3][3]              ; 1                 ; 7       ;
;      - lab8_cache_top:U_CACHE_SYSTEM|cache_direct_mapped:U_CACHE|tag_r[3][2]               ; 1                 ; 7       ;
;      - lab8_cache_top:U_CACHE_SYSTEM|cache_direct_mapped:U_CACHE|tag_r[3][0]               ; 1                 ; 7       ;
;      - lab8_cache_top:U_CACHE_SYSTEM|cache_direct_mapped:U_CACHE|data_r[3][7]              ; 1                 ; 7       ;
;      - lab8_cache_top:U_CACHE_SYSTEM|cache_direct_mapped:U_CACHE|tag_r[3][12]              ; 1                 ; 7       ;
;      - lab8_cache_top:U_CACHE_SYSTEM|cache_direct_mapped:U_CACHE|data_r[3][0]              ; 1                 ; 7       ;
;      - lab8_cache_top:U_CACHE_SYSTEM|cache_direct_mapped:U_CACHE|data_r[3][4]              ; 1                 ; 7       ;
;      - lab8_cache_top:U_CACHE_SYSTEM|cache_direct_mapped:U_CACHE|tag_r[3][6]               ; 1                 ; 7       ;
;      - lab8_cache_top:U_CACHE_SYSTEM|cache_direct_mapped:U_CACHE|data_r[3][13]             ; 1                 ; 7       ;
;      - lab8_cache_top:U_CACHE_SYSTEM|cache_direct_mapped:U_CACHE|tag_r[3][9]               ; 1                 ; 7       ;
;      - lab8_cache_top:U_CACHE_SYSTEM|cache_direct_mapped:U_CACHE|tag_r[3][5]               ; 1                 ; 7       ;
;      - lab8_cache_top:U_CACHE_SYSTEM|cache_direct_mapped:U_CACHE|data_r[3][10]             ; 1                 ; 7       ;
;      - lab8_cache_top:U_CACHE_SYSTEM|cache_direct_mapped:U_CACHE|data_r[3][9]              ; 1                 ; 7       ;
;      - lab8_cache_top:U_CACHE_SYSTEM|cache_direct_mapped:U_CACHE|data_r[3][1]              ; 1                 ; 7       ;
;      - lab8_cache_top:U_CACHE_SYSTEM|cache_direct_mapped:U_CACHE|data_r[3][15]             ; 1                 ; 7       ;
;      - lab8_cache_top:U_CACHE_SYSTEM|cache_direct_mapped:U_CACHE|tag_r[3][7]               ; 1                 ; 7       ;
;      - lab8_cache_top:U_CACHE_SYSTEM|cache_direct_mapped:U_CACHE|data_r[3][5]              ; 1                 ; 7       ;
;      - lab8_cache_top:U_CACHE_SYSTEM|cache_direct_mapped:U_CACHE|data_r[3][12]             ; 1                 ; 7       ;
;      - lab8_cache_top:U_CACHE_SYSTEM|cache_direct_mapped:U_CACHE|tag_r[3][10]              ; 1                 ; 7       ;
;      - lab8_cache_top:U_CACHE_SYSTEM|cache_direct_mapped:U_CACHE|data_r[3][11]             ; 1                 ; 7       ;
;      - lab8_cache_top:U_CACHE_SYSTEM|cache_direct_mapped:U_CACHE|data_r[3][2]              ; 1                 ; 7       ;
;      - lab8_cache_top:U_CACHE_SYSTEM|cache_direct_mapped:U_CACHE|data_r[3][6]              ; 1                 ; 7       ;
;      - lab8_cache_top:U_CACHE_SYSTEM|cache_direct_mapped:U_CACHE|tag_r[3][4]               ; 1                 ; 7       ;
;      - lab8_cache_top:U_CACHE_SYSTEM|cache_direct_mapped:U_CACHE|tag_r[3][1]               ; 1                 ; 7       ;
;      - lab8_cache_top:U_CACHE_SYSTEM|cache_direct_mapped:U_CACHE|tag_r[3][8]               ; 1                 ; 7       ;
;      - lab8_cache_top:U_CACHE_SYSTEM|cache_direct_mapped:U_CACHE|data_r[3][14]             ; 1                 ; 7       ;
;      - lab8_cache_top:U_CACHE_SYSTEM|cache_direct_mapped:U_CACHE|tag_r[3][11]              ; 1                 ; 7       ;
;      - lab8_cache_top:U_CACHE_SYSTEM|cache_direct_mapped:U_CACHE|tag_r[2][5]               ; 1                 ; 7       ;
;      - lab8_cache_top:U_CACHE_SYSTEM|cache_direct_mapped:U_CACHE|data_r[2][0]              ; 1                 ; 7       ;
;      - lab8_cache_top:U_CACHE_SYSTEM|cache_direct_mapped:U_CACHE|tag_r[2][0]               ; 1                 ; 7       ;
;      - lab8_cache_top:U_CACHE_SYSTEM|cache_direct_mapped:U_CACHE|tag_r[2][6]               ; 1                 ; 7       ;
;      - lab8_cache_top:U_CACHE_SYSTEM|cache_direct_mapped:U_CACHE|tag_r[2][4]               ; 1                 ; 7       ;
;      - lab8_cache_top:U_CACHE_SYSTEM|cache_direct_mapped:U_CACHE|tag_r[2][11]              ; 1                 ; 7       ;
;      - lab8_cache_top:U_CACHE_SYSTEM|cache_direct_mapped:U_CACHE|data_r[2][1]              ; 1                 ; 7       ;
;      - lab8_cache_top:U_CACHE_SYSTEM|cache_direct_mapped:U_CACHE|tag_r[2][7]               ; 1                 ; 7       ;
;      - lab8_cache_top:U_CACHE_SYSTEM|cache_direct_mapped:U_CACHE|data_r[2][7]              ; 1                 ; 7       ;
;      - lab8_cache_top:U_CACHE_SYSTEM|cache_direct_mapped:U_CACHE|data_r[2][11]             ; 1                 ; 7       ;
;      - lab8_cache_top:U_CACHE_SYSTEM|cache_direct_mapped:U_CACHE|data_r[2][2]              ; 1                 ; 7       ;
;      - lab8_cache_top:U_CACHE_SYSTEM|cache_direct_mapped:U_CACHE|tag_r[2][2]               ; 1                 ; 7       ;
;      - lab8_cache_top:U_CACHE_SYSTEM|cache_direct_mapped:U_CACHE|tag_r[2][1]               ; 1                 ; 7       ;
;      - lab8_cache_top:U_CACHE_SYSTEM|cache_direct_mapped:U_CACHE|data_r[2][15]             ; 1                 ; 7       ;
;      - lab8_cache_top:U_CACHE_SYSTEM|cache_direct_mapped:U_CACHE|data_r[2][9]              ; 1                 ; 7       ;
;      - lab8_cache_top:U_CACHE_SYSTEM|cache_direct_mapped:U_CACHE|tag_r[2][8]               ; 1                 ; 7       ;
;      - lab8_cache_top:U_CACHE_SYSTEM|cache_direct_mapped:U_CACHE|tag_r[2][3]               ; 1                 ; 7       ;
;      - lab8_cache_top:U_CACHE_SYSTEM|cache_direct_mapped:U_CACHE|data_r[2][14]             ; 1                 ; 7       ;
;      - lab8_cache_top:U_CACHE_SYSTEM|cache_direct_mapped:U_CACHE|data_r[2][8]              ; 1                 ; 7       ;
;      - lab8_cache_top:U_CACHE_SYSTEM|cache_direct_mapped:U_CACHE|tag_r[2][10]              ; 1                 ; 7       ;
;      - lab8_cache_top:U_CACHE_SYSTEM|cache_direct_mapped:U_CACHE|data_r[2][12]             ; 1                 ; 7       ;
;      - lab8_cache_top:U_CACHE_SYSTEM|cache_direct_mapped:U_CACHE|tag_r[2][9]               ; 1                 ; 7       ;
;      - lab8_cache_top:U_CACHE_SYSTEM|cache_direct_mapped:U_CACHE|data_r[2][6]              ; 1                 ; 7       ;
;      - lab8_cache_top:U_CACHE_SYSTEM|cache_direct_mapped:U_CACHE|data_r[2][3]              ; 1                 ; 7       ;
;      - lab8_cache_top:U_CACHE_SYSTEM|cache_direct_mapped:U_CACHE|data_r[2][13]             ; 1                 ; 7       ;
;      - lab8_cache_top:U_CACHE_SYSTEM|cache_direct_mapped:U_CACHE|data_r[2][10]             ; 1                 ; 7       ;
;      - lab8_cache_top:U_CACHE_SYSTEM|cache_direct_mapped:U_CACHE|tag_r[2][12]              ; 1                 ; 7       ;
;      - lab8_cache_top:U_CACHE_SYSTEM|cache_direct_mapped:U_CACHE|data_r[2][4]              ; 1                 ; 7       ;
;      - lab8_cache_top:U_CACHE_SYSTEM|cache_direct_mapped:U_CACHE|data_r[2][5]              ; 1                 ; 7       ;
;      - lab8_cache_top:U_CACHE_SYSTEM|cache_direct_mapped:U_CACHE|tag_r[1][5]               ; 1                 ; 7       ;
;      - lab8_cache_top:U_CACHE_SYSTEM|cache_direct_mapped:U_CACHE|tag_r[1][0]               ; 1                 ; 7       ;
;      - lab8_cache_top:U_CACHE_SYSTEM|cache_direct_mapped:U_CACHE|data_r[1][0]              ; 1                 ; 7       ;
;      - lab8_cache_top:U_CACHE_SYSTEM|cache_direct_mapped:U_CACHE|tag_r[1][6]               ; 1                 ; 7       ;
;      - lab8_cache_top:U_CACHE_SYSTEM|cache_direct_mapped:U_CACHE|data_r[1][1]              ; 1                 ; 7       ;
;      - lab8_cache_top:U_CACHE_SYSTEM|cache_direct_mapped:U_CACHE|tag_r[1][2]               ; 1                 ; 7       ;
;      - lab8_cache_top:U_CACHE_SYSTEM|cache_direct_mapped:U_CACHE|data_r[1][2]              ; 1                 ; 7       ;
;      - lab8_cache_top:U_CACHE_SYSTEM|cache_direct_mapped:U_CACHE|tag_r[1][7]               ; 1                 ; 7       ;
;      - lab8_cache_top:U_CACHE_SYSTEM|cache_direct_mapped:U_CACHE|data_r[1][3]              ; 1                 ; 7       ;
;      - lab8_cache_top:U_CACHE_SYSTEM|cache_direct_mapped:U_CACHE|tag_r[1][8]               ; 1                 ; 7       ;
;      - lab8_cache_top:U_CACHE_SYSTEM|cache_direct_mapped:U_CACHE|data_r[1][4]              ; 1                 ; 7       ;
;      - lab8_cache_top:U_CACHE_SYSTEM|cache_direct_mapped:U_CACHE|tag_r[1][9]               ; 1                 ; 7       ;
;      - lab8_cache_top:U_CACHE_SYSTEM|cache_direct_mapped:U_CACHE|data_r[1][5]              ; 1                 ; 7       ;
;      - lab8_cache_top:U_CACHE_SYSTEM|cache_direct_mapped:U_CACHE|data_r[1][6]              ; 1                 ; 7       ;
;      - lab8_cache_top:U_CACHE_SYSTEM|cache_direct_mapped:U_CACHE|tag_r[1][10]              ; 1                 ; 7       ;
;      - lab8_cache_top:U_CACHE_SYSTEM|cache_direct_mapped:U_CACHE|data_r[1][7]              ; 1                 ; 7       ;
;      - lab8_cache_top:U_CACHE_SYSTEM|cache_direct_mapped:U_CACHE|tag_r[1][11]              ; 1                 ; 7       ;
;      - lab8_cache_top:U_CACHE_SYSTEM|cache_direct_mapped:U_CACHE|data_r[1][8]              ; 1                 ; 7       ;
;      - lab8_cache_top:U_CACHE_SYSTEM|cache_direct_mapped:U_CACHE|tag_r[1][12]              ; 1                 ; 7       ;
;      - lab8_cache_top:U_CACHE_SYSTEM|cache_direct_mapped:U_CACHE|data_r[1][9]              ; 1                 ; 7       ;
;      - lab8_cache_top:U_CACHE_SYSTEM|cache_direct_mapped:U_CACHE|tag_r[1][1]               ; 1                 ; 7       ;
;      - lab8_cache_top:U_CACHE_SYSTEM|cache_direct_mapped:U_CACHE|tag_r[1][3]               ; 1                 ; 7       ;
;      - lab8_cache_top:U_CACHE_SYSTEM|cache_direct_mapped:U_CACHE|data_r[1][10]             ; 1                 ; 7       ;
;      - lab8_cache_top:U_CACHE_SYSTEM|cache_direct_mapped:U_CACHE|data_r[1][11]             ; 1                 ; 7       ;
;      - lab8_cache_top:U_CACHE_SYSTEM|cache_direct_mapped:U_CACHE|data_r[1][12]             ; 1                 ; 7       ;
;      - lab8_cache_top:U_CACHE_SYSTEM|cache_direct_mapped:U_CACHE|data_r[1][13]             ; 1                 ; 7       ;
;      - lab8_cache_top:U_CACHE_SYSTEM|cache_direct_mapped:U_CACHE|tag_r[1][4]               ; 1                 ; 7       ;
;      - lab8_cache_top:U_CACHE_SYSTEM|cache_direct_mapped:U_CACHE|data_r[1][14]             ; 1                 ; 7       ;
;      - lab8_cache_top:U_CACHE_SYSTEM|cache_direct_mapped:U_CACHE|data_r[1][15]             ; 1                 ; 7       ;
;      - lab8_cache_top:U_CACHE_SYSTEM|cache_direct_mapped:U_CACHE|tag_r[0][5]               ; 1                 ; 7       ;
;      - lab8_cache_top:U_CACHE_SYSTEM|cache_direct_mapped:U_CACHE|data_r[0][3]              ; 1                 ; 7       ;
;      - lab8_cache_top:U_CACHE_SYSTEM|cache_direct_mapped:U_CACHE|data_r[0][11]             ; 1                 ; 7       ;
;      - lab8_cache_top:U_CACHE_SYSTEM|cache_direct_mapped:U_CACHE|data_r[0][10]             ; 1                 ; 7       ;
;      - lab8_cache_top:U_CACHE_SYSTEM|cache_direct_mapped:U_CACHE|tag_r[0][11]              ; 1                 ; 7       ;
;      - lab8_cache_top:U_CACHE_SYSTEM|cache_direct_mapped:U_CACHE|data_r[0][7]              ; 1                 ; 7       ;
;      - lab8_cache_top:U_CACHE_SYSTEM|cache_direct_mapped:U_CACHE|tag_r[0][10]              ; 1                 ; 7       ;
;      - lab8_cache_top:U_CACHE_SYSTEM|cache_direct_mapped:U_CACHE|tag_r[0][4]               ; 1                 ; 7       ;
;      - lab8_cache_top:U_CACHE_SYSTEM|cache_direct_mapped:U_CACHE|tag_r[0][0]               ; 1                 ; 7       ;
;      - lab8_cache_top:U_CACHE_SYSTEM|cache_direct_mapped:U_CACHE|data_r[0][13]             ; 1                 ; 7       ;
;      - lab8_cache_top:U_CACHE_SYSTEM|cache_direct_mapped:U_CACHE|data_r[0][12]             ; 1                 ; 7       ;
;      - lab8_cache_top:U_CACHE_SYSTEM|cache_direct_mapped:U_CACHE|data_r[0][9]              ; 1                 ; 7       ;
;      - lab8_cache_top:U_CACHE_SYSTEM|cache_direct_mapped:U_CACHE|data_r[0][6]              ; 1                 ; 7       ;
;      - lab8_cache_top:U_CACHE_SYSTEM|cache_direct_mapped:U_CACHE|tag_r[0][9]               ; 1                 ; 7       ;
;      - lab8_cache_top:U_CACHE_SYSTEM|cache_direct_mapped:U_CACHE|tag_r[0][3]               ; 1                 ; 7       ;
;      - lab8_cache_top:U_CACHE_SYSTEM|cache_direct_mapped:U_CACHE|tag_r[0][2]               ; 1                 ; 7       ;
;      - lab8_cache_top:U_CACHE_SYSTEM|cache_direct_mapped:U_CACHE|data_r[0][0]              ; 1                 ; 7       ;
;      - lab8_cache_top:U_CACHE_SYSTEM|cache_direct_mapped:U_CACHE|data_r[0][8]              ; 1                 ; 7       ;
;      - lab8_cache_top:U_CACHE_SYSTEM|cache_direct_mapped:U_CACHE|tag_r[0][7]               ; 1                 ; 7       ;
;      - lab8_cache_top:U_CACHE_SYSTEM|cache_direct_mapped:U_CACHE|tag_r[0][12]              ; 1                 ; 7       ;
;      - lab8_cache_top:U_CACHE_SYSTEM|cache_direct_mapped:U_CACHE|data_r[0][5]              ; 1                 ; 7       ;
;      - lab8_cache_top:U_CACHE_SYSTEM|cache_direct_mapped:U_CACHE|data_r[0][2]              ; 1                 ; 7       ;
;      - lab8_cache_top:U_CACHE_SYSTEM|cache_direct_mapped:U_CACHE|tag_r[0][1]               ; 1                 ; 7       ;
;      - lab8_cache_top:U_CACHE_SYSTEM|cache_direct_mapped:U_CACHE|tag_r[0][6]               ; 1                 ; 7       ;
;      - lab8_cache_top:U_CACHE_SYSTEM|cache_direct_mapped:U_CACHE|data_r[0][1]              ; 1                 ; 7       ;
;      - lab8_cache_top:U_CACHE_SYSTEM|cache_direct_mapped:U_CACHE|data_r[0][15]             ; 1                 ; 7       ;
;      - lab8_cache_top:U_CACHE_SYSTEM|cache_direct_mapped:U_CACHE|data_r[0][14]             ; 1                 ; 7       ;
;      - lab8_cache_top:U_CACHE_SYSTEM|cache_direct_mapped:U_CACHE|data_r[0][4]              ; 1                 ; 7       ;
;      - lab8_cache_top:U_CACHE_SYSTEM|cache_direct_mapped:U_CACHE|tag_r[0][8]               ; 1                 ; 7       ;
;      - lab8_cache_top:U_CACHE_SYSTEM|cache_direct_mapped:U_CACHE|hit_r                     ; 1                 ; 7       ;
;      - lab8_cache_top:U_CACHE_SYSTEM|cache_direct_mapped:U_CACHE|miss_r                    ; 1                 ; 7       ;
;      - lab8_cache_top:U_CACHE_SYSTEM|cache_direct_mapped:U_CACHE|ram_we_r                  ; 1                 ; 7       ;
;      - lab8_cache_top:U_CACHE_SYSTEM|cache_direct_mapped:U_CACHE|valid_r[0]                ; 1                 ; 7       ;
;      - lab8_cache_top:U_CACHE_SYSTEM|cache_direct_mapped:U_CACHE|valid_r[6]                ; 1                 ; 7       ;
;      - lab8_cache_top:U_CACHE_SYSTEM|cache_direct_mapped:U_CACHE|valid_r[4]                ; 1                 ; 7       ;
;      - lab8_cache_top:U_CACHE_SYSTEM|cache_direct_mapped:U_CACHE|valid_r[1]                ; 1                 ; 7       ;
;      - lab8_cache_top:U_CACHE_SYSTEM|cache_direct_mapped:U_CACHE|valid_r[5]                ; 1                 ; 7       ;
;      - lab8_cache_top:U_CACHE_SYSTEM|cache_direct_mapped:U_CACHE|valid_r[3]                ; 1                 ; 7       ;
;      - lab8_cache_top:U_CACHE_SYSTEM|cache_direct_mapped:U_CACHE|valid_r[7]                ; 1                 ; 7       ;
;      - lab8_cache_top:U_CACHE_SYSTEM|cache_direct_mapped:U_CACHE|valid_r[2]                ; 1                 ; 7       ;
;      - lab8_cache_top:U_CACHE_SYSTEM|cache_direct_mapped:U_CACHE|cpu_ready_r               ; 1                 ; 7       ;
;      - lab8_cache_top:U_CACHE_SYSTEM|cache_direct_mapped:U_CACHE|cpu_rdata_r[7]~3          ; 1                 ; 7       ;
;      - lab8_cache_top:U_CACHE_SYSTEM|cache_direct_mapped:U_CACHE|cpu_rdata_r[7]~5          ; 1                 ; 7       ;
;      - lab8_cache_top:U_CACHE_SYSTEM|cache_direct_mapped:U_CACHE|ram_req_r~0               ; 1                 ; 7       ;
;      - lab8_cache_top:U_CACHE_SYSTEM|cache_direct_mapped:U_CACHE|ram_addr_r~2              ; 1                 ; 7       ;
;      - lab8_cache_top:U_CACHE_SYSTEM|cache_direct_mapped:U_CACHE|ram_addr_r~3              ; 1                 ; 7       ;
;      - lab8_cache_top:U_CACHE_SYSTEM|cache_direct_mapped:U_CACHE|ram_addr_r~4              ; 1                 ; 7       ;
;      - lab8_cache_top:U_CACHE_SYSTEM|cache_direct_mapped:U_CACHE|ram_addr_r~5              ; 1                 ; 7       ;
;      - lab8_cache_top:U_CACHE_SYSTEM|cache_direct_mapped:U_CACHE|ram_addr_r~6              ; 1                 ; 7       ;
;      - lab8_cache_top:U_CACHE_SYSTEM|cache_direct_mapped:U_CACHE|ram_addr_r~7              ; 1                 ; 7       ;
;      - lab8_cache_top:U_CACHE_SYSTEM|cache_direct_mapped:U_CACHE|ram_addr_r~8              ; 1                 ; 7       ;
;      - lab8_cache_top:U_CACHE_SYSTEM|cache_direct_mapped:U_CACHE|ram_addr_r~9              ; 1                 ; 7       ;
;      - lab8_cache_top:U_CACHE_SYSTEM|cache_direct_mapped:U_CACHE|ram_addr_r[13]~10         ; 1                 ; 7       ;
;      - lab8_cache_top:U_CACHE_SYSTEM|cache_direct_mapped:U_CACHE|ram_wdata_r[10]~0         ; 1                 ; 7       ;
;      - lab8_cache_top:U_CACHE_SYSTEM|cache_direct_mapped:U_CACHE|ram_wdata_r[10]~1         ; 1                 ; 7       ;
;      - lab8_cache_top:U_CACHE_SYSTEM|cache_direct_mapped:U_CACHE|state_r~10                ; 1                 ; 7       ;
;      - lab8_cache_top:U_CACHE_SYSTEM|cache_direct_mapped:U_CACHE|tag_r[1][5]~2             ; 1                 ; 7       ;
;      - lab8_cache_top:U_CACHE_SYSTEM|cache_direct_mapped:U_CACHE|data_r[5][13]~1           ; 1                 ; 7       ;
;      - lab8_cache_top:U_CACHE_SYSTEM|cache_direct_mapped:U_CACHE|tag_r[3][3]~5             ; 1                 ; 7       ;
;      - lab8_cache_top:U_CACHE_SYSTEM|cache_direct_mapped:U_CACHE|data_r[7][14]~3           ; 1                 ; 7       ;
;      - lab8_cache_top:U_CACHE_SYSTEM|cache_direct_mapped:U_CACHE|tag_r[0][5]~8             ; 1                 ; 7       ;
;      - lab8_cache_top:U_CACHE_SYSTEM|cache_direct_mapped:U_CACHE|tag_r[4][8]~10            ; 1                 ; 7       ;
;      - lab8_cache_top:U_CACHE_SYSTEM|cache_direct_mapped:U_CACHE|tag_r[2][5]~12            ; 1                 ; 7       ;
;      - lab8_cache_top:U_CACHE_SYSTEM|cache_direct_mapped:U_CACHE|data_r[6][8]~5            ; 1                 ; 7       ;
;      - lab8_cache_top:U_CACHE_SYSTEM|cache_direct_mapped:U_CACHE|state_r~11                ; 1                 ; 7       ;
;      - lab8_cache_top:U_CACHE_SYSTEM|cache_direct_mapped:U_CACHE|state_r~12                ; 1                 ; 7       ;
;      - lab8_cache_top:U_CACHE_SYSTEM|cache_direct_mapped:U_CACHE|tag_req_r[1]~0            ; 1                 ; 7       ;
;      - lab8_cache_top:U_CACHE_SYSTEM|cache_direct_mapped:U_CACHE|ram_addr_r~2DUPLICATE     ; 1                 ; 7       ;
;      - lab8_cache_top:U_CACHE_SYSTEM|cache_direct_mapped:U_CACHE|ram_addr_r~7DUPLICATE     ; 1                 ; 7       ;
;      - lab8_cache_top:U_CACHE_SYSTEM|cache_direct_mapped:U_CACHE|ram_addr_r~8DUPLICATE     ; 1                 ; 7       ;
; cpu_write_enable_i                                                                         ;                   ;         ;
;      - lab8_cache_top:U_CACHE_SYSTEM|cache_direct_mapped:U_CACHE|cpu_rdata_r[7]~6          ; 0                 ; 7       ;
;      - lab8_cache_top:U_CACHE_SYSTEM|cache_direct_mapped:U_CACHE|cpu_ready_r~1             ; 0                 ; 7       ;
;      - lab8_cache_top:U_CACHE_SYSTEM|cache_direct_mapped:U_CACHE|ram_addr_r~0              ; 0                 ; 7       ;
;      - lab8_cache_top:U_CACHE_SYSTEM|cache_direct_mapped:U_CACHE|Selector1~0               ; 0                 ; 7       ;
;      - lab8_cache_top:U_CACHE_SYSTEM|cache_direct_mapped:U_CACHE|ram_addr_r~1              ; 0                 ; 7       ;
;      - lab8_cache_top:U_CACHE_SYSTEM|cache_direct_mapped:U_CACHE|ram_wdata_r[10]~0         ; 0                 ; 7       ;
;      - lab8_cache_top:U_CACHE_SYSTEM|cache_direct_mapped:U_CACHE|tag_r[1][5]~0             ; 0                 ; 7       ;
;      - lab8_cache_top:U_CACHE_SYSTEM|cache_direct_mapped:U_CACHE|tag_r[3][3]~3             ; 0                 ; 7       ;
;      - lab8_cache_top:U_CACHE_SYSTEM|cache_direct_mapped:U_CACHE|tag_r[0][5]~6             ; 0                 ; 7       ;
;      - lab8_cache_top:U_CACHE_SYSTEM|cache_direct_mapped:U_CACHE|Selector253~0             ; 0                 ; 7       ;
;      - lab8_cache_top:U_CACHE_SYSTEM|cache_direct_mapped:U_CACHE|Selector257~0             ; 0                 ; 7       ;
;      - lab8_cache_top:U_CACHE_SYSTEM|cache_direct_mapped:U_CACHE|Selector255~0             ; 0                 ; 7       ;
;      - lab8_cache_top:U_CACHE_SYSTEM|cache_direct_mapped:U_CACHE|Selector259~0             ; 0                 ; 7       ;
;      - lab8_cache_top:U_CACHE_SYSTEM|cache_direct_mapped:U_CACHE|Selector252~0             ; 0                 ; 7       ;
;      - lab8_cache_top:U_CACHE_SYSTEM|cache_direct_mapped:U_CACHE|Selector256~0             ; 0                 ; 7       ;
;      - lab8_cache_top:U_CACHE_SYSTEM|cache_direct_mapped:U_CACHE|Selector254~0             ; 0                 ; 7       ;
;      - lab8_cache_top:U_CACHE_SYSTEM|cache_direct_mapped:U_CACHE|Selector258~0             ; 0                 ; 7       ;
;      - lab8_cache_top:U_CACHE_SYSTEM|cache_direct_mapped:U_CACHE|state_r~13                ; 0                 ; 7       ;
;      - lab8_cache_top:U_CACHE_SYSTEM|cache_direct_mapped:U_CACHE|state_r~14                ; 0                 ; 7       ;
;      - lab8_cache_top:U_CACHE_SYSTEM|cache_direct_mapped:U_CACHE|cpu_rdata_r[7]~6DUPLICATE ; 0                 ; 7       ;
;      - lab8_cache_top:U_CACHE_SYSTEM|cache_direct_mapped:U_CACHE|ram_addr_r~1DUPLICATE     ; 0                 ; 7       ;
; cpu_address_tag_set_i[15]                                                                  ;                   ;         ;
;      - lab8_cache_top:U_CACHE_SYSTEM|cache_direct_mapped:U_CACHE|tag_req_r[12]             ; 1                 ; 7       ;
;      - lab8_cache_top:U_CACHE_SYSTEM|cache_direct_mapped:U_CACHE|ram_addr_r[15]            ; 1                 ; 7       ;
;      - lab8_cache_top:U_CACHE_SYSTEM|cache_direct_mapped:U_CACHE|tag_r[7][12]              ; 1                 ; 7       ;
;      - lab8_cache_top:U_CACHE_SYSTEM|cache_direct_mapped:U_CACHE|tag_r[6][12]              ; 1                 ; 7       ;
;      - lab8_cache_top:U_CACHE_SYSTEM|cache_direct_mapped:U_CACHE|tag_r[5][12]              ; 1                 ; 7       ;
;      - lab8_cache_top:U_CACHE_SYSTEM|cache_direct_mapped:U_CACHE|tag_r[4][12]              ; 1                 ; 7       ;
;      - lab8_cache_top:U_CACHE_SYSTEM|cache_direct_mapped:U_CACHE|tag_r[3][12]              ; 1                 ; 7       ;
;      - lab8_cache_top:U_CACHE_SYSTEM|cache_direct_mapped:U_CACHE|tag_r[2][12]              ; 1                 ; 7       ;
;      - lab8_cache_top:U_CACHE_SYSTEM|cache_direct_mapped:U_CACHE|tag_r[1][12]              ; 1                 ; 7       ;
;      - lab8_cache_top:U_CACHE_SYSTEM|cache_direct_mapped:U_CACHE|tag_r[0][12]              ; 1                 ; 7       ;
;      - lab8_cache_top:U_CACHE_SYSTEM|cache_direct_mapped:U_CACHE|Equal0~0                  ; 1                 ; 7       ;
; cpu_address_tag_set_i[8]                                                                   ;                   ;         ;
;      - lab8_cache_top:U_CACHE_SYSTEM|cache_direct_mapped:U_CACHE|tag_req_r[5]              ; 1                 ; 7       ;
;      - lab8_cache_top:U_CACHE_SYSTEM|cache_direct_mapped:U_CACHE|ram_addr_r[8]             ; 1                 ; 7       ;
;      - lab8_cache_top:U_CACHE_SYSTEM|cache_direct_mapped:U_CACHE|tag_r[7][5]               ; 1                 ; 7       ;
;      - lab8_cache_top:U_CACHE_SYSTEM|cache_direct_mapped:U_CACHE|tag_r[6][5]               ; 1                 ; 7       ;
;      - lab8_cache_top:U_CACHE_SYSTEM|cache_direct_mapped:U_CACHE|tag_r[5][5]               ; 1                 ; 7       ;
;      - lab8_cache_top:U_CACHE_SYSTEM|cache_direct_mapped:U_CACHE|tag_r[4][5]               ; 1                 ; 7       ;
;      - lab8_cache_top:U_CACHE_SYSTEM|cache_direct_mapped:U_CACHE|tag_r[3][5]               ; 1                 ; 7       ;
;      - lab8_cache_top:U_CACHE_SYSTEM|cache_direct_mapped:U_CACHE|tag_r[2][5]               ; 1                 ; 7       ;
;      - lab8_cache_top:U_CACHE_SYSTEM|cache_direct_mapped:U_CACHE|tag_r[1][5]               ; 1                 ; 7       ;
;      - lab8_cache_top:U_CACHE_SYSTEM|cache_direct_mapped:U_CACHE|tag_r[0][5]               ; 1                 ; 7       ;
;      - lab8_cache_top:U_CACHE_SYSTEM|cache_direct_mapped:U_CACHE|Equal0~1                  ; 1                 ; 7       ;
; cpu_address_tag_set_i[7]                                                                   ;                   ;         ;
;      - lab8_cache_top:U_CACHE_SYSTEM|cache_direct_mapped:U_CACHE|tag_req_r[4]              ; 0                 ; 7       ;
;      - lab8_cache_top:U_CACHE_SYSTEM|cache_direct_mapped:U_CACHE|tag_r[7][4]               ; 0                 ; 7       ;
;      - lab8_cache_top:U_CACHE_SYSTEM|cache_direct_mapped:U_CACHE|tag_r[6][4]               ; 0                 ; 7       ;
;      - lab8_cache_top:U_CACHE_SYSTEM|cache_direct_mapped:U_CACHE|tag_r[5][4]               ; 0                 ; 7       ;
;      - lab8_cache_top:U_CACHE_SYSTEM|cache_direct_mapped:U_CACHE|tag_r[4][4]               ; 0                 ; 7       ;
;      - lab8_cache_top:U_CACHE_SYSTEM|cache_direct_mapped:U_CACHE|tag_r[3][4]               ; 0                 ; 7       ;
;      - lab8_cache_top:U_CACHE_SYSTEM|cache_direct_mapped:U_CACHE|tag_r[2][4]               ; 0                 ; 7       ;
;      - lab8_cache_top:U_CACHE_SYSTEM|cache_direct_mapped:U_CACHE|tag_r[1][4]               ; 0                 ; 7       ;
;      - lab8_cache_top:U_CACHE_SYSTEM|cache_direct_mapped:U_CACHE|tag_r[0][4]               ; 0                 ; 7       ;
;      - lab8_cache_top:U_CACHE_SYSTEM|cache_direct_mapped:U_CACHE|Equal0~2                  ; 0                 ; 7       ;
;      - lab8_cache_top:U_CACHE_SYSTEM|cache_direct_mapped:U_CACHE|ram_addr_r~9              ; 0                 ; 7       ;
; cpu_address_tag_set_i[6]                                                                   ;                   ;         ;
;      - lab8_cache_top:U_CACHE_SYSTEM|cache_direct_mapped:U_CACHE|tag_req_r[3]              ; 1                 ; 7       ;
;      - lab8_cache_top:U_CACHE_SYSTEM|cache_direct_mapped:U_CACHE|tag_r[7][3]               ; 1                 ; 7       ;
;      - lab8_cache_top:U_CACHE_SYSTEM|cache_direct_mapped:U_CACHE|tag_r[6][3]               ; 1                 ; 7       ;
;      - lab8_cache_top:U_CACHE_SYSTEM|cache_direct_mapped:U_CACHE|tag_r[5][3]               ; 1                 ; 7       ;
;      - lab8_cache_top:U_CACHE_SYSTEM|cache_direct_mapped:U_CACHE|tag_r[4][3]               ; 1                 ; 7       ;
;      - lab8_cache_top:U_CACHE_SYSTEM|cache_direct_mapped:U_CACHE|tag_r[3][3]               ; 1                 ; 7       ;
;      - lab8_cache_top:U_CACHE_SYSTEM|cache_direct_mapped:U_CACHE|tag_r[2][3]               ; 1                 ; 7       ;
;      - lab8_cache_top:U_CACHE_SYSTEM|cache_direct_mapped:U_CACHE|tag_r[1][3]               ; 1                 ; 7       ;
;      - lab8_cache_top:U_CACHE_SYSTEM|cache_direct_mapped:U_CACHE|tag_r[0][3]               ; 1                 ; 7       ;
;      - lab8_cache_top:U_CACHE_SYSTEM|cache_direct_mapped:U_CACHE|Equal0~3                  ; 1                 ; 7       ;
;      - lab8_cache_top:U_CACHE_SYSTEM|cache_direct_mapped:U_CACHE|ram_addr_r~8              ; 1                 ; 7       ;
;      - lab8_cache_top:U_CACHE_SYSTEM|cache_direct_mapped:U_CACHE|ram_addr_r~8DUPLICATE     ; 1                 ; 7       ;
; cpu_address_tag_set_i[5]                                                                   ;                   ;         ;
;      - lab8_cache_top:U_CACHE_SYSTEM|cache_direct_mapped:U_CACHE|tag_req_r[2]              ; 0                 ; 7       ;
;      - lab8_cache_top:U_CACHE_SYSTEM|cache_direct_mapped:U_CACHE|tag_r[7][2]               ; 0                 ; 7       ;
;      - lab8_cache_top:U_CACHE_SYSTEM|cache_direct_mapped:U_CACHE|tag_r[6][2]               ; 0                 ; 7       ;
;      - lab8_cache_top:U_CACHE_SYSTEM|cache_direct_mapped:U_CACHE|tag_r[5][2]               ; 0                 ; 7       ;
;      - lab8_cache_top:U_CACHE_SYSTEM|cache_direct_mapped:U_CACHE|tag_r[4][2]               ; 0                 ; 7       ;
;      - lab8_cache_top:U_CACHE_SYSTEM|cache_direct_mapped:U_CACHE|tag_r[3][2]               ; 0                 ; 7       ;
;      - lab8_cache_top:U_CACHE_SYSTEM|cache_direct_mapped:U_CACHE|tag_r[2][2]               ; 0                 ; 7       ;
;      - lab8_cache_top:U_CACHE_SYSTEM|cache_direct_mapped:U_CACHE|tag_r[1][2]               ; 0                 ; 7       ;
;      - lab8_cache_top:U_CACHE_SYSTEM|cache_direct_mapped:U_CACHE|tag_r[0][2]               ; 0                 ; 7       ;
;      - lab8_cache_top:U_CACHE_SYSTEM|cache_direct_mapped:U_CACHE|Equal0~4                  ; 0                 ; 7       ;
;      - lab8_cache_top:U_CACHE_SYSTEM|cache_direct_mapped:U_CACHE|ram_addr_r~7              ; 0                 ; 7       ;
;      - lab8_cache_top:U_CACHE_SYSTEM|cache_direct_mapped:U_CACHE|ram_addr_r~7DUPLICATE     ; 0                 ; 7       ;
; cpu_address_tag_set_i[4]                                                                   ;                   ;         ;
;      - lab8_cache_top:U_CACHE_SYSTEM|cache_direct_mapped:U_CACHE|tag_req_r[1]              ; 1                 ; 7       ;
;      - lab8_cache_top:U_CACHE_SYSTEM|cache_direct_mapped:U_CACHE|tag_r[7][1]               ; 1                 ; 7       ;
;      - lab8_cache_top:U_CACHE_SYSTEM|cache_direct_mapped:U_CACHE|tag_r[6][1]               ; 1                 ; 7       ;
;      - lab8_cache_top:U_CACHE_SYSTEM|cache_direct_mapped:U_CACHE|tag_r[5][1]               ; 1                 ; 7       ;
;      - lab8_cache_top:U_CACHE_SYSTEM|cache_direct_mapped:U_CACHE|tag_r[4][1]               ; 1                 ; 7       ;
;      - lab8_cache_top:U_CACHE_SYSTEM|cache_direct_mapped:U_CACHE|tag_r[3][1]               ; 1                 ; 7       ;
;      - lab8_cache_top:U_CACHE_SYSTEM|cache_direct_mapped:U_CACHE|tag_r[2][1]               ; 1                 ; 7       ;
;      - lab8_cache_top:U_CACHE_SYSTEM|cache_direct_mapped:U_CACHE|tag_r[1][1]               ; 1                 ; 7       ;
;      - lab8_cache_top:U_CACHE_SYSTEM|cache_direct_mapped:U_CACHE|tag_r[0][1]               ; 1                 ; 7       ;
;      - lab8_cache_top:U_CACHE_SYSTEM|cache_direct_mapped:U_CACHE|Equal0~5                  ; 1                 ; 7       ;
;      - lab8_cache_top:U_CACHE_SYSTEM|cache_direct_mapped:U_CACHE|ram_addr_r~6              ; 1                 ; 7       ;
; cpu_address_tag_set_i[3]                                                                   ;                   ;         ;
;      - lab8_cache_top:U_CACHE_SYSTEM|cache_direct_mapped:U_CACHE|tag_req_r[0]              ; 0                 ; 7       ;
;      - lab8_cache_top:U_CACHE_SYSTEM|cache_direct_mapped:U_CACHE|tag_r[7][0]               ; 0                 ; 7       ;
;      - lab8_cache_top:U_CACHE_SYSTEM|cache_direct_mapped:U_CACHE|tag_r[6][0]               ; 0                 ; 7       ;
;      - lab8_cache_top:U_CACHE_SYSTEM|cache_direct_mapped:U_CACHE|tag_r[5][0]               ; 0                 ; 7       ;
;      - lab8_cache_top:U_CACHE_SYSTEM|cache_direct_mapped:U_CACHE|tag_r[4][0]               ; 0                 ; 7       ;
;      - lab8_cache_top:U_CACHE_SYSTEM|cache_direct_mapped:U_CACHE|tag_r[3][0]               ; 0                 ; 7       ;
;      - lab8_cache_top:U_CACHE_SYSTEM|cache_direct_mapped:U_CACHE|tag_r[2][0]               ; 0                 ; 7       ;
;      - lab8_cache_top:U_CACHE_SYSTEM|cache_direct_mapped:U_CACHE|tag_r[1][0]               ; 0                 ; 7       ;
;      - lab8_cache_top:U_CACHE_SYSTEM|cache_direct_mapped:U_CACHE|tag_r[0][0]               ; 0                 ; 7       ;
;      - lab8_cache_top:U_CACHE_SYSTEM|cache_direct_mapped:U_CACHE|hit_v~0                   ; 0                 ; 7       ;
;      - lab8_cache_top:U_CACHE_SYSTEM|cache_direct_mapped:U_CACHE|ram_addr_r~5              ; 0                 ; 7       ;
; cpu_address_tag_set_i[14]                                                                  ;                   ;         ;
;      - lab8_cache_top:U_CACHE_SYSTEM|cache_direct_mapped:U_CACHE|tag_req_r[11]             ; 0                 ; 7       ;
;      - lab8_cache_top:U_CACHE_SYSTEM|cache_direct_mapped:U_CACHE|ram_addr_r[14]            ; 0                 ; 7       ;
;      - lab8_cache_top:U_CACHE_SYSTEM|cache_direct_mapped:U_CACHE|tag_r[7][11]              ; 0                 ; 7       ;
;      - lab8_cache_top:U_CACHE_SYSTEM|cache_direct_mapped:U_CACHE|tag_r[6][11]              ; 0                 ; 7       ;
;      - lab8_cache_top:U_CACHE_SYSTEM|cache_direct_mapped:U_CACHE|tag_r[5][11]              ; 0                 ; 7       ;
;      - lab8_cache_top:U_CACHE_SYSTEM|cache_direct_mapped:U_CACHE|tag_r[4][11]              ; 0                 ; 7       ;
;      - lab8_cache_top:U_CACHE_SYSTEM|cache_direct_mapped:U_CACHE|tag_r[3][11]              ; 0                 ; 7       ;
;      - lab8_cache_top:U_CACHE_SYSTEM|cache_direct_mapped:U_CACHE|tag_r[2][11]              ; 0                 ; 7       ;
;      - lab8_cache_top:U_CACHE_SYSTEM|cache_direct_mapped:U_CACHE|tag_r[1][11]              ; 0                 ; 7       ;
;      - lab8_cache_top:U_CACHE_SYSTEM|cache_direct_mapped:U_CACHE|tag_r[0][11]              ; 0                 ; 7       ;
;      - lab8_cache_top:U_CACHE_SYSTEM|cache_direct_mapped:U_CACHE|Equal0~6                  ; 0                 ; 7       ;
; cpu_address_tag_set_i[13]                                                                  ;                   ;         ;
;      - lab8_cache_top:U_CACHE_SYSTEM|cache_direct_mapped:U_CACHE|tag_req_r[10]             ; 0                 ; 7       ;
;      - lab8_cache_top:U_CACHE_SYSTEM|cache_direct_mapped:U_CACHE|ram_addr_r[13]            ; 0                 ; 7       ;
;      - lab8_cache_top:U_CACHE_SYSTEM|cache_direct_mapped:U_CACHE|tag_r[7][10]              ; 0                 ; 7       ;
;      - lab8_cache_top:U_CACHE_SYSTEM|cache_direct_mapped:U_CACHE|tag_r[6][10]              ; 0                 ; 7       ;
;      - lab8_cache_top:U_CACHE_SYSTEM|cache_direct_mapped:U_CACHE|tag_r[5][10]              ; 0                 ; 7       ;
;      - lab8_cache_top:U_CACHE_SYSTEM|cache_direct_mapped:U_CACHE|tag_r[4][10]              ; 0                 ; 7       ;
;      - lab8_cache_top:U_CACHE_SYSTEM|cache_direct_mapped:U_CACHE|tag_r[3][10]              ; 0                 ; 7       ;
;      - lab8_cache_top:U_CACHE_SYSTEM|cache_direct_mapped:U_CACHE|tag_r[2][10]              ; 0                 ; 7       ;
;      - lab8_cache_top:U_CACHE_SYSTEM|cache_direct_mapped:U_CACHE|tag_r[1][10]              ; 0                 ; 7       ;
;      - lab8_cache_top:U_CACHE_SYSTEM|cache_direct_mapped:U_CACHE|tag_r[0][10]              ; 0                 ; 7       ;
;      - lab8_cache_top:U_CACHE_SYSTEM|cache_direct_mapped:U_CACHE|Equal0~7                  ; 0                 ; 7       ;
; cpu_address_tag_set_i[12]                                                                  ;                   ;         ;
;      - lab8_cache_top:U_CACHE_SYSTEM|cache_direct_mapped:U_CACHE|tag_req_r[9]              ; 0                 ; 7       ;
;      - lab8_cache_top:U_CACHE_SYSTEM|cache_direct_mapped:U_CACHE|ram_addr_r[12]            ; 0                 ; 7       ;
;      - lab8_cache_top:U_CACHE_SYSTEM|cache_direct_mapped:U_CACHE|tag_r[7][9]               ; 0                 ; 7       ;
;      - lab8_cache_top:U_CACHE_SYSTEM|cache_direct_mapped:U_CACHE|tag_r[6][9]               ; 0                 ; 7       ;
;      - lab8_cache_top:U_CACHE_SYSTEM|cache_direct_mapped:U_CACHE|tag_r[5][9]               ; 0                 ; 7       ;
;      - lab8_cache_top:U_CACHE_SYSTEM|cache_direct_mapped:U_CACHE|tag_r[4][9]               ; 0                 ; 7       ;
;      - lab8_cache_top:U_CACHE_SYSTEM|cache_direct_mapped:U_CACHE|tag_r[3][9]               ; 0                 ; 7       ;
;      - lab8_cache_top:U_CACHE_SYSTEM|cache_direct_mapped:U_CACHE|tag_r[2][9]               ; 0                 ; 7       ;
;      - lab8_cache_top:U_CACHE_SYSTEM|cache_direct_mapped:U_CACHE|tag_r[1][9]               ; 0                 ; 7       ;
;      - lab8_cache_top:U_CACHE_SYSTEM|cache_direct_mapped:U_CACHE|tag_r[0][9]               ; 0                 ; 7       ;
;      - lab8_cache_top:U_CACHE_SYSTEM|cache_direct_mapped:U_CACHE|Equal0~8                  ; 0                 ; 7       ;
; cpu_address_tag_set_i[11]                                                                  ;                   ;         ;
;      - lab8_cache_top:U_CACHE_SYSTEM|cache_direct_mapped:U_CACHE|tag_req_r[8]              ; 0                 ; 7       ;
;      - lab8_cache_top:U_CACHE_SYSTEM|cache_direct_mapped:U_CACHE|ram_addr_r[11]            ; 0                 ; 7       ;
;      - lab8_cache_top:U_CACHE_SYSTEM|cache_direct_mapped:U_CACHE|tag_r[7][8]               ; 0                 ; 7       ;
;      - lab8_cache_top:U_CACHE_SYSTEM|cache_direct_mapped:U_CACHE|tag_r[6][8]               ; 0                 ; 7       ;
;      - lab8_cache_top:U_CACHE_SYSTEM|cache_direct_mapped:U_CACHE|tag_r[5][8]               ; 0                 ; 7       ;
;      - lab8_cache_top:U_CACHE_SYSTEM|cache_direct_mapped:U_CACHE|tag_r[4][8]               ; 0                 ; 7       ;
;      - lab8_cache_top:U_CACHE_SYSTEM|cache_direct_mapped:U_CACHE|tag_r[3][8]               ; 0                 ; 7       ;
;      - lab8_cache_top:U_CACHE_SYSTEM|cache_direct_mapped:U_CACHE|tag_r[2][8]               ; 0                 ; 7       ;
;      - lab8_cache_top:U_CACHE_SYSTEM|cache_direct_mapped:U_CACHE|tag_r[1][8]               ; 0                 ; 7       ;
;      - lab8_cache_top:U_CACHE_SYSTEM|cache_direct_mapped:U_CACHE|tag_r[0][8]               ; 0                 ; 7       ;
;      - lab8_cache_top:U_CACHE_SYSTEM|cache_direct_mapped:U_CACHE|Equal0~9                  ; 0                 ; 7       ;
; cpu_address_tag_set_i[9]                                                                   ;                   ;         ;
;      - lab8_cache_top:U_CACHE_SYSTEM|cache_direct_mapped:U_CACHE|tag_req_r[6]              ; 0                 ; 7       ;
;      - lab8_cache_top:U_CACHE_SYSTEM|cache_direct_mapped:U_CACHE|ram_addr_r[9]             ; 0                 ; 7       ;
;      - lab8_cache_top:U_CACHE_SYSTEM|cache_direct_mapped:U_CACHE|tag_r[7][6]               ; 0                 ; 7       ;
;      - lab8_cache_top:U_CACHE_SYSTEM|cache_direct_mapped:U_CACHE|tag_r[6][6]               ; 0                 ; 7       ;
;      - lab8_cache_top:U_CACHE_SYSTEM|cache_direct_mapped:U_CACHE|tag_r[5][6]               ; 0                 ; 7       ;
;      - lab8_cache_top:U_CACHE_SYSTEM|cache_direct_mapped:U_CACHE|tag_r[4][6]               ; 0                 ; 7       ;
;      - lab8_cache_top:U_CACHE_SYSTEM|cache_direct_mapped:U_CACHE|tag_r[3][6]               ; 0                 ; 7       ;
;      - lab8_cache_top:U_CACHE_SYSTEM|cache_direct_mapped:U_CACHE|tag_r[2][6]               ; 0                 ; 7       ;
;      - lab8_cache_top:U_CACHE_SYSTEM|cache_direct_mapped:U_CACHE|tag_r[1][6]               ; 0                 ; 7       ;
;      - lab8_cache_top:U_CACHE_SYSTEM|cache_direct_mapped:U_CACHE|tag_r[0][6]               ; 0                 ; 7       ;
;      - lab8_cache_top:U_CACHE_SYSTEM|cache_direct_mapped:U_CACHE|Equal0~10                 ; 0                 ; 7       ;
; cpu_address_tag_set_i[10]                                                                  ;                   ;         ;
;      - lab8_cache_top:U_CACHE_SYSTEM|cache_direct_mapped:U_CACHE|tag_req_r[7]              ; 0                 ; 7       ;
;      - lab8_cache_top:U_CACHE_SYSTEM|cache_direct_mapped:U_CACHE|ram_addr_r[10]            ; 0                 ; 7       ;
;      - lab8_cache_top:U_CACHE_SYSTEM|cache_direct_mapped:U_CACHE|tag_r[7][7]               ; 0                 ; 7       ;
;      - lab8_cache_top:U_CACHE_SYSTEM|cache_direct_mapped:U_CACHE|tag_r[6][7]               ; 0                 ; 7       ;
;      - lab8_cache_top:U_CACHE_SYSTEM|cache_direct_mapped:U_CACHE|tag_r[5][7]               ; 0                 ; 7       ;
;      - lab8_cache_top:U_CACHE_SYSTEM|cache_direct_mapped:U_CACHE|tag_r[4][7]               ; 0                 ; 7       ;
;      - lab8_cache_top:U_CACHE_SYSTEM|cache_direct_mapped:U_CACHE|tag_r[3][7]               ; 0                 ; 7       ;
;      - lab8_cache_top:U_CACHE_SYSTEM|cache_direct_mapped:U_CACHE|tag_r[2][7]               ; 0                 ; 7       ;
;      - lab8_cache_top:U_CACHE_SYSTEM|cache_direct_mapped:U_CACHE|tag_r[1][7]               ; 0                 ; 7       ;
;      - lab8_cache_top:U_CACHE_SYSTEM|cache_direct_mapped:U_CACHE|tag_r[0][7]               ; 0                 ; 7       ;
;      - lab8_cache_top:U_CACHE_SYSTEM|cache_direct_mapped:U_CACHE|Equal0~11                 ; 0                 ; 7       ;
; cpu_cache_request_i                                                                        ;                   ;         ;
;      - lab8_cache_top:U_CACHE_SYSTEM|cache_direct_mapped:U_CACHE|cpu_rdata_r[7]~5          ; 1                 ; 7       ;
;      - lab8_cache_top:U_CACHE_SYSTEM|cache_direct_mapped:U_CACHE|cpu_ready_r~0             ; 1                 ; 7       ;
;      - lab8_cache_top:U_CACHE_SYSTEM|cache_direct_mapped:U_CACHE|hit_r~0                   ; 1                 ; 7       ;
;      - lab8_cache_top:U_CACHE_SYSTEM|cache_direct_mapped:U_CACHE|Selector19~0              ; 1                 ; 7       ;
;      - lab8_cache_top:U_CACHE_SYSTEM|cache_direct_mapped:U_CACHE|ram_addr_r~0              ; 1                 ; 7       ;
;      - lab8_cache_top:U_CACHE_SYSTEM|cache_direct_mapped:U_CACHE|Selector1~0               ; 1                 ; 7       ;
;      - lab8_cache_top:U_CACHE_SYSTEM|cache_direct_mapped:U_CACHE|ram_addr_r~1              ; 1                 ; 7       ;
;      - lab8_cache_top:U_CACHE_SYSTEM|cache_direct_mapped:U_CACHE|tag_r[1][5]~0             ; 1                 ; 7       ;
;      - lab8_cache_top:U_CACHE_SYSTEM|cache_direct_mapped:U_CACHE|tag_r[3][3]~3             ; 1                 ; 7       ;
;      - lab8_cache_top:U_CACHE_SYSTEM|cache_direct_mapped:U_CACHE|tag_r[0][5]~6             ; 1                 ; 7       ;
;      - lab8_cache_top:U_CACHE_SYSTEM|cache_direct_mapped:U_CACHE|Selector253~0             ; 1                 ; 7       ;
;      - lab8_cache_top:U_CACHE_SYSTEM|cache_direct_mapped:U_CACHE|Selector257~0             ; 1                 ; 7       ;
;      - lab8_cache_top:U_CACHE_SYSTEM|cache_direct_mapped:U_CACHE|Selector255~0             ; 1                 ; 7       ;
;      - lab8_cache_top:U_CACHE_SYSTEM|cache_direct_mapped:U_CACHE|Selector259~0             ; 1                 ; 7       ;
;      - lab8_cache_top:U_CACHE_SYSTEM|cache_direct_mapped:U_CACHE|Selector252~0             ; 1                 ; 7       ;
;      - lab8_cache_top:U_CACHE_SYSTEM|cache_direct_mapped:U_CACHE|Selector256~0             ; 1                 ; 7       ;
;      - lab8_cache_top:U_CACHE_SYSTEM|cache_direct_mapped:U_CACHE|Selector254~0             ; 1                 ; 7       ;
;      - lab8_cache_top:U_CACHE_SYSTEM|cache_direct_mapped:U_CACHE|Selector258~0             ; 1                 ; 7       ;
;      - lab8_cache_top:U_CACHE_SYSTEM|cache_direct_mapped:U_CACHE|tag_req_r[1]~0            ; 1                 ; 7       ;
;      - lab8_cache_top:U_CACHE_SYSTEM|cache_direct_mapped:U_CACHE|ram_addr_r~1DUPLICATE     ; 1                 ; 7       ;
; cpu_write_data_to_cache_i[0]                                                               ;                   ;         ;
;      - lab8_cache_top:U_CACHE_SYSTEM|cache_direct_mapped:U_CACHE|ram_wdata_r[0]            ; 1                 ; 7       ;
;      - lab8_cache_top:U_CACHE_SYSTEM|cache_direct_mapped:U_CACHE|data_r[7][0]              ; 1                 ; 7       ;
;      - lab8_cache_top:U_CACHE_SYSTEM|cache_direct_mapped:U_CACHE|data_r[6][0]              ; 1                 ; 7       ;
;      - lab8_cache_top:U_CACHE_SYSTEM|cache_direct_mapped:U_CACHE|data_r[5][0]              ; 1                 ; 7       ;
;      - lab8_cache_top:U_CACHE_SYSTEM|cache_direct_mapped:U_CACHE|data_r[4][0]              ; 1                 ; 7       ;
;      - lab8_cache_top:U_CACHE_SYSTEM|cache_direct_mapped:U_CACHE|data_r[3][0]              ; 1                 ; 7       ;
;      - lab8_cache_top:U_CACHE_SYSTEM|cache_direct_mapped:U_CACHE|data_r[2][0]              ; 1                 ; 7       ;
;      - lab8_cache_top:U_CACHE_SYSTEM|cache_direct_mapped:U_CACHE|data_r[1][0]              ; 1                 ; 7       ;
;      - lab8_cache_top:U_CACHE_SYSTEM|cache_direct_mapped:U_CACHE|data_r[0][0]              ; 1                 ; 7       ;
;      - lab8_cache_top:U_CACHE_SYSTEM|cache_direct_mapped:U_CACHE|req_wdata_r[0]~feeder     ; 1                 ; 7       ;
; cpu_write_data_to_cache_i[1]                                                               ;                   ;         ;
;      - lab8_cache_top:U_CACHE_SYSTEM|cache_direct_mapped:U_CACHE|ram_wdata_r[1]            ; 0                 ; 7       ;
;      - lab8_cache_top:U_CACHE_SYSTEM|cache_direct_mapped:U_CACHE|data_r[7][1]              ; 0                 ; 7       ;
;      - lab8_cache_top:U_CACHE_SYSTEM|cache_direct_mapped:U_CACHE|data_r[6][1]              ; 0                 ; 7       ;
;      - lab8_cache_top:U_CACHE_SYSTEM|cache_direct_mapped:U_CACHE|data_r[5][1]              ; 0                 ; 7       ;
;      - lab8_cache_top:U_CACHE_SYSTEM|cache_direct_mapped:U_CACHE|data_r[4][1]              ; 0                 ; 7       ;
;      - lab8_cache_top:U_CACHE_SYSTEM|cache_direct_mapped:U_CACHE|data_r[3][1]              ; 0                 ; 7       ;
;      - lab8_cache_top:U_CACHE_SYSTEM|cache_direct_mapped:U_CACHE|data_r[2][1]              ; 0                 ; 7       ;
;      - lab8_cache_top:U_CACHE_SYSTEM|cache_direct_mapped:U_CACHE|data_r[1][1]              ; 0                 ; 7       ;
;      - lab8_cache_top:U_CACHE_SYSTEM|cache_direct_mapped:U_CACHE|data_r[0][1]              ; 0                 ; 7       ;
;      - lab8_cache_top:U_CACHE_SYSTEM|cache_direct_mapped:U_CACHE|req_wdata_r[1]~feeder     ; 0                 ; 7       ;
; cpu_write_data_to_cache_i[2]                                                               ;                   ;         ;
;      - lab8_cache_top:U_CACHE_SYSTEM|cache_direct_mapped:U_CACHE|ram_wdata_r[2]            ; 0                 ; 7       ;
;      - lab8_cache_top:U_CACHE_SYSTEM|cache_direct_mapped:U_CACHE|data_r[7][2]              ; 0                 ; 7       ;
;      - lab8_cache_top:U_CACHE_SYSTEM|cache_direct_mapped:U_CACHE|data_r[6][2]              ; 0                 ; 7       ;
;      - lab8_cache_top:U_CACHE_SYSTEM|cache_direct_mapped:U_CACHE|data_r[5][2]              ; 0                 ; 7       ;
;      - lab8_cache_top:U_CACHE_SYSTEM|cache_direct_mapped:U_CACHE|data_r[4][2]              ; 0                 ; 7       ;
;      - lab8_cache_top:U_CACHE_SYSTEM|cache_direct_mapped:U_CACHE|data_r[3][2]              ; 0                 ; 7       ;
;      - lab8_cache_top:U_CACHE_SYSTEM|cache_direct_mapped:U_CACHE|data_r[2][2]              ; 0                 ; 7       ;
;      - lab8_cache_top:U_CACHE_SYSTEM|cache_direct_mapped:U_CACHE|data_r[1][2]              ; 0                 ; 7       ;
;      - lab8_cache_top:U_CACHE_SYSTEM|cache_direct_mapped:U_CACHE|data_r[0][2]              ; 0                 ; 7       ;
;      - lab8_cache_top:U_CACHE_SYSTEM|cache_direct_mapped:U_CACHE|req_wdata_r[2]~feeder     ; 0                 ; 7       ;
; cpu_write_data_to_cache_i[3]                                                               ;                   ;         ;
;      - lab8_cache_top:U_CACHE_SYSTEM|cache_direct_mapped:U_CACHE|ram_wdata_r[3]            ; 1                 ; 7       ;
;      - lab8_cache_top:U_CACHE_SYSTEM|cache_direct_mapped:U_CACHE|data_r[7][3]              ; 1                 ; 7       ;
;      - lab8_cache_top:U_CACHE_SYSTEM|cache_direct_mapped:U_CACHE|data_r[6][3]              ; 1                 ; 7       ;
;      - lab8_cache_top:U_CACHE_SYSTEM|cache_direct_mapped:U_CACHE|data_r[5][3]              ; 1                 ; 7       ;
;      - lab8_cache_top:U_CACHE_SYSTEM|cache_direct_mapped:U_CACHE|data_r[4][3]              ; 1                 ; 7       ;
;      - lab8_cache_top:U_CACHE_SYSTEM|cache_direct_mapped:U_CACHE|data_r[3][3]              ; 1                 ; 7       ;
;      - lab8_cache_top:U_CACHE_SYSTEM|cache_direct_mapped:U_CACHE|data_r[2][3]              ; 1                 ; 7       ;
;      - lab8_cache_top:U_CACHE_SYSTEM|cache_direct_mapped:U_CACHE|data_r[1][3]              ; 1                 ; 7       ;
;      - lab8_cache_top:U_CACHE_SYSTEM|cache_direct_mapped:U_CACHE|data_r[0][3]              ; 1                 ; 7       ;
;      - lab8_cache_top:U_CACHE_SYSTEM|cache_direct_mapped:U_CACHE|req_wdata_r[3]~feeder     ; 1                 ; 7       ;
; cpu_write_data_to_cache_i[4]                                                               ;                   ;         ;
;      - lab8_cache_top:U_CACHE_SYSTEM|cache_direct_mapped:U_CACHE|ram_wdata_r[4]            ; 1                 ; 7       ;
;      - lab8_cache_top:U_CACHE_SYSTEM|cache_direct_mapped:U_CACHE|data_r[7][4]              ; 1                 ; 7       ;
;      - lab8_cache_top:U_CACHE_SYSTEM|cache_direct_mapped:U_CACHE|data_r[6][4]              ; 1                 ; 7       ;
;      - lab8_cache_top:U_CACHE_SYSTEM|cache_direct_mapped:U_CACHE|data_r[5][4]              ; 1                 ; 7       ;
;      - lab8_cache_top:U_CACHE_SYSTEM|cache_direct_mapped:U_CACHE|data_r[4][4]              ; 1                 ; 7       ;
;      - lab8_cache_top:U_CACHE_SYSTEM|cache_direct_mapped:U_CACHE|data_r[3][4]              ; 1                 ; 7       ;
;      - lab8_cache_top:U_CACHE_SYSTEM|cache_direct_mapped:U_CACHE|data_r[2][4]              ; 1                 ; 7       ;
;      - lab8_cache_top:U_CACHE_SYSTEM|cache_direct_mapped:U_CACHE|data_r[1][4]              ; 1                 ; 7       ;
;      - lab8_cache_top:U_CACHE_SYSTEM|cache_direct_mapped:U_CACHE|data_r[0][4]              ; 1                 ; 7       ;
;      - lab8_cache_top:U_CACHE_SYSTEM|cache_direct_mapped:U_CACHE|req_wdata_r[4]~feeder     ; 1                 ; 7       ;
; cpu_write_data_to_cache_i[5]                                                               ;                   ;         ;
;      - lab8_cache_top:U_CACHE_SYSTEM|cache_direct_mapped:U_CACHE|ram_wdata_r[5]            ; 1                 ; 7       ;
;      - lab8_cache_top:U_CACHE_SYSTEM|cache_direct_mapped:U_CACHE|data_r[7][5]              ; 1                 ; 7       ;
;      - lab8_cache_top:U_CACHE_SYSTEM|cache_direct_mapped:U_CACHE|data_r[6][5]              ; 1                 ; 7       ;
;      - lab8_cache_top:U_CACHE_SYSTEM|cache_direct_mapped:U_CACHE|data_r[5][5]              ; 1                 ; 7       ;
;      - lab8_cache_top:U_CACHE_SYSTEM|cache_direct_mapped:U_CACHE|data_r[4][5]              ; 1                 ; 7       ;
;      - lab8_cache_top:U_CACHE_SYSTEM|cache_direct_mapped:U_CACHE|data_r[3][5]              ; 1                 ; 7       ;
;      - lab8_cache_top:U_CACHE_SYSTEM|cache_direct_mapped:U_CACHE|data_r[2][5]              ; 1                 ; 7       ;
;      - lab8_cache_top:U_CACHE_SYSTEM|cache_direct_mapped:U_CACHE|data_r[1][5]              ; 1                 ; 7       ;
;      - lab8_cache_top:U_CACHE_SYSTEM|cache_direct_mapped:U_CACHE|data_r[0][5]              ; 1                 ; 7       ;
;      - lab8_cache_top:U_CACHE_SYSTEM|cache_direct_mapped:U_CACHE|req_wdata_r[5]~feeder     ; 1                 ; 7       ;
; cpu_write_data_to_cache_i[6]                                                               ;                   ;         ;
;      - lab8_cache_top:U_CACHE_SYSTEM|cache_direct_mapped:U_CACHE|ram_wdata_r[6]            ; 0                 ; 7       ;
;      - lab8_cache_top:U_CACHE_SYSTEM|cache_direct_mapped:U_CACHE|data_r[7][6]              ; 0                 ; 7       ;
;      - lab8_cache_top:U_CACHE_SYSTEM|cache_direct_mapped:U_CACHE|data_r[6][6]              ; 0                 ; 7       ;
;      - lab8_cache_top:U_CACHE_SYSTEM|cache_direct_mapped:U_CACHE|data_r[5][6]              ; 0                 ; 7       ;
;      - lab8_cache_top:U_CACHE_SYSTEM|cache_direct_mapped:U_CACHE|data_r[4][6]              ; 0                 ; 7       ;
;      - lab8_cache_top:U_CACHE_SYSTEM|cache_direct_mapped:U_CACHE|data_r[3][6]              ; 0                 ; 7       ;
;      - lab8_cache_top:U_CACHE_SYSTEM|cache_direct_mapped:U_CACHE|data_r[2][6]              ; 0                 ; 7       ;
;      - lab8_cache_top:U_CACHE_SYSTEM|cache_direct_mapped:U_CACHE|data_r[1][6]              ; 0                 ; 7       ;
;      - lab8_cache_top:U_CACHE_SYSTEM|cache_direct_mapped:U_CACHE|data_r[0][6]              ; 0                 ; 7       ;
;      - lab8_cache_top:U_CACHE_SYSTEM|cache_direct_mapped:U_CACHE|req_wdata_r[6]~feeder     ; 0                 ; 7       ;
; cpu_write_data_to_cache_i[7]                                                               ;                   ;         ;
;      - lab8_cache_top:U_CACHE_SYSTEM|cache_direct_mapped:U_CACHE|ram_wdata_r[7]            ; 1                 ; 7       ;
;      - lab8_cache_top:U_CACHE_SYSTEM|cache_direct_mapped:U_CACHE|data_r[7][7]              ; 1                 ; 7       ;
;      - lab8_cache_top:U_CACHE_SYSTEM|cache_direct_mapped:U_CACHE|data_r[6][7]              ; 1                 ; 7       ;
;      - lab8_cache_top:U_CACHE_SYSTEM|cache_direct_mapped:U_CACHE|data_r[5][7]              ; 1                 ; 7       ;
;      - lab8_cache_top:U_CACHE_SYSTEM|cache_direct_mapped:U_CACHE|data_r[4][7]              ; 1                 ; 7       ;
;      - lab8_cache_top:U_CACHE_SYSTEM|cache_direct_mapped:U_CACHE|data_r[3][7]              ; 1                 ; 7       ;
;      - lab8_cache_top:U_CACHE_SYSTEM|cache_direct_mapped:U_CACHE|data_r[2][7]              ; 1                 ; 7       ;
;      - lab8_cache_top:U_CACHE_SYSTEM|cache_direct_mapped:U_CACHE|data_r[1][7]              ; 1                 ; 7       ;
;      - lab8_cache_top:U_CACHE_SYSTEM|cache_direct_mapped:U_CACHE|data_r[0][7]              ; 1                 ; 7       ;
;      - lab8_cache_top:U_CACHE_SYSTEM|cache_direct_mapped:U_CACHE|req_wdata_r[7]~feeder     ; 1                 ; 7       ;
; cpu_write_data_to_cache_i[8]                                                               ;                   ;         ;
;      - lab8_cache_top:U_CACHE_SYSTEM|cache_direct_mapped:U_CACHE|ram_wdata_r[8]            ; 1                 ; 7       ;
;      - lab8_cache_top:U_CACHE_SYSTEM|cache_direct_mapped:U_CACHE|data_r[7][8]              ; 1                 ; 7       ;
;      - lab8_cache_top:U_CACHE_SYSTEM|cache_direct_mapped:U_CACHE|data_r[6][8]              ; 1                 ; 7       ;
;      - lab8_cache_top:U_CACHE_SYSTEM|cache_direct_mapped:U_CACHE|data_r[5][8]              ; 1                 ; 7       ;
;      - lab8_cache_top:U_CACHE_SYSTEM|cache_direct_mapped:U_CACHE|data_r[4][8]              ; 1                 ; 7       ;
;      - lab8_cache_top:U_CACHE_SYSTEM|cache_direct_mapped:U_CACHE|data_r[3][8]              ; 1                 ; 7       ;
;      - lab8_cache_top:U_CACHE_SYSTEM|cache_direct_mapped:U_CACHE|data_r[2][8]              ; 1                 ; 7       ;
;      - lab8_cache_top:U_CACHE_SYSTEM|cache_direct_mapped:U_CACHE|data_r[1][8]              ; 1                 ; 7       ;
;      - lab8_cache_top:U_CACHE_SYSTEM|cache_direct_mapped:U_CACHE|data_r[0][8]              ; 1                 ; 7       ;
;      - lab8_cache_top:U_CACHE_SYSTEM|cache_direct_mapped:U_CACHE|req_wdata_r[8]~feeder     ; 1                 ; 7       ;
; cpu_write_data_to_cache_i[9]                                                               ;                   ;         ;
;      - lab8_cache_top:U_CACHE_SYSTEM|cache_direct_mapped:U_CACHE|ram_wdata_r[9]            ; 1                 ; 7       ;
;      - lab8_cache_top:U_CACHE_SYSTEM|cache_direct_mapped:U_CACHE|data_r[7][9]              ; 1                 ; 7       ;
;      - lab8_cache_top:U_CACHE_SYSTEM|cache_direct_mapped:U_CACHE|data_r[6][9]              ; 1                 ; 7       ;
;      - lab8_cache_top:U_CACHE_SYSTEM|cache_direct_mapped:U_CACHE|data_r[5][9]              ; 1                 ; 7       ;
;      - lab8_cache_top:U_CACHE_SYSTEM|cache_direct_mapped:U_CACHE|data_r[4][9]              ; 1                 ; 7       ;
;      - lab8_cache_top:U_CACHE_SYSTEM|cache_direct_mapped:U_CACHE|data_r[3][9]              ; 1                 ; 7       ;
;      - lab8_cache_top:U_CACHE_SYSTEM|cache_direct_mapped:U_CACHE|data_r[2][9]              ; 1                 ; 7       ;
;      - lab8_cache_top:U_CACHE_SYSTEM|cache_direct_mapped:U_CACHE|data_r[1][9]              ; 1                 ; 7       ;
;      - lab8_cache_top:U_CACHE_SYSTEM|cache_direct_mapped:U_CACHE|data_r[0][9]              ; 1                 ; 7       ;
;      - lab8_cache_top:U_CACHE_SYSTEM|cache_direct_mapped:U_CACHE|req_wdata_r[9]~feeder     ; 1                 ; 7       ;
; cpu_write_data_to_cache_i[10]                                                              ;                   ;         ;
;      - lab8_cache_top:U_CACHE_SYSTEM|cache_direct_mapped:U_CACHE|ram_wdata_r[10]           ; 0                 ; 7       ;
;      - lab8_cache_top:U_CACHE_SYSTEM|cache_direct_mapped:U_CACHE|data_r[7][10]             ; 0                 ; 7       ;
;      - lab8_cache_top:U_CACHE_SYSTEM|cache_direct_mapped:U_CACHE|data_r[6][10]             ; 0                 ; 7       ;
;      - lab8_cache_top:U_CACHE_SYSTEM|cache_direct_mapped:U_CACHE|data_r[5][10]             ; 0                 ; 7       ;
;      - lab8_cache_top:U_CACHE_SYSTEM|cache_direct_mapped:U_CACHE|data_r[4][10]             ; 0                 ; 7       ;
;      - lab8_cache_top:U_CACHE_SYSTEM|cache_direct_mapped:U_CACHE|data_r[3][10]             ; 0                 ; 7       ;
;      - lab8_cache_top:U_CACHE_SYSTEM|cache_direct_mapped:U_CACHE|data_r[2][10]             ; 0                 ; 7       ;
;      - lab8_cache_top:U_CACHE_SYSTEM|cache_direct_mapped:U_CACHE|data_r[1][10]             ; 0                 ; 7       ;
;      - lab8_cache_top:U_CACHE_SYSTEM|cache_direct_mapped:U_CACHE|data_r[0][10]             ; 0                 ; 7       ;
;      - lab8_cache_top:U_CACHE_SYSTEM|cache_direct_mapped:U_CACHE|req_wdata_r[10]~feeder    ; 0                 ; 7       ;
; cpu_write_data_to_cache_i[11]                                                              ;                   ;         ;
;      - lab8_cache_top:U_CACHE_SYSTEM|cache_direct_mapped:U_CACHE|ram_wdata_r[11]           ; 0                 ; 7       ;
;      - lab8_cache_top:U_CACHE_SYSTEM|cache_direct_mapped:U_CACHE|data_r[7][11]             ; 0                 ; 7       ;
;      - lab8_cache_top:U_CACHE_SYSTEM|cache_direct_mapped:U_CACHE|data_r[6][11]             ; 0                 ; 7       ;
;      - lab8_cache_top:U_CACHE_SYSTEM|cache_direct_mapped:U_CACHE|data_r[5][11]             ; 0                 ; 7       ;
;      - lab8_cache_top:U_CACHE_SYSTEM|cache_direct_mapped:U_CACHE|data_r[4][11]             ; 0                 ; 7       ;
;      - lab8_cache_top:U_CACHE_SYSTEM|cache_direct_mapped:U_CACHE|data_r[3][11]             ; 0                 ; 7       ;
;      - lab8_cache_top:U_CACHE_SYSTEM|cache_direct_mapped:U_CACHE|data_r[2][11]             ; 0                 ; 7       ;
;      - lab8_cache_top:U_CACHE_SYSTEM|cache_direct_mapped:U_CACHE|data_r[1][11]             ; 0                 ; 7       ;
;      - lab8_cache_top:U_CACHE_SYSTEM|cache_direct_mapped:U_CACHE|data_r[0][11]             ; 0                 ; 7       ;
;      - lab8_cache_top:U_CACHE_SYSTEM|cache_direct_mapped:U_CACHE|req_wdata_r[11]~feeder    ; 0                 ; 7       ;
; cpu_write_data_to_cache_i[12]                                                              ;                   ;         ;
;      - lab8_cache_top:U_CACHE_SYSTEM|cache_direct_mapped:U_CACHE|ram_wdata_r[12]           ; 0                 ; 7       ;
;      - lab8_cache_top:U_CACHE_SYSTEM|cache_direct_mapped:U_CACHE|data_r[7][12]             ; 0                 ; 7       ;
;      - lab8_cache_top:U_CACHE_SYSTEM|cache_direct_mapped:U_CACHE|data_r[6][12]             ; 0                 ; 7       ;
;      - lab8_cache_top:U_CACHE_SYSTEM|cache_direct_mapped:U_CACHE|data_r[5][12]             ; 0                 ; 7       ;
;      - lab8_cache_top:U_CACHE_SYSTEM|cache_direct_mapped:U_CACHE|data_r[4][12]             ; 0                 ; 7       ;
;      - lab8_cache_top:U_CACHE_SYSTEM|cache_direct_mapped:U_CACHE|data_r[3][12]             ; 0                 ; 7       ;
;      - lab8_cache_top:U_CACHE_SYSTEM|cache_direct_mapped:U_CACHE|data_r[2][12]             ; 0                 ; 7       ;
;      - lab8_cache_top:U_CACHE_SYSTEM|cache_direct_mapped:U_CACHE|data_r[1][12]             ; 0                 ; 7       ;
;      - lab8_cache_top:U_CACHE_SYSTEM|cache_direct_mapped:U_CACHE|data_r[0][12]             ; 0                 ; 7       ;
;      - lab8_cache_top:U_CACHE_SYSTEM|cache_direct_mapped:U_CACHE|req_wdata_r[12]~feeder    ; 0                 ; 7       ;
; cpu_write_data_to_cache_i[13]                                                              ;                   ;         ;
;      - lab8_cache_top:U_CACHE_SYSTEM|cache_direct_mapped:U_CACHE|ram_wdata_r[13]           ; 0                 ; 7       ;
;      - lab8_cache_top:U_CACHE_SYSTEM|cache_direct_mapped:U_CACHE|data_r[7][13]             ; 0                 ; 7       ;
;      - lab8_cache_top:U_CACHE_SYSTEM|cache_direct_mapped:U_CACHE|data_r[6][13]             ; 0                 ; 7       ;
;      - lab8_cache_top:U_CACHE_SYSTEM|cache_direct_mapped:U_CACHE|data_r[5][13]             ; 0                 ; 7       ;
;      - lab8_cache_top:U_CACHE_SYSTEM|cache_direct_mapped:U_CACHE|data_r[4][13]             ; 0                 ; 7       ;
;      - lab8_cache_top:U_CACHE_SYSTEM|cache_direct_mapped:U_CACHE|data_r[3][13]             ; 0                 ; 7       ;
;      - lab8_cache_top:U_CACHE_SYSTEM|cache_direct_mapped:U_CACHE|data_r[2][13]             ; 0                 ; 7       ;
;      - lab8_cache_top:U_CACHE_SYSTEM|cache_direct_mapped:U_CACHE|data_r[1][13]             ; 0                 ; 7       ;
;      - lab8_cache_top:U_CACHE_SYSTEM|cache_direct_mapped:U_CACHE|data_r[0][13]             ; 0                 ; 7       ;
;      - lab8_cache_top:U_CACHE_SYSTEM|cache_direct_mapped:U_CACHE|req_wdata_r[13]~feeder    ; 0                 ; 7       ;
; cpu_write_data_to_cache_i[14]                                                              ;                   ;         ;
;      - lab8_cache_top:U_CACHE_SYSTEM|cache_direct_mapped:U_CACHE|ram_wdata_r[14]           ; 0                 ; 7       ;
;      - lab8_cache_top:U_CACHE_SYSTEM|cache_direct_mapped:U_CACHE|data_r[7][14]             ; 0                 ; 7       ;
;      - lab8_cache_top:U_CACHE_SYSTEM|cache_direct_mapped:U_CACHE|data_r[6][14]             ; 0                 ; 7       ;
;      - lab8_cache_top:U_CACHE_SYSTEM|cache_direct_mapped:U_CACHE|data_r[5][14]             ; 0                 ; 7       ;
;      - lab8_cache_top:U_CACHE_SYSTEM|cache_direct_mapped:U_CACHE|data_r[4][14]             ; 0                 ; 7       ;
;      - lab8_cache_top:U_CACHE_SYSTEM|cache_direct_mapped:U_CACHE|data_r[3][14]             ; 0                 ; 7       ;
;      - lab8_cache_top:U_CACHE_SYSTEM|cache_direct_mapped:U_CACHE|data_r[2][14]             ; 0                 ; 7       ;
;      - lab8_cache_top:U_CACHE_SYSTEM|cache_direct_mapped:U_CACHE|data_r[1][14]             ; 0                 ; 7       ;
;      - lab8_cache_top:U_CACHE_SYSTEM|cache_direct_mapped:U_CACHE|data_r[0][14]             ; 0                 ; 7       ;
;      - lab8_cache_top:U_CACHE_SYSTEM|cache_direct_mapped:U_CACHE|req_wdata_r[14]~feeder    ; 0                 ; 7       ;
; cpu_write_data_to_cache_i[15]                                                              ;                   ;         ;
;      - lab8_cache_top:U_CACHE_SYSTEM|cache_direct_mapped:U_CACHE|req_wdata_r[15]           ; 0                 ; 7       ;
;      - lab8_cache_top:U_CACHE_SYSTEM|cache_direct_mapped:U_CACHE|ram_wdata_r[15]           ; 0                 ; 7       ;
;      - lab8_cache_top:U_CACHE_SYSTEM|cache_direct_mapped:U_CACHE|data_r[7][15]             ; 0                 ; 7       ;
;      - lab8_cache_top:U_CACHE_SYSTEM|cache_direct_mapped:U_CACHE|data_r[6][15]             ; 0                 ; 7       ;
;      - lab8_cache_top:U_CACHE_SYSTEM|cache_direct_mapped:U_CACHE|data_r[5][15]             ; 0                 ; 7       ;
;      - lab8_cache_top:U_CACHE_SYSTEM|cache_direct_mapped:U_CACHE|data_r[4][15]             ; 0                 ; 7       ;
;      - lab8_cache_top:U_CACHE_SYSTEM|cache_direct_mapped:U_CACHE|data_r[3][15]             ; 0                 ; 7       ;
;      - lab8_cache_top:U_CACHE_SYSTEM|cache_direct_mapped:U_CACHE|data_r[2][15]             ; 0                 ; 7       ;
;      - lab8_cache_top:U_CACHE_SYSTEM|cache_direct_mapped:U_CACHE|data_r[1][15]             ; 0                 ; 7       ;
;      - lab8_cache_top:U_CACHE_SYSTEM|cache_direct_mapped:U_CACHE|data_r[0][15]             ; 0                 ; 7       ;
+--------------------------------------------------------------------------------------------+-------------------+---------+


+------------------------------------------------------------------------------------------------------------------------------------------------------------------------------------------------------------------+
; Control Signals                                                                                                                                                                                                  ;
+-------------------------------------------------------------------------------------+--------------------+---------+--------------+--------+----------------------+------------------+---------------------------+
; Name                                                                                ; Location           ; Fan-Out ; Usage        ; Global ; Global Resource Used ; Global Line Name ; Enable Signal Source Name ;
+-------------------------------------------------------------------------------------+--------------------+---------+--------------+--------+----------------------+------------------+---------------------------+
; clock_i                                                                             ; PIN_N20            ; 375     ; Clock        ; yes    ; Global Clock         ; GCLK3            ; --                        ;
; lab8_cache_top:U_CACHE_SYSTEM|cache_direct_mapped:U_CACHE|cpu_rdata_r[7]~6          ; LCCOMB_X26_Y16_N16 ; 3       ; Clock enable ; no     ; --                   ; --               ; --                        ;
; lab8_cache_top:U_CACHE_SYSTEM|cache_direct_mapped:U_CACHE|cpu_rdata_r[7]~6DUPLICATE ; LCCOMB_X26_Y16_N18 ; 13      ; Clock enable ; no     ; --                   ; --               ; --                        ;
; lab8_cache_top:U_CACHE_SYSTEM|cache_direct_mapped:U_CACHE|cpu_rdata_r~4             ; LCCOMB_X21_Y16_N30 ; 29      ; Sync. load   ; no     ; --                   ; --               ; --                        ;
; lab8_cache_top:U_CACHE_SYSTEM|cache_direct_mapped:U_CACHE|data_r[5][13]~1           ; LCCOMB_X25_Y18_N4  ; 29      ; Clock enable ; no     ; --                   ; --               ; --                        ;
; lab8_cache_top:U_CACHE_SYSTEM|cache_direct_mapped:U_CACHE|data_r[6][8]~5            ; LCCOMB_X22_Y18_N2  ; 29      ; Clock enable ; no     ; --                   ; --               ; --                        ;
; lab8_cache_top:U_CACHE_SYSTEM|cache_direct_mapped:U_CACHE|data_r[7][14]~3           ; LCCOMB_X22_Y18_N20 ; 29      ; Clock enable ; no     ; --                   ; --               ; --                        ;
; lab8_cache_top:U_CACHE_SYSTEM|cache_direct_mapped:U_CACHE|ram_addr_r[13]~10         ; LCCOMB_X22_Y16_N16 ; 8       ; Clock enable ; no     ; --                   ; --               ; --                        ;
; lab8_cache_top:U_CACHE_SYSTEM|cache_direct_mapped:U_CACHE|ram_req_r                 ; LCFF_X21_Y16_N7    ; 19      ; Clock enable ; no     ; --                   ; --               ; --                        ;
; lab8_cache_top:U_CACHE_SYSTEM|cache_direct_mapped:U_CACHE|ram_wdata_r[10]~0         ; LCCOMB_X21_Y16_N14 ; 16      ; Sync. clear  ; no     ; --                   ; --               ; --                        ;
; lab8_cache_top:U_CACHE_SYSTEM|cache_direct_mapped:U_CACHE|ram_wdata_r[10]~1         ; LCCOMB_X22_Y16_N10 ; 16      ; Clock enable ; no     ; --                   ; --               ; --                        ;
; lab8_cache_top:U_CACHE_SYSTEM|cache_direct_mapped:U_CACHE|ram_we_r                  ; LCFF_X23_Y19_N5    ; 34      ; Sync. load   ; no     ; --                   ; --               ; --                        ;
; lab8_cache_top:U_CACHE_SYSTEM|cache_direct_mapped:U_CACHE|state_r.IDLE              ; LCFF_X21_Y16_N3    ; 14      ; Sync. load   ; no     ; --                   ; --               ; --                        ;
; lab8_cache_top:U_CACHE_SYSTEM|cache_direct_mapped:U_CACHE|state_r.WAIT_READ_DATA    ; LCFF_X21_Y16_N19   ; 271     ; Sync. load   ; no     ; --                   ; --               ; --                        ;
; lab8_cache_top:U_CACHE_SYSTEM|cache_direct_mapped:U_CACHE|state_r.WAIT_WRITE_GRANT  ; LCFF_X21_Y16_N27   ; 23      ; Sync. load   ; no     ; --                   ; --               ; --                        ;
; lab8_cache_top:U_CACHE_SYSTEM|cache_direct_mapped:U_CACHE|tag_r[0][5]~8             ; LCCOMB_X25_Y18_N8  ; 29      ; Clock enable ; no     ; --                   ; --               ; --                        ;
; lab8_cache_top:U_CACHE_SYSTEM|cache_direct_mapped:U_CACHE|tag_r[1][5]~2             ; LCCOMB_X25_Y18_N20 ; 29      ; Clock enable ; no     ; --                   ; --               ; --                        ;
; lab8_cache_top:U_CACHE_SYSTEM|cache_direct_mapped:U_CACHE|tag_r[2][5]~12            ; LCCOMB_X22_Y18_N8  ; 29      ; Clock enable ; no     ; --                   ; --               ; --                        ;
; lab8_cache_top:U_CACHE_SYSTEM|cache_direct_mapped:U_CACHE|tag_r[3][3]~5             ; LCCOMB_X22_Y18_N24 ; 29      ; Clock enable ; no     ; --                   ; --               ; --                        ;
; lab8_cache_top:U_CACHE_SYSTEM|cache_direct_mapped:U_CACHE|tag_r[4][8]~10            ; LCCOMB_X25_Y18_N6  ; 29      ; Clock enable ; no     ; --                   ; --               ; --                        ;
; lab8_cache_top:U_CACHE_SYSTEM|cache_direct_mapped:U_CACHE|tag_req_r[1]~0            ; LCCOMB_X21_Y19_N28 ; 32      ; Clock enable ; no     ; --                   ; --               ; --                        ;
; lab8_cache_top:U_CACHE_SYSTEM|main_memory_sync:U_RAM|mem_r~30                       ; LCCOMB_X21_Y16_N24 ; 2       ; Write enable ; no     ; --                   ; --               ; --                        ;
; reset_i                                                                             ; PIN_G12            ; 329     ; Sync. clear  ; no     ; --                   ; --               ; --                        ;
+-------------------------------------------------------------------------------------+--------------------+---------+--------------+--------+----------------------+------------------+---------------------------+


+----------------------------------------------------------------------------------------------------+
; Global & Other Fast Signals                                                                        ;
+---------+----------+---------+----------------------+------------------+---------------------------+
; Name    ; Location ; Fan-Out ; Global Resource Used ; Global Line Name ; Enable Signal Source Name ;
+---------+----------+---------+----------------------+------------------+---------------------------+
; clock_i ; PIN_N20  ; 375     ; Global Clock         ; GCLK3            ; --                        ;
+---------+----------+---------+----------------------+------------------+---------------------------+


+-----------------------------------------------------------------------------------------------+
; Non-Global High Fan-Out Signals                                                               ;
+-------------------------------------------------------------------------------------+---------+
; Name                                                                                ; Fan-Out ;
+-------------------------------------------------------------------------------------+---------+
; reset_i                                                                             ; 329     ;
; lab8_cache_top:U_CACHE_SYSTEM|cache_direct_mapped:U_CACHE|state_r.WAIT_READ_DATA    ; 271     ;
; cpu_address_tag_set_i[2]                                                            ; 78      ;
; cpu_address_tag_set_i[1]                                                            ; 75      ;
; cpu_address_tag_set_i[0]                                                            ; 46      ;
; lab8_cache_top:U_CACHE_SYSTEM|cache_direct_mapped:U_CACHE|ram_we_r                  ; 34      ;
; lab8_cache_top:U_CACHE_SYSTEM|cache_direct_mapped:U_CACHE|tag_req_r[1]~0            ; 32      ;
; lab8_cache_top:U_CACHE_SYSTEM|cache_direct_mapped:U_CACHE|data_r[6][8]~5            ; 29      ;
; lab8_cache_top:U_CACHE_SYSTEM|cache_direct_mapped:U_CACHE|tag_r[2][5]~12            ; 29      ;
; lab8_cache_top:U_CACHE_SYSTEM|cache_direct_mapped:U_CACHE|tag_r[4][8]~10            ; 29      ;
; lab8_cache_top:U_CACHE_SYSTEM|cache_direct_mapped:U_CACHE|tag_r[0][5]~8             ; 29      ;
; lab8_cache_top:U_CACHE_SYSTEM|cache_direct_mapped:U_CACHE|data_r[7][14]~3           ; 29      ;
; lab8_cache_top:U_CACHE_SYSTEM|cache_direct_mapped:U_CACHE|tag_r[3][3]~5             ; 29      ;
; lab8_cache_top:U_CACHE_SYSTEM|cache_direct_mapped:U_CACHE|data_r[5][13]~1           ; 29      ;
; lab8_cache_top:U_CACHE_SYSTEM|cache_direct_mapped:U_CACHE|tag_r[1][5]~2             ; 29      ;
; lab8_cache_top:U_CACHE_SYSTEM|cache_direct_mapped:U_CACHE|cpu_rdata_r~4             ; 29      ;
; lab8_cache_top:U_CACHE_SYSTEM|cache_direct_mapped:U_CACHE|state_r.WAIT_WRITE_GRANT  ; 23      ;
; cpu_write_enable_i                                                                  ; 21      ;
; cpu_cache_request_i                                                                 ; 20      ;
; lab8_cache_top:U_CACHE_SYSTEM|cache_direct_mapped:U_CACHE|ram_req_r                 ; 19      ;
; lab8_cache_top:U_CACHE_SYSTEM|main_memory_sync:U_RAM|mem_r~29                       ; 16      ;
; lab8_cache_top:U_CACHE_SYSTEM|main_memory_sync:U_RAM|mem_r~28                       ; 16      ;
; lab8_cache_top:U_CACHE_SYSTEM|main_memory_sync:U_RAM|mem_r~27                       ; 16      ;
; lab8_cache_top:U_CACHE_SYSTEM|main_memory_sync:U_RAM|mem_r~26                       ; 16      ;
; lab8_cache_top:U_CACHE_SYSTEM|cache_direct_mapped:U_CACHE|ram_wdata_r[10]~1         ; 16      ;
; lab8_cache_top:U_CACHE_SYSTEM|cache_direct_mapped:U_CACHE|ram_wdata_r[10]~0         ; 16      ;
; lab8_cache_top:U_CACHE_SYSTEM|cache_direct_mapped:U_CACHE|state_r.IDLE              ; 14      ;
; lab8_cache_top:U_CACHE_SYSTEM|cache_direct_mapped:U_CACHE|cpu_rdata_r[7]~6DUPLICATE ; 13      ;
; cpu_address_tag_set_i[5]                                                            ; 12      ;
; cpu_address_tag_set_i[6]                                                            ; 12      ;
; cpu_address_tag_set_i[10]                                                           ; 11      ;
; cpu_address_tag_set_i[9]                                                            ; 11      ;
; cpu_address_tag_set_i[11]                                                           ; 11      ;
; cpu_address_tag_set_i[12]                                                           ; 11      ;
; cpu_address_tag_set_i[13]                                                           ; 11      ;
; cpu_address_tag_set_i[14]                                                           ; 11      ;
; cpu_address_tag_set_i[3]                                                            ; 11      ;
; cpu_address_tag_set_i[4]                                                            ; 11      ;
; cpu_address_tag_set_i[7]                                                            ; 11      ;
; cpu_address_tag_set_i[8]                                                            ; 11      ;
; cpu_address_tag_set_i[15]                                                           ; 11      ;
; cpu_write_data_to_cache_i[15]                                                       ; 10      ;
; cpu_write_data_to_cache_i[14]                                                       ; 10      ;
; cpu_write_data_to_cache_i[13]                                                       ; 10      ;
; cpu_write_data_to_cache_i[12]                                                       ; 10      ;
; cpu_write_data_to_cache_i[11]                                                       ; 10      ;
; cpu_write_data_to_cache_i[10]                                                       ; 10      ;
; cpu_write_data_to_cache_i[9]                                                        ; 10      ;
; cpu_write_data_to_cache_i[8]                                                        ; 10      ;
; cpu_write_data_to_cache_i[7]                                                        ; 10      ;
+-------------------------------------------------------------------------------------+---------+


+------------------------------------------------------------------------------------------------------------------------------------------------------------------------------------------------------------------------------------------------------------------------------------------------------------------------------------------------------------------------------------------------------------------------------------------------------------------------------------------------------------------------------------------------------------------------------------+
; Fitter RAM Summary                                                                                                                                                                                                                                                                                                                                                                                                                                                                                                                                                                 ;
+-----------------------------------------------------------------------------------------------------------------------+------+------------------+--------------+--------------+--------------+--------------+--------------+------------------------+-------------------------+------------------------+-------------------------+------+-----------------------------+-----------------------------+-----------------------------+-----------------------------+---------------------+-------+------+--------+------------------------------------------------------+-------------+
; Name                                                                                                                  ; Type ; Mode             ; Clock Mode   ; Port A Depth ; Port A Width ; Port B Depth ; Port B Width ; Port A Input Registers ; Port A Output Registers ; Port B Input Registers ; Port B Output Registers ; Size ; Implementation Port A Depth ; Implementation Port A Width ; Implementation Port B Depth ; Implementation Port B Width ; Implementation Bits ; M512s ; M4Ks ; M-RAMs ; MIF                                                  ; Location    ;
+-----------------------------------------------------------------------------------------------------------------------+------+------------------+--------------+--------------+--------------+--------------+--------------+------------------------+-------------------------+------------------------+-------------------------+------+-----------------------------+-----------------------------+-----------------------------+-----------------------------+---------------------+-------+------+--------+------------------------------------------------------+-------------+
; lab8_cache_top:U_CACHE_SYSTEM|main_memory_sync:U_RAM|altsyncram:mem_r_rtl_0|altsyncram_tlm1:auto_generated|ALTSYNCRAM ; AUTO ; Simple Dual Port ; Single Clock ; 256          ; 16           ; 256          ; 16           ; yes                    ; no                      ; yes                    ; no                      ; 4096 ; 256                         ; 16                          ; 256                         ; 16                          ; 4096                ; 0     ; 1    ; 0      ; db/lab8_cache.ram0_main_memory_sync_4987f2ed.hdl.mif ; M4K_X20_Y17 ;
+-----------------------------------------------------------------------------------------------------------------------+------+------------------+--------------+--------------+--------------+--------------+--------------+------------------------+-------------------------+------------------------+-------------------------+------+-----------------------------+-----------------------------+-----------------------------+-----------------------------+---------------------+-------+------+--------+------------------------------------------------------+-------------+
Note: Fitter may spread logical memories into multiple blocks to improve timing. The actual required RAM blocks can be found in the Fitter Resource Usage section.


+--------------------------------------------------------------------+
; Interconnect Usage Summary                                         ;
+-------------------------------------------+------------------------+
; Interconnect Resource Type                ; Usage                  ;
+-------------------------------------------+------------------------+
; Block interconnects                       ; 1,038 / 51,960 ( 2 % ) ;
; C16 interconnects                         ; 24 / 1,680 ( 1 % )     ;
; C4 interconnects                          ; 582 / 38,400 ( 2 % )   ;
; DPA clocks                                ; 0 / 4 ( 0 % )          ;
; DQS bus muxes                             ; 0 / 18 ( 0 % )         ;
; DQS-18 I/O buses                          ; 0 / 4 ( 0 % )          ;
; DQS-4 I/O buses                           ; 0 / 18 ( 0 % )         ;
; DQS-9 I/O buses                           ; 0 / 8 ( 0 % )          ;
; Differential I/O clocks                   ; 0 / 32 ( 0 % )         ;
; Direct links                              ; 72 / 51,960 ( < 1 % )  ;
; Global clocks                             ; 1 / 16 ( 6 % )         ;
; Local interconnects                       ; 136 / 12,480 ( 1 % )   ;
; NDQS bus muxes                            ; 0 / 18 ( 0 % )         ;
; NDQS-18 I/O buses                         ; 0 / 4 ( 0 % )          ;
; NDQS-4 I/O buses                          ; 0 / 18 ( 0 % )         ;
; NDQS-9 I/O buses                          ; 0 / 8 ( 0 % )          ;
; PLL transmitter or receiver load enables  ; 0 / 8 ( 0 % )          ;
; PLL transmitter or receiver synch. clocks ; 0 / 8 ( 0 % )          ;
; R24 interconnects                         ; 22 / 1,664 ( 1 % )     ;
; R24/C16 interconnect drivers              ; 8 / 4,160 ( < 1 % )    ;
; R4 interconnects                          ; 805 / 59,488 ( 1 % )   ;
; Regional clocks                           ; 0 / 32 ( 0 % )         ;
+-------------------------------------------+------------------------+


+-----------------------------------------------------------------+
; LAB Logic Elements                                              ;
+----------------------------------+------------------------------+
; Number of ALMs  (Average = 6.67) ; Number of LABs  (Total = 45) ;
+----------------------------------+------------------------------+
; 1                                ; 7                            ;
; 2                                ; 1                            ;
; 3                                ; 0                            ;
; 4                                ; 0                            ;
; 5                                ; 1                            ;
; 6                                ; 0                            ;
; 7                                ; 2                            ;
; 8                                ; 34                           ;
+----------------------------------+------------------------------+


+-------------------------------------------------------------------+
; LAB-wide Signals                                                  ;
+------------------------------------+------------------------------+
; LAB-wide Signals  (Average = 3.13) ; Number of LABs  (Total = 45) ;
+------------------------------------+------------------------------+
; 1 Clock                            ; 45                           ;
; 1 Clock enable                     ; 13                           ;
; 1 Sync. clear                      ; 33                           ;
; 1 Sync. load                       ; 29                           ;
; 2 Clock enables                    ; 2                            ;
; 3 Clock enables                    ; 19                           ;
+------------------------------------+------------------------------+


+-----------------------------------------------------------------------------+
; LAB Signals Sourced                                                         ;
+----------------------------------------------+------------------------------+
; Number of Signals Sourced  (Average = 19.11) ; Number of LABs  (Total = 45) ;
+----------------------------------------------+------------------------------+
; 0                                            ; 0                            ;
; 1                                            ; 1                            ;
; 2                                            ; 4                            ;
; 3                                            ; 3                            ;
; 4                                            ; 0                            ;
; 5                                            ; 0                            ;
; 6                                            ; 0                            ;
; 7                                            ; 0                            ;
; 8                                            ; 0                            ;
; 9                                            ; 0                            ;
; 10                                           ; 0                            ;
; 11                                           ; 1                            ;
; 12                                           ; 1                            ;
; 13                                           ; 0                            ;
; 14                                           ; 0                            ;
; 15                                           ; 0                            ;
; 16                                           ; 0                            ;
; 17                                           ; 5                            ;
; 18                                           ; 8                            ;
; 19                                           ; 2                            ;
; 20                                           ; 2                            ;
; 21                                           ; 0                            ;
; 22                                           ; 1                            ;
; 23                                           ; 1                            ;
; 24                                           ; 1                            ;
; 25                                           ; 0                            ;
; 26                                           ; 5                            ;
; 27                                           ; 0                            ;
; 28                                           ; 1                            ;
; 29                                           ; 1                            ;
; 30                                           ; 0                            ;
; 31                                           ; 0                            ;
; 32                                           ; 8                            ;
+----------------------------------------------+------------------------------+


+--------------------------------------------------------------------------------+
; LAB Signals Sourced Out                                                        ;
+-------------------------------------------------+------------------------------+
; Number of Signals Sourced Out  (Average = 9.07) ; Number of LABs  (Total = 45) ;
+-------------------------------------------------+------------------------------+
; 0                                               ; 0                            ;
; 1                                               ; 6                            ;
; 2                                               ; 4                            ;
; 3                                               ; 1                            ;
; 4                                               ; 2                            ;
; 5                                               ; 1                            ;
; 6                                               ; 0                            ;
; 7                                               ; 4                            ;
; 8                                               ; 2                            ;
; 9                                               ; 3                            ;
; 10                                              ; 1                            ;
; 11                                              ; 5                            ;
; 12                                              ; 2                            ;
; 13                                              ; 2                            ;
; 14                                              ; 1                            ;
; 15                                              ; 1                            ;
; 16                                              ; 9                            ;
; 17                                              ; 0                            ;
; 18                                              ; 0                            ;
; 19                                              ; 1                            ;
+-------------------------------------------------+------------------------------+


+-----------------------------------------------------------------------------+
; LAB Distinct Inputs                                                         ;
+----------------------------------------------+------------------------------+
; Number of Distinct Inputs  (Average = 21.24) ; Number of LABs  (Total = 45) ;
+----------------------------------------------+------------------------------+
; 0                                            ; 0                            ;
; 1                                            ; 0                            ;
; 2                                            ; 1                            ;
; 3                                            ; 1                            ;
; 4                                            ; 3                            ;
; 5                                            ; 1                            ;
; 6                                            ; 0                            ;
; 7                                            ; 1                            ;
; 8                                            ; 0                            ;
; 9                                            ; 0                            ;
; 10                                           ; 1                            ;
; 11                                           ; 0                            ;
; 12                                           ; 0                            ;
; 13                                           ; 0                            ;
; 14                                           ; 0                            ;
; 15                                           ; 1                            ;
; 16                                           ; 0                            ;
; 17                                           ; 0                            ;
; 18                                           ; 5                            ;
; 19                                           ; 2                            ;
; 20                                           ; 1                            ;
; 21                                           ; 1                            ;
; 22                                           ; 3                            ;
; 23                                           ; 5                            ;
; 24                                           ; 4                            ;
; 25                                           ; 3                            ;
; 26                                           ; 3                            ;
; 27                                           ; 0                            ;
; 28                                           ; 0                            ;
; 29                                           ; 1                            ;
; 30                                           ; 0                            ;
; 31                                           ; 0                            ;
; 32                                           ; 0                            ;
; 33                                           ; 0                            ;
; 34                                           ; 6                            ;
; 35                                           ; 2                            ;
+----------------------------------------------+------------------------------+


+------------------------------------------+
; I/O Rules Summary                        ;
+----------------------------------+-------+
; I/O Rules Statistic              ; Total ;
+----------------------------------+-------+
; Total I/O Rules                  ; 31    ;
; Number of I/O Rules Passed       ; 4     ;
; Number of I/O Rules Failed       ; 0     ;
; Number of I/O Rules Unchecked    ; 0     ;
; Number of I/O Rules Inapplicable ; 27    ;
+----------------------------------+-------+


+--------------------------------------------------------------------------------------------------------------------------------------------------------------------------------------------------------------------------------------------------------------------------------------------+
; I/O Rules Details                                                                                                                                                                                                                                                                          ;
+--------------+-----------+-----------------------------------------+------------------------------------------------------------------------------------------------------+----------+--------------------------------------------------------------------------+------+-------------------+
; Status       ; ID        ; Category                                ; Rule Description                                                                                     ; Severity ; Information                                                              ; Area ; Extra Information ;
+--------------+-----------+-----------------------------------------+------------------------------------------------------------------------------------------------------+----------+--------------------------------------------------------------------------+------+-------------------+
; Inapplicable ; IO_000001 ; Capacity Checks                         ; Number of pins in an I/O bank should not exceed the number of locations available.                   ; Critical ; No Location assignments found.                                           ; I/O  ;                   ;
; Inapplicable ; IO_000002 ; Capacity Checks                         ; Number of clocks in an I/O bank should not exceed the number of clocks available.                    ; Critical ; No Global Signal assignments found.                                      ; I/O  ;                   ;
; Inapplicable ; IO_000003 ; Capacity Checks                         ; Number of pins in a Vrefgroup should not exceed the number of locations available.                   ; Critical ; No Location assignments found.                                           ; I/O  ;                   ;
; Inapplicable ; IO_000004 ; Voltage Compatibility Checks            ; The I/O bank should support the requested VCCIO.                                                     ; Critical ; No IOBANK_VCCIO assignments found.                                       ; I/O  ;                   ;
; Inapplicable ; IO_000005 ; Voltage Compatibility Checks            ; The I/O bank should not have competing VREF values.                                                  ; Critical ; No VREF I/O Standard assignments found.                                  ; I/O  ;                   ;
; Pass         ; IO_000006 ; Voltage Compatibility Checks            ; The I/O bank should not have competing VCCIO values.                                                 ; Critical ; 0 such failures found.                                                   ; I/O  ;                   ;
; Inapplicable ; IO_000007 ; Valid Location Checks                   ; Checks for unavailable locations.                                                                    ; Critical ; No Location assignments found.                                           ; I/O  ;                   ;
; Inapplicable ; IO_000008 ; Valid Location Checks                   ; Checks for reserved locations.                                                                       ; Critical ; No reserved LogicLock region found.                                      ; I/O  ;                   ;
; Pass         ; IO_000009 ; I/O Properties Checks for One I/O       ; The location should support the requested I/O standard.                                              ; Critical ; 0 such failures found.                                                   ; I/O  ;                   ;
; Pass         ; IO_000010 ; I/O Properties Checks for One I/O       ; The location should support the requested I/O direction.                                             ; Critical ; 0 such failures found.                                                   ; I/O  ;                   ;
; Inapplicable ; IO_000011 ; I/O Properties Checks for One I/O       ; The location should support the requested Current Strength.                                          ; Critical ; No Current Strength assignments found.                                   ; I/O  ;                   ;
; Inapplicable ; IO_000012 ; I/O Properties Checks for One I/O       ; The location should support the requested On Chip Termination value.                                 ; Critical ; No Termination assignments found.                                        ; I/O  ;                   ;
; Inapplicable ; IO_000013 ; I/O Properties Checks for One I/O       ; The location should support the requested Bus Hold value.                                            ; Critical ; No Enable Bus-Hold Circuitry assignments found.                          ; I/O  ;                   ;
; Inapplicable ; IO_000014 ; I/O Properties Checks for One I/O       ; The location should support the requested Weak Pull Up value.                                        ; Critical ; No Weak Pull-Up Resistor assignments found.                              ; I/O  ;                   ;
; Inapplicable ; IO_000015 ; I/O Properties Checks for One I/O       ; The location should support the requested PCI Clamp Diode.                                           ; Critical ; No PCI I/O assignments found.                                            ; I/O  ;                   ;
; Inapplicable ; IO_000018 ; I/O Properties Checks for One I/O       ; The I/O standard should support the requested Current Strength.                                      ; Critical ; No Current Strength assignments found.                                   ; I/O  ;                   ;
; Inapplicable ; IO_000019 ; I/O Properties Checks for One I/O       ; The I/O standard should support the requested On Chip Termination value.                             ; Critical ; No Termination assignments found.                                        ; I/O  ;                   ;
; Inapplicable ; IO_000020 ; I/O Properties Checks for One I/O       ; The I/O standard should support the requested PCI Clamp Diode.                                       ; Critical ; No PCI I/O assignments found.                                            ; I/O  ;                   ;
; Inapplicable ; IO_000021 ; I/O Properties Checks for One I/O       ; The I/O standard should support the requested Weak Pull Up value.                                    ; Critical ; No Weak Pull-Up Resistor assignments found.                              ; I/O  ;                   ;
; Inapplicable ; IO_000022 ; I/O Properties Checks for One I/O       ; The I/O standard should support the requested Bus Hold value.                                        ; Critical ; No Enable Bus-Hold Circuitry assignments found.                          ; I/O  ;                   ;
; Inapplicable ; IO_000023 ; I/O Properties Checks for One I/O       ; The I/O standard should support the Open Drain value.                                                ; Critical ; No open drain assignments found.                                         ; I/O  ;                   ;
; Inapplicable ; IO_000024 ; I/O Properties Checks for One I/O       ; The I/O direction should support the On Chip Termination value.                                      ; Critical ; No Termination assignments found.                                        ; I/O  ;                   ;
; Inapplicable ; IO_000026 ; I/O Properties Checks for One I/O       ; On Chip Termination and Current Strength should not be used at the same time.                        ; Critical ; No Current Strength or Termination assignments found.                    ; I/O  ;                   ;
; Inapplicable ; IO_000027 ; I/O Properties Checks for One I/O       ; Weak Pull Up and Bus Hold should not be used at the same time.                                       ; Critical ; No Enable Bus-Hold Circuitry or Weak Pull-Up Resistor assignments found. ; I/O  ;                   ;
; Inapplicable ; IO_000032 ; I/O Properties Checks for Multiple I/Os ; I/O registers and SERDES should not be used at the same XY location.                                 ; Critical ; No I/O Registers or Differential I/O Standard assignments found.         ; I/O  ;                   ;
; Pass         ; IO_000033 ; Electromigration Checks                 ; Current density for consecutive I/Os should not exceed 250mA for row I/Os and 250mA for column I/Os. ; Critical ; 0 such failures found.                                                   ; I/O  ;                   ;
; Inapplicable ; IO_000034 ; SI Related Distance Checks              ; Single-ended outputs should be 1 LAB row(s) away from a differential I/O.                            ; High     ; No Differential I/O Standard assignments found.                          ; I/O  ;                   ;
; Inapplicable ; IO_000037 ; SI Related Distance Checks              ; Single-ended I/O and differential I/O should not coexist in a PLL output I/O bank.                   ; High     ; No Differential I/O Standard assignments found.                          ; I/O  ;                   ;
; Inapplicable ; IO_000038 ; SI Related SSO Limit Checks             ; Single-ended outputs and High-speed LVDS should not coexist in an I/O bank.                          ; High     ; No High-speed LVDS found.                                                ; I/O  ;                   ;
; Inapplicable ; IO_000042 ; SI Related SSO Limit Checks             ; No more than 20 outputs are allowed in a VREF group when VREF is being read from.                    ; High     ; No VREF I/O Standard assignments found.                                  ; I/O  ;                   ;
; Inapplicable ; IO_000040 ; SI Related SSO Limit Checks             ; The total drive strength of single ended outputs in a DPA bank should not exceed 120mA.              ; High     ; No DPA found.                                                            ; I/O  ;                   ;
+--------------+-----------+-----------------------------------------+------------------------------------------------------------------------------------------------------+----------+--------------------------------------------------------------------------+------+-------------------+


+--------------------------------------------------------------------------------------------------------------------------------------------------------------------------------------------------------------------------------------------------------------------------------------------------------------------------------------------------------------------------------------------------------------------------------------------------------------------------------------------------------+
; I/O Rules Matrix                                                                                                                                                                                                                                                                                                                                                                                                                                                                                       ;
+-----------------------------------+--------------+--------------+--------------+--------------+--------------+-----------+--------------+--------------+-----------+-----------+--------------+--------------+--------------+--------------+--------------+--------------+--------------+--------------+--------------+--------------+--------------+--------------+--------------+--------------+--------------+-----------+--------------+--------------+--------------+--------------+--------------+
; Pin/Rules                         ; IO_000001    ; IO_000002    ; IO_000003    ; IO_000004    ; IO_000005    ; IO_000006 ; IO_000007    ; IO_000008    ; IO_000009 ; IO_000010 ; IO_000011    ; IO_000012    ; IO_000013    ; IO_000014    ; IO_000015    ; IO_000018    ; IO_000019    ; IO_000020    ; IO_000021    ; IO_000022    ; IO_000023    ; IO_000024    ; IO_000026    ; IO_000027    ; IO_000032    ; IO_000033 ; IO_000034    ; IO_000037    ; IO_000038    ; IO_000042    ; IO_000040    ;
+-----------------------------------+--------------+--------------+--------------+--------------+--------------+-----------+--------------+--------------+-----------+-----------+--------------+--------------+--------------+--------------+--------------+--------------+--------------+--------------+--------------+--------------+--------------+--------------+--------------+--------------+--------------+-----------+--------------+--------------+--------------+--------------+--------------+
; Total Pass                        ; 0            ; 0            ; 0            ; 0            ; 0            ; 89        ; 0            ; 0            ; 89        ; 89        ; 0            ; 0            ; 0            ; 0            ; 0            ; 0            ; 0            ; 0            ; 0            ; 0            ; 0            ; 0            ; 0            ; 0            ; 0            ; 89        ; 0            ; 0            ; 0            ; 0            ; 0            ;
; Total Unchecked                   ; 0            ; 0            ; 0            ; 0            ; 0            ; 0         ; 0            ; 0            ; 0         ; 0         ; 0            ; 0            ; 0            ; 0            ; 0            ; 0            ; 0            ; 0            ; 0            ; 0            ; 0            ; 0            ; 0            ; 0            ; 0            ; 0         ; 0            ; 0            ; 0            ; 0            ; 0            ;
; Total Inapplicable                ; 89           ; 89           ; 89           ; 89           ; 89           ; 0         ; 89           ; 89           ; 0         ; 0         ; 89           ; 89           ; 89           ; 89           ; 89           ; 89           ; 89           ; 89           ; 89           ; 89           ; 89           ; 89           ; 89           ; 89           ; 89           ; 0         ; 89           ; 89           ; 89           ; 89           ; 89           ;
; Total Fail                        ; 0            ; 0            ; 0            ; 0            ; 0            ; 0         ; 0            ; 0            ; 0         ; 0         ; 0            ; 0            ; 0            ; 0            ; 0            ; 0            ; 0            ; 0            ; 0            ; 0            ; 0            ; 0            ; 0            ; 0            ; 0            ; 0         ; 0            ; 0            ; 0            ; 0            ; 0            ;
; cpu_read_data_from_cache_o[0]     ; Inapplicable ; Inapplicable ; Inapplicable ; Inapplicable ; Inapplicable ; Pass      ; Inapplicable ; Inapplicable ; Pass      ; Pass      ; Inapplicable ; Inapplicable ; Inapplicable ; Inapplicable ; Inapplicable ; Inapplicable ; Inapplicable ; Inapplicable ; Inapplicable ; Inapplicable ; Inapplicable ; Inapplicable ; Inapplicable ; Inapplicable ; Inapplicable ; Pass      ; Inapplicable ; Inapplicable ; Inapplicable ; Inapplicable ; Inapplicable ;
; cpu_read_data_from_cache_o[1]     ; Inapplicable ; Inapplicable ; Inapplicable ; Inapplicable ; Inapplicable ; Pass      ; Inapplicable ; Inapplicable ; Pass      ; Pass      ; Inapplicable ; Inapplicable ; Inapplicable ; Inapplicable ; Inapplicable ; Inapplicable ; Inapplicable ; Inapplicable ; Inapplicable ; Inapplicable ; Inapplicable ; Inapplicable ; Inapplicable ; Inapplicable ; Inapplicable ; Pass      ; Inapplicable ; Inapplicable ; Inapplicable ; Inapplicable ; Inapplicable ;
; cpu_read_data_from_cache_o[2]     ; Inapplicable ; Inapplicable ; Inapplicable ; Inapplicable ; Inapplicable ; Pass      ; Inapplicable ; Inapplicable ; Pass      ; Pass      ; Inapplicable ; Inapplicable ; Inapplicable ; Inapplicable ; Inapplicable ; Inapplicable ; Inapplicable ; Inapplicable ; Inapplicable ; Inapplicable ; Inapplicable ; Inapplicable ; Inapplicable ; Inapplicable ; Inapplicable ; Pass      ; Inapplicable ; Inapplicable ; Inapplicable ; Inapplicable ; Inapplicable ;
; cpu_read_data_from_cache_o[3]     ; Inapplicable ; Inapplicable ; Inapplicable ; Inapplicable ; Inapplicable ; Pass      ; Inapplicable ; Inapplicable ; Pass      ; Pass      ; Inapplicable ; Inapplicable ; Inapplicable ; Inapplicable ; Inapplicable ; Inapplicable ; Inapplicable ; Inapplicable ; Inapplicable ; Inapplicable ; Inapplicable ; Inapplicable ; Inapplicable ; Inapplicable ; Inapplicable ; Pass      ; Inapplicable ; Inapplicable ; Inapplicable ; Inapplicable ; Inapplicable ;
; cpu_read_data_from_cache_o[4]     ; Inapplicable ; Inapplicable ; Inapplicable ; Inapplicable ; Inapplicable ; Pass      ; Inapplicable ; Inapplicable ; Pass      ; Pass      ; Inapplicable ; Inapplicable ; Inapplicable ; Inapplicable ; Inapplicable ; Inapplicable ; Inapplicable ; Inapplicable ; Inapplicable ; Inapplicable ; Inapplicable ; Inapplicable ; Inapplicable ; Inapplicable ; Inapplicable ; Pass      ; Inapplicable ; Inapplicable ; Inapplicable ; Inapplicable ; Inapplicable ;
; cpu_read_data_from_cache_o[5]     ; Inapplicable ; Inapplicable ; Inapplicable ; Inapplicable ; Inapplicable ; Pass      ; Inapplicable ; Inapplicable ; Pass      ; Pass      ; Inapplicable ; Inapplicable ; Inapplicable ; Inapplicable ; Inapplicable ; Inapplicable ; Inapplicable ; Inapplicable ; Inapplicable ; Inapplicable ; Inapplicable ; Inapplicable ; Inapplicable ; Inapplicable ; Inapplicable ; Pass      ; Inapplicable ; Inapplicable ; Inapplicable ; Inapplicable ; Inapplicable ;
; cpu_read_data_from_cache_o[6]     ; Inapplicable ; Inapplicable ; Inapplicable ; Inapplicable ; Inapplicable ; Pass      ; Inapplicable ; Inapplicable ; Pass      ; Pass      ; Inapplicable ; Inapplicable ; Inapplicable ; Inapplicable ; Inapplicable ; Inapplicable ; Inapplicable ; Inapplicable ; Inapplicable ; Inapplicable ; Inapplicable ; Inapplicable ; Inapplicable ; Inapplicable ; Inapplicable ; Pass      ; Inapplicable ; Inapplicable ; Inapplicable ; Inapplicable ; Inapplicable ;
; cpu_read_data_from_cache_o[7]     ; Inapplicable ; Inapplicable ; Inapplicable ; Inapplicable ; Inapplicable ; Pass      ; Inapplicable ; Inapplicable ; Pass      ; Pass      ; Inapplicable ; Inapplicable ; Inapplicable ; Inapplicable ; Inapplicable ; Inapplicable ; Inapplicable ; Inapplicable ; Inapplicable ; Inapplicable ; Inapplicable ; Inapplicable ; Inapplicable ; Inapplicable ; Inapplicable ; Pass      ; Inapplicable ; Inapplicable ; Inapplicable ; Inapplicable ; Inapplicable ;
; cpu_read_data_from_cache_o[8]     ; Inapplicable ; Inapplicable ; Inapplicable ; Inapplicable ; Inapplicable ; Pass      ; Inapplicable ; Inapplicable ; Pass      ; Pass      ; Inapplicable ; Inapplicable ; Inapplicable ; Inapplicable ; Inapplicable ; Inapplicable ; Inapplicable ; Inapplicable ; Inapplicable ; Inapplicable ; Inapplicable ; Inapplicable ; Inapplicable ; Inapplicable ; Inapplicable ; Pass      ; Inapplicable ; Inapplicable ; Inapplicable ; Inapplicable ; Inapplicable ;
; cpu_read_data_from_cache_o[9]     ; Inapplicable ; Inapplicable ; Inapplicable ; Inapplicable ; Inapplicable ; Pass      ; Inapplicable ; Inapplicable ; Pass      ; Pass      ; Inapplicable ; Inapplicable ; Inapplicable ; Inapplicable ; Inapplicable ; Inapplicable ; Inapplicable ; Inapplicable ; Inapplicable ; Inapplicable ; Inapplicable ; Inapplicable ; Inapplicable ; Inapplicable ; Inapplicable ; Pass      ; Inapplicable ; Inapplicable ; Inapplicable ; Inapplicable ; Inapplicable ;
; cpu_read_data_from_cache_o[10]    ; Inapplicable ; Inapplicable ; Inapplicable ; Inapplicable ; Inapplicable ; Pass      ; Inapplicable ; Inapplicable ; Pass      ; Pass      ; Inapplicable ; Inapplicable ; Inapplicable ; Inapplicable ; Inapplicable ; Inapplicable ; Inapplicable ; Inapplicable ; Inapplicable ; Inapplicable ; Inapplicable ; Inapplicable ; Inapplicable ; Inapplicable ; Inapplicable ; Pass      ; Inapplicable ; Inapplicable ; Inapplicable ; Inapplicable ; Inapplicable ;
; cpu_read_data_from_cache_o[11]    ; Inapplicable ; Inapplicable ; Inapplicable ; Inapplicable ; Inapplicable ; Pass      ; Inapplicable ; Inapplicable ; Pass      ; Pass      ; Inapplicable ; Inapplicable ; Inapplicable ; Inapplicable ; Inapplicable ; Inapplicable ; Inapplicable ; Inapplicable ; Inapplicable ; Inapplicable ; Inapplicable ; Inapplicable ; Inapplicable ; Inapplicable ; Inapplicable ; Pass      ; Inapplicable ; Inapplicable ; Inapplicable ; Inapplicable ; Inapplicable ;
; cpu_read_data_from_cache_o[12]    ; Inapplicable ; Inapplicable ; Inapplicable ; Inapplicable ; Inapplicable ; Pass      ; Inapplicable ; Inapplicable ; Pass      ; Pass      ; Inapplicable ; Inapplicable ; Inapplicable ; Inapplicable ; Inapplicable ; Inapplicable ; Inapplicable ; Inapplicable ; Inapplicable ; Inapplicable ; Inapplicable ; Inapplicable ; Inapplicable ; Inapplicable ; Inapplicable ; Pass      ; Inapplicable ; Inapplicable ; Inapplicable ; Inapplicable ; Inapplicable ;
; cpu_read_data_from_cache_o[13]    ; Inapplicable ; Inapplicable ; Inapplicable ; Inapplicable ; Inapplicable ; Pass      ; Inapplicable ; Inapplicable ; Pass      ; Pass      ; Inapplicable ; Inapplicable ; Inapplicable ; Inapplicable ; Inapplicable ; Inapplicable ; Inapplicable ; Inapplicable ; Inapplicable ; Inapplicable ; Inapplicable ; Inapplicable ; Inapplicable ; Inapplicable ; Inapplicable ; Pass      ; Inapplicable ; Inapplicable ; Inapplicable ; Inapplicable ; Inapplicable ;
; cpu_read_data_from_cache_o[14]    ; Inapplicable ; Inapplicable ; Inapplicable ; Inapplicable ; Inapplicable ; Pass      ; Inapplicable ; Inapplicable ; Pass      ; Pass      ; Inapplicable ; Inapplicable ; Inapplicable ; Inapplicable ; Inapplicable ; Inapplicable ; Inapplicable ; Inapplicable ; Inapplicable ; Inapplicable ; Inapplicable ; Inapplicable ; Inapplicable ; Inapplicable ; Inapplicable ; Pass      ; Inapplicable ; Inapplicable ; Inapplicable ; Inapplicable ; Inapplicable ;
; cpu_read_data_from_cache_o[15]    ; Inapplicable ; Inapplicable ; Inapplicable ; Inapplicable ; Inapplicable ; Pass      ; Inapplicable ; Inapplicable ; Pass      ; Pass      ; Inapplicable ; Inapplicable ; Inapplicable ; Inapplicable ; Inapplicable ; Inapplicable ; Inapplicable ; Inapplicable ; Inapplicable ; Inapplicable ; Inapplicable ; Inapplicable ; Inapplicable ; Inapplicable ; Inapplicable ; Pass      ; Inapplicable ; Inapplicable ; Inapplicable ; Inapplicable ; Inapplicable ;
; cpu_cache_response_ready_o        ; Inapplicable ; Inapplicable ; Inapplicable ; Inapplicable ; Inapplicable ; Pass      ; Inapplicable ; Inapplicable ; Pass      ; Pass      ; Inapplicable ; Inapplicable ; Inapplicable ; Inapplicable ; Inapplicable ; Inapplicable ; Inapplicable ; Inapplicable ; Inapplicable ; Inapplicable ; Inapplicable ; Inapplicable ; Inapplicable ; Inapplicable ; Inapplicable ; Pass      ; Inapplicable ; Inapplicable ; Inapplicable ; Inapplicable ; Inapplicable ;
; cache_hit_signal_o                ; Inapplicable ; Inapplicable ; Inapplicable ; Inapplicable ; Inapplicable ; Pass      ; Inapplicable ; Inapplicable ; Pass      ; Pass      ; Inapplicable ; Inapplicable ; Inapplicable ; Inapplicable ; Inapplicable ; Inapplicable ; Inapplicable ; Inapplicable ; Inapplicable ; Inapplicable ; Inapplicable ; Inapplicable ; Inapplicable ; Inapplicable ; Inapplicable ; Pass      ; Inapplicable ; Inapplicable ; Inapplicable ; Inapplicable ; Inapplicable ;
; cache_miss_signal_o               ; Inapplicable ; Inapplicable ; Inapplicable ; Inapplicable ; Inapplicable ; Pass      ; Inapplicable ; Inapplicable ; Pass      ; Pass      ; Inapplicable ; Inapplicable ; Inapplicable ; Inapplicable ; Inapplicable ; Inapplicable ; Inapplicable ; Inapplicable ; Inapplicable ; Inapplicable ; Inapplicable ; Inapplicable ; Inapplicable ; Inapplicable ; Inapplicable ; Pass      ; Inapplicable ; Inapplicable ; Inapplicable ; Inapplicable ; Inapplicable ;
; memory_request_from_cache_debug_o ; Inapplicable ; Inapplicable ; Inapplicable ; Inapplicable ; Inapplicable ; Pass      ; Inapplicable ; Inapplicable ; Pass      ; Pass      ; Inapplicable ; Inapplicable ; Inapplicable ; Inapplicable ; Inapplicable ; Inapplicable ; Inapplicable ; Inapplicable ; Inapplicable ; Inapplicable ; Inapplicable ; Inapplicable ; Inapplicable ; Inapplicable ; Inapplicable ; Pass      ; Inapplicable ; Inapplicable ; Inapplicable ; Inapplicable ; Inapplicable ;
; memory_write_enable_debug_o       ; Inapplicable ; Inapplicable ; Inapplicable ; Inapplicable ; Inapplicable ; Pass      ; Inapplicable ; Inapplicable ; Pass      ; Pass      ; Inapplicable ; Inapplicable ; Inapplicable ; Inapplicable ; Inapplicable ; Inapplicable ; Inapplicable ; Inapplicable ; Inapplicable ; Inapplicable ; Inapplicable ; Inapplicable ; Inapplicable ; Inapplicable ; Inapplicable ; Pass      ; Inapplicable ; Inapplicable ; Inapplicable ; Inapplicable ; Inapplicable ;
; memory_address_debug_o[0]         ; Inapplicable ; Inapplicable ; Inapplicable ; Inapplicable ; Inapplicable ; Pass      ; Inapplicable ; Inapplicable ; Pass      ; Pass      ; Inapplicable ; Inapplicable ; Inapplicable ; Inapplicable ; Inapplicable ; Inapplicable ; Inapplicable ; Inapplicable ; Inapplicable ; Inapplicable ; Inapplicable ; Inapplicable ; Inapplicable ; Inapplicable ; Inapplicable ; Pass      ; Inapplicable ; Inapplicable ; Inapplicable ; Inapplicable ; Inapplicable ;
; memory_address_debug_o[1]         ; Inapplicable ; Inapplicable ; Inapplicable ; Inapplicable ; Inapplicable ; Pass      ; Inapplicable ; Inapplicable ; Pass      ; Pass      ; Inapplicable ; Inapplicable ; Inapplicable ; Inapplicable ; Inapplicable ; Inapplicable ; Inapplicable ; Inapplicable ; Inapplicable ; Inapplicable ; Inapplicable ; Inapplicable ; Inapplicable ; Inapplicable ; Inapplicable ; Pass      ; Inapplicable ; Inapplicable ; Inapplicable ; Inapplicable ; Inapplicable ;
; memory_address_debug_o[2]         ; Inapplicable ; Inapplicable ; Inapplicable ; Inapplicable ; Inapplicable ; Pass      ; Inapplicable ; Inapplicable ; Pass      ; Pass      ; Inapplicable ; Inapplicable ; Inapplicable ; Inapplicable ; Inapplicable ; Inapplicable ; Inapplicable ; Inapplicable ; Inapplicable ; Inapplicable ; Inapplicable ; Inapplicable ; Inapplicable ; Inapplicable ; Inapplicable ; Pass      ; Inapplicable ; Inapplicable ; Inapplicable ; Inapplicable ; Inapplicable ;
; memory_address_debug_o[3]         ; Inapplicable ; Inapplicable ; Inapplicable ; Inapplicable ; Inapplicable ; Pass      ; Inapplicable ; Inapplicable ; Pass      ; Pass      ; Inapplicable ; Inapplicable ; Inapplicable ; Inapplicable ; Inapplicable ; Inapplicable ; Inapplicable ; Inapplicable ; Inapplicable ; Inapplicable ; Inapplicable ; Inapplicable ; Inapplicable ; Inapplicable ; Inapplicable ; Pass      ; Inapplicable ; Inapplicable ; Inapplicable ; Inapplicable ; Inapplicable ;
; memory_address_debug_o[4]         ; Inapplicable ; Inapplicable ; Inapplicable ; Inapplicable ; Inapplicable ; Pass      ; Inapplicable ; Inapplicable ; Pass      ; Pass      ; Inapplicable ; Inapplicable ; Inapplicable ; Inapplicable ; Inapplicable ; Inapplicable ; Inapplicable ; Inapplicable ; Inapplicable ; Inapplicable ; Inapplicable ; Inapplicable ; Inapplicable ; Inapplicable ; Inapplicable ; Pass      ; Inapplicable ; Inapplicable ; Inapplicable ; Inapplicable ; Inapplicable ;
; memory_address_debug_o[5]         ; Inapplicable ; Inapplicable ; Inapplicable ; Inapplicable ; Inapplicable ; Pass      ; Inapplicable ; Inapplicable ; Pass      ; Pass      ; Inapplicable ; Inapplicable ; Inapplicable ; Inapplicable ; Inapplicable ; Inapplicable ; Inapplicable ; Inapplicable ; Inapplicable ; Inapplicable ; Inapplicable ; Inapplicable ; Inapplicable ; Inapplicable ; Inapplicable ; Pass      ; Inapplicable ; Inapplicable ; Inapplicable ; Inapplicable ; Inapplicable ;
; memory_address_debug_o[6]         ; Inapplicable ; Inapplicable ; Inapplicable ; Inapplicable ; Inapplicable ; Pass      ; Inapplicable ; Inapplicable ; Pass      ; Pass      ; Inapplicable ; Inapplicable ; Inapplicable ; Inapplicable ; Inapplicable ; Inapplicable ; Inapplicable ; Inapplicable ; Inapplicable ; Inapplicable ; Inapplicable ; Inapplicable ; Inapplicable ; Inapplicable ; Inapplicable ; Pass      ; Inapplicable ; Inapplicable ; Inapplicable ; Inapplicable ; Inapplicable ;
; memory_address_debug_o[7]         ; Inapplicable ; Inapplicable ; Inapplicable ; Inapplicable ; Inapplicable ; Pass      ; Inapplicable ; Inapplicable ; Pass      ; Pass      ; Inapplicable ; Inapplicable ; Inapplicable ; Inapplicable ; Inapplicable ; Inapplicable ; Inapplicable ; Inapplicable ; Inapplicable ; Inapplicable ; Inapplicable ; Inapplicable ; Inapplicable ; Inapplicable ; Inapplicable ; Pass      ; Inapplicable ; Inapplicable ; Inapplicable ; Inapplicable ; Inapplicable ;
; memory_address_debug_o[8]         ; Inapplicable ; Inapplicable ; Inapplicable ; Inapplicable ; Inapplicable ; Pass      ; Inapplicable ; Inapplicable ; Pass      ; Pass      ; Inapplicable ; Inapplicable ; Inapplicable ; Inapplicable ; Inapplicable ; Inapplicable ; Inapplicable ; Inapplicable ; Inapplicable ; Inapplicable ; Inapplicable ; Inapplicable ; Inapplicable ; Inapplicable ; Inapplicable ; Pass      ; Inapplicable ; Inapplicable ; Inapplicable ; Inapplicable ; Inapplicable ;
; memory_address_debug_o[9]         ; Inapplicable ; Inapplicable ; Inapplicable ; Inapplicable ; Inapplicable ; Pass      ; Inapplicable ; Inapplicable ; Pass      ; Pass      ; Inapplicable ; Inapplicable ; Inapplicable ; Inapplicable ; Inapplicable ; Inapplicable ; Inapplicable ; Inapplicable ; Inapplicable ; Inapplicable ; Inapplicable ; Inapplicable ; Inapplicable ; Inapplicable ; Inapplicable ; Pass      ; Inapplicable ; Inapplicable ; Inapplicable ; Inapplicable ; Inapplicable ;
; memory_address_debug_o[10]        ; Inapplicable ; Inapplicable ; Inapplicable ; Inapplicable ; Inapplicable ; Pass      ; Inapplicable ; Inapplicable ; Pass      ; Pass      ; Inapplicable ; Inapplicable ; Inapplicable ; Inapplicable ; Inapplicable ; Inapplicable ; Inapplicable ; Inapplicable ; Inapplicable ; Inapplicable ; Inapplicable ; Inapplicable ; Inapplicable ; Inapplicable ; Inapplicable ; Pass      ; Inapplicable ; Inapplicable ; Inapplicable ; Inapplicable ; Inapplicable ;
; memory_address_debug_o[11]        ; Inapplicable ; Inapplicable ; Inapplicable ; Inapplicable ; Inapplicable ; Pass      ; Inapplicable ; Inapplicable ; Pass      ; Pass      ; Inapplicable ; Inapplicable ; Inapplicable ; Inapplicable ; Inapplicable ; Inapplicable ; Inapplicable ; Inapplicable ; Inapplicable ; Inapplicable ; Inapplicable ; Inapplicable ; Inapplicable ; Inapplicable ; Inapplicable ; Pass      ; Inapplicable ; Inapplicable ; Inapplicable ; Inapplicable ; Inapplicable ;
; memory_address_debug_o[12]        ; Inapplicable ; Inapplicable ; Inapplicable ; Inapplicable ; Inapplicable ; Pass      ; Inapplicable ; Inapplicable ; Pass      ; Pass      ; Inapplicable ; Inapplicable ; Inapplicable ; Inapplicable ; Inapplicable ; Inapplicable ; Inapplicable ; Inapplicable ; Inapplicable ; Inapplicable ; Inapplicable ; Inapplicable ; Inapplicable ; Inapplicable ; Inapplicable ; Pass      ; Inapplicable ; Inapplicable ; Inapplicable ; Inapplicable ; Inapplicable ;
; memory_address_debug_o[13]        ; Inapplicable ; Inapplicable ; Inapplicable ; Inapplicable ; Inapplicable ; Pass      ; Inapplicable ; Inapplicable ; Pass      ; Pass      ; Inapplicable ; Inapplicable ; Inapplicable ; Inapplicable ; Inapplicable ; Inapplicable ; Inapplicable ; Inapplicable ; Inapplicable ; Inapplicable ; Inapplicable ; Inapplicable ; Inapplicable ; Inapplicable ; Inapplicable ; Pass      ; Inapplicable ; Inapplicable ; Inapplicable ; Inapplicable ; Inapplicable ;
; memory_address_debug_o[14]        ; Inapplicable ; Inapplicable ; Inapplicable ; Inapplicable ; Inapplicable ; Pass      ; Inapplicable ; Inapplicable ; Pass      ; Pass      ; Inapplicable ; Inapplicable ; Inapplicable ; Inapplicable ; Inapplicable ; Inapplicable ; Inapplicable ; Inapplicable ; Inapplicable ; Inapplicable ; Inapplicable ; Inapplicable ; Inapplicable ; Inapplicable ; Inapplicable ; Pass      ; Inapplicable ; Inapplicable ; Inapplicable ; Inapplicable ; Inapplicable ;
; memory_address_debug_o[15]        ; Inapplicable ; Inapplicable ; Inapplicable ; Inapplicable ; Inapplicable ; Pass      ; Inapplicable ; Inapplicable ; Pass      ; Pass      ; Inapplicable ; Inapplicable ; Inapplicable ; Inapplicable ; Inapplicable ; Inapplicable ; Inapplicable ; Inapplicable ; Inapplicable ; Inapplicable ; Inapplicable ; Inapplicable ; Inapplicable ; Inapplicable ; Inapplicable ; Pass      ; Inapplicable ; Inapplicable ; Inapplicable ; Inapplicable ; Inapplicable ;
; memory_data_debug_o[0]            ; Inapplicable ; Inapplicable ; Inapplicable ; Inapplicable ; Inapplicable ; Pass      ; Inapplicable ; Inapplicable ; Pass      ; Pass      ; Inapplicable ; Inapplicable ; Inapplicable ; Inapplicable ; Inapplicable ; Inapplicable ; Inapplicable ; Inapplicable ; Inapplicable ; Inapplicable ; Inapplicable ; Inapplicable ; Inapplicable ; Inapplicable ; Inapplicable ; Pass      ; Inapplicable ; Inapplicable ; Inapplicable ; Inapplicable ; Inapplicable ;
; memory_data_debug_o[1]            ; Inapplicable ; Inapplicable ; Inapplicable ; Inapplicable ; Inapplicable ; Pass      ; Inapplicable ; Inapplicable ; Pass      ; Pass      ; Inapplicable ; Inapplicable ; Inapplicable ; Inapplicable ; Inapplicable ; Inapplicable ; Inapplicable ; Inapplicable ; Inapplicable ; Inapplicable ; Inapplicable ; Inapplicable ; Inapplicable ; Inapplicable ; Inapplicable ; Pass      ; Inapplicable ; Inapplicable ; Inapplicable ; Inapplicable ; Inapplicable ;
; memory_data_debug_o[2]            ; Inapplicable ; Inapplicable ; Inapplicable ; Inapplicable ; Inapplicable ; Pass      ; Inapplicable ; Inapplicable ; Pass      ; Pass      ; Inapplicable ; Inapplicable ; Inapplicable ; Inapplicable ; Inapplicable ; Inapplicable ; Inapplicable ; Inapplicable ; Inapplicable ; Inapplicable ; Inapplicable ; Inapplicable ; Inapplicable ; Inapplicable ; Inapplicable ; Pass      ; Inapplicable ; Inapplicable ; Inapplicable ; Inapplicable ; Inapplicable ;
; memory_data_debug_o[3]            ; Inapplicable ; Inapplicable ; Inapplicable ; Inapplicable ; Inapplicable ; Pass      ; Inapplicable ; Inapplicable ; Pass      ; Pass      ; Inapplicable ; Inapplicable ; Inapplicable ; Inapplicable ; Inapplicable ; Inapplicable ; Inapplicable ; Inapplicable ; Inapplicable ; Inapplicable ; Inapplicable ; Inapplicable ; Inapplicable ; Inapplicable ; Inapplicable ; Pass      ; Inapplicable ; Inapplicable ; Inapplicable ; Inapplicable ; Inapplicable ;
; memory_data_debug_o[4]            ; Inapplicable ; Inapplicable ; Inapplicable ; Inapplicable ; Inapplicable ; Pass      ; Inapplicable ; Inapplicable ; Pass      ; Pass      ; Inapplicable ; Inapplicable ; Inapplicable ; Inapplicable ; Inapplicable ; Inapplicable ; Inapplicable ; Inapplicable ; Inapplicable ; Inapplicable ; Inapplicable ; Inapplicable ; Inapplicable ; Inapplicable ; Inapplicable ; Pass      ; Inapplicable ; Inapplicable ; Inapplicable ; Inapplicable ; Inapplicable ;
; memory_data_debug_o[5]            ; Inapplicable ; Inapplicable ; Inapplicable ; Inapplicable ; Inapplicable ; Pass      ; Inapplicable ; Inapplicable ; Pass      ; Pass      ; Inapplicable ; Inapplicable ; Inapplicable ; Inapplicable ; Inapplicable ; Inapplicable ; Inapplicable ; Inapplicable ; Inapplicable ; Inapplicable ; Inapplicable ; Inapplicable ; Inapplicable ; Inapplicable ; Inapplicable ; Pass      ; Inapplicable ; Inapplicable ; Inapplicable ; Inapplicable ; Inapplicable ;
; memory_data_debug_o[6]            ; Inapplicable ; Inapplicable ; Inapplicable ; Inapplicable ; Inapplicable ; Pass      ; Inapplicable ; Inapplicable ; Pass      ; Pass      ; Inapplicable ; Inapplicable ; Inapplicable ; Inapplicable ; Inapplicable ; Inapplicable ; Inapplicable ; Inapplicable ; Inapplicable ; Inapplicable ; Inapplicable ; Inapplicable ; Inapplicable ; Inapplicable ; Inapplicable ; Pass      ; Inapplicable ; Inapplicable ; Inapplicable ; Inapplicable ; Inapplicable ;
; memory_data_debug_o[7]            ; Inapplicable ; Inapplicable ; Inapplicable ; Inapplicable ; Inapplicable ; Pass      ; Inapplicable ; Inapplicable ; Pass      ; Pass      ; Inapplicable ; Inapplicable ; Inapplicable ; Inapplicable ; Inapplicable ; Inapplicable ; Inapplicable ; Inapplicable ; Inapplicable ; Inapplicable ; Inapplicable ; Inapplicable ; Inapplicable ; Inapplicable ; Inapplicable ; Pass      ; Inapplicable ; Inapplicable ; Inapplicable ; Inapplicable ; Inapplicable ;
; memory_data_debug_o[8]            ; Inapplicable ; Inapplicable ; Inapplicable ; Inapplicable ; Inapplicable ; Pass      ; Inapplicable ; Inapplicable ; Pass      ; Pass      ; Inapplicable ; Inapplicable ; Inapplicable ; Inapplicable ; Inapplicable ; Inapplicable ; Inapplicable ; Inapplicable ; Inapplicable ; Inapplicable ; Inapplicable ; Inapplicable ; Inapplicable ; Inapplicable ; Inapplicable ; Pass      ; Inapplicable ; Inapplicable ; Inapplicable ; Inapplicable ; Inapplicable ;
; memory_data_debug_o[9]            ; Inapplicable ; Inapplicable ; Inapplicable ; Inapplicable ; Inapplicable ; Pass      ; Inapplicable ; Inapplicable ; Pass      ; Pass      ; Inapplicable ; Inapplicable ; Inapplicable ; Inapplicable ; Inapplicable ; Inapplicable ; Inapplicable ; Inapplicable ; Inapplicable ; Inapplicable ; Inapplicable ; Inapplicable ; Inapplicable ; Inapplicable ; Inapplicable ; Pass      ; Inapplicable ; Inapplicable ; Inapplicable ; Inapplicable ; Inapplicable ;
; memory_data_debug_o[10]           ; Inapplicable ; Inapplicable ; Inapplicable ; Inapplicable ; Inapplicable ; Pass      ; Inapplicable ; Inapplicable ; Pass      ; Pass      ; Inapplicable ; Inapplicable ; Inapplicable ; Inapplicable ; Inapplicable ; Inapplicable ; Inapplicable ; Inapplicable ; Inapplicable ; Inapplicable ; Inapplicable ; Inapplicable ; Inapplicable ; Inapplicable ; Inapplicable ; Pass      ; Inapplicable ; Inapplicable ; Inapplicable ; Inapplicable ; Inapplicable ;
; memory_data_debug_o[11]           ; Inapplicable ; Inapplicable ; Inapplicable ; Inapplicable ; Inapplicable ; Pass      ; Inapplicable ; Inapplicable ; Pass      ; Pass      ; Inapplicable ; Inapplicable ; Inapplicable ; Inapplicable ; Inapplicable ; Inapplicable ; Inapplicable ; Inapplicable ; Inapplicable ; Inapplicable ; Inapplicable ; Inapplicable ; Inapplicable ; Inapplicable ; Inapplicable ; Pass      ; Inapplicable ; Inapplicable ; Inapplicable ; Inapplicable ; Inapplicable ;
; memory_data_debug_o[12]           ; Inapplicable ; Inapplicable ; Inapplicable ; Inapplicable ; Inapplicable ; Pass      ; Inapplicable ; Inapplicable ; Pass      ; Pass      ; Inapplicable ; Inapplicable ; Inapplicable ; Inapplicable ; Inapplicable ; Inapplicable ; Inapplicable ; Inapplicable ; Inapplicable ; Inapplicable ; Inapplicable ; Inapplicable ; Inapplicable ; Inapplicable ; Inapplicable ; Pass      ; Inapplicable ; Inapplicable ; Inapplicable ; Inapplicable ; Inapplicable ;
; memory_data_debug_o[13]           ; Inapplicable ; Inapplicable ; Inapplicable ; Inapplicable ; Inapplicable ; Pass      ; Inapplicable ; Inapplicable ; Pass      ; Pass      ; Inapplicable ; Inapplicable ; Inapplicable ; Inapplicable ; Inapplicable ; Inapplicable ; Inapplicable ; Inapplicable ; Inapplicable ; Inapplicable ; Inapplicable ; Inapplicable ; Inapplicable ; Inapplicable ; Inapplicable ; Pass      ; Inapplicable ; Inapplicable ; Inapplicable ; Inapplicable ; Inapplicable ;
; memory_data_debug_o[14]           ; Inapplicable ; Inapplicable ; Inapplicable ; Inapplicable ; Inapplicable ; Pass      ; Inapplicable ; Inapplicable ; Pass      ; Pass      ; Inapplicable ; Inapplicable ; Inapplicable ; Inapplicable ; Inapplicable ; Inapplicable ; Inapplicable ; Inapplicable ; Inapplicable ; Inapplicable ; Inapplicable ; Inapplicable ; Inapplicable ; Inapplicable ; Inapplicable ; Pass      ; Inapplicable ; Inapplicable ; Inapplicable ; Inapplicable ; Inapplicable ;
; memory_data_debug_o[15]           ; Inapplicable ; Inapplicable ; Inapplicable ; Inapplicable ; Inapplicable ; Pass      ; Inapplicable ; Inapplicable ; Pass      ; Pass      ; Inapplicable ; Inapplicable ; Inapplicable ; Inapplicable ; Inapplicable ; Inapplicable ; Inapplicable ; Inapplicable ; Inapplicable ; Inapplicable ; Inapplicable ; Inapplicable ; Inapplicable ; Inapplicable ; Inapplicable ; Pass      ; Inapplicable ; Inapplicable ; Inapplicable ; Inapplicable ; Inapplicable ;
; clock_i                           ; Inapplicable ; Inapplicable ; Inapplicable ; Inapplicable ; Inapplicable ; Pass      ; Inapplicable ; Inapplicable ; Pass      ; Pass      ; Inapplicable ; Inapplicable ; Inapplicable ; Inapplicable ; Inapplicable ; Inapplicable ; Inapplicable ; Inapplicable ; Inapplicable ; Inapplicable ; Inapplicable ; Inapplicable ; Inapplicable ; Inapplicable ; Inapplicable ; Pass      ; Inapplicable ; Inapplicable ; Inapplicable ; Inapplicable ; Inapplicable ;
; cpu_address_tag_set_i[0]          ; Inapplicable ; Inapplicable ; Inapplicable ; Inapplicable ; Inapplicable ; Pass      ; Inapplicable ; Inapplicable ; Pass      ; Pass      ; Inapplicable ; Inapplicable ; Inapplicable ; Inapplicable ; Inapplicable ; Inapplicable ; Inapplicable ; Inapplicable ; Inapplicable ; Inapplicable ; Inapplicable ; Inapplicable ; Inapplicable ; Inapplicable ; Inapplicable ; Pass      ; Inapplicable ; Inapplicable ; Inapplicable ; Inapplicable ; Inapplicable ;
; cpu_address_tag_set_i[2]          ; Inapplicable ; Inapplicable ; Inapplicable ; Inapplicable ; Inapplicable ; Pass      ; Inapplicable ; Inapplicable ; Pass      ; Pass      ; Inapplicable ; Inapplicable ; Inapplicable ; Inapplicable ; Inapplicable ; Inapplicable ; Inapplicable ; Inapplicable ; Inapplicable ; Inapplicable ; Inapplicable ; Inapplicable ; Inapplicable ; Inapplicable ; Inapplicable ; Pass      ; Inapplicable ; Inapplicable ; Inapplicable ; Inapplicable ; Inapplicable ;
; cpu_address_tag_set_i[1]          ; Inapplicable ; Inapplicable ; Inapplicable ; Inapplicable ; Inapplicable ; Pass      ; Inapplicable ; Inapplicable ; Pass      ; Pass      ; Inapplicable ; Inapplicable ; Inapplicable ; Inapplicable ; Inapplicable ; Inapplicable ; Inapplicable ; Inapplicable ; Inapplicable ; Inapplicable ; Inapplicable ; Inapplicable ; Inapplicable ; Inapplicable ; Inapplicable ; Pass      ; Inapplicable ; Inapplicable ; Inapplicable ; Inapplicable ; Inapplicable ;
; reset_i                           ; Inapplicable ; Inapplicable ; Inapplicable ; Inapplicable ; Inapplicable ; Pass      ; Inapplicable ; Inapplicable ; Pass      ; Pass      ; Inapplicable ; Inapplicable ; Inapplicable ; Inapplicable ; Inapplicable ; Inapplicable ; Inapplicable ; Inapplicable ; Inapplicable ; Inapplicable ; Inapplicable ; Inapplicable ; Inapplicable ; Inapplicable ; Inapplicable ; Pass      ; Inapplicable ; Inapplicable ; Inapplicable ; Inapplicable ; Inapplicable ;
; cpu_write_enable_i                ; Inapplicable ; Inapplicable ; Inapplicable ; Inapplicable ; Inapplicable ; Pass      ; Inapplicable ; Inapplicable ; Pass      ; Pass      ; Inapplicable ; Inapplicable ; Inapplicable ; Inapplicable ; Inapplicable ; Inapplicable ; Inapplicable ; Inapplicable ; Inapplicable ; Inapplicable ; Inapplicable ; Inapplicable ; Inapplicable ; Inapplicable ; Inapplicable ; Pass      ; Inapplicable ; Inapplicable ; Inapplicable ; Inapplicable ; Inapplicable ;
; cpu_address_tag_set_i[15]         ; Inapplicable ; Inapplicable ; Inapplicable ; Inapplicable ; Inapplicable ; Pass      ; Inapplicable ; Inapplicable ; Pass      ; Pass      ; Inapplicable ; Inapplicable ; Inapplicable ; Inapplicable ; Inapplicable ; Inapplicable ; Inapplicable ; Inapplicable ; Inapplicable ; Inapplicable ; Inapplicable ; Inapplicable ; Inapplicable ; Inapplicable ; Inapplicable ; Pass      ; Inapplicable ; Inapplicable ; Inapplicable ; Inapplicable ; Inapplicable ;
; cpu_address_tag_set_i[8]          ; Inapplicable ; Inapplicable ; Inapplicable ; Inapplicable ; Inapplicable ; Pass      ; Inapplicable ; Inapplicable ; Pass      ; Pass      ; Inapplicable ; Inapplicable ; Inapplicable ; Inapplicable ; Inapplicable ; Inapplicable ; Inapplicable ; Inapplicable ; Inapplicable ; Inapplicable ; Inapplicable ; Inapplicable ; Inapplicable ; Inapplicable ; Inapplicable ; Pass      ; Inapplicable ; Inapplicable ; Inapplicable ; Inapplicable ; Inapplicable ;
; cpu_address_tag_set_i[7]          ; Inapplicable ; Inapplicable ; Inapplicable ; Inapplicable ; Inapplicable ; Pass      ; Inapplicable ; Inapplicable ; Pass      ; Pass      ; Inapplicable ; Inapplicable ; Inapplicable ; Inapplicable ; Inapplicable ; Inapplicable ; Inapplicable ; Inapplicable ; Inapplicable ; Inapplicable ; Inapplicable ; Inapplicable ; Inapplicable ; Inapplicable ; Inapplicable ; Pass      ; Inapplicable ; Inapplicable ; Inapplicable ; Inapplicable ; Inapplicable ;
; cpu_address_tag_set_i[6]          ; Inapplicable ; Inapplicable ; Inapplicable ; Inapplicable ; Inapplicable ; Pass      ; Inapplicable ; Inapplicable ; Pass      ; Pass      ; Inapplicable ; Inapplicable ; Inapplicable ; Inapplicable ; Inapplicable ; Inapplicable ; Inapplicable ; Inapplicable ; Inapplicable ; Inapplicable ; Inapplicable ; Inapplicable ; Inapplicable ; Inapplicable ; Inapplicable ; Pass      ; Inapplicable ; Inapplicable ; Inapplicable ; Inapplicable ; Inapplicable ;
; cpu_address_tag_set_i[5]          ; Inapplicable ; Inapplicable ; Inapplicable ; Inapplicable ; Inapplicable ; Pass      ; Inapplicable ; Inapplicable ; Pass      ; Pass      ; Inapplicable ; Inapplicable ; Inapplicable ; Inapplicable ; Inapplicable ; Inapplicable ; Inapplicable ; Inapplicable ; Inapplicable ; Inapplicable ; Inapplicable ; Inapplicable ; Inapplicable ; Inapplicable ; Inapplicable ; Pass      ; Inapplicable ; Inapplicable ; Inapplicable ; Inapplicable ; Inapplicable ;
; cpu_address_tag_set_i[4]          ; Inapplicable ; Inapplicable ; Inapplicable ; Inapplicable ; Inapplicable ; Pass      ; Inapplicable ; Inapplicable ; Pass      ; Pass      ; Inapplicable ; Inapplicable ; Inapplicable ; Inapplicable ; Inapplicable ; Inapplicable ; Inapplicable ; Inapplicable ; Inapplicable ; Inapplicable ; Inapplicable ; Inapplicable ; Inapplicable ; Inapplicable ; Inapplicable ; Pass      ; Inapplicable ; Inapplicable ; Inapplicable ; Inapplicable ; Inapplicable ;
; cpu_address_tag_set_i[3]          ; Inapplicable ; Inapplicable ; Inapplicable ; Inapplicable ; Inapplicable ; Pass      ; Inapplicable ; Inapplicable ; Pass      ; Pass      ; Inapplicable ; Inapplicable ; Inapplicable ; Inapplicable ; Inapplicable ; Inapplicable ; Inapplicable ; Inapplicable ; Inapplicable ; Inapplicable ; Inapplicable ; Inapplicable ; Inapplicable ; Inapplicable ; Inapplicable ; Pass      ; Inapplicable ; Inapplicable ; Inapplicable ; Inapplicable ; Inapplicable ;
; cpu_address_tag_set_i[14]         ; Inapplicable ; Inapplicable ; Inapplicable ; Inapplicable ; Inapplicable ; Pass      ; Inapplicable ; Inapplicable ; Pass      ; Pass      ; Inapplicable ; Inapplicable ; Inapplicable ; Inapplicable ; Inapplicable ; Inapplicable ; Inapplicable ; Inapplicable ; Inapplicable ; Inapplicable ; Inapplicable ; Inapplicable ; Inapplicable ; Inapplicable ; Inapplicable ; Pass      ; Inapplicable ; Inapplicable ; Inapplicable ; Inapplicable ; Inapplicable ;
; cpu_address_tag_set_i[13]         ; Inapplicable ; Inapplicable ; Inapplicable ; Inapplicable ; Inapplicable ; Pass      ; Inapplicable ; Inapplicable ; Pass      ; Pass      ; Inapplicable ; Inapplicable ; Inapplicable ; Inapplicable ; Inapplicable ; Inapplicable ; Inapplicable ; Inapplicable ; Inapplicable ; Inapplicable ; Inapplicable ; Inapplicable ; Inapplicable ; Inapplicable ; Inapplicable ; Pass      ; Inapplicable ; Inapplicable ; Inapplicable ; Inapplicable ; Inapplicable ;
; cpu_address_tag_set_i[12]         ; Inapplicable ; Inapplicable ; Inapplicable ; Inapplicable ; Inapplicable ; Pass      ; Inapplicable ; Inapplicable ; Pass      ; Pass      ; Inapplicable ; Inapplicable ; Inapplicable ; Inapplicable ; Inapplicable ; Inapplicable ; Inapplicable ; Inapplicable ; Inapplicable ; Inapplicable ; Inapplicable ; Inapplicable ; Inapplicable ; Inapplicable ; Inapplicable ; Pass      ; Inapplicable ; Inapplicable ; Inapplicable ; Inapplicable ; Inapplicable ;
; cpu_address_tag_set_i[11]         ; Inapplicable ; Inapplicable ; Inapplicable ; Inapplicable ; Inapplicable ; Pass      ; Inapplicable ; Inapplicable ; Pass      ; Pass      ; Inapplicable ; Inapplicable ; Inapplicable ; Inapplicable ; Inapplicable ; Inapplicable ; Inapplicable ; Inapplicable ; Inapplicable ; Inapplicable ; Inapplicable ; Inapplicable ; Inapplicable ; Inapplicable ; Inapplicable ; Pass      ; Inapplicable ; Inapplicable ; Inapplicable ; Inapplicable ; Inapplicable ;
; cpu_address_tag_set_i[9]          ; Inapplicable ; Inapplicable ; Inapplicable ; Inapplicable ; Inapplicable ; Pass      ; Inapplicable ; Inapplicable ; Pass      ; Pass      ; Inapplicable ; Inapplicable ; Inapplicable ; Inapplicable ; Inapplicable ; Inapplicable ; Inapplicable ; Inapplicable ; Inapplicable ; Inapplicable ; Inapplicable ; Inapplicable ; Inapplicable ; Inapplicable ; Inapplicable ; Pass      ; Inapplicable ; Inapplicable ; Inapplicable ; Inapplicable ; Inapplicable ;
; cpu_address_tag_set_i[10]         ; Inapplicable ; Inapplicable ; Inapplicable ; Inapplicable ; Inapplicable ; Pass      ; Inapplicable ; Inapplicable ; Pass      ; Pass      ; Inapplicable ; Inapplicable ; Inapplicable ; Inapplicable ; Inapplicable ; Inapplicable ; Inapplicable ; Inapplicable ; Inapplicable ; Inapplicable ; Inapplicable ; Inapplicable ; Inapplicable ; Inapplicable ; Inapplicable ; Pass      ; Inapplicable ; Inapplicable ; Inapplicable ; Inapplicable ; Inapplicable ;
; cpu_cache_request_i               ; Inapplicable ; Inapplicable ; Inapplicable ; Inapplicable ; Inapplicable ; Pass      ; Inapplicable ; Inapplicable ; Pass      ; Pass      ; Inapplicable ; Inapplicable ; Inapplicable ; Inapplicable ; Inapplicable ; Inapplicable ; Inapplicable ; Inapplicable ; Inapplicable ; Inapplicable ; Inapplicable ; Inapplicable ; Inapplicable ; Inapplicable ; Inapplicable ; Pass      ; Inapplicable ; Inapplicable ; Inapplicable ; Inapplicable ; Inapplicable ;
; cpu_write_data_to_cache_i[0]      ; Inapplicable ; Inapplicable ; Inapplicable ; Inapplicable ; Inapplicable ; Pass      ; Inapplicable ; Inapplicable ; Pass      ; Pass      ; Inapplicable ; Inapplicable ; Inapplicable ; Inapplicable ; Inapplicable ; Inapplicable ; Inapplicable ; Inapplicable ; Inapplicable ; Inapplicable ; Inapplicable ; Inapplicable ; Inapplicable ; Inapplicable ; Inapplicable ; Pass      ; Inapplicable ; Inapplicable ; Inapplicable ; Inapplicable ; Inapplicable ;
; cpu_write_data_to_cache_i[1]      ; Inapplicable ; Inapplicable ; Inapplicable ; Inapplicable ; Inapplicable ; Pass      ; Inapplicable ; Inapplicable ; Pass      ; Pass      ; Inapplicable ; Inapplicable ; Inapplicable ; Inapplicable ; Inapplicable ; Inapplicable ; Inapplicable ; Inapplicable ; Inapplicable ; Inapplicable ; Inapplicable ; Inapplicable ; Inapplicable ; Inapplicable ; Inapplicable ; Pass      ; Inapplicable ; Inapplicable ; Inapplicable ; Inapplicable ; Inapplicable ;
; cpu_write_data_to_cache_i[2]      ; Inapplicable ; Inapplicable ; Inapplicable ; Inapplicable ; Inapplicable ; Pass      ; Inapplicable ; Inapplicable ; Pass      ; Pass      ; Inapplicable ; Inapplicable ; Inapplicable ; Inapplicable ; Inapplicable ; Inapplicable ; Inapplicable ; Inapplicable ; Inapplicable ; Inapplicable ; Inapplicable ; Inapplicable ; Inapplicable ; Inapplicable ; Inapplicable ; Pass      ; Inapplicable ; Inapplicable ; Inapplicable ; Inapplicable ; Inapplicable ;
; cpu_write_data_to_cache_i[3]      ; Inapplicable ; Inapplicable ; Inapplicable ; Inapplicable ; Inapplicable ; Pass      ; Inapplicable ; Inapplicable ; Pass      ; Pass      ; Inapplicable ; Inapplicable ; Inapplicable ; Inapplicable ; Inapplicable ; Inapplicable ; Inapplicable ; Inapplicable ; Inapplicable ; Inapplicable ; Inapplicable ; Inapplicable ; Inapplicable ; Inapplicable ; Inapplicable ; Pass      ; Inapplicable ; Inapplicable ; Inapplicable ; Inapplicable ; Inapplicable ;
; cpu_write_data_to_cache_i[4]      ; Inapplicable ; Inapplicable ; Inapplicable ; Inapplicable ; Inapplicable ; Pass      ; Inapplicable ; Inapplicable ; Pass      ; Pass      ; Inapplicable ; Inapplicable ; Inapplicable ; Inapplicable ; Inapplicable ; Inapplicable ; Inapplicable ; Inapplicable ; Inapplicable ; Inapplicable ; Inapplicable ; Inapplicable ; Inapplicable ; Inapplicable ; Inapplicable ; Pass      ; Inapplicable ; Inapplicable ; Inapplicable ; Inapplicable ; Inapplicable ;
; cpu_write_data_to_cache_i[5]      ; Inapplicable ; Inapplicable ; Inapplicable ; Inapplicable ; Inapplicable ; Pass      ; Inapplicable ; Inapplicable ; Pass      ; Pass      ; Inapplicable ; Inapplicable ; Inapplicable ; Inapplicable ; Inapplicable ; Inapplicable ; Inapplicable ; Inapplicable ; Inapplicable ; Inapplicable ; Inapplicable ; Inapplicable ; Inapplicable ; Inapplicable ; Inapplicable ; Pass      ; Inapplicable ; Inapplicable ; Inapplicable ; Inapplicable ; Inapplicable ;
; cpu_write_data_to_cache_i[6]      ; Inapplicable ; Inapplicable ; Inapplicable ; Inapplicable ; Inapplicable ; Pass      ; Inapplicable ; Inapplicable ; Pass      ; Pass      ; Inapplicable ; Inapplicable ; Inapplicable ; Inapplicable ; Inapplicable ; Inapplicable ; Inapplicable ; Inapplicable ; Inapplicable ; Inapplicable ; Inapplicable ; Inapplicable ; Inapplicable ; Inapplicable ; Inapplicable ; Pass      ; Inapplicable ; Inapplicable ; Inapplicable ; Inapplicable ; Inapplicable ;
; cpu_write_data_to_cache_i[7]      ; Inapplicable ; Inapplicable ; Inapplicable ; Inapplicable ; Inapplicable ; Pass      ; Inapplicable ; Inapplicable ; Pass      ; Pass      ; Inapplicable ; Inapplicable ; Inapplicable ; Inapplicable ; Inapplicable ; Inapplicable ; Inapplicable ; Inapplicable ; Inapplicable ; Inapplicable ; Inapplicable ; Inapplicable ; Inapplicable ; Inapplicable ; Inapplicable ; Pass      ; Inapplicable ; Inapplicable ; Inapplicable ; Inapplicable ; Inapplicable ;
; cpu_write_data_to_cache_i[8]      ; Inapplicable ; Inapplicable ; Inapplicable ; Inapplicable ; Inapplicable ; Pass      ; Inapplicable ; Inapplicable ; Pass      ; Pass      ; Inapplicable ; Inapplicable ; Inapplicable ; Inapplicable ; Inapplicable ; Inapplicable ; Inapplicable ; Inapplicable ; Inapplicable ; Inapplicable ; Inapplicable ; Inapplicable ; Inapplicable ; Inapplicable ; Inapplicable ; Pass      ; Inapplicable ; Inapplicable ; Inapplicable ; Inapplicable ; Inapplicable ;
; cpu_write_data_to_cache_i[9]      ; Inapplicable ; Inapplicable ; Inapplicable ; Inapplicable ; Inapplicable ; Pass      ; Inapplicable ; Inapplicable ; Pass      ; Pass      ; Inapplicable ; Inapplicable ; Inapplicable ; Inapplicable ; Inapplicable ; Inapplicable ; Inapplicable ; Inapplicable ; Inapplicable ; Inapplicable ; Inapplicable ; Inapplicable ; Inapplicable ; Inapplicable ; Inapplicable ; Pass      ; Inapplicable ; Inapplicable ; Inapplicable ; Inapplicable ; Inapplicable ;
; cpu_write_data_to_cache_i[10]     ; Inapplicable ; Inapplicable ; Inapplicable ; Inapplicable ; Inapplicable ; Pass      ; Inapplicable ; Inapplicable ; Pass      ; Pass      ; Inapplicable ; Inapplicable ; Inapplicable ; Inapplicable ; Inapplicable ; Inapplicable ; Inapplicable ; Inapplicable ; Inapplicable ; Inapplicable ; Inapplicable ; Inapplicable ; Inapplicable ; Inapplicable ; Inapplicable ; Pass      ; Inapplicable ; Inapplicable ; Inapplicable ; Inapplicable ; Inapplicable ;
; cpu_write_data_to_cache_i[11]     ; Inapplicable ; Inapplicable ; Inapplicable ; Inapplicable ; Inapplicable ; Pass      ; Inapplicable ; Inapplicable ; Pass      ; Pass      ; Inapplicable ; Inapplicable ; Inapplicable ; Inapplicable ; Inapplicable ; Inapplicable ; Inapplicable ; Inapplicable ; Inapplicable ; Inapplicable ; Inapplicable ; Inapplicable ; Inapplicable ; Inapplicable ; Inapplicable ; Pass      ; Inapplicable ; Inapplicable ; Inapplicable ; Inapplicable ; Inapplicable ;
; cpu_write_data_to_cache_i[12]     ; Inapplicable ; Inapplicable ; Inapplicable ; Inapplicable ; Inapplicable ; Pass      ; Inapplicable ; Inapplicable ; Pass      ; Pass      ; Inapplicable ; Inapplicable ; Inapplicable ; Inapplicable ; Inapplicable ; Inapplicable ; Inapplicable ; Inapplicable ; Inapplicable ; Inapplicable ; Inapplicable ; Inapplicable ; Inapplicable ; Inapplicable ; Inapplicable ; Pass      ; Inapplicable ; Inapplicable ; Inapplicable ; Inapplicable ; Inapplicable ;
; cpu_write_data_to_cache_i[13]     ; Inapplicable ; Inapplicable ; Inapplicable ; Inapplicable ; Inapplicable ; Pass      ; Inapplicable ; Inapplicable ; Pass      ; Pass      ; Inapplicable ; Inapplicable ; Inapplicable ; Inapplicable ; Inapplicable ; Inapplicable ; Inapplicable ; Inapplicable ; Inapplicable ; Inapplicable ; Inapplicable ; Inapplicable ; Inapplicable ; Inapplicable ; Inapplicable ; Pass      ; Inapplicable ; Inapplicable ; Inapplicable ; Inapplicable ; Inapplicable ;
; cpu_write_data_to_cache_i[14]     ; Inapplicable ; Inapplicable ; Inapplicable ; Inapplicable ; Inapplicable ; Pass      ; Inapplicable ; Inapplicable ; Pass      ; Pass      ; Inapplicable ; Inapplicable ; Inapplicable ; Inapplicable ; Inapplicable ; Inapplicable ; Inapplicable ; Inapplicable ; Inapplicable ; Inapplicable ; Inapplicable ; Inapplicable ; Inapplicable ; Inapplicable ; Inapplicable ; Pass      ; Inapplicable ; Inapplicable ; Inapplicable ; Inapplicable ; Inapplicable ;
; cpu_write_data_to_cache_i[15]     ; Inapplicable ; Inapplicable ; Inapplicable ; Inapplicable ; Inapplicable ; Pass      ; Inapplicable ; Inapplicable ; Pass      ; Pass      ; Inapplicable ; Inapplicable ; Inapplicable ; Inapplicable ; Inapplicable ; Inapplicable ; Inapplicable ; Inapplicable ; Inapplicable ; Inapplicable ; Inapplicable ; Inapplicable ; Inapplicable ; Inapplicable ; Inapplicable ; Pass      ; Inapplicable ; Inapplicable ; Inapplicable ; Inapplicable ; Inapplicable ;
+-----------------------------------+--------------+--------------+--------------+--------------+--------------+-----------+--------------+--------------+-----------+-----------+--------------+--------------+--------------+--------------+--------------+--------------+--------------+--------------+--------------+--------------+--------------+--------------+--------------+--------------+--------------+-----------+--------------+--------------+--------------+--------------+--------------+


+--------------------------------------------------------------------+
; Fitter Device Options                                              ;
+----------------------------------------------+---------------------+
; Option                                       ; Setting             ;
+----------------------------------------------+---------------------+
; Enable user-supplied start-up clock (CLKUSR) ; Off                 ;
; Enable device-wide reset (DEV_CLRn)          ; Off                 ;
; Enable device-wide output enable (DEV_OE)    ; Off                 ;
; Enable INIT_DONE output                      ; Off                 ;
; Configuration scheme                         ; Passive Serial      ;
; Error detection CRC                          ; Off                 ;
; Configuration Voltage Level                  ; Auto                ;
; Force Configuration Voltage Level            ; Off                 ;
; nWS, nRS, nCS, CS                            ; Unreserved          ;
; RDYnBUSY                                     ; Unreserved          ;
; Data[7..1]                                   ; Unreserved          ;
; Data[0]                                      ; As input tri-stated ;
; ASDO,nCSO                                    ; Unreserved          ;
; Reserve all unused pins                      ; As input tri-stated ;
; Base pin-out file on sameframe device        ; Off                 ;
+----------------------------------------------+---------------------+


+------------------------------------+
; Operating Settings and Conditions  ;
+---------------------------+--------+
; Setting                   ; Value  ;
+---------------------------+--------+
; Nominal Core Voltage      ; 1.20 V ;
; Low Junction Temperature  ; 0 °C   ;
; High Junction Temperature ; 85 °C  ;
+---------------------------+--------+


+------------------------------------------------------------+
; Estimated Delay Added for Hold Timing                      ;
+-----------------+----------------------+-------------------+
; Source Clock(s) ; Destination Clock(s) ; Delay Added in ns ;
+-----------------+----------------------+-------------------+


+-----------------+
; Fitter Messages ;
+-----------------+
Info: *******************************************************************
Info: Running Quartus II Fitter
    Info: Version 9.1 Build 222 10/21/2009 SJ Web Edition
    Info: Processing started: Sun May 17 14:14:44 2026
Info: Command: quartus_fit --read_settings_files=off --write_settings_files=off lab8_cache -c lab8_cache
Info: Automatically selected device EP2S15F484C3 for design lab8_cache
Info: Fitter is performing an Auto Fit compilation, which may decrease Fitter effort to reduce compilation time
Warning: Feature LogicLock is only available with a valid subscription license. Please purchase a software subscription to gain full access to this feature.
Info: Device migration not selected. If you intend to use device migration later, you may need to change the pin assignments as they may be incompatible with other devices
Info: Fitter converted 1 user pins into dedicated programming pins
    Info: Pin ~DATA0~ is reserved at location E13
Info: Design uses memory blocks. Violating setup or hold times of memory block address registers for either read or write operations could cause memory contents to be corrupted. Make sure that all memory block address registers meet the setup and hold time requirements.
Critical Warning: No exact pin location assignment(s) for 89 pins of 89 total pins
    Info: Pin cpu_read_data_from_cache_o[0] not assigned to an exact location on the device
    Info: Pin cpu_read_data_from_cache_o[1] not assigned to an exact location on the device
    Info: Pin cpu_read_data_from_cache_o[2] not assigned to an exact location on the device
    Info: Pin cpu_read_data_from_cache_o[3] not assigned to an exact location on the device
    Info: Pin cpu_read_data_from_cache_o[4] not assigned to an exact location on the device
    Info: Pin cpu_read_data_from_cache_o[5] not assigned to an exact location on the device
    Info: Pin cpu_read_data_from_cache_o[6] not assigned to an exact location on the device
    Info: Pin cpu_read_data_from_cache_o[7] not assigned to an exact location on the device
    Info: Pin cpu_read_data_from_cache_o[8] not assigned to an exact location on the device
    Info: Pin cpu_read_data_from_cache_o[9] not assigned to an exact location on the device
    Info: Pin cpu_read_data_from_cache_o[10] not assigned to an exact location on the device
    Info: Pin cpu_read_data_from_cache_o[11] not assigned to an exact location on the device
    Info: Pin cpu_read_data_from_cache_o[12] not assigned to an exact location on the device
    Info: Pin cpu_read_data_from_cache_o[13] not assigned to an exact location on the device
    Info: Pin cpu_read_data_from_cache_o[14] not assigned to an exact location on the device
    Info: Pin cpu_read_data_from_cache_o[15] not assigned to an exact location on the device
    Info: Pin cpu_cache_response_ready_o not assigned to an exact location on the device
    Info: Pin cache_hit_signal_o not assigned to an exact location on the device
    Info: Pin cache_miss_signal_o not assigned to an exact location on the device
    Info: Pin memory_request_from_cache_debug_o not assigned to an exact location on the device
    Info: Pin memory_write_enable_debug_o not assigned to an exact location on the device
    Info: Pin memory_address_debug_o[0] not assigned to an exact location on the device
    Info: Pin memory_address_debug_o[1] not assigned to an exact location on the device
    Info: Pin memory_address_debug_o[2] not assigned to an exact location on the device
    Info: Pin memory_address_debug_o[3] not assigned to an exact location on the device
    Info: Pin memory_address_debug_o[4] not assigned to an exact location on the device
    Info: Pin memory_address_debug_o[5] not assigned to an exact location on the device
    Info: Pin memory_address_debug_o[6] not assigned to an exact location on the device
    Info: Pin memory_address_debug_o[7] not assigned to an exact location on the device
    Info: Pin memory_address_debug_o[8] not assigned to an exact location on the device
    Info: Pin memory_address_debug_o[9] not assigned to an exact location on the device
    Info: Pin memory_address_debug_o[10] not assigned to an exact location on the device
    Info: Pin memory_address_debug_o[11] not assigned to an exact location on the device
    Info: Pin memory_address_debug_o[12] not assigned to an exact location on the device
    Info: Pin memory_address_debug_o[13] not assigned to an exact location on the device
    Info: Pin memory_address_debug_o[14] not assigned to an exact location on the device
    Info: Pin memory_address_debug_o[15] not assigned to an exact location on the device
    Info: Pin memory_data_debug_o[0] not assigned to an exact location on the device
    Info: Pin memory_data_debug_o[1] not assigned to an exact location on the device
    Info: Pin memory_data_debug_o[2] not assigned to an exact location on the device
    Info: Pin memory_data_debug_o[3] not assigned to an exact location on the device
    Info: Pin memory_data_debug_o[4] not assigned to an exact location on the device
    Info: Pin memory_data_debug_o[5] not assigned to an exact location on the device
    Info: Pin memory_data_debug_o[6] not assigned to an exact location on the device
    Info: Pin memory_data_debug_o[7] not assigned to an exact location on the device
    Info: Pin memory_data_debug_o[8] not assigned to an exact location on the device
    Info: Pin memory_data_debug_o[9] not assigned to an exact location on the device
    Info: Pin memory_data_debug_o[10] not assigned to an exact location on the device
    Info: Pin memory_data_debug_o[11] not assigned to an exact location on the device
    Info: Pin memory_data_debug_o[12] not assigned to an exact location on the device
    Info: Pin memory_data_debug_o[13] not assigned to an exact location on the device
    Info: Pin memory_data_debug_o[14] not assigned to an exact location on the device
    Info: Pin memory_data_debug_o[15] not assigned to an exact location on the device
    Info: Pin clock_i not assigned to an exact location on the device
    Info: Pin cpu_address_tag_set_i[0] not assigned to an exact location on the device
    Info: Pin cpu_address_tag_set_i[2] not assigned to an exact location on the device
    Info: Pin cpu_address_tag_set_i[1] not assigned to an exact location on the device
    Info: Pin reset_i not assigned to an exact location on the device
    Info: Pin cpu_write_enable_i not assigned to an exact location on the device
    Info: Pin cpu_address_tag_set_i[15] not assigned to an exact location on the device
    Info: Pin cpu_address_tag_set_i[8] not assigned to an exact location on the device
    Info: Pin cpu_address_tag_set_i[7] not assigned to an exact location on the device
    Info: Pin cpu_address_tag_set_i[6] not assigned to an exact location on the device
    Info: Pin cpu_address_tag_set_i[5] not assigned to an exact location on the device
    Info: Pin cpu_address_tag_set_i[4] not assigned to an exact location on the device
    Info: Pin cpu_address_tag_set_i[3] not assigned to an exact location on the device
    Info: Pin cpu_address_tag_set_i[14] not assigned to an exact location on the device
    Info: Pin cpu_address_tag_set_i[13] not assigned to an exact location on the device
    Info: Pin cpu_address_tag_set_i[12] not assigned to an exact location on the device
    Info: Pin cpu_address_tag_set_i[11] not assigned to an exact location on the device
    Info: Pin cpu_address_tag_set_i[9] not assigned to an exact location on the device
    Info: Pin cpu_address_tag_set_i[10] not assigned to an exact location on the device
    Info: Pin cpu_cache_request_i not assigned to an exact location on the device
    Info: Pin cpu_write_data_to_cache_i[0] not assigned to an exact location on the device
    Info: Pin cpu_write_data_to_cache_i[1] not assigned to an exact location on the device
    Info: Pin cpu_write_data_to_cache_i[2] not assigned to an exact location on the device
    Info: Pin cpu_write_data_to_cache_i[3] not assigned to an exact location on the device
    Info: Pin cpu_write_data_to_cache_i[4] not assigned to an exact location on the device
    Info: Pin cpu_write_data_to_cache_i[5] not assigned to an exact location on the device
    Info: Pin cpu_write_data_to_cache_i[6] not assigned to an exact location on the device
    Info: Pin cpu_write_data_to_cache_i[7] not assigned to an exact location on the device
    Info: Pin cpu_write_data_to_cache_i[8] not assigned to an exact location on the device
    Info: Pin cpu_write_data_to_cache_i[9] not assigned to an exact location on the device
    Info: Pin cpu_write_data_to_cache_i[10] not assigned to an exact location on the device
    Info: Pin cpu_write_data_to_cache_i[11] not assigned to an exact location on the device
    Info: Pin cpu_write_data_to_cache_i[12] not assigned to an exact location on the device
    Info: Pin cpu_write_data_to_cache_i[13] not assigned to an exact location on the device
    Info: Pin cpu_write_data_to_cache_i[14] not assigned to an exact location on the device
    Info: Pin cpu_write_data_to_cache_i[15] not assigned to an exact location on the device
Warning: Some pins have incomplete I/O assignments. Refer to the I/O Assignment Warnings report for details
Info: Timing-driven compilation is using the Classic Timing Analyzer
Info: Timing requirements not specified -- quality metrics such as performance and power consumption may be sacrificed to reduce compilation time.
Info: Automatically promoted node clock_i (placed in PIN N20 (CLK3p, Input))
    Info: Automatically promoted destinations to use location or clock signal Global Clock CLKCTRL_G3
Info: Starting register packing
Extra Info: Performing register packing on registers with non-logic cell location assignments
Extra Info: Completed register packing on registers with non-logic cell location assignments
Extra Info: Started Fast Input/Output/OE register processing
Extra Info: Finished Fast Input/Output/OE register processing
Extra Info: Moving registers into I/O cells, DSP blocks, and RAM blocks to improve timing and density
Extra Info: Finished moving registers into I/O cells, DSP blocks, and RAM blocks
Info: Finished register packing
    Extra Info: No registers were packed into other blocks
Info: Statistics of I/O pins that need to be placed that use the same VCCIO and VREF, before I/O pin placement
    Info: Number of I/O pins in group: 88 (unused VREF, 3.3V VCCIO, 35 input, 53 output, 0 bidirectional)
        Info: I/O standards used: 3.3-V LVTTL.
Info: I/O bank details before I/O pin placement
    Info: Statistics of I/O banks
        Info: I/O bank number 1 does not use VREF pins and has undetermined VCCIO pins. 1 total pin(s) used --  39 pins available
        Info: I/O bank number 2 does not use VREF pins and has undetermined VCCIO pins. 0 total pin(s) used --  44 pins available
        Info: I/O bank number 3 does not use VREF pins and has undetermined VCCIO pins. 1 total pin(s) used --  49 pins available
        Info: I/O bank number 4 does not use VREF pins and has undetermined VCCIO pins. 0 total pin(s) used --  35 pins available
        Info: I/O bank number 5 does not use VREF pins and has undetermined VCCIO pins. 0 total pin(s) used --  44 pins available
        Info: I/O bank number 6 does not use VREF pins and has undetermined VCCIO pins. 0 total pin(s) used --  40 pins available
        Info: I/O bank number 7 does not use VREF pins and has undetermined VCCIO pins. 0 total pin(s) used --  34 pins available
        Info: I/O bank number 8 does not use VREF pins and has undetermined VCCIO pins. 0 total pin(s) used --  43 pins available
        Info: I/O bank number 9 does not use VREF pins and has undetermined VCCIO pins. 0 total pin(s) used --  6 pins available
        Info: I/O bank number 10 does not use VREF pins and has undetermined VCCIO pins. 0 total pin(s) used --  6 pins available
Info: Fitter preparation operations ending: elapsed time is 00:00:00
Info: Fitter placement preparation operations beginning
Info: Fitter placement preparation operations ending: elapsed time is 00:00:00
Info: Fitter placement operations beginning
Info: Fitter placement was successful
Info: Fitter placement operations ending: elapsed time is 00:00:00
Info: Estimated most critical path is register to register delay of 4.398 ns
    Info: 1: + IC(0.000 ns) + CELL(0.000 ns) = 0.000 ns; Loc. = LAB_X25_Y19; Fanout = 1; REG Node = 'lab8_cache_top:U_CACHE_SYSTEM|cache_direct_mapped:U_CACHE|tag_r[0][9]'
    Info: 2: + IC(0.755 ns) + CELL(0.272 ns) = 1.027 ns; Loc. = LAB_X22_Y15; Fanout = 1; COMB Node = 'lab8_cache_top:U_CACHE_SYSTEM|cache_direct_mapped:U_CACHE|Mux4~1'
    Info: 3: + IC(0.502 ns) + CELL(0.272 ns) = 1.801 ns; Loc. = LAB_X23_Y16; Fanout = 1; COMB Node = 'lab8_cache_top:U_CACHE_SYSTEM|cache_direct_mapped:U_CACHE|Equal0~8'
    Info: 4: + IC(0.223 ns) + CELL(0.272 ns) = 2.296 ns; Loc. = LAB_X22_Y16; Fanout = 6; COMB Node = 'lab8_cache_top:U_CACHE_SYSTEM|cache_direct_mapped:U_CACHE|hit_v~2'
    Info: 5: + IC(0.129 ns) + CELL(0.272 ns) = 2.697 ns; Loc. = LAB_X22_Y16; Fanout = 4; COMB Node = 'lab8_cache_top:U_CACHE_SYSTEM|cache_direct_mapped:U_CACHE|ram_addr_r~0'
    Info: 6: + IC(0.247 ns) + CELL(0.154 ns) = 3.098 ns; Loc. = LAB_X22_Y16; Fanout = 16; COMB Node = 'lab8_cache_top:U_CACHE_SYSTEM|cache_direct_mapped:U_CACHE|ram_wdata_r[10]~1'
    Info: 7: + IC(0.554 ns) + CELL(0.746 ns) = 4.398 ns; Loc. = LAB_X17_Y16; Fanout = 4; REG Node = 'lab8_cache_top:U_CACHE_SYSTEM|cache_direct_mapped:U_CACHE|ram_wdata_r[0]'
    Info: Total cell delay = 1.988 ns ( 45.20 % )
    Info: Total interconnect delay = 2.410 ns ( 54.80 % )
Info: Fitter routing operations beginning
Info: Average interconnect usage is 1% of the available device resources
    Info: Peak interconnect usage is 6% of the available device resources in the region that extends from location X13_Y14 to location X26_Y27
Info: Fitter routing operations ending: elapsed time is 00:00:00
Info: The Fitter performed an Auto Fit compilation.  Optimizations were skipped to reduce compilation time.
    Info: Optimizations that may affect the design's routability were skipped
    Info: Optimizations that may affect the design's timing were skipped
Info: Started post-fitting delay annotation
Warning: Found 53 output pins without output pin load capacitance assignment
    Info: Pin "cpu_read_data_from_cache_o[0]" has no specified output pin load capacitance -- assuming default load capacitance of 0 pF for timing analysis
    Info: Pin "cpu_read_data_from_cache_o[1]" has no specified output pin load capacitance -- assuming default load capacitance of 0 pF for timing analysis
    Info: Pin "cpu_read_data_from_cache_o[2]" has no specified output pin load capacitance -- assuming default load capacitance of 0 pF for timing analysis
    Info: Pin "cpu_read_data_from_cache_o[3]" has no specified output pin load capacitance -- assuming default load capacitance of 0 pF for timing analysis
    Info: Pin "cpu_read_data_from_cache_o[4]" has no specified output pin load capacitance -- assuming default load capacitance of 0 pF for timing analysis
    Info: Pin "cpu_read_data_from_cache_o[5]" has no specified output pin load capacitance -- assuming default load capacitance of 0 pF for timing analysis
    Info: Pin "cpu_read_data_from_cache_o[6]" has no specified output pin load capacitance -- assuming default load capacitance of 0 pF for timing analysis
    Info: Pin "cpu_read_data_from_cache_o[7]" has no specified output pin load capacitance -- assuming default load capacitance of 0 pF for timing analysis
    Info: Pin "cpu_read_data_from_cache_o[8]" has no specified output pin load capacitance -- assuming default load capacitance of 0 pF for timing analysis
    Info: Pin "cpu_read_data_from_cache_o[9]" has no specified output pin load capacitance -- assuming default load capacitance of 0 pF for timing analysis
    Info: Pin "cpu_read_data_from_cache_o[10]" has no specified output pin load capacitance -- assuming default load capacitance of 0 pF for timing analysis
    Info: Pin "cpu_read_data_from_cache_o[11]" has no specified output pin load capacitance -- assuming default load capacitance of 0 pF for timing analysis
    Info: Pin "cpu_read_data_from_cache_o[12]" has no specified output pin load capacitance -- assuming default load capacitance of 0 pF for timing analysis
    Info: Pin "cpu_read_data_from_cache_o[13]" has no specified output pin load capacitance -- assuming default load capacitance of 0 pF for timing analysis
    Info: Pin "cpu_read_data_from_cache_o[14]" has no specified output pin load capacitance -- assuming default load capacitance of 0 pF for timing analysis
    Info: Pin "cpu_read_data_from_cache_o[15]" has no specified output pin load capacitance -- assuming default load capacitance of 0 pF for timing analysis
    Info: Pin "cpu_cache_response_ready_o" has no specified output pin load capacitance -- assuming default load capacitance of 0 pF for timing analysis
    Info: Pin "cache_hit_signal_o" has no specified output pin load capacitance -- assuming default load capacitance of 0 pF for timing analysis
    Info: Pin "cache_miss_signal_o" has no specified output pin load capacitance -- assuming default load capacitance of 0 pF for timing analysis
    Info: Pin "memory_request_from_cache_debug_o" has no specified output pin load capacitance -- assuming default load capacitance of 0 pF for timing analysis
    Info: Pin "memory_write_enable_debug_o" has no specified output pin load capacitance -- assuming default load capacitance of 0 pF for timing analysis
    Info: Pin "memory_address_debug_o[0]" has no specified output pin load capacitance -- assuming default load capacitance of 0 pF for timing analysis
    Info: Pin "memory_address_debug_o[1]" has no specified output pin load capacitance -- assuming default load capacitance of 0 pF for timing analysis
    Info: Pin "memory_address_debug_o[2]" has no specified output pin load capacitance -- assuming default load capacitance of 0 pF for timing analysis
    Info: Pin "memory_address_debug_o[3]" has no specified output pin load capacitance -- assuming default load capacitance of 0 pF for timing analysis
    Info: Pin "memory_address_debug_o[4]" has no specified output pin load capacitance -- assuming default load capacitance of 0 pF for timing analysis
    Info: Pin "memory_address_debug_o[5]" has no specified output pin load capacitance -- assuming default load capacitance of 0 pF for timing analysis
    Info: Pin "memory_address_debug_o[6]" has no specified output pin load capacitance -- assuming default load capacitance of 0 pF for timing analysis
    Info: Pin "memory_address_debug_o[7]" has no specified output pin load capacitance -- assuming default load capacitance of 0 pF for timing analysis
    Info: Pin "memory_address_debug_o[8]" has no specified output pin load capacitance -- assuming default load capacitance of 0 pF for timing analysis
    Info: Pin "memory_address_debug_o[9]" has no specified output pin load capacitance -- assuming default load capacitance of 0 pF for timing analysis
    Info: Pin "memory_address_debug_o[10]" has no specified output pin load capacitance -- assuming default load capacitance of 0 pF for timing analysis
    Info: Pin "memory_address_debug_o[11]" has no specified output pin load capacitance -- assuming default load capacitance of 0 pF for timing analysis
    Info: Pin "memory_address_debug_o[12]" has no specified output pin load capacitance -- assuming default load capacitance of 0 pF for timing analysis
    Info: Pin "memory_address_debug_o[13]" has no specified output pin load capacitance -- assuming default load capacitance of 0 pF for timing analysis
    Info: Pin "memory_address_debug_o[14]" has no specified output pin load capacitance -- assuming default load capacitance of 0 pF for timing analysis
    Info: Pin "memory_address_debug_o[15]" has no specified output pin load capacitance -- assuming default load capacitance of 0 pF for timing analysis
    Info: Pin "memory_data_debug_o[0]" has no specified output pin load capacitance -- assuming default load capacitance of 0 pF for timing analysis
    Info: Pin "memory_data_debug_o[1]" has no specified output pin load capacitance -- assuming default load capacitance of 0 pF for timing analysis
    Info: Pin "memory_data_debug_o[2]" has no specified output pin load capacitance -- assuming default load capacitance of 0 pF for timing analysis
    Info: Pin "memory_data_debug_o[3]" has no specified output pin load capacitance -- assuming default load capacitance of 0 pF for timing analysis
    Info: Pin "memory_data_debug_o[4]" has no specified output pin load capacitance -- assuming default load capacitance of 0 pF for timing analysis
    Info: Pin "memory_data_debug_o[5]" has no specified output pin load capacitance -- assuming default load capacitance of 0 pF for timing analysis
    Info: Pin "memory_data_debug_o[6]" has no specified output pin load capacitance -- assuming default load capacitance of 0 pF for timing analysis
    Info: Pin "memory_data_debug_o[7]" has no specified output pin load capacitance -- assuming default load capacitance of 0 pF for timing analysis
    Info: Pin "memory_data_debug_o[8]" has no specified output pin load capacitance -- assuming default load capacitance of 0 pF for timing analysis
    Info: Pin "memory_data_debug_o[9]" has no specified output pin load capacitance -- assuming default load capacitance of 0 pF for timing analysis
    Info: Pin "memory_data_debug_o[10]" has no specified output pin load capacitance -- assuming default load capacitance of 0 pF for timing analysis
    Info: Pin "memory_data_debug_o[11]" has no specified output pin load capacitance -- assuming default load capacitance of 0 pF for timing analysis
    Info: Pin "memory_data_debug_o[12]" has no specified output pin load capacitance -- assuming default load capacitance of 0 pF for timing analysis
    Info: Pin "memory_data_debug_o[13]" has no specified output pin load capacitance -- assuming default load capacitance of 0 pF for timing analysis
    Info: Pin "memory_data_debug_o[14]" has no specified output pin load capacitance -- assuming default load capacitance of 0 pF for timing analysis
    Info: Pin "memory_data_debug_o[15]" has no specified output pin load capacitance -- assuming default load capacitance of 0 pF for timing analysis
Info: Delay annotation completed successfully
Info: Quartus II Fitter was successful. 0 errors, 4 warnings
    Info: Peak virtual memory: 274 megabytes
    Info: Processing ended: Sun May 17 14:14:47 2026
    Info: Elapsed time: 00:00:03
    Info: Total CPU time (on all processors): 00:00:03


