Analysis & Synthesis report for MicroEVM_Var8
Mon Mar 16 22:44:19 2026
Quartus II Version 9.1 Build 222 10/21/2009 SJ Web Edition


---------------------
; Table of Contents ;
---------------------
  1. Legal Notice
  2. Analysis & Synthesis Summary
  3. Analysis & Synthesis Settings
  4. Parallel Compilation
  5. Analysis & Synthesis Source Files Read
  6. Analysis & Synthesis Resource Usage Summary
  7. Analysis & Synthesis Resource Utilization by Entity
  8. Analysis & Synthesis RAM Summary
  9. Logic Cells Representing Combinational Loops
 10. Registers Removed During Synthesis
 11. General Register Statistics
 12. Multiplexer Restructuring Statistics (Restructuring Performed)
 13. Source assignments for stack_control:inst15|SP_Counter:inst|lpm_counter:lpm_counter_component
 14. Source assignments for cache:inst5|cache_tag_way3:inst7|altsyncram:altsyncram_component|altsyncram_g9v1:auto_generated
 15. Source assignments for cache:inst5|lru_counter:inst23|lpm_counter:lpm_counter_component
 16. Source assignments for cache:inst5|cache_valid_way3:inst39|altsyncram:altsyncram_component|altsyncram_sdu1:auto_generated
 17. Source assignments for cache:inst5|cache_tag_way2:inst6|altsyncram:altsyncram_component|altsyncram_g9v1:auto_generated
 18. Source assignments for cache:inst5|cache_valid_way2:inst38|altsyncram:altsyncram_component|altsyncram_sdu1:auto_generated
 19. Source assignments for cache:inst5|cache_tag_way1:inst5|altsyncram:altsyncram_component|altsyncram_g9v1:auto_generated
 20. Source assignments for cache:inst5|cache_valid_way1:inst37|altsyncram:altsyncram_component|altsyncram_sdu1:auto_generated
 21. Source assignments for cache:inst5|cache_tag_way0:inst4|altsyncram:altsyncram_component|altsyncram_95v1:auto_generated
 22. Source assignments for cache:inst5|cache_valid_way0:inst36|altsyncram:altsyncram_component|altsyncram_sdu1:auto_generated
 23. Source assignments for cache:inst5|cache_data_way0:inst|altsyncram:altsyncram_component|altsyncram_n2v1:auto_generated
 24. Source assignments for cache:inst5|cache_data_way1:inst1|altsyncram:altsyncram_component|altsyncram_u6v1:auto_generated
 25. Source assignments for cache:inst5|cache_data_way2:inst2|altsyncram:altsyncram_component|altsyncram_u6v1:auto_generated
 26. Source assignments for cache:inst5|cache_data_way3:inst3|altsyncram:altsyncram_component|altsyncram_u6v1:auto_generated
 27. Source assignments for phase_counter_unit:inst8|Phase_Counter:inst17|lpm_counter:lpm_counter_component
 28. Source assignments for special_registers:inst2|Instruction_Pointer:inst9|lpm_counter:lpm_counter_component
 29. Source assignments for branch_predictor:inst7|u_pht_table:inst17|altsyncram:altsyncram_component|altsyncram_ugm1:auto_generated
 30. Source assignments for memory:inst|RAM_block:inst11|altsyncram:altsyncram_component|altsyncram_kih1:auto_generated
 31. Source assignments for memory:inst|ROM_block:inst|altsyncram:altsyncram_component|altsyncram_21f1:auto_generated
 32. Source assignments for dmac_controller:inst46|fsm_rom:inst22|altsyncram:altsyncram_component|altsyncram_n5h1:auto_generated
 33. Parameter Settings for User Entity Instance: stack_control:inst15|CMP_Empty:inst8|lpm_compare:lpm_compare_component
 34. Parameter Settings for User Entity Instance: stack_control:inst15|SP_Counter:inst|lpm_counter:lpm_counter_component
 35. Parameter Settings for User Entity Instance: stack_control:inst15|stack_base_10:inst2|lpm_constant:lpm_constant_component
 36. Parameter Settings for User Entity Instance: stack_control:inst15|CMP_Full:inst7|lpm_compare:lpm_compare_component
 37. Parameter Settings for User Entity Instance: stack_control:inst15|Data_Register:inst4|lpm_ff:lpm_ff_component
 38. Parameter Settings for User Entity Instance: decoder_unit:inst13|cmp_pop:inst12|lpm_compare:lpm_compare_component
 39. Parameter Settings for User Entity Instance: decoder_unit:inst13|cmp_mr:inst6|lpm_compare:lpm_compare_component
 40. Parameter Settings for User Entity Instance: decoder_unit:inst13|cmp_push:inst11|lpm_compare:lpm_compare_component
 41. Parameter Settings for User Entity Instance: decoder_unit:inst13|cmp_rm:inst7|lpm_compare:lpm_compare_component
 42. Parameter Settings for User Entity Instance: decoder_unit:inst13|cmp_and:inst9|lpm_compare:lpm_compare_component
 43. Parameter Settings for User Entity Instance: decoder_unit:inst13|cmp_srl:inst8|lpm_compare:lpm_compare_component
 44. Parameter Settings for User Entity Instance: decoder_unit:inst13|cmp_sub:inst|lpm_compare:lpm_compare_component
 45. Parameter Settings for User Entity Instance: decoder_unit:inst13|cmp_notz:inst10|lpm_compare:lpm_compare_component
 46. Parameter Settings for User Entity Instance: decoder_unit:inst13|cmp_jmp:inst5|lpm_compare:lpm_compare_component
 47. Parameter Settings for User Entity Instance: decoder_unit:inst13|cmp_hlt_ff:inst13|lpm_compare:lpm_compare_component
 48. Parameter Settings for User Entity Instance: alu_unit:inst17|alu_output_mux:inst4|lpm_mux:lpm_mux_component
 49. Parameter Settings for User Entity Instance: alu_unit:inst17|alu_subtractor:inst|lpm_add_sub:lpm_add_sub_component
 50. Parameter Settings for User Entity Instance: alu_unit:inst17|alu_shifter_srl:inst3|lpm_clshift:lpm_clshift_component
 51. Parameter Settings for User Entity Instance: alu_unit:inst17|lpm_mux_flag_z:inst1|lpm_mux:lpm_mux_component
 52. Parameter Settings for User Entity Instance: alu_POH:inst9|R0:inst|lpm_ff:lpm_ff_component
 53. Parameter Settings for User Entity Instance: alu_POH:inst9|lpm_decode_3to8:inst13|lpm_decode:lpm_decode_component
 54. Parameter Settings for User Entity Instance: alu_POH:inst9|ron_operand_mux:inst22|lpm_mux:lpm_mux_component
 55. Parameter Settings for User Entity Instance: alu_POH:inst9|R1:inst6|lpm_ff:lpm_ff_component
 56. Parameter Settings for User Entity Instance: alu_POH:inst9|R2:inst7|lpm_ff:lpm_ff_component
 57. Parameter Settings for User Entity Instance: alu_POH:inst9|R3:inst8|lpm_ff:lpm_ff_component
 58. Parameter Settings for User Entity Instance: alu_POH:inst9|R4:inst9|lpm_ff:lpm_ff_component
 59. Parameter Settings for User Entity Instance: alu_POH:inst9|R5:inst10|lpm_ff:lpm_ff_component
 60. Parameter Settings for User Entity Instance: alu_POH:inst9|R6:inst11|lpm_ff:lpm_ff_component
 61. Parameter Settings for User Entity Instance: alu_POH:inst9|R7:inst12|lpm_ff:lpm_ff_component
 62. Parameter Settings for User Entity Instance: mux_data_source:inst19|lpm_mux:lpm_mux_component
 63. Parameter Settings for User Entity Instance: mux_mem_stack:inst35|lpm_mux:lpm_mux_component
 64. Parameter Settings for User Entity Instance: cache:inst5|cache_tag_compare_way3:inst15|lpm_compare:lpm_compare_component
 65. Parameter Settings for User Entity Instance: cache:inst5|cache_tag_way3:inst7
 66. Parameter Settings for User Entity Instance: cache:inst5|cache_tag_way3:inst7|altsyncram:altsyncram_component
 67. Parameter Settings for User Entity Instance: cache:inst5|lru_decoder:inst24|lpm_decode:lpm_decode_component
 68. Parameter Settings for User Entity Instance: cache:inst5|lru_counter:inst23|lpm_counter:lpm_counter_component
 69. Parameter Settings for User Entity Instance: cache:inst5|cache_valid_way3:inst39
 70. Parameter Settings for User Entity Instance: cache:inst5|cache_valid_way3:inst39|altsyncram:altsyncram_component
 71. Parameter Settings for User Entity Instance: cache:inst5|cache_tag_compare_way2:inst14|lpm_compare:lpm_compare_component
 72. Parameter Settings for User Entity Instance: cache:inst5|cache_tag_way2:inst6
 73. Parameter Settings for User Entity Instance: cache:inst5|cache_tag_way2:inst6|altsyncram:altsyncram_component
 74. Parameter Settings for User Entity Instance: cache:inst5|cache_valid_way2:inst38
 75. Parameter Settings for User Entity Instance: cache:inst5|cache_valid_way2:inst38|altsyncram:altsyncram_component
 76. Parameter Settings for User Entity Instance: cache:inst5|cache_tag_compare_way1:inst13|lpm_compare:lpm_compare_component
 77. Parameter Settings for User Entity Instance: cache:inst5|cache_tag_way1:inst5
 78. Parameter Settings for User Entity Instance: cache:inst5|cache_tag_way1:inst5|altsyncram:altsyncram_component
 79. Parameter Settings for User Entity Instance: cache:inst5|cache_valid_way1:inst37
 80. Parameter Settings for User Entity Instance: cache:inst5|cache_valid_way1:inst37|altsyncram:altsyncram_component
 81. Parameter Settings for User Entity Instance: cache:inst5|cache_tag_compare_way:inst12|lpm_compare:lpm_compare_component
 82. Parameter Settings for User Entity Instance: cache:inst5|cache_tag_way0:inst4
 83. Parameter Settings for User Entity Instance: cache:inst5|cache_tag_way0:inst4|altsyncram:altsyncram_component
 84. Parameter Settings for User Entity Instance: cache:inst5|cache_valid_way0:inst36
 85. Parameter Settings for User Entity Instance: cache:inst5|cache_valid_way0:inst36|altsyncram:altsyncram_component
 86. Parameter Settings for User Entity Instance: cache:inst5|cpu_data_out:inst8|lpm_mux:lpm_mux_component
 87. Parameter Settings for User Entity Instance: cache:inst5|cache_data_mux:inst16|lpm_mux:lpm_mux_component
 88. Parameter Settings for User Entity Instance: cache:inst5|cache_data_way0:inst
 89. Parameter Settings for User Entity Instance: cache:inst5|cache_data_way0:inst|altsyncram:altsyncram_component
 90. Parameter Settings for User Entity Instance: cache:inst5|cache_data_way1:inst1
 91. Parameter Settings for User Entity Instance: cache:inst5|cache_data_way1:inst1|altsyncram:altsyncram_component
 92. Parameter Settings for User Entity Instance: cache:inst5|cache_data_way2:inst2
 93. Parameter Settings for User Entity Instance: cache:inst5|cache_data_way2:inst2|altsyncram:altsyncram_component
 94. Parameter Settings for User Entity Instance: cache:inst5|cache_data_way3:inst3
 95. Parameter Settings for User Entity Instance: cache:inst5|cache_data_way3:inst3|altsyncram:altsyncram_component
 96. Parameter Settings for User Entity Instance: phase_counter_unit:inst8|PHASE_FETCH_COMP:inst|lpm_compare:lpm_compare_component
 97. Parameter Settings for User Entity Instance: phase_counter_unit:inst8|Phase_Counter:inst17|lpm_counter:lpm_counter_component
 98. Parameter Settings for User Entity Instance: phase_counter_unit:inst8|PHASE_ADDR_H_COMP:inst7|lpm_compare:lpm_compare_component
 99. Parameter Settings for User Entity Instance: phase_counter_unit:inst8|PHASE_ADDR_L_COMP:inst8|lpm_compare:lpm_compare_component
100. Parameter Settings for User Entity Instance: phase_counter_unit:inst8|PHASE_EXEC_COMP:inst1|lpm_compare:lpm_compare_component
101. Parameter Settings for User Entity Instance: cmp_is_mem_to_reg:inst61|lpm_compare:lpm_compare_component
102. Parameter Settings for User Entity Instance: special_registers:inst2|ADDR_H_REG:inst4|lpm_ff:lpm_ff_component
103. Parameter Settings for User Entity Instance: special_registers:inst2|ADDR_L_REG:inst6|lpm_ff:lpm_ff_component
104. Parameter Settings for User Entity Instance: special_registers:inst2|Instruction_Pointer:inst9|lpm_counter:lpm_counter_component
105. Parameter Settings for User Entity Instance: special_registers:inst2|Instruction_Register:inst3|lpm_ff:lpm_ff_component
106. Parameter Settings for User Entity Instance: branch_predictor:inst7|u_pht_table:inst17
107. Parameter Settings for User Entity Instance: branch_predictor:inst7|u_pht_table:inst17|altsyncram:altsyncram_component
108. Parameter Settings for User Entity Instance: branch_predictor:inst7|ghr_register:inst|lpm_ff:lpm_ff_component
109. Parameter Settings for User Entity Instance: cmp_is_reg_to_mem:inst62|lpm_compare:lpm_compare_component
110. Parameter Settings for User Entity Instance: cmp_is_jmp:inst60|lpm_compare:lpm_compare_component
111. Parameter Settings for User Entity Instance: mux_cpu_addr:inst23|lpm_mux:lpm_mux_component
112. Parameter Settings for User Entity Instance: memory:inst|lpm_mux0:inst3|lpm_mux:lpm_mux_component
113. Parameter Settings for User Entity Instance: memory:inst|RAM_block:inst11
114. Parameter Settings for User Entity Instance: memory:inst|RAM_block:inst11|altsyncram:altsyncram_component
115. Parameter Settings for User Entity Instance: memory:inst|ROM_block:inst
116. Parameter Settings for User Entity Instance: memory:inst|ROM_block:inst|altsyncram:altsyncram_component
117. Parameter Settings for User Entity Instance: bus_arbiter:inst6|req_cpu_reg:inst|lpm_ff:lpm_ff_component
118. Parameter Settings for User Entity Instance: bus_arbiter:inst6|req_dmac_reg:inst6|lpm_ff:lpm_ff_component
119. Parameter Settings for User Entity Instance: dmac_controller:inst46|fsm_rom:inst22
120. Parameter Settings for User Entity Instance: dmac_controller:inst46|fsm_rom:inst22|altsyncram:altsyncram_component
121. Parameter Settings for User Entity Instance: dmac_controller:inst46|count_zero_cmp:inst21|lpm_compare:lpm_compare_component
122. Parameter Settings for User Entity Instance: dmac_controller:inst46|count_register:inst11|lpm_ff:lpm_ff_component
123. Parameter Settings for User Entity Instance: dmac_controller:inst46|count_mux:inst20|lpm_mux:lpm_mux_component
124. Parameter Settings for User Entity Instance: dmac_controller:inst46|count_subtractor:inst17|lpm_add_sub:lpm_add_sub_component
125. Parameter Settings for User Entity Instance: dmac_controller:inst46|6:inst42|lpm_constant:lpm_constant_component
126. Parameter Settings for User Entity Instance: dmac_controller:inst46|addr_register:inst|lpm_ff:lpm_ff_component
127. Parameter Settings for User Entity Instance: dmac_controller:inst46|addr_mux:inst19|lpm_mux:lpm_mux_component
128. Parameter Settings for User Entity Instance: dmac_controller:inst46|addr_adder:inst15|lpm_add_sub:lpm_add_sub_component
129. Parameter Settings for User Entity Instance: dmac_controller:inst46|10:inst41|lpm_constant:lpm_constant_component
130. Parameter Settings for User Entity Instance: dmac_controller:inst46|kpdp_data_register:inst43|lpm_ff:lpm_ff_component
131. Parameter Settings for User Entity Instance: lpm_compare0:inst42|lpm_compare:lpm_compare_component
132. Parameter Settings for User Entity Instance: mux_final_addr:inst27|lpm_mux:lpm_mux_component
133. Parameter Settings for User Entity Instance: mux_sys_addr:inst25|lpm_mux:lpm_mux_component
134. Parameter Settings for User Entity Instance: lpm_mux_mem:inst51|lpm_mux:lpm_mux_component
135. altsyncram Parameter Settings by Entity Instance
136. Analysis & Synthesis Messages



----------------
; Legal Notice ;
----------------
Copyright (C) 1991-2009 Altera Corporation
Your use of Altera Corporation's design tools, logic functions 
and other software and tools, and its AMPP partner logic 
functions, and any output files from any of the foregoing 
(including device programming or simulation files), and any 
associated documentation or information are expressly subject 
to the terms and conditions of the Altera Program License 
Subscription Agreement, Altera MegaCore Function License 
Agreement, or other applicable license agreement, including, 
without limitation, that your use is for the sole purpose of 
programming logic devices manufactured by Altera and sold by 
Altera or its authorized distributors.  Please refer to the 
applicable agreement for further details.



+-------------------------------------------------------------------------+
; Analysis & Synthesis Summary                                            ;
+-------------------------------+-----------------------------------------+
; Analysis & Synthesis Status   ; Successful - Mon Mar 16 22:44:19 2026   ;
; Quartus II Version            ; 9.1 Build 222 10/21/2009 SJ Web Edition ;
; Revision Name                 ; MicroEVM_Var8                           ;
; Top-level Entity Name         ; main_module                             ;
; Family                        ; Stratix III                             ;
; Logic utilization             ; N/A                                     ;
;     Combinational ALUTs       ; 298                                     ;
;     Memory ALUTs              ; 0                                       ;
;     Dedicated logic registers ; 143                                     ;
; Total registers               ; 143                                     ;
; Total pins                    ; 52                                      ;
; Total virtual pins            ; 0                                       ;
; Total block memory bits       ; 1,049,904                               ;
; DSP block 18-bit elements     ; 0                                       ;
; Total PLLs                    ; 0                                       ;
; Total DLLs                    ; 0                                       ;
+-------------------------------+-----------------------------------------+


+----------------------------------------------------------------------------------------------------------------------+
; Analysis & Synthesis Settings                                                                                        ;
+----------------------------------------------------------------------------+--------------------+--------------------+
; Option                                                                     ; Setting            ; Default Value      ;
+----------------------------------------------------------------------------+--------------------+--------------------+
; Top-level entity name                                                      ; main_module        ; MicroEVM_Var8      ;
; Family name                                                                ; Stratix III        ; Stratix II         ;
; Type of Retiming Performed During Resynthesis                              ; Full               ;                    ;
; Resynthesis Optimization Effort                                            ; Normal             ;                    ;
; Physical Synthesis Level for Resynthesis                                   ; Normal             ;                    ;
; Use Generated Physical Constraints File                                    ; Off                ;                    ;
; Use smart compilation                                                      ; Off                ; Off                ;
; Enable parallel Assembler and TimeQuest Timing Analyzer during compilation ; On                 ; On                 ;
; Enable compact report table                                                ; Off                ; Off                ;
; Restructure Multiplexers                                                   ; Auto               ; Auto               ;
; Create Debugging Nodes for IP Cores                                        ; Off                ; Off                ;
; Preserve fewer node names                                                  ; On                 ; On                 ;
; Disable OpenCore Plus hardware evaluation                                  ; Off                ; Off                ;
; Verilog Version                                                            ; Verilog_2001       ; Verilog_2001       ;
; VHDL Version                                                               ; VHDL_1993          ; VHDL_1993          ;
; State Machine Processing                                                   ; Auto               ; Auto               ;
; Safe State Machine                                                         ; Off                ; Off                ;
; Extract Verilog State Machines                                             ; On                 ; On                 ;
; Extract VHDL State Machines                                                ; On                 ; On                 ;
; Ignore Verilog initial constructs                                          ; Off                ; Off                ;
; Iteration limit for constant Verilog loops                                 ; 5000               ; 5000               ;
; Iteration limit for non-constant Verilog loops                             ; 250                ; 250                ;
; Add Pass-Through Logic to Inferred RAMs                                    ; On                 ; On                 ;
; Parallel Synthesis                                                         ; On                 ; On                 ;
; DSP Block Balancing                                                        ; Auto               ; Auto               ;
; NOT Gate Push-Back                                                         ; On                 ; On                 ;
; Power-Up Don't Care                                                        ; On                 ; On                 ;
; Remove Redundant Logic Cells                                               ; Off                ; Off                ;
; Remove Duplicate Registers                                                 ; On                 ; On                 ;
; Ignore CARRY Buffers                                                       ; Off                ; Off                ;
; Ignore CASCADE Buffers                                                     ; Off                ; Off                ;
; Ignore GLOBAL Buffers                                                      ; Off                ; Off                ;
; Ignore ROW GLOBAL Buffers                                                  ; Off                ; Off                ;
; Ignore LCELL Buffers                                                       ; Off                ; Off                ;
; Ignore SOFT Buffers                                                        ; On                 ; On                 ;
; Limit AHDL Integers to 32 Bits                                             ; Off                ; Off                ;
; Optimization Technique                                                     ; Balanced           ; Balanced           ;
; Carry Chain Length                                                         ; 70                 ; 70                 ;
; Auto Carry Chains                                                          ; On                 ; On                 ;
; Auto Open-Drain Pins                                                       ; On                 ; On                 ;
; Perform WYSIWYG Primitive Resynthesis                                      ; Off                ; Off                ;
; Auto ROM Replacement                                                       ; On                 ; On                 ;
; Auto RAM Replacement                                                       ; On                 ; On                 ;
; Auto DSP Block Replacement                                                 ; On                 ; On                 ;
; Auto Shift Register Replacement                                            ; Auto               ; Auto               ;
; Auto Clock Enable Replacement                                              ; On                 ; On                 ;
; Strict RAM Replacement                                                     ; Off                ; Off                ;
; Allow Synchronous Control Signals                                          ; On                 ; On                 ;
; Force Use of Synchronous Clear Signals                                     ; Off                ; Off                ;
; Auto RAM Block Balancing                                                   ; On                 ; On                 ;
; Auto RAM to Logic Cell Conversion                                          ; Off                ; Off                ;
; Auto Resource Sharing                                                      ; Off                ; Off                ;
; Allow Any RAM Size For Recognition                                         ; Off                ; Off                ;
; Allow Any ROM Size For Recognition                                         ; Off                ; Off                ;
; Allow Any Shift Register Size For Recognition                              ; Off                ; Off                ;
; Use LogicLock Constraints during Resource Balancing                        ; On                 ; On                 ;
; Ignore translate_off and synthesis_off directives                          ; Off                ; Off                ;
; Timing-Driven Synthesis                                                    ; On                 ; On                 ;
; Show Parameter Settings Tables in Synthesis Report                         ; On                 ; On                 ;
; Ignore Maximum Fan-Out Assignments                                         ; Off                ; Off                ;
; Synchronization Register Chain Length                                      ; 2                  ; 2                  ;
; PowerPlay Power Optimization                                               ; Normal compilation ; Normal compilation ;
; HDL message level                                                          ; Level2             ; Level2             ;
; Suppress Register Optimization Related Messages                            ; Off                ; Off                ;
; Number of Removed Registers Reported in Synthesis Report                   ; 100                ; 100                ;
; Number of Inverted Registers Reported in Synthesis Report                  ; 100                ; 100                ;
; Clock MUX Protection                                                       ; On                 ; On                 ;
; Auto Gated Clock Conversion                                                ; Off                ; Off                ;
; Block Design Naming                                                        ; Auto               ; Auto               ;
; SDC constraint protection                                                  ; Off                ; Off                ;
; Synthesis Effort                                                           ; Auto               ; Auto               ;
; Shift Register Replacement - Allow Asynchronous Clear Signal               ; On                 ; On                 ;
; Analysis & Synthesis Message Level                                         ; Medium             ; Medium             ;
; Disable Register Merging Across Hierarchies                                ; Auto               ; Auto               ;
; Resource Aware Inference For Block RAM                                     ; On                 ; On                 ;
+----------------------------------------------------------------------------+--------------------+--------------------+


Parallel compilation was disabled, but you have multiple processors available. Enable parallel compilation to reduce compilation time.
+-------------------------------------+
; Parallel Compilation                ;
+----------------------------+--------+
; Processors                 ; Number ;
+----------------------------+--------+
; Number detected on machine ; 4      ;
; Maximum allowed            ; 1      ;
+----------------------------+--------+


+---------------------------------------------------------------------------------------------------------------------------------------------------------------------------------+
; Analysis & Synthesis Source Files Read                                                                                                                                          ;
+---------------------------------------+-----------------+----------------------------------------+------------------------------------------------------------------------------+
; File Name with User-Entered Path      ; Used in Netlist ; File Type                              ; File Name with Absolute Path                                                 ;
+---------------------------------------+-----------------+----------------------------------------+------------------------------------------------------------------------------+
; top/main_module.bdf                   ; yes             ; User Block Diagram/Schematic File      ; D:/sifovm/sifovm-coursework/coursework/top/main_module.bdf                   ;
; top/cmp_is_jmp.tdf                    ; yes             ; User Wizard-Generated File             ; D:/sifovm/sifovm-coursework/coursework/top/cmp_is_jmp.tdf                    ;
; top/cmp_is_mem_to_reg.tdf             ; yes             ; User Wizard-Generated File             ; D:/sifovm/sifovm-coursework/coursework/top/cmp_is_mem_to_reg.tdf             ;
; top/cmp_is_reg_to_mem.tdf             ; yes             ; User Wizard-Generated File             ; D:/sifovm/sifovm-coursework/coursework/top/cmp_is_reg_to_mem.tdf             ;
; top/lpm_mux_mem.tdf                   ; yes             ; User Wizard-Generated File             ; D:/sifovm/sifovm-coursework/coursework/top/lpm_mux_mem.tdf                   ;
; top/lpm_compare0.tdf                  ; yes             ; User Wizard-Generated File             ; D:/sifovm/sifovm-coursework/coursework/top/lpm_compare0.tdf                  ;
; top/mux_cpu_addr.tdf                  ; yes             ; User Wizard-Generated File             ; D:/sifovm/sifovm-coursework/coursework/top/mux_cpu_addr.tdf                  ;
; top/mux_data_source.tdf               ; yes             ; User Wizard-Generated File             ; D:/sifovm/sifovm-coursework/coursework/top/mux_data_source.tdf               ;
; top/mux_final_addr.tdf                ; yes             ; User Wizard-Generated File             ; D:/sifovm/sifovm-coursework/coursework/top/mux_final_addr.tdf                ;
; top/mux_mem_stack.tdf                 ; yes             ; User Wizard-Generated File             ; D:/sifovm/sifovm-coursework/coursework/top/mux_mem_stack.tdf                 ;
; top/mux_sys_addr.tdf                  ; yes             ; User Wizard-Generated File             ; D:/sifovm/sifovm-coursework/coursework/top/mux_sys_addr.tdf                  ;
; arbitration/req_cpu_reg.tdf           ; yes             ; User Wizard-Generated File             ; D:/sifovm/sifovm-coursework/coursework/arbitration/req_cpu_reg.tdf           ;
; arbitration/req_dmac_reg.tdf          ; yes             ; User Wizard-Generated File             ; D:/sifovm/sifovm-coursework/coursework/arbitration/req_dmac_reg.tdf          ;
; kpdp/kpdp_data_register.tdf           ; yes             ; User Wizard-Generated File             ; D:/sifovm/sifovm-coursework/coursework/kpdp/kpdp_data_register.tdf           ;
; kpdp/6.tdf                            ; yes             ; User Wizard-Generated File             ; D:/sifovm/sifovm-coursework/coursework/kpdp/6.tdf                            ;
; kpdp/10.tdf                           ; yes             ; User Wizard-Generated File             ; D:/sifovm/sifovm-coursework/coursework/kpdp/10.tdf                           ;
; kpdp/addr_adder.tdf                   ; yes             ; User Wizard-Generated File             ; D:/sifovm/sifovm-coursework/coursework/kpdp/addr_adder.tdf                   ;
; kpdp/addr_mux.tdf                     ; yes             ; User Wizard-Generated File             ; D:/sifovm/sifovm-coursework/coursework/kpdp/addr_mux.tdf                     ;
; kpdp/addr_register.tdf                ; yes             ; User Wizard-Generated File             ; D:/sifovm/sifovm-coursework/coursework/kpdp/addr_register.tdf                ;
; kpdp/count_mux.tdf                    ; yes             ; User Wizard-Generated File             ; D:/sifovm/sifovm-coursework/coursework/kpdp/count_mux.tdf                    ;
; kpdp/count_register.tdf               ; yes             ; User Wizard-Generated File             ; D:/sifovm/sifovm-coursework/coursework/kpdp/count_register.tdf               ;
; kpdp/count_subtractor.tdf             ; yes             ; User Wizard-Generated File             ; D:/sifovm/sifovm-coursework/coursework/kpdp/count_subtractor.tdf             ;
; kpdp/count_zero_cmp.tdf               ; yes             ; User Wizard-Generated File             ; D:/sifovm/sifovm-coursework/coursework/kpdp/count_zero_cmp.tdf               ;
; kpdp/dmac_controller.bdf              ; yes             ; User Block Diagram/Schematic File      ; D:/sifovm/sifovm-coursework/coursework/kpdp/dmac_controller.bdf              ;
; kpdp/fsm_rom.tdf                      ; yes             ; User Wizard-Generated File             ; D:/sifovm/sifovm-coursework/coursework/kpdp/fsm_rom.tdf                      ;
; predictor/u_pht_table.tdf             ; yes             ; User Wizard-Generated File             ; D:/sifovm/sifovm-coursework/coursework/predictor/u_pht_table.tdf             ;
; predictor/ghr_register.tdf            ; yes             ; User Wizard-Generated File             ; D:/sifovm/sifovm-coursework/coursework/predictor/ghr_register.tdf            ;
; cache/lru_counter.tdf                 ; yes             ; User Wizard-Generated File             ; D:/sifovm/sifovm-coursework/coursework/cache/lru_counter.tdf                 ;
; cache/lru_decoder.tdf                 ; yes             ; User Wizard-Generated File             ; D:/sifovm/sifovm-coursework/coursework/cache/lru_decoder.tdf                 ;
; cache/cache_data_mux.tdf              ; yes             ; User Wizard-Generated File             ; D:/sifovm/sifovm-coursework/coursework/cache/cache_data_mux.tdf              ;
; control_unit/stack_base_10.tdf        ; yes             ; User Wizard-Generated File             ; D:/sifovm/sifovm-coursework/coursework/control_unit/stack_base_10.tdf        ;
; cache/cache_data_way0.tdf             ; yes             ; User Wizard-Generated File             ; D:/sifovm/sifovm-coursework/coursework/cache/cache_data_way0.tdf             ;
; cache/cache_data_way1.tdf             ; yes             ; User Wizard-Generated File             ; D:/sifovm/sifovm-coursework/coursework/cache/cache_data_way1.tdf             ;
; cache/cache_data_way2.tdf             ; yes             ; User Wizard-Generated File             ; D:/sifovm/sifovm-coursework/coursework/cache/cache_data_way2.tdf             ;
; cache/cache_data_way3.tdf             ; yes             ; User Wizard-Generated File             ; D:/sifovm/sifovm-coursework/coursework/cache/cache_data_way3.tdf             ;
; cache/cache_tag_compare_way.tdf       ; yes             ; User Wizard-Generated File             ; D:/sifovm/sifovm-coursework/coursework/cache/cache_tag_compare_way.tdf       ;
; cache/cache_tag_compare_way1.tdf      ; yes             ; User Wizard-Generated File             ; D:/sifovm/sifovm-coursework/coursework/cache/cache_tag_compare_way1.tdf      ;
; cache/cache_tag_compare_way2.tdf      ; yes             ; User Wizard-Generated File             ; D:/sifovm/sifovm-coursework/coursework/cache/cache_tag_compare_way2.tdf      ;
; cache/cache_tag_compare_way3.tdf      ; yes             ; User Wizard-Generated File             ; D:/sifovm/sifovm-coursework/coursework/cache/cache_tag_compare_way3.tdf      ;
; cache/cache_tag_way0.tdf              ; yes             ; User Wizard-Generated File             ; D:/sifovm/sifovm-coursework/coursework/cache/cache_tag_way0.tdf              ;
; cache/cache_valid_way0.tdf            ; yes             ; User Wizard-Generated File             ; D:/sifovm/sifovm-coursework/coursework/cache/cache_valid_way0.tdf            ;
; cache/cache_valid_way1.tdf            ; yes             ; User Wizard-Generated File             ; D:/sifovm/sifovm-coursework/coursework/cache/cache_valid_way1.tdf            ;
; cache/cache_valid_way2.tdf            ; yes             ; User Wizard-Generated File             ; D:/sifovm/sifovm-coursework/coursework/cache/cache_valid_way2.tdf            ;
; cache/cache_valid_way3.tdf            ; yes             ; User Wizard-Generated File             ; D:/sifovm/sifovm-coursework/coursework/cache/cache_valid_way3.tdf            ;
; cache/cpu_data_out.tdf                ; yes             ; User Wizard-Generated File             ; D:/sifovm/sifovm-coursework/coursework/cache/cpu_data_out.tdf                ;
; cache/cache_tag_way1.tdf              ; yes             ; User Wizard-Generated File             ; D:/sifovm/sifovm-coursework/coursework/cache/cache_tag_way1.tdf              ;
; cache/cache_tag_way2.tdf              ; yes             ; User Wizard-Generated File             ; D:/sifovm/sifovm-coursework/coursework/cache/cache_tag_way2.tdf              ;
; cache/cache_tag_way3.tdf              ; yes             ; User Wizard-Generated File             ; D:/sifovm/sifovm-coursework/coursework/cache/cache_tag_way3.tdf              ;
; alu/R2.tdf                            ; yes             ; User Wizard-Generated File             ; D:/sifovm/sifovm-coursework/coursework/alu/R2.tdf                            ;
; alu/R3.tdf                            ; yes             ; User Wizard-Generated File             ; D:/sifovm/sifovm-coursework/coursework/alu/R3.tdf                            ;
; alu/R4.tdf                            ; yes             ; User Wizard-Generated File             ; D:/sifovm/sifovm-coursework/coursework/alu/R4.tdf                            ;
; alu/lpm_mux_flag_z.tdf                ; yes             ; User Wizard-Generated File             ; D:/sifovm/sifovm-coursework/coursework/alu/lpm_mux_flag_z.tdf                ;
; alu/alu_output_mux.tdf                ; yes             ; User Wizard-Generated File             ; D:/sifovm/sifovm-coursework/coursework/alu/alu_output_mux.tdf                ;
; alu/alu_subtractor.vhd                ; yes             ; User Wizard-Generated File             ; D:/sifovm/sifovm-coursework/coursework/alu/alu_subtractor.vhd                ;
; alu/alu_logic_not8.bdf                ; yes             ; User Block Diagram/Schematic File      ; D:/sifovm/sifovm-coursework/coursework/alu/alu_logic_not8.bdf                ;
; alu/lpm_decode_3to8.tdf               ; yes             ; User Wizard-Generated File             ; D:/sifovm/sifovm-coursework/coursework/alu/lpm_decode_3to8.tdf               ;
; alu/alu_shifter_srl.tdf               ; yes             ; User Wizard-Generated File             ; D:/sifovm/sifovm-coursework/coursework/alu/alu_shifter_srl.tdf               ;
; alu/R0.tdf                            ; yes             ; User Wizard-Generated File             ; D:/sifovm/sifovm-coursework/coursework/alu/R0.tdf                            ;
; alu/R1.tdf                            ; yes             ; User Wizard-Generated File             ; D:/sifovm/sifovm-coursework/coursework/alu/R1.tdf                            ;
; alu/R5.tdf                            ; yes             ; User Wizard-Generated File             ; D:/sifovm/sifovm-coursework/coursework/alu/R5.tdf                            ;
; alu/R6.tdf                            ; yes             ; User Wizard-Generated File             ; D:/sifovm/sifovm-coursework/coursework/alu/R6.tdf                            ;
; alu/R7.tdf                            ; yes             ; User Wizard-Generated File             ; D:/sifovm/sifovm-coursework/coursework/alu/R7.tdf                            ;
; alu/ron_operand_mux.tdf               ; yes             ; User Wizard-Generated File             ; D:/sifovm/sifovm-coursework/coursework/alu/ron_operand_mux.tdf               ;
; control_unit/cmp_and.tdf              ; yes             ; User Wizard-Generated File             ; D:/sifovm/sifovm-coursework/coursework/control_unit/cmp_and.tdf              ;
; control_unit/CMP_Empty.tdf            ; yes             ; User Wizard-Generated File             ; D:/sifovm/sifovm-coursework/coursework/control_unit/CMP_Empty.tdf            ;
; control_unit/CMP_Full.tdf             ; yes             ; User Wizard-Generated File             ; D:/sifovm/sifovm-coursework/coursework/control_unit/CMP_Full.tdf             ;
; control_unit/cmp_hlt_ff.tdf           ; yes             ; User Wizard-Generated File             ; D:/sifovm/sifovm-coursework/coursework/control_unit/cmp_hlt_ff.tdf           ;
; control_unit/cmp_jmp.tdf              ; yes             ; User Wizard-Generated File             ; D:/sifovm/sifovm-coursework/coursework/control_unit/cmp_jmp.tdf              ;
; control_unit/cmp_mr.tdf               ; yes             ; User Wizard-Generated File             ; D:/sifovm/sifovm-coursework/coursework/control_unit/cmp_mr.tdf               ;
; control_unit/cmp_notz.tdf             ; yes             ; User Wizard-Generated File             ; D:/sifovm/sifovm-coursework/coursework/control_unit/cmp_notz.tdf             ;
; control_unit/cmp_pop.tdf              ; yes             ; User Wizard-Generated File             ; D:/sifovm/sifovm-coursework/coursework/control_unit/cmp_pop.tdf              ;
; control_unit/cmp_push.tdf             ; yes             ; User Wizard-Generated File             ; D:/sifovm/sifovm-coursework/coursework/control_unit/cmp_push.tdf             ;
; control_unit/cmp_rm.tdf               ; yes             ; User Wizard-Generated File             ; D:/sifovm/sifovm-coursework/coursework/control_unit/cmp_rm.tdf               ;
; control_unit/cmp_srl.tdf              ; yes             ; User Wizard-Generated File             ; D:/sifovm/sifovm-coursework/coursework/control_unit/cmp_srl.tdf              ;
; control_unit/cmp_sub.tdf              ; yes             ; User Wizard-Generated File             ; D:/sifovm/sifovm-coursework/coursework/control_unit/cmp_sub.tdf              ;
; control_unit/Data_Register.tdf        ; yes             ; User Wizard-Generated File             ; D:/sifovm/sifovm-coursework/coursework/control_unit/Data_Register.tdf        ;
; control_unit/SP_Counter.tdf           ; yes             ; User Wizard-Generated File             ; D:/sifovm/sifovm-coursework/coursework/control_unit/SP_Counter.tdf           ;
; control_unit/ADDR_H_REG.tdf           ; yes             ; User Wizard-Generated File             ; D:/sifovm/sifovm-coursework/coursework/control_unit/ADDR_H_REG.tdf           ;
; control_unit/ADDR_L_REG.tdf           ; yes             ; User Wizard-Generated File             ; D:/sifovm/sifovm-coursework/coursework/control_unit/ADDR_L_REG.tdf           ;
; control_unit/Phase_Counter.tdf        ; yes             ; User Wizard-Generated File             ; D:/sifovm/sifovm-coursework/coursework/control_unit/Phase_Counter.tdf        ;
; control_unit/Instruction_Pointer.tdf  ; yes             ; User Wizard-Generated File             ; D:/sifovm/sifovm-coursework/coursework/control_unit/Instruction_Pointer.tdf  ;
; control_unit/Instruction_Register.tdf ; yes             ; User Wizard-Generated File             ; D:/sifovm/sifovm-coursework/coursework/control_unit/Instruction_Register.tdf ;
; control_unit/PHASE_ADDR_H_COMP.tdf    ; yes             ; User Wizard-Generated File             ; D:/sifovm/sifovm-coursework/coursework/control_unit/PHASE_ADDR_H_COMP.tdf    ;
; control_unit/PHASE_ADDR_L_COMP.tdf    ; yes             ; User Wizard-Generated File             ; D:/sifovm/sifovm-coursework/coursework/control_unit/PHASE_ADDR_L_COMP.tdf    ;
; control_unit/PHASE_EXEC_COMP.tdf      ; yes             ; User Wizard-Generated File             ; D:/sifovm/sifovm-coursework/coursework/control_unit/PHASE_EXEC_COMP.tdf      ;
; control_unit/PHASE_FETCH_COMP.tdf     ; yes             ; User Wizard-Generated File             ; D:/sifovm/sifovm-coursework/coursework/control_unit/PHASE_FETCH_COMP.tdf     ;
; memory/lpm_mux0.tdf                   ; yes             ; User Wizard-Generated File             ; D:/sifovm/sifovm-coursework/coursework/memory/lpm_mux0.tdf                   ;
; memory/RAM_block.tdf                  ; yes             ; User Wizard-Generated File             ; D:/sifovm/sifovm-coursework/coursework/memory/RAM_block.tdf                  ;
; memory/ROM_block.tdf                  ; yes             ; User Wizard-Generated File             ; D:/sifovm/sifovm-coursework/coursework/memory/ROM_block.tdf                  ;
; memory/memory.bdf                     ; yes             ; User Block Diagram/Schematic File      ; D:/sifovm/sifovm-coursework/coursework/memory/memory.bdf                     ;
; memory/ROM.mif                        ; yes             ; User Memory Initialization File        ; D:/sifovm/sifovm-coursework/coursework/memory/ROM.mif                        ;
; control_unit/phase_counter_unit.bdf   ; yes             ; User Block Diagram/Schematic File      ; D:/sifovm/sifovm-coursework/coursework/control_unit/phase_counter_unit.bdf   ;
; control_unit/special_registers.bdf    ; yes             ; User Block Diagram/Schematic File      ; D:/sifovm/sifovm-coursework/coursework/control_unit/special_registers.bdf    ;
; control_unit/stack_control.bdf        ; yes             ; User Block Diagram/Schematic File      ; D:/sifovm/sifovm-coursework/coursework/control_unit/stack_control.bdf        ;
; control_unit/decoder_unit.bdf         ; yes             ; User Block Diagram/Schematic File      ; D:/sifovm/sifovm-coursework/coursework/control_unit/decoder_unit.bdf         ;
; alu/alu_unit.bdf                      ; yes             ; User Block Diagram/Schematic File      ; D:/sifovm/sifovm-coursework/coursework/alu/alu_unit.bdf                      ;
; alu/alu_logic_and8.bdf                ; yes             ; User Block Diagram/Schematic File      ; D:/sifovm/sifovm-coursework/coursework/alu/alu_logic_and8.bdf                ;
; alu/alu_logic_flag_zero.bdf           ; yes             ; User Block Diagram/Schematic File      ; D:/sifovm/sifovm-coursework/coursework/alu/alu_logic_flag_zero.bdf           ;
; alu/alu_POH.bdf                       ; yes             ; User Block Diagram/Schematic File      ; D:/sifovm/sifovm-coursework/coursework/alu/alu_POH.bdf                       ;
; cache/cache.bdf                       ; yes             ; User Block Diagram/Schematic File      ; D:/sifovm/sifovm-coursework/coursework/cache/cache.bdf                       ;
; predictor/branch_predictor.bdf        ; yes             ; User Block Diagram/Schematic File      ; D:/sifovm/sifovm-coursework/coursework/predictor/branch_predictor.bdf        ;
; arbitration/bus_arbiter.bdf           ; yes             ; User Block Diagram/Schematic File      ; D:/sifovm/sifovm-coursework/coursework/arbitration/bus_arbiter.bdf           ;
; lpm_compare.inc                       ; yes             ; Megafunction                           ; c:/altera/91/quartus/libraries/megafunctions/lpm_compare.inc                 ;
; lpm_mux.inc                           ; yes             ; Megafunction                           ; c:/altera/91/quartus/libraries/megafunctions/lpm_mux.inc                     ;
; lpm_ff.inc                            ; yes             ; Auto-Found AHDL File                   ; c:/altera/91/quartus/libraries/megafunctions/lpm_ff.inc                      ;
; lpm_constant.inc                      ; yes             ; Megafunction                           ; c:/altera/91/quartus/libraries/megafunctions/lpm_constant.inc                ;
; lpm_add_sub.inc                       ; yes             ; Megafunction                           ; c:/altera/91/quartus/libraries/megafunctions/lpm_add_sub.inc                 ;
; altsyncram.inc                        ; yes             ; Auto-Found AHDL File                   ; c:/altera/91/quartus/libraries/megafunctions/altsyncram.inc                  ;
; lpm_counter.inc                       ; yes             ; Megafunction                           ; c:/altera/91/quartus/libraries/megafunctions/lpm_counter.inc                 ;
; lpm_decode.inc                        ; yes             ; Megafunction                           ; c:/altera/91/quartus/libraries/megafunctions/lpm_decode.inc                  ;
; lpm_clshift.inc                       ; yes             ; Auto-Found AHDL File                   ; c:/altera/91/quartus/libraries/megafunctions/lpm_clshift.inc                 ;
; lpm_compare.tdf                       ; yes             ; Megafunction                           ; c:/altera/91/quartus/libraries/megafunctions/lpm_compare.tdf                 ;
; db/cmpr_7ng.tdf                       ; yes             ; Auto-Generated Megafunction            ; D:/sifovm/sifovm-coursework/coursework/db/cmpr_7ng.tdf                       ;
; lpm_counter.tdf                       ; yes             ; Megafunction                           ; c:/altera/91/quartus/libraries/megafunctions/lpm_counter.tdf                 ;
; db/cntr_q5i.tdf                       ; yes             ; Auto-Generated Megafunction            ; D:/sifovm/sifovm-coursework/coursework/db/cntr_q5i.tdf                       ;
; lpm_constant.tdf                      ; yes             ; Megafunction                           ; c:/altera/91/quartus/libraries/megafunctions/lpm_constant.tdf                ;
; lpm_ff.tdf                            ; yes             ; Megafunction                           ; c:/altera/91/quartus/libraries/megafunctions/lpm_ff.tdf                      ;
; db/cmpr_rbj.tdf                       ; yes             ; Auto-Generated Megafunction            ; D:/sifovm/sifovm-coursework/coursework/db/cmpr_rbj.tdf                       ;
; db/cmpr_vbj.tdf                       ; yes             ; Auto-Generated Megafunction            ; D:/sifovm/sifovm-coursework/coursework/db/cmpr_vbj.tdf                       ;
; lpm_mux.tdf                           ; yes             ; Megafunction                           ; c:/altera/91/quartus/libraries/megafunctions/lpm_mux.tdf                     ;
; db/mux_frc.tdf                        ; yes             ; Auto-Generated Megafunction            ; D:/sifovm/sifovm-coursework/coursework/db/mux_frc.tdf                        ;
; lpm_add_sub.tdf                       ; yes             ; Megafunction                           ; c:/altera/91/quartus/libraries/megafunctions/lpm_add_sub.tdf                 ;
; db/add_sub_j8i.tdf                    ; yes             ; Auto-Generated Megafunction            ; D:/sifovm/sifovm-coursework/coursework/db/add_sub_j8i.tdf                    ;
; lpm_clshift.tdf                       ; yes             ; Megafunction                           ; c:/altera/91/quartus/libraries/megafunctions/lpm_clshift.tdf                 ;
; db/lpm_clshift_eic.tdf                ; yes             ; Auto-Generated Megafunction            ; D:/sifovm/sifovm-coursework/coursework/db/lpm_clshift_eic.tdf                ;
; db/mux_7rc.tdf                        ; yes             ; Auto-Generated Megafunction            ; D:/sifovm/sifovm-coursework/coursework/db/mux_7rc.tdf                        ;
; lpm_decode.tdf                        ; yes             ; Megafunction                           ; c:/altera/91/quartus/libraries/megafunctions/lpm_decode.tdf                  ;
; db/decode_7bf.tdf                     ; yes             ; Auto-Generated Megafunction            ; D:/sifovm/sifovm-coursework/coursework/db/decode_7bf.tdf                     ;
; db/cmpr_1ng.tdf                       ; yes             ; Auto-Generated Megafunction            ; D:/sifovm/sifovm-coursework/coursework/db/cmpr_1ng.tdf                       ;
; altsyncram.tdf                        ; yes             ; Megafunction                           ; c:/altera/91/quartus/libraries/megafunctions/altsyncram.tdf                  ;
; db/altsyncram_g9v1.tdf                ; yes             ; Auto-Generated Megafunction            ; D:/sifovm/sifovm-coursework/coursework/db/altsyncram_g9v1.tdf                ;
; db/decode_2bf.tdf                     ; yes             ; Auto-Generated Megafunction            ; D:/sifovm/sifovm-coursework/coursework/db/decode_2bf.tdf                     ;
; db/cntr_fri.tdf                       ; yes             ; Auto-Generated Megafunction            ; D:/sifovm/sifovm-coursework/coursework/db/cntr_fri.tdf                       ;
; db/altsyncram_sdu1.tdf                ; yes             ; Auto-Generated Megafunction            ; D:/sifovm/sifovm-coursework/coursework/db/altsyncram_sdu1.tdf                ;
; db/altsyncram_95v1.tdf                ; yes             ; Auto-Generated Megafunction            ; D:/sifovm/sifovm-coursework/coursework/db/altsyncram_95v1.tdf                ;
; db/mux_arc.tdf                        ; yes             ; Auto-Generated Megafunction            ; D:/sifovm/sifovm-coursework/coursework/db/mux_arc.tdf                        ;
; db/altsyncram_n2v1.tdf                ; yes             ; Auto-Generated Megafunction            ; D:/sifovm/sifovm-coursework/coursework/db/altsyncram_n2v1.tdf                ;
; db/altsyncram_u6v1.tdf                ; yes             ; Auto-Generated Megafunction            ; D:/sifovm/sifovm-coursework/coursework/db/altsyncram_u6v1.tdf                ;
; db/cmpr_tqi.tdf                       ; yes             ; Auto-Generated Megafunction            ; D:/sifovm/sifovm-coursework/coursework/db/cmpr_tqi.tdf                       ;
; db/cntr_27j.tdf                       ; yes             ; Auto-Generated Megafunction            ; D:/sifovm/sifovm-coursework/coursework/db/cntr_27j.tdf                       ;
; db/cmpr_m4j.tdf                       ; yes             ; Auto-Generated Megafunction            ; D:/sifovm/sifovm-coursework/coursework/db/cmpr_m4j.tdf                       ;
; db/cntr_3tj.tdf                       ; yes             ; Auto-Generated Megafunction            ; D:/sifovm/sifovm-coursework/coursework/db/cntr_3tj.tdf                       ;
; db/altsyncram_ugm1.tdf                ; yes             ; Auto-Generated Megafunction            ; D:/sifovm/sifovm-coursework/coursework/db/altsyncram_ugm1.tdf                ;
; db/mux_msc.tdf                        ; yes             ; Auto-Generated Megafunction            ; D:/sifovm/sifovm-coursework/coursework/db/mux_msc.tdf                        ;
; db/altsyncram_kih1.tdf                ; yes             ; Auto-Generated Megafunction            ; D:/sifovm/sifovm-coursework/coursework/db/altsyncram_kih1.tdf                ;
; db/decode_fsa.tdf                     ; yes             ; Auto-Generated Megafunction            ; D:/sifovm/sifovm-coursework/coursework/db/decode_fsa.tdf                     ;
; db/decode_88a.tdf                     ; yes             ; Auto-Generated Megafunction            ; D:/sifovm/sifovm-coursework/coursework/db/decode_88a.tdf                     ;
; db/mux_vmb.tdf                        ; yes             ; Auto-Generated Megafunction            ; D:/sifovm/sifovm-coursework/coursework/db/mux_vmb.tdf                        ;
; db/altsyncram_21f1.tdf                ; yes             ; Auto-Generated Megafunction            ; D:/sifovm/sifovm-coursework/coursework/db/altsyncram_21f1.tdf                ;
; db/altsyncram_n5h1.tdf                ; yes             ; Auto-Generated Megafunction            ; D:/sifovm/sifovm-coursework/coursework/db/altsyncram_n5h1.tdf                ;
; kpdp/fsm_table.mif                    ; yes             ; Auto-Found Memory Initialization File  ; D:/sifovm/sifovm-coursework/coursework/kpdp/fsm_table.mif                    ;
; db/cmpr_uqi.tdf                       ; yes             ; Auto-Generated Megafunction            ; D:/sifovm/sifovm-coursework/coursework/db/cmpr_uqi.tdf                       ;
; db/mux_2rc.tdf                        ; yes             ; Auto-Generated Megafunction            ; D:/sifovm/sifovm-coursework/coursework/db/mux_2rc.tdf                        ;
; db/add_sub_7th.tdf                    ; yes             ; Auto-Generated Megafunction            ; D:/sifovm/sifovm-coursework/coursework/db/add_sub_7th.tdf                    ;
; db/add_sub_bsh.tdf                    ; yes             ; Auto-Generated Megafunction            ; D:/sifovm/sifovm-coursework/coursework/db/add_sub_bsh.tdf                    ;
; db/cmpr_ldj.tdf                       ; yes             ; Auto-Generated Megafunction            ; D:/sifovm/sifovm-coursework/coursework/db/cmpr_ldj.tdf                       ;
+---------------------------------------+-----------------+----------------------------------------+------------------------------------------------------------------------------+


+-------------------------------------------------------------+
; Analysis & Synthesis Resource Usage Summary                 ;
+-----------------------------------------------+-------------+
; Resource                                      ; Usage       ;
+-----------------------------------------------+-------------+
; Estimated ALUTs Used                          ; 298         ;
;     -- Combinational ALUTs                    ; 298         ;
;     -- Memory ALUTs                           ; 0           ;
;     -- LUT_REGs                               ; 0           ;
; Dedicated logic registers                     ; 143         ;
;                                               ;             ;
; Estimated ALUTs Unavailable                   ; 27          ;
;     -- Due to unpartnered combinational logic ; 27          ;
;     -- Due to Memory ALUTs                    ; 0           ;
;                                               ;             ;
; Total combinational functions                 ; 298         ;
; Combinational ALUT usage by number of inputs  ;             ;
;     -- 7 input functions                      ; 1           ;
;     -- 6 input functions                      ; 71          ;
;     -- 5 input functions                      ; 58          ;
;     -- 4 input functions                      ; 64          ;
;     -- <=3 input functions                    ; 104         ;
;                                               ;             ;
; Combinational ALUTs by mode                   ;             ;
;     -- normal mode                            ; 244         ;
;     -- extended LUT mode                      ; 1           ;
;     -- arithmetic mode                        ; 53          ;
;     -- shared arithmetic mode                 ; 0           ;
;                                               ;             ;
; Estimated ALUT/register pairs used            ; 378         ;
;                                               ;             ;
; Total registers                               ; 143         ;
;     -- Dedicated logic registers              ; 143         ;
;     -- I/O registers                          ; 0           ;
;     -- LUT_REGs                               ; 0           ;
;                                               ;             ;
; Estimated ALMs:  partially or completely used ; 189         ;
;                                               ;             ;
; I/O pins                                      ; 52          ;
; Total MLAB memory bits                        ; 0           ;
; Total block memory bits                       ; 1049904     ;
; Maximum fan-out node                          ; clock~input ;
; Maximum fan-out                               ; 290         ;
; Total fan-out                                 ; 3633        ;
; Average fan-out                               ; 5.25        ;
+-----------------------------------------------+-------------+


+-----------------------------------------------------------------------------------------------------------------------------------------------------------------------------------------------------------------------------------------------------------------------------------------------------------------------------------------+
; Analysis & Synthesis Resource Utilization by Entity                                                                                                                                                                                                                                                                                     ;
+----------------------------------------------+-------------------+--------------+-------------------+--------------+---------+-----------+-----------+-----------+------+--------------+---------------------------------------------------------------------------------------------------------------------------------+--------------+
; Compilation Hierarchy Node                   ; LC Combinationals ; LC Registers ; Block Memory Bits ; DSP Elements ; DSP 9x9 ; DSP 12x12 ; DSP 18x18 ; DSP 36x36 ; Pins ; Virtual Pins ; Full Hierarchy Name                                                                                                             ; Library Name ;
+----------------------------------------------+-------------------+--------------+-------------------+--------------+---------+-----------+-----------+-----------+------+--------------+---------------------------------------------------------------------------------------------------------------------------------+--------------+
; |main_module                                 ; 298 (5)           ; 143 (0)      ; 1049904           ; 0            ; 0       ; 0         ; 0         ; 0         ; 52   ; 0            ; |main_module                                                                                                                    ; work         ;
;    |alu_POH:inst9|                           ; 24 (8)            ; 64 (0)       ; 0                 ; 0            ; 0       ; 0         ; 0         ; 0         ; 0    ; 0            ; |main_module|alu_POH:inst9                                                                                                      ; work         ;
;       |R0:inst|                              ; 0 (0)             ; 8 (0)        ; 0                 ; 0            ; 0       ; 0         ; 0         ; 0         ; 0    ; 0            ; |main_module|alu_POH:inst9|R0:inst                                                                                              ; work         ;
;          |lpm_ff:lpm_ff_component|           ; 0 (0)             ; 8 (8)        ; 0                 ; 0            ; 0       ; 0         ; 0         ; 0         ; 0    ; 0            ; |main_module|alu_POH:inst9|R0:inst|lpm_ff:lpm_ff_component                                                                      ; work         ;
;       |R1:inst6|                             ; 0 (0)             ; 8 (0)        ; 0                 ; 0            ; 0       ; 0         ; 0         ; 0         ; 0    ; 0            ; |main_module|alu_POH:inst9|R1:inst6                                                                                             ; work         ;
;          |lpm_ff:lpm_ff_component|           ; 0 (0)             ; 8 (8)        ; 0                 ; 0            ; 0       ; 0         ; 0         ; 0         ; 0    ; 0            ; |main_module|alu_POH:inst9|R1:inst6|lpm_ff:lpm_ff_component                                                                     ; work         ;
;       |R2:inst7|                             ; 0 (0)             ; 8 (0)        ; 0                 ; 0            ; 0       ; 0         ; 0         ; 0         ; 0    ; 0            ; |main_module|alu_POH:inst9|R2:inst7                                                                                             ; work         ;
;          |lpm_ff:lpm_ff_component|           ; 0 (0)             ; 8 (8)        ; 0                 ; 0            ; 0       ; 0         ; 0         ; 0         ; 0    ; 0            ; |main_module|alu_POH:inst9|R2:inst7|lpm_ff:lpm_ff_component                                                                     ; work         ;
;       |R3:inst8|                             ; 0 (0)             ; 8 (0)        ; 0                 ; 0            ; 0       ; 0         ; 0         ; 0         ; 0    ; 0            ; |main_module|alu_POH:inst9|R3:inst8                                                                                             ; work         ;
;          |lpm_ff:lpm_ff_component|           ; 0 (0)             ; 8 (8)        ; 0                 ; 0            ; 0       ; 0         ; 0         ; 0         ; 0    ; 0            ; |main_module|alu_POH:inst9|R3:inst8|lpm_ff:lpm_ff_component                                                                     ; work         ;
;       |R4:inst9|                             ; 0 (0)             ; 8 (0)        ; 0                 ; 0            ; 0       ; 0         ; 0         ; 0         ; 0    ; 0            ; |main_module|alu_POH:inst9|R4:inst9                                                                                             ; work         ;
;          |lpm_ff:lpm_ff_component|           ; 0 (0)             ; 8 (8)        ; 0                 ; 0            ; 0       ; 0         ; 0         ; 0         ; 0    ; 0            ; |main_module|alu_POH:inst9|R4:inst9|lpm_ff:lpm_ff_component                                                                     ; work         ;
;       |R5:inst10|                            ; 0 (0)             ; 8 (0)        ; 0                 ; 0            ; 0       ; 0         ; 0         ; 0         ; 0    ; 0            ; |main_module|alu_POH:inst9|R5:inst10                                                                                            ; work         ;
;          |lpm_ff:lpm_ff_component|           ; 0 (0)             ; 8 (8)        ; 0                 ; 0            ; 0       ; 0         ; 0         ; 0         ; 0    ; 0            ; |main_module|alu_POH:inst9|R5:inst10|lpm_ff:lpm_ff_component                                                                    ; work         ;
;       |R6:inst11|                            ; 0 (0)             ; 8 (0)        ; 0                 ; 0            ; 0       ; 0         ; 0         ; 0         ; 0    ; 0            ; |main_module|alu_POH:inst9|R6:inst11                                                                                            ; work         ;
;          |lpm_ff:lpm_ff_component|           ; 0 (0)             ; 8 (8)        ; 0                 ; 0            ; 0       ; 0         ; 0         ; 0         ; 0    ; 0            ; |main_module|alu_POH:inst9|R6:inst11|lpm_ff:lpm_ff_component                                                                    ; work         ;
;       |R7:inst12|                            ; 0 (0)             ; 8 (0)        ; 0                 ; 0            ; 0       ; 0         ; 0         ; 0         ; 0    ; 0            ; |main_module|alu_POH:inst9|R7:inst12                                                                                            ; work         ;
;          |lpm_ff:lpm_ff_component|           ; 0 (0)             ; 8 (8)        ; 0                 ; 0            ; 0       ; 0         ; 0         ; 0         ; 0    ; 0            ; |main_module|alu_POH:inst9|R7:inst12|lpm_ff:lpm_ff_component                                                                    ; work         ;
;       |ron_operand_mux:inst22|               ; 16 (0)            ; 0 (0)        ; 0                 ; 0            ; 0       ; 0         ; 0         ; 0         ; 0    ; 0            ; |main_module|alu_POH:inst9|ron_operand_mux:inst22                                                                               ; work         ;
;          |lpm_mux:lpm_mux_component|         ; 16 (0)            ; 0 (0)        ; 0                 ; 0            ; 0       ; 0         ; 0         ; 0         ; 0    ; 0            ; |main_module|alu_POH:inst9|ron_operand_mux:inst22|lpm_mux:lpm_mux_component                                                     ; work         ;
;             |mux_frc:auto_generated|         ; 16 (16)           ; 0 (0)        ; 0                 ; 0            ; 0       ; 0         ; 0         ; 0         ; 0    ; 0            ; |main_module|alu_POH:inst9|ron_operand_mux:inst22|lpm_mux:lpm_mux_component|mux_frc:auto_generated                              ; work         ;
;    |alu_unit:inst17|                         ; 16 (1)            ; 0 (0)        ; 0                 ; 0            ; 0       ; 0         ; 0         ; 0         ; 0    ; 0            ; |main_module|alu_unit:inst17                                                                                                    ; work         ;
;       |alu_logic_flag_zero:inst15|           ; 3 (3)             ; 0 (0)        ; 0                 ; 0            ; 0       ; 0         ; 0         ; 0         ; 0    ; 0            ; |main_module|alu_unit:inst17|alu_logic_flag_zero:inst15                                                                         ; work         ;
;       |alu_output_mux:inst4|                 ; 2 (0)             ; 0 (0)        ; 0                 ; 0            ; 0       ; 0         ; 0         ; 0         ; 0    ; 0            ; |main_module|alu_unit:inst17|alu_output_mux:inst4                                                                               ; work         ;
;          |lpm_mux:lpm_mux_component|         ; 2 (0)             ; 0 (0)        ; 0                 ; 0            ; 0       ; 0         ; 0         ; 0         ; 0    ; 0            ; |main_module|alu_unit:inst17|alu_output_mux:inst4|lpm_mux:lpm_mux_component                                                     ; work         ;
;             |mux_frc:auto_generated|         ; 2 (2)             ; 0 (0)        ; 0                 ; 0            ; 0       ; 0         ; 0         ; 0         ; 0    ; 0            ; |main_module|alu_unit:inst17|alu_output_mux:inst4|lpm_mux:lpm_mux_component|mux_frc:auto_generated                              ; work         ;
;       |alu_subtractor:inst|                  ; 10 (0)            ; 0 (0)        ; 0                 ; 0            ; 0       ; 0         ; 0         ; 0         ; 0    ; 0            ; |main_module|alu_unit:inst17|alu_subtractor:inst                                                                                ; work         ;
;          |lpm_add_sub:lpm_add_sub_component| ; 10 (0)            ; 0 (0)        ; 0                 ; 0            ; 0       ; 0         ; 0         ; 0         ; 0    ; 0            ; |main_module|alu_unit:inst17|alu_subtractor:inst|lpm_add_sub:lpm_add_sub_component                                              ; work         ;
;             |add_sub_j8i:auto_generated|     ; 10 (10)           ; 0 (0)        ; 0                 ; 0            ; 0       ; 0         ; 0         ; 0         ; 0    ; 0            ; |main_module|alu_unit:inst17|alu_subtractor:inst|lpm_add_sub:lpm_add_sub_component|add_sub_j8i:auto_generated                   ; work         ;
;    |branch_predictor:inst7|                  ; 4 (4)             ; 4 (0)        ; 32                ; 0            ; 0       ; 0         ; 0         ; 0         ; 0    ; 0            ; |main_module|branch_predictor:inst7                                                                                             ;              ;
;       |ghr_register:inst|                    ; 0 (0)             ; 4 (0)        ; 0                 ; 0            ; 0       ; 0         ; 0         ; 0         ; 0    ; 0            ; |main_module|branch_predictor:inst7|ghr_register:inst                                                                           ; work         ;
;          |lpm_ff:lpm_ff_component|           ; 0 (0)             ; 4 (4)        ; 0                 ; 0            ; 0       ; 0         ; 0         ; 0         ; 0    ; 0            ; |main_module|branch_predictor:inst7|ghr_register:inst|lpm_ff:lpm_ff_component                                                   ; work         ;
;       |u_pht_table:inst17|                   ; 0 (0)             ; 0 (0)        ; 32                ; 0            ; 0       ; 0         ; 0         ; 0         ; 0    ; 0            ; |main_module|branch_predictor:inst7|u_pht_table:inst17                                                                          ;              ;
;          |altsyncram:altsyncram_component|   ; 0 (0)             ; 0 (0)        ; 32                ; 0            ; 0       ; 0         ; 0         ; 0         ; 0    ; 0            ; |main_module|branch_predictor:inst7|u_pht_table:inst17|altsyncram:altsyncram_component                                          ;              ;
;             |altsyncram_ugm1:auto_generated| ; 0 (0)             ; 0 (0)        ; 32                ; 0            ; 0       ; 0         ; 0         ; 0         ; 0    ; 0            ; |main_module|branch_predictor:inst7|u_pht_table:inst17|altsyncram:altsyncram_component|altsyncram_ugm1:auto_generated           ; work         ;
;    |bus_arbiter:inst6|                       ; 2 (2)             ; 2 (0)        ; 0                 ; 0            ; 0       ; 0         ; 0         ; 0         ; 0    ; 0            ; |main_module|bus_arbiter:inst6                                                                                                  ; work         ;
;       |req_cpu_reg:inst|                     ; 0 (0)             ; 1 (0)        ; 0                 ; 0            ; 0       ; 0         ; 0         ; 0         ; 0    ; 0            ; |main_module|bus_arbiter:inst6|req_cpu_reg:inst                                                                                 ; work         ;
;          |lpm_ff:lpm_ff_component|           ; 0 (0)             ; 1 (1)        ; 0                 ; 0            ; 0       ; 0         ; 0         ; 0         ; 0    ; 0            ; |main_module|bus_arbiter:inst6|req_cpu_reg:inst|lpm_ff:lpm_ff_component                                                         ; work         ;
;       |req_dmac_reg:inst6|                   ; 0 (0)             ; 1 (0)        ; 0                 ; 0            ; 0       ; 0         ; 0         ; 0         ; 0    ; 0            ; |main_module|bus_arbiter:inst6|req_dmac_reg:inst6                                                                               ; work         ;
;          |lpm_ff:lpm_ff_component|           ; 0 (0)             ; 1 (1)        ; 0                 ; 0            ; 0       ; 0         ; 0         ; 0         ; 0    ; 0            ; |main_module|bus_arbiter:inst6|req_dmac_reg:inst6|lpm_ff:lpm_ff_component                                                       ; work         ;
;    |cache:inst5|                             ; 92 (12)           ; 2 (0)        ; 1216              ; 0            ; 0       ; 0         ; 0         ; 0         ; 0    ; 0            ; |main_module|cache:inst5                                                                                                        ; work         ;
;       |cache_data_way0:inst|                 ; 0 (0)             ; 0 (0)        ; 128               ; 0            ; 0       ; 0         ; 0         ; 0         ; 0    ; 0            ; |main_module|cache:inst5|cache_data_way0:inst                                                                                   ; work         ;
;          |altsyncram:altsyncram_component|   ; 0 (0)             ; 0 (0)        ; 128               ; 0            ; 0       ; 0         ; 0         ; 0         ; 0    ; 0            ; |main_module|cache:inst5|cache_data_way0:inst|altsyncram:altsyncram_component                                                   ; work         ;
;             |altsyncram_n2v1:auto_generated| ; 0 (0)             ; 0 (0)        ; 128               ; 0            ; 0       ; 0         ; 0         ; 0         ; 0    ; 0            ; |main_module|cache:inst5|cache_data_way0:inst|altsyncram:altsyncram_component|altsyncram_n2v1:auto_generated                    ; work         ;
;       |cache_data_way1:inst1|                ; 0 (0)             ; 0 (0)        ; 128               ; 0            ; 0       ; 0         ; 0         ; 0         ; 0    ; 0            ; |main_module|cache:inst5|cache_data_way1:inst1                                                                                  ;              ;
;          |altsyncram:altsyncram_component|   ; 0 (0)             ; 0 (0)        ; 128               ; 0            ; 0       ; 0         ; 0         ; 0         ; 0    ; 0            ; |main_module|cache:inst5|cache_data_way1:inst1|altsyncram:altsyncram_component                                                  ;              ;
;             |altsyncram_u6v1:auto_generated| ; 0 (0)             ; 0 (0)        ; 128               ; 0            ; 0       ; 0         ; 0         ; 0         ; 0    ; 0            ; |main_module|cache:inst5|cache_data_way1:inst1|altsyncram:altsyncram_component|altsyncram_u6v1:auto_generated                   ;              ;
;       |cache_data_way2:inst2|                ; 0 (0)             ; 0 (0)        ; 128               ; 0            ; 0       ; 0         ; 0         ; 0         ; 0    ; 0            ; |main_module|cache:inst5|cache_data_way2:inst2                                                                                  ;              ;
;          |altsyncram:altsyncram_component|   ; 0 (0)             ; 0 (0)        ; 128               ; 0            ; 0       ; 0         ; 0         ; 0         ; 0    ; 0            ; |main_module|cache:inst5|cache_data_way2:inst2|altsyncram:altsyncram_component                                                  ;              ;
;             |altsyncram_u6v1:auto_generated| ; 0 (0)             ; 0 (0)        ; 128               ; 0            ; 0       ; 0         ; 0         ; 0         ; 0    ; 0            ; |main_module|cache:inst5|cache_data_way2:inst2|altsyncram:altsyncram_component|altsyncram_u6v1:auto_generated                   ;              ;
;       |cache_data_way3:inst3|                ; 0 (0)             ; 0 (0)        ; 128               ; 0            ; 0       ; 0         ; 0         ; 0         ; 0    ; 0            ; |main_module|cache:inst5|cache_data_way3:inst3                                                                                  ;              ;
;          |altsyncram:altsyncram_component|   ; 0 (0)             ; 0 (0)        ; 128               ; 0            ; 0       ; 0         ; 0         ; 0         ; 0    ; 0            ; |main_module|cache:inst5|cache_data_way3:inst3|altsyncram:altsyncram_component                                                  ;              ;
;             |altsyncram_u6v1:auto_generated| ; 0 (0)             ; 0 (0)        ; 128               ; 0            ; 0       ; 0         ; 0         ; 0         ; 0    ; 0            ; |main_module|cache:inst5|cache_data_way3:inst3|altsyncram:altsyncram_component|altsyncram_u6v1:auto_generated                   ;              ;
;       |cache_tag_compare_way1:inst13|        ; 11 (0)            ; 0 (0)        ; 0                 ; 0            ; 0       ; 0         ; 0         ; 0         ; 0    ; 0            ; |main_module|cache:inst5|cache_tag_compare_way1:inst13                                                                          ; work         ;
;          |lpm_compare:lpm_compare_component| ; 11 (0)            ; 0 (0)        ; 0                 ; 0            ; 0       ; 0         ; 0         ; 0         ; 0    ; 0            ; |main_module|cache:inst5|cache_tag_compare_way1:inst13|lpm_compare:lpm_compare_component                                        ; work         ;
;             |cmpr_1ng:auto_generated|        ; 11 (11)           ; 0 (0)        ; 0                 ; 0            ; 0       ; 0         ; 0         ; 0         ; 0    ; 0            ; |main_module|cache:inst5|cache_tag_compare_way1:inst13|lpm_compare:lpm_compare_component|cmpr_1ng:auto_generated                ;              ;
;       |cache_tag_compare_way2:inst14|        ; 10 (0)            ; 0 (0)        ; 0                 ; 0            ; 0       ; 0         ; 0         ; 0         ; 0    ; 0            ; |main_module|cache:inst5|cache_tag_compare_way2:inst14                                                                          ;              ;
;          |lpm_compare:lpm_compare_component| ; 10 (0)            ; 0 (0)        ; 0                 ; 0            ; 0       ; 0         ; 0         ; 0         ; 0    ; 0            ; |main_module|cache:inst5|cache_tag_compare_way2:inst14|lpm_compare:lpm_compare_component                                        ;              ;
;             |cmpr_1ng:auto_generated|        ; 10 (10)           ; 0 (0)        ; 0                 ; 0            ; 0       ; 0         ; 0         ; 0         ; 0    ; 0            ; |main_module|cache:inst5|cache_tag_compare_way2:inst14|lpm_compare:lpm_compare_component|cmpr_1ng:auto_generated                ; work         ;
;       |cache_tag_compare_way3:inst15|        ; 10 (0)            ; 0 (0)        ; 0                 ; 0            ; 0       ; 0         ; 0         ; 0         ; 0    ; 0            ; |main_module|cache:inst5|cache_tag_compare_way3:inst15                                                                          ; work         ;
;          |lpm_compare:lpm_compare_component| ; 10 (0)            ; 0 (0)        ; 0                 ; 0            ; 0       ; 0         ; 0         ; 0         ; 0    ; 0            ; |main_module|cache:inst5|cache_tag_compare_way3:inst15|lpm_compare:lpm_compare_component                                        ; work         ;
;             |cmpr_1ng:auto_generated|        ; 10 (10)           ; 0 (0)        ; 0                 ; 0            ; 0       ; 0         ; 0         ; 0         ; 0    ; 0            ; |main_module|cache:inst5|cache_tag_compare_way3:inst15|lpm_compare:lpm_compare_component|cmpr_1ng:auto_generated                ; work         ;
;       |cache_tag_compare_way:inst12|         ; 4 (0)             ; 0 (0)        ; 0                 ; 0            ; 0       ; 0         ; 0         ; 0         ; 0    ; 0            ; |main_module|cache:inst5|cache_tag_compare_way:inst12                                                                           ; work         ;
;          |lpm_compare:lpm_compare_component| ; 4 (0)             ; 0 (0)        ; 0                 ; 0            ; 0       ; 0         ; 0         ; 0         ; 0    ; 0            ; |main_module|cache:inst5|cache_tag_compare_way:inst12|lpm_compare:lpm_compare_component                                         ; work         ;
;             |cmpr_1ng:auto_generated|        ; 4 (4)             ; 0 (0)        ; 0                 ; 0            ; 0       ; 0         ; 0         ; 0         ; 0    ; 0            ; |main_module|cache:inst5|cache_tag_compare_way:inst12|lpm_compare:lpm_compare_component|cmpr_1ng:auto_generated                 ; work         ;
;       |cache_tag_way0:inst4|                 ; 0 (0)             ; 0 (0)        ; 160               ; 0            ; 0       ; 0         ; 0         ; 0         ; 0    ; 0            ; |main_module|cache:inst5|cache_tag_way0:inst4                                                                                   ; work         ;
;          |altsyncram:altsyncram_component|   ; 0 (0)             ; 0 (0)        ; 160               ; 0            ; 0       ; 0         ; 0         ; 0         ; 0    ; 0            ; |main_module|cache:inst5|cache_tag_way0:inst4|altsyncram:altsyncram_component                                                   ; work         ;
;             |altsyncram_95v1:auto_generated| ; 0 (0)             ; 0 (0)        ; 160               ; 0            ; 0       ; 0         ; 0         ; 0         ; 0    ; 0            ; |main_module|cache:inst5|cache_tag_way0:inst4|altsyncram:altsyncram_component|altsyncram_95v1:auto_generated                    ; work         ;
;       |cache_tag_way1:inst5|                 ; 0 (0)             ; 0 (0)        ; 160               ; 0            ; 0       ; 0         ; 0         ; 0         ; 0    ; 0            ; |main_module|cache:inst5|cache_tag_way1:inst5                                                                                   ; work         ;
;          |altsyncram:altsyncram_component|   ; 0 (0)             ; 0 (0)        ; 160               ; 0            ; 0       ; 0         ; 0         ; 0         ; 0    ; 0            ; |main_module|cache:inst5|cache_tag_way1:inst5|altsyncram:altsyncram_component                                                   ; work         ;
;             |altsyncram_g9v1:auto_generated| ; 0 (0)             ; 0 (0)        ; 160               ; 0            ; 0       ; 0         ; 0         ; 0         ; 0    ; 0            ; |main_module|cache:inst5|cache_tag_way1:inst5|altsyncram:altsyncram_component|altsyncram_g9v1:auto_generated                    ; work         ;
;       |cache_tag_way2:inst6|                 ; 0 (0)             ; 0 (0)        ; 160               ; 0            ; 0       ; 0         ; 0         ; 0         ; 0    ; 0            ; |main_module|cache:inst5|cache_tag_way2:inst6                                                                                   ; work         ;
;          |altsyncram:altsyncram_component|   ; 0 (0)             ; 0 (0)        ; 160               ; 0            ; 0       ; 0         ; 0         ; 0         ; 0    ; 0            ; |main_module|cache:inst5|cache_tag_way2:inst6|altsyncram:altsyncram_component                                                   ; work         ;
;             |altsyncram_g9v1:auto_generated| ; 0 (0)             ; 0 (0)        ; 160               ; 0            ; 0       ; 0         ; 0         ; 0         ; 0    ; 0            ; |main_module|cache:inst5|cache_tag_way2:inst6|altsyncram:altsyncram_component|altsyncram_g9v1:auto_generated                    ; work         ;
;       |cache_tag_way3:inst7|                 ; 0 (0)             ; 0 (0)        ; 160               ; 0            ; 0       ; 0         ; 0         ; 0         ; 0    ; 0            ; |main_module|cache:inst5|cache_tag_way3:inst7                                                                                   ; work         ;
;          |altsyncram:altsyncram_component|   ; 0 (0)             ; 0 (0)        ; 160               ; 0            ; 0       ; 0         ; 0         ; 0         ; 0    ; 0            ; |main_module|cache:inst5|cache_tag_way3:inst7|altsyncram:altsyncram_component                                                   ; work         ;
;             |altsyncram_g9v1:auto_generated| ; 0 (0)             ; 0 (0)        ; 160               ; 0            ; 0       ; 0         ; 0         ; 0         ; 0    ; 0            ; |main_module|cache:inst5|cache_tag_way3:inst7|altsyncram:altsyncram_component|altsyncram_g9v1:auto_generated                    ; work         ;
;       |cache_valid_way0:inst36|              ; 0 (0)             ; 0 (0)        ; 16                ; 0            ; 0       ; 0         ; 0         ; 0         ; 0    ; 0            ; |main_module|cache:inst5|cache_valid_way0:inst36                                                                                ; work         ;
;          |altsyncram:altsyncram_component|   ; 0 (0)             ; 0 (0)        ; 16                ; 0            ; 0       ; 0         ; 0         ; 0         ; 0    ; 0            ; |main_module|cache:inst5|cache_valid_way0:inst36|altsyncram:altsyncram_component                                                ; work         ;
;             |altsyncram_sdu1:auto_generated| ; 0 (0)             ; 0 (0)        ; 16                ; 0            ; 0       ; 0         ; 0         ; 0         ; 0    ; 0            ; |main_module|cache:inst5|cache_valid_way0:inst36|altsyncram:altsyncram_component|altsyncram_sdu1:auto_generated                 ; work         ;
;       |cache_valid_way1:inst37|              ; 0 (0)             ; 0 (0)        ; 16                ; 0            ; 0       ; 0         ; 0         ; 0         ; 0    ; 0            ; |main_module|cache:inst5|cache_valid_way1:inst37                                                                                ; work         ;
;          |altsyncram:altsyncram_component|   ; 0 (0)             ; 0 (0)        ; 16                ; 0            ; 0       ; 0         ; 0         ; 0         ; 0    ; 0            ; |main_module|cache:inst5|cache_valid_way1:inst37|altsyncram:altsyncram_component                                                ; work         ;
;             |altsyncram_sdu1:auto_generated| ; 0 (0)             ; 0 (0)        ; 16                ; 0            ; 0       ; 0         ; 0         ; 0         ; 0    ; 0            ; |main_module|cache:inst5|cache_valid_way1:inst37|altsyncram:altsyncram_component|altsyncram_sdu1:auto_generated                 ; work         ;
;       |cache_valid_way2:inst38|              ; 0 (0)             ; 0 (0)        ; 16                ; 0            ; 0       ; 0         ; 0         ; 0         ; 0    ; 0            ; |main_module|cache:inst5|cache_valid_way2:inst38                                                                                ; work         ;
;          |altsyncram:altsyncram_component|   ; 0 (0)             ; 0 (0)        ; 16                ; 0            ; 0       ; 0         ; 0         ; 0         ; 0    ; 0            ; |main_module|cache:inst5|cache_valid_way2:inst38|altsyncram:altsyncram_component                                                ; work         ;
;             |altsyncram_sdu1:auto_generated| ; 0 (0)             ; 0 (0)        ; 16                ; 0            ; 0       ; 0         ; 0         ; 0         ; 0    ; 0            ; |main_module|cache:inst5|cache_valid_way2:inst38|altsyncram:altsyncram_component|altsyncram_sdu1:auto_generated                 ; work         ;
;       |cache_valid_way3:inst39|              ; 0 (0)             ; 0 (0)        ; 16                ; 0            ; 0       ; 0         ; 0         ; 0         ; 0    ; 0            ; |main_module|cache:inst5|cache_valid_way3:inst39                                                                                ;              ;
;          |altsyncram:altsyncram_component|   ; 0 (0)             ; 0 (0)        ; 16                ; 0            ; 0       ; 0         ; 0         ; 0         ; 0    ; 0            ; |main_module|cache:inst5|cache_valid_way3:inst39|altsyncram:altsyncram_component                                                ;              ;
;             |altsyncram_sdu1:auto_generated| ; 0 (0)             ; 0 (0)        ; 16                ; 0            ; 0       ; 0         ; 0         ; 0         ; 0    ; 0            ; |main_module|cache:inst5|cache_valid_way3:inst39|altsyncram:altsyncram_component|altsyncram_sdu1:auto_generated                 ;              ;
;       |cpu_data_out:inst8|                   ; 39 (0)            ; 0 (0)        ; 0                 ; 0            ; 0       ; 0         ; 0         ; 0         ; 0    ; 0            ; |main_module|cache:inst5|cpu_data_out:inst8                                                                                     ; work         ;
;          |lpm_mux:lpm_mux_component|         ; 39 (0)            ; 0 (0)        ; 0                 ; 0            ; 0       ; 0         ; 0         ; 0         ; 0    ; 0            ; |main_module|cache:inst5|cpu_data_out:inst8|lpm_mux:lpm_mux_component                                                           ; work         ;
;             |mux_7rc:auto_generated|         ; 39 (39)           ; 0 (0)        ; 0                 ; 0            ; 0       ; 0         ; 0         ; 0         ; 0    ; 0            ; |main_module|cache:inst5|cpu_data_out:inst8|lpm_mux:lpm_mux_component|mux_7rc:auto_generated                                    ; work         ;
;       |lru_counter:inst23|                   ; 2 (0)             ; 2 (0)        ; 0                 ; 0            ; 0       ; 0         ; 0         ; 0         ; 0    ; 0            ; |main_module|cache:inst5|lru_counter:inst23                                                                                     ;              ;
;          |lpm_counter:lpm_counter_component| ; 2 (0)             ; 2 (0)        ; 0                 ; 0            ; 0       ; 0         ; 0         ; 0         ; 0    ; 0            ; |main_module|cache:inst5|lru_counter:inst23|lpm_counter:lpm_counter_component                                                   ;              ;
;             |cntr_fri:auto_generated|        ; 2 (2)             ; 2 (2)        ; 0                 ; 0            ; 0       ; 0         ; 0         ; 0         ; 0    ; 0            ; |main_module|cache:inst5|lru_counter:inst23|lpm_counter:lpm_counter_component|cntr_fri:auto_generated                           ;              ;
;       |lru_decoder:inst24|                   ; 4 (0)             ; 0 (0)        ; 0                 ; 0            ; 0       ; 0         ; 0         ; 0         ; 0    ; 0            ; |main_module|cache:inst5|lru_decoder:inst24                                                                                     ; work         ;
;          |lpm_decode:lpm_decode_component|   ; 4 (0)             ; 0 (0)        ; 0                 ; 0            ; 0       ; 0         ; 0         ; 0         ; 0    ; 0            ; |main_module|cache:inst5|lru_decoder:inst24|lpm_decode:lpm_decode_component                                                     ;              ;
;             |decode_2bf:auto_generated|      ; 4 (4)             ; 0 (0)        ; 0                 ; 0            ; 0       ; 0         ; 0         ; 0         ; 0    ; 0            ; |main_module|cache:inst5|lru_decoder:inst24|lpm_decode:lpm_decode_component|decode_2bf:auto_generated                           ;              ;
;    |decoder_unit:inst13|                     ; 8 (2)             ; 0 (0)        ; 0                 ; 0            ; 0       ; 0         ; 0         ; 0         ; 0    ; 0            ; |main_module|decoder_unit:inst13                                                                                                ; work         ;
;       |cmp_hlt_ff:inst13|                    ; 2 (0)             ; 0 (0)        ; 0                 ; 0            ; 0       ; 0         ; 0         ; 0         ; 0    ; 0            ; |main_module|decoder_unit:inst13|cmp_hlt_ff:inst13                                                                              ; work         ;
;          |lpm_compare:lpm_compare_component| ; 2 (0)             ; 0 (0)        ; 0                 ; 0            ; 0       ; 0         ; 0         ; 0         ; 0    ; 0            ; |main_module|decoder_unit:inst13|cmp_hlt_ff:inst13|lpm_compare:lpm_compare_component                                            ; work         ;
;             |cmpr_vbj:auto_generated|        ; 2 (2)             ; 0 (0)        ; 0                 ; 0            ; 0       ; 0         ; 0         ; 0         ; 0    ; 0            ; |main_module|decoder_unit:inst13|cmp_hlt_ff:inst13|lpm_compare:lpm_compare_component|cmpr_vbj:auto_generated                    ; work         ;
;       |cmp_jmp:inst5|                        ; 2 (0)             ; 0 (0)        ; 0                 ; 0            ; 0       ; 0         ; 0         ; 0         ; 0    ; 0            ; |main_module|decoder_unit:inst13|cmp_jmp:inst5                                                                                  ; work         ;
;          |lpm_compare:lpm_compare_component| ; 2 (0)             ; 0 (0)        ; 0                 ; 0            ; 0       ; 0         ; 0         ; 0         ; 0    ; 0            ; |main_module|decoder_unit:inst13|cmp_jmp:inst5|lpm_compare:lpm_compare_component                                                ; work         ;
;             |cmpr_vbj:auto_generated|        ; 2 (2)             ; 0 (0)        ; 0                 ; 0            ; 0       ; 0         ; 0         ; 0         ; 0    ; 0            ; |main_module|decoder_unit:inst13|cmp_jmp:inst5|lpm_compare:lpm_compare_component|cmpr_vbj:auto_generated                        ; work         ;
;       |cmp_push:inst11|                      ; 2 (0)             ; 0 (0)        ; 0                 ; 0            ; 0       ; 0         ; 0         ; 0         ; 0    ; 0            ; |main_module|decoder_unit:inst13|cmp_push:inst11                                                                                ; work         ;
;          |lpm_compare:lpm_compare_component| ; 2 (0)             ; 0 (0)        ; 0                 ; 0            ; 0       ; 0         ; 0         ; 0         ; 0    ; 0            ; |main_module|decoder_unit:inst13|cmp_push:inst11|lpm_compare:lpm_compare_component                                              ; work         ;
;             |cmpr_rbj:auto_generated|        ; 2 (2)             ; 0 (0)        ; 0                 ; 0            ; 0       ; 0         ; 0         ; 0         ; 0    ; 0            ; |main_module|decoder_unit:inst13|cmp_push:inst11|lpm_compare:lpm_compare_component|cmpr_rbj:auto_generated                      ; work         ;
;    |dmac_controller:inst46|                  ; 45 (2)            ; 19 (0)       ; 80                ; 0            ; 0       ; 0         ; 0         ; 0         ; 0    ; 0            ; |main_module|dmac_controller:inst46                                                                                             ; work         ;
;       |addr_adder:inst15|                    ; 7 (0)             ; 0 (0)        ; 0                 ; 0            ; 0       ; 0         ; 0         ; 0         ; 0    ; 0            ; |main_module|dmac_controller:inst46|addr_adder:inst15                                                                           ; work         ;
;          |lpm_add_sub:lpm_add_sub_component| ; 7 (0)             ; 0 (0)        ; 0                 ; 0            ; 0       ; 0         ; 0         ; 0         ; 0    ; 0            ; |main_module|dmac_controller:inst46|addr_adder:inst15|lpm_add_sub:lpm_add_sub_component                                         ; work         ;
;             |add_sub_bsh:auto_generated|     ; 7 (7)             ; 0 (0)        ; 0                 ; 0            ; 0       ; 0         ; 0         ; 0         ; 0    ; 0            ; |main_module|dmac_controller:inst46|addr_adder:inst15|lpm_add_sub:lpm_add_sub_component|add_sub_bsh:auto_generated              ; work         ;
;       |addr_mux:inst19|                      ; 8 (0)             ; 0 (0)        ; 0                 ; 0            ; 0       ; 0         ; 0         ; 0         ; 0    ; 0            ; |main_module|dmac_controller:inst46|addr_mux:inst19                                                                             ; work         ;
;          |lpm_mux:lpm_mux_component|         ; 8 (0)             ; 0 (0)        ; 0                 ; 0            ; 0       ; 0         ; 0         ; 0         ; 0    ; 0            ; |main_module|dmac_controller:inst46|addr_mux:inst19|lpm_mux:lpm_mux_component                                                   ; work         ;
;             |mux_7rc:auto_generated|         ; 8 (8)             ; 0 (0)        ; 0                 ; 0            ; 0       ; 0         ; 0         ; 0         ; 0    ; 0            ; |main_module|dmac_controller:inst46|addr_mux:inst19|lpm_mux:lpm_mux_component|mux_7rc:auto_generated                            ; work         ;
;       |addr_register:inst|                   ; 0 (0)             ; 8 (0)        ; 0                 ; 0            ; 0       ; 0         ; 0         ; 0         ; 0    ; 0            ; |main_module|dmac_controller:inst46|addr_register:inst                                                                          ; work         ;
;          |lpm_ff:lpm_ff_component|           ; 0 (0)             ; 8 (8)        ; 0                 ; 0            ; 0       ; 0         ; 0         ; 0         ; 0    ; 0            ; |main_module|dmac_controller:inst46|addr_register:inst|lpm_ff:lpm_ff_component                                                  ; work         ;
;       |count_mux:inst20|                     ; 3 (0)             ; 0 (0)        ; 0                 ; 0            ; 0       ; 0         ; 0         ; 0         ; 0    ; 0            ; |main_module|dmac_controller:inst46|count_mux:inst20                                                                            ; work         ;
;          |lpm_mux:lpm_mux_component|         ; 3 (0)             ; 0 (0)        ; 0                 ; 0            ; 0       ; 0         ; 0         ; 0         ; 0    ; 0            ; |main_module|dmac_controller:inst46|count_mux:inst20|lpm_mux:lpm_mux_component                                                  ; work         ;
;             |mux_2rc:auto_generated|         ; 3 (3)             ; 0 (0)        ; 0                 ; 0            ; 0       ; 0         ; 0         ; 0         ; 0    ; 0            ; |main_module|dmac_controller:inst46|count_mux:inst20|lpm_mux:lpm_mux_component|mux_2rc:auto_generated                           ; work         ;
;       |count_register:inst11|                ; 0 (0)             ; 3 (0)        ; 0                 ; 0            ; 0       ; 0         ; 0         ; 0         ; 0    ; 0            ; |main_module|dmac_controller:inst46|count_register:inst11                                                                       ;              ;
;          |lpm_ff:lpm_ff_component|           ; 0 (0)             ; 3 (3)        ; 0                 ; 0            ; 0       ; 0         ; 0         ; 0         ; 0    ; 0            ; |main_module|dmac_controller:inst46|count_register:inst11|lpm_ff:lpm_ff_component                                               ;              ;
;       |fsm_rom:inst22|                       ; 0 (0)             ; 0 (0)        ; 80                ; 0            ; 0       ; 0         ; 0         ; 0         ; 0    ; 0            ; |main_module|dmac_controller:inst46|fsm_rom:inst22                                                                              ; work         ;
;          |altsyncram:altsyncram_component|   ; 0 (0)             ; 0 (0)        ; 80                ; 0            ; 0       ; 0         ; 0         ; 0         ; 0    ; 0            ; |main_module|dmac_controller:inst46|fsm_rom:inst22|altsyncram:altsyncram_component                                              ; work         ;
;             |altsyncram_n5h1:auto_generated| ; 0 (0)             ; 0 (0)        ; 80                ; 0            ; 0       ; 0         ; 0         ; 0         ; 0    ; 0            ; |main_module|dmac_controller:inst46|fsm_rom:inst22|altsyncram:altsyncram_component|altsyncram_n5h1:auto_generated               ; work         ;
;       |kpdp_data_register:inst43|            ; 25 (0)            ; 8 (0)        ; 0                 ; 0            ; 0       ; 0         ; 0         ; 0         ; 0    ; 0            ; |main_module|dmac_controller:inst46|kpdp_data_register:inst43                                                                   ;              ;
;          |lpm_ff:lpm_ff_component|           ; 25 (25)           ; 8 (8)        ; 0                 ; 0            ; 0       ; 0         ; 0         ; 0         ; 0    ; 0            ; |main_module|dmac_controller:inst46|kpdp_data_register:inst43|lpm_ff:lpm_ff_component                                           ;              ;
;    |lpm_compare0:inst42|                     ; 4 (0)             ; 0 (0)        ; 0                 ; 0            ; 0       ; 0         ; 0         ; 0         ; 0    ; 0            ; |main_module|lpm_compare0:inst42                                                                                                ;              ;
;       |lpm_compare:lpm_compare_component|    ; 4 (0)             ; 0 (0)        ; 0                 ; 0            ; 0       ; 0         ; 0         ; 0         ; 0    ; 0            ; |main_module|lpm_compare0:inst42|lpm_compare:lpm_compare_component                                                              ;              ;
;          |cmpr_ldj:auto_generated|           ; 4 (4)             ; 0 (0)        ; 0                 ; 0            ; 0       ; 0         ; 0         ; 0         ; 0    ; 0            ; |main_module|lpm_compare0:inst42|lpm_compare:lpm_compare_component|cmpr_ldj:auto_generated                                      ;              ;
;    |lpm_mux_mem:inst51|                      ; 8 (0)             ; 0 (0)        ; 0                 ; 0            ; 0       ; 0         ; 0         ; 0         ; 0    ; 0            ; |main_module|lpm_mux_mem:inst51                                                                                                 ;              ;
;       |lpm_mux:lpm_mux_component|            ; 8 (0)             ; 0 (0)        ; 0                 ; 0            ; 0       ; 0         ; 0         ; 0         ; 0    ; 0            ; |main_module|lpm_mux_mem:inst51|lpm_mux:lpm_mux_component                                                                       ;              ;
;          |mux_7rc:auto_generated|            ; 8 (8)             ; 0 (0)        ; 0                 ; 0            ; 0       ; 0         ; 0         ; 0         ; 0    ; 0            ; |main_module|lpm_mux_mem:inst51|lpm_mux:lpm_mux_component|mux_7rc:auto_generated                                                ;              ;
;    |memory:inst|                             ; 8 (0)             ; 2 (0)        ; 1048576           ; 0            ; 0       ; 0         ; 0         ; 0         ; 0    ; 0            ; |main_module|memory:inst                                                                                                        ; work         ;
;       |RAM_block:inst11|                     ; 8 (0)             ; 0 (0)        ; 524288            ; 0            ; 0       ; 0         ; 0         ; 0         ; 0    ; 0            ; |main_module|memory:inst|RAM_block:inst11                                                                                       ; work         ;
;          |altsyncram:altsyncram_component|   ; 8 (0)             ; 0 (0)        ; 524288            ; 0            ; 0       ; 0         ; 0         ; 0         ; 0    ; 0            ; |main_module|memory:inst|RAM_block:inst11|altsyncram:altsyncram_component                                                       ; work         ;
;             |altsyncram_kih1:auto_generated| ; 8 (0)             ; 0 (0)        ; 524288            ; 0            ; 0       ; 0         ; 0         ; 0         ; 0    ; 0            ; |main_module|memory:inst|RAM_block:inst11|altsyncram:altsyncram_component|altsyncram_kih1:auto_generated                        ; work         ;
;                |decode_88a:rden_decode|      ; 3 (3)             ; 0 (0)        ; 0                 ; 0            ; 0       ; 0         ; 0         ; 0         ; 0    ; 0            ; |main_module|memory:inst|RAM_block:inst11|altsyncram:altsyncram_component|altsyncram_kih1:auto_generated|decode_88a:rden_decode ; work         ;
;                |decode_fsa:decode3|          ; 5 (5)             ; 0 (0)        ; 0                 ; 0            ; 0       ; 0         ; 0         ; 0         ; 0    ; 0            ; |main_module|memory:inst|RAM_block:inst11|altsyncram:altsyncram_component|altsyncram_kih1:auto_generated|decode_fsa:decode3     ; work         ;
;       |ROM_block:inst|                       ; 0 (0)             ; 2 (0)        ; 524288            ; 0            ; 0       ; 0         ; 0         ; 0         ; 0    ; 0            ; |main_module|memory:inst|ROM_block:inst                                                                                         ; work         ;
;          |altsyncram:altsyncram_component|   ; 0 (0)             ; 2 (0)        ; 524288            ; 0            ; 0       ; 0         ; 0         ; 0         ; 0    ; 0            ; |main_module|memory:inst|ROM_block:inst|altsyncram:altsyncram_component                                                         ; work         ;
;             |altsyncram_21f1:auto_generated| ; 0 (0)             ; 2 (2)        ; 524288            ; 0            ; 0       ; 0         ; 0         ; 0         ; 0    ; 0            ; |main_module|memory:inst|ROM_block:inst|altsyncram:altsyncram_component|altsyncram_21f1:auto_generated                          ; work         ;
;    |mux_cpu_addr:inst23|                     ; 14 (0)            ; 0 (0)        ; 0                 ; 0            ; 0       ; 0         ; 0         ; 0         ; 0    ; 0            ; |main_module|mux_cpu_addr:inst23                                                                                                ; work         ;
;       |lpm_mux:lpm_mux_component|            ; 14 (0)            ; 0 (0)        ; 0                 ; 0            ; 0       ; 0         ; 0         ; 0         ; 0    ; 0            ; |main_module|mux_cpu_addr:inst23|lpm_mux:lpm_mux_component                                                                      ; work         ;
;          |mux_msc:auto_generated|            ; 14 (14)           ; 0 (0)        ; 0                 ; 0            ; 0       ; 0         ; 0         ; 0         ; 0    ; 0            ; |main_module|mux_cpu_addr:inst23|lpm_mux:lpm_mux_component|mux_msc:auto_generated                                               ; work         ;
;    |mux_data_source:inst19|                  ; 8 (0)             ; 0 (0)        ; 0                 ; 0            ; 0       ; 0         ; 0         ; 0         ; 0    ; 0            ; |main_module|mux_data_source:inst19                                                                                             ; work         ;
;       |lpm_mux:lpm_mux_component|            ; 8 (0)             ; 0 (0)        ; 0                 ; 0            ; 0       ; 0         ; 0         ; 0         ; 0    ; 0            ; |main_module|mux_data_source:inst19|lpm_mux:lpm_mux_component                                                                   ; work         ;
;          |mux_7rc:auto_generated|            ; 8 (8)             ; 0 (0)        ; 0                 ; 0            ; 0       ; 0         ; 0         ; 0         ; 0    ; 0            ; |main_module|mux_data_source:inst19|lpm_mux:lpm_mux_component|mux_7rc:auto_generated                                            ; work         ;
;    |mux_final_addr:inst27|                   ; 18 (0)            ; 0 (0)        ; 0                 ; 0            ; 0       ; 0         ; 0         ; 0         ; 0    ; 0            ; |main_module|mux_final_addr:inst27                                                                                              ;              ;
;       |lpm_mux:lpm_mux_component|            ; 18 (0)            ; 0 (0)        ; 0                 ; 0            ; 0       ; 0         ; 0         ; 0         ; 0    ; 0            ; |main_module|mux_final_addr:inst27|lpm_mux:lpm_mux_component                                                                    ;              ;
;          |mux_msc:auto_generated|            ; 18 (18)           ; 0 (0)        ; 0                 ; 0            ; 0       ; 0         ; 0         ; 0         ; 0    ; 0            ; |main_module|mux_final_addr:inst27|lpm_mux:lpm_mux_component|mux_msc:auto_generated                                             ;              ;
;    |phase_counter_unit:inst8|                ; 4 (0)             ; 2 (0)        ; 0                 ; 0            ; 0       ; 0         ; 0         ; 0         ; 0    ; 0            ; |main_module|phase_counter_unit:inst8                                                                                           ;              ;
;       |PHASE_EXEC_COMP:inst1|                ; 2 (0)             ; 0 (0)        ; 0                 ; 0            ; 0       ; 0         ; 0         ; 0         ; 0    ; 0            ; |main_module|phase_counter_unit:inst8|PHASE_EXEC_COMP:inst1                                                                     ;              ;
;          |lpm_compare:lpm_compare_component| ; 2 (0)             ; 0 (0)        ; 0                 ; 0            ; 0       ; 0         ; 0         ; 0         ; 0    ; 0            ; |main_module|phase_counter_unit:inst8|PHASE_EXEC_COMP:inst1|lpm_compare:lpm_compare_component                                   ;              ;
;             |cmpr_m4j:auto_generated|        ; 2 (2)             ; 0 (0)        ; 0                 ; 0            ; 0       ; 0         ; 0         ; 0         ; 0    ; 0            ; |main_module|phase_counter_unit:inst8|PHASE_EXEC_COMP:inst1|lpm_compare:lpm_compare_component|cmpr_m4j:auto_generated           ;              ;
;       |Phase_Counter:inst17|                 ; 2 (0)             ; 2 (0)        ; 0                 ; 0            ; 0       ; 0         ; 0         ; 0         ; 0    ; 0            ; |main_module|phase_counter_unit:inst8|Phase_Counter:inst17                                                                      ; work         ;
;          |lpm_counter:lpm_counter_component| ; 2 (0)             ; 2 (0)        ; 0                 ; 0            ; 0       ; 0         ; 0         ; 0         ; 0    ; 0            ; |main_module|phase_counter_unit:inst8|Phase_Counter:inst17|lpm_counter:lpm_counter_component                                    ; work         ;
;             |cntr_27j:auto_generated|        ; 2 (2)             ; 2 (2)        ; 0                 ; 0            ; 0       ; 0         ; 0         ; 0         ; 0    ; 0            ; |main_module|phase_counter_unit:inst8|Phase_Counter:inst17|lpm_counter:lpm_counter_component|cntr_27j:auto_generated            ; work         ;
;    |special_registers:inst2|                 ; 17 (1)            ; 32 (0)       ; 0                 ; 0            ; 0       ; 0         ; 0         ; 0         ; 0    ; 0            ; |main_module|special_registers:inst2                                                                                            ;              ;
;       |ADDR_L_REG:inst6|                     ; 0 (0)             ; 8 (0)        ; 0                 ; 0            ; 0       ; 0         ; 0         ; 0         ; 0    ; 0            ; |main_module|special_registers:inst2|ADDR_L_REG:inst6                                                                           ; work         ;
;          |lpm_ff:lpm_ff_component|           ; 0 (0)             ; 8 (8)        ; 0                 ; 0            ; 0       ; 0         ; 0         ; 0         ; 0    ; 0            ; |main_module|special_registers:inst2|ADDR_L_REG:inst6|lpm_ff:lpm_ff_component                                                   ; work         ;
;       |Instruction_Pointer:inst9|            ; 16 (0)            ; 16 (0)       ; 0                 ; 0            ; 0       ; 0         ; 0         ; 0         ; 0    ; 0            ; |main_module|special_registers:inst2|Instruction_Pointer:inst9                                                                  ;              ;
;          |lpm_counter:lpm_counter_component| ; 16 (0)            ; 16 (0)       ; 0                 ; 0            ; 0       ; 0         ; 0         ; 0         ; 0    ; 0            ; |main_module|special_registers:inst2|Instruction_Pointer:inst9|lpm_counter:lpm_counter_component                                ;              ;
;             |cntr_3tj:auto_generated|        ; 16 (16)           ; 16 (16)      ; 0                 ; 0            ; 0       ; 0         ; 0         ; 0         ; 0    ; 0            ; |main_module|special_registers:inst2|Instruction_Pointer:inst9|lpm_counter:lpm_counter_component|cntr_3tj:auto_generated        ;              ;
;       |Instruction_Register:inst3|           ; 0 (0)             ; 8 (0)        ; 0                 ; 0            ; 0       ; 0         ; 0         ; 0         ; 0    ; 0            ; |main_module|special_registers:inst2|Instruction_Register:inst3                                                                 ;              ;
;          |lpm_ff:lpm_ff_component|           ; 0 (0)             ; 8 (8)        ; 0                 ; 0            ; 0       ; 0         ; 0         ; 0         ; 0    ; 0            ; |main_module|special_registers:inst2|Instruction_Register:inst3|lpm_ff:lpm_ff_component                                         ;              ;
;    |stack_control:inst15|                    ; 21 (1)            ; 16 (0)       ; 0                 ; 0            ; 0       ; 0         ; 0         ; 0         ; 0    ; 0            ; |main_module|stack_control:inst15                                                                                               ;              ;
;       |CMP_Empty:inst8|                      ; 3 (0)             ; 0 (0)        ; 0                 ; 0            ; 0       ; 0         ; 0         ; 0         ; 0    ; 0            ; |main_module|stack_control:inst15|CMP_Empty:inst8                                                                               ; work         ;
;          |lpm_compare:lpm_compare_component| ; 3 (0)             ; 0 (0)        ; 0                 ; 0            ; 0       ; 0         ; 0         ; 0         ; 0    ; 0            ; |main_module|stack_control:inst15|CMP_Empty:inst8|lpm_compare:lpm_compare_component                                             ; work         ;
;             |cmpr_7ng:auto_generated|        ; 3 (3)             ; 0 (0)        ; 0                 ; 0            ; 0       ; 0         ; 0         ; 0         ; 0    ; 0            ; |main_module|stack_control:inst15|CMP_Empty:inst8|lpm_compare:lpm_compare_component|cmpr_7ng:auto_generated                     ; work         ;
;       |CMP_Full:inst7|                       ; 1 (0)             ; 0 (0)        ; 0                 ; 0            ; 0       ; 0         ; 0         ; 0         ; 0    ; 0            ; |main_module|stack_control:inst15|CMP_Full:inst7                                                                                ; work         ;
;          |lpm_compare:lpm_compare_component| ; 1 (0)             ; 0 (0)        ; 0                 ; 0            ; 0       ; 0         ; 0         ; 0         ; 0    ; 0            ; |main_module|stack_control:inst15|CMP_Full:inst7|lpm_compare:lpm_compare_component                                              ; work         ;
;             |cmpr_7ng:auto_generated|        ; 1 (1)             ; 0 (0)        ; 0                 ; 0            ; 0       ; 0         ; 0         ; 0         ; 0    ; 0            ; |main_module|stack_control:inst15|CMP_Full:inst7|lpm_compare:lpm_compare_component|cmpr_7ng:auto_generated                      ; work         ;
;       |SP_Counter:inst|                      ; 16 (0)            ; 16 (0)       ; 0                 ; 0            ; 0       ; 0         ; 0         ; 0         ; 0    ; 0            ; |main_module|stack_control:inst15|SP_Counter:inst                                                                               ; work         ;
;          |lpm_counter:lpm_counter_component| ; 16 (0)            ; 16 (0)       ; 0                 ; 0            ; 0       ; 0         ; 0         ; 0         ; 0    ; 0            ; |main_module|stack_control:inst15|SP_Counter:inst|lpm_counter:lpm_counter_component                                             ; work         ;
;             |cntr_q5i:auto_generated|        ; 16 (16)           ; 16 (16)      ; 0                 ; 0            ; 0       ; 0         ; 0         ; 0         ; 0    ; 0            ; |main_module|stack_control:inst15|SP_Counter:inst|lpm_counter:lpm_counter_component|cntr_q5i:auto_generated                     ; work         ;
+----------------------------------------------+-------------------+--------------+-------------------+--------------+---------+-----------+-----------+-----------+------+--------------+---------------------------------------------------------------------------------------------------------------------------------+--------------+
Note: For table entries with two numbers listed, the numbers in parentheses indicate the number of resources of the given type used by the specific entity alone. The numbers listed outside of parentheses indicate the total resources of the given type used by the specific entity and all of its sub-entities in the hierarchy.


+-------------------------------------------------------------------------------------------------------------------------------------------------------------------------------------------------------------------------------------------+
; Analysis & Synthesis RAM Summary                                                                                                                                                                                                          ;
+---------------------------------------------------------------------------------------------------------------------+------+------------------+--------------+--------------+--------------+--------------+--------+----------------------+
; Name                                                                                                                ; Type ; Mode             ; Port A Depth ; Port A Width ; Port B Depth ; Port B Width ; Size   ; MIF                  ;
+---------------------------------------------------------------------------------------------------------------------+------+------------------+--------------+--------------+--------------+--------------+--------+----------------------+
; branch_predictor:inst7|u_pht_table:inst17|altsyncram:altsyncram_component|altsyncram_ugm1:auto_generated|ALTSYNCRAM ; AUTO ; Single Port      ; 16           ; 2            ; --           ; --           ; 32     ; None                 ;
; cache:inst5|cache_data_way0:inst|altsyncram:altsyncram_component|altsyncram_n2v1:auto_generated|ALTSYNCRAM          ; AUTO ; Simple Dual Port ; 16           ; 8            ; 16           ; 8            ; 128    ; None                 ;
; cache:inst5|cache_data_way1:inst1|altsyncram:altsyncram_component|altsyncram_u6v1:auto_generated|ALTSYNCRAM         ; AUTO ; Simple Dual Port ; 16           ; 8            ; 16           ; 8            ; 128    ; None                 ;
; cache:inst5|cache_data_way2:inst2|altsyncram:altsyncram_component|altsyncram_u6v1:auto_generated|ALTSYNCRAM         ; AUTO ; Simple Dual Port ; 16           ; 8            ; 16           ; 8            ; 128    ; None                 ;
; cache:inst5|cache_data_way3:inst3|altsyncram:altsyncram_component|altsyncram_u6v1:auto_generated|ALTSYNCRAM         ; AUTO ; Simple Dual Port ; 16           ; 8            ; 16           ; 8            ; 128    ; None                 ;
; cache:inst5|cache_tag_way0:inst4|altsyncram:altsyncram_component|altsyncram_95v1:auto_generated|ALTSYNCRAM          ; AUTO ; Simple Dual Port ; 16           ; 10           ; 16           ; 10           ; 160    ; None                 ;
; cache:inst5|cache_tag_way1:inst5|altsyncram:altsyncram_component|altsyncram_g9v1:auto_generated|ALTSYNCRAM          ; AUTO ; Simple Dual Port ; 16           ; 10           ; 16           ; 10           ; 160    ; None                 ;
; cache:inst5|cache_tag_way2:inst6|altsyncram:altsyncram_component|altsyncram_g9v1:auto_generated|ALTSYNCRAM          ; AUTO ; Simple Dual Port ; 16           ; 10           ; 16           ; 10           ; 160    ; None                 ;
; cache:inst5|cache_tag_way3:inst7|altsyncram:altsyncram_component|altsyncram_g9v1:auto_generated|ALTSYNCRAM          ; AUTO ; Simple Dual Port ; 16           ; 10           ; 16           ; 10           ; 160    ; None                 ;
; cache:inst5|cache_valid_way0:inst36|altsyncram:altsyncram_component|altsyncram_sdu1:auto_generated|ALTSYNCRAM       ; AUTO ; Simple Dual Port ; 16           ; 1            ; 16           ; 1            ; 16     ; None                 ;
; cache:inst5|cache_valid_way1:inst37|altsyncram:altsyncram_component|altsyncram_sdu1:auto_generated|ALTSYNCRAM       ; AUTO ; Simple Dual Port ; 16           ; 1            ; 16           ; 1            ; 16     ; None                 ;
; cache:inst5|cache_valid_way2:inst38|altsyncram:altsyncram_component|altsyncram_sdu1:auto_generated|ALTSYNCRAM       ; AUTO ; Simple Dual Port ; 16           ; 1            ; 16           ; 1            ; 16     ; None                 ;
; cache:inst5|cache_valid_way3:inst39|altsyncram:altsyncram_component|altsyncram_sdu1:auto_generated|ALTSYNCRAM       ; AUTO ; Simple Dual Port ; 16           ; 1            ; 16           ; 1            ; 16     ; None                 ;
; dmac_controller:inst46|fsm_rom:inst22|altsyncram:altsyncram_component|altsyncram_n5h1:auto_generated|ALTSYNCRAM     ; AUTO ; ROM              ; 16           ; 5            ; --           ; --           ; 80     ; ./kpdp/fsm_table.mif ;
; memory:inst|RAM_block:inst11|altsyncram:altsyncram_component|altsyncram_kih1:auto_generated|ALTSYNCRAM              ; AUTO ; Single Port      ; 65536        ; 8            ; --           ; --           ; 524288 ; None                 ;
; memory:inst|ROM_block:inst|altsyncram:altsyncram_component|altsyncram_21f1:auto_generated|ALTSYNCRAM                ; AUTO ; ROM              ; 65536        ; 8            ; --           ; --           ; 524288 ; ./memory/ROM.mif     ;
+---------------------------------------------------------------------------------------------------------------------+------+------------------+--------------+--------------+--------------+--------------+--------+----------------------+


+------------------------------------------------------------+
; Logic Cells Representing Combinational Loops               ;
+--------------------------------------------------------+---+
; Logic Cell Name                                        ;   ;
+--------------------------------------------------------+---+
; alu_unit:inst17|alu_logic_flag_zero:inst15|inst2~0     ;   ;
; Number of logic cells representing combinational loops ; 1 ;
+--------------------------------------------------------+---+
Note: All cells listed above may not be present at the end of synthesis due to various synthesis optimizations.


+---------------------------------------------------------------------------------------------------------------------------------------------------------------------------------------------------------------------------------------+
; Registers Removed During Synthesis                                                                                                                                                                                                    ;
+--------------------------------------------------------------------------------------------------------------+------------------------------------------------------------------------------------------------------------------------+
; Register name                                                                                                ; Reason for Removal                                                                                                     ;
+--------------------------------------------------------------------------------------------------------------+------------------------------------------------------------------------------------------------------------------------+
; memory:inst|RAM_block:inst11|altsyncram:altsyncram_component|altsyncram_kih1:auto_generated|address_reg_a[1] ; Merged with memory:inst|ROM_block:inst|altsyncram:altsyncram_component|altsyncram_21f1:auto_generated|address_reg_a[1] ;
; memory:inst|RAM_block:inst11|altsyncram:altsyncram_component|altsyncram_kih1:auto_generated|address_reg_a[0] ; Merged with memory:inst|ROM_block:inst|altsyncram:altsyncram_component|altsyncram_21f1:auto_generated|address_reg_a[0] ;
; special_registers:inst2|ADDR_H_REG:inst4|lpm_ff:lpm_ff_component|dffs[7]                                     ; Merged with special_registers:inst2|Instruction_Register:inst3|lpm_ff:lpm_ff_component|dffs[7]                         ;
; special_registers:inst2|ADDR_H_REG:inst4|lpm_ff:lpm_ff_component|dffs[6]                                     ; Merged with special_registers:inst2|Instruction_Register:inst3|lpm_ff:lpm_ff_component|dffs[6]                         ;
; special_registers:inst2|ADDR_H_REG:inst4|lpm_ff:lpm_ff_component|dffs[5]                                     ; Merged with special_registers:inst2|Instruction_Register:inst3|lpm_ff:lpm_ff_component|dffs[5]                         ;
; special_registers:inst2|ADDR_H_REG:inst4|lpm_ff:lpm_ff_component|dffs[4]                                     ; Merged with special_registers:inst2|Instruction_Register:inst3|lpm_ff:lpm_ff_component|dffs[4]                         ;
; special_registers:inst2|ADDR_H_REG:inst4|lpm_ff:lpm_ff_component|dffs[3]                                     ; Merged with special_registers:inst2|Instruction_Register:inst3|lpm_ff:lpm_ff_component|dffs[3]                         ;
; special_registers:inst2|ADDR_H_REG:inst4|lpm_ff:lpm_ff_component|dffs[2]                                     ; Merged with special_registers:inst2|Instruction_Register:inst3|lpm_ff:lpm_ff_component|dffs[2]                         ;
; special_registers:inst2|ADDR_H_REG:inst4|lpm_ff:lpm_ff_component|dffs[1]                                     ; Merged with special_registers:inst2|Instruction_Register:inst3|lpm_ff:lpm_ff_component|dffs[1]                         ;
; special_registers:inst2|ADDR_H_REG:inst4|lpm_ff:lpm_ff_component|dffs[0]                                     ; Merged with special_registers:inst2|Instruction_Register:inst3|lpm_ff:lpm_ff_component|dffs[0]                         ;
; stack_control:inst15|Data_Register:inst4|lpm_ff:lpm_ff_component|dffs[0..7]                                  ; Lost fanout                                                                                                            ;
; Total Number of Removed Registers = 18                                                                       ;                                                                                                                        ;
+--------------------------------------------------------------------------------------------------------------+------------------------------------------------------------------------------------------------------------------------+


+------------------------------------------------------+
; General Register Statistics                          ;
+----------------------------------------------+-------+
; Statistic                                    ; Value ;
+----------------------------------------------+-------+
; Total registers                              ; 143   ;
; Number of registers using Synchronous Clear  ; 28    ;
; Number of registers using Synchronous Load   ; 37    ;
; Number of registers using Asynchronous Clear ; 94    ;
; Number of registers using Asynchronous Load  ; 0     ;
; Number of registers using Clock Enable       ; 114   ;
; Number of registers using Preset             ; 0     ;
+----------------------------------------------+-------+


+---------------------------------------------------------------------------------------------------------------------------------------------------------------------------------------------------------------------------------------+
; Multiplexer Restructuring Statistics (Restructuring Performed)                                                                                                                                                                        ;
+--------------------+-----------+---------------+----------------------+------------------------+------------+-------------------------------------------------------------------------------------------------------------------------+
; Multiplexer Inputs ; Bus Width ; Baseline Area ; Area if Restructured ; Saving if Restructured ; Registered ; Example Multiplexer Output                                                                                              ;
+--------------------+-----------+---------------+----------------------+------------------------+------------+-------------------------------------------------------------------------------------------------------------------------+
; 3:1                ; 8 bits    ; 16 ALUTs      ; 16 ALUTs             ; 0 ALUTs                ; No         ; |main_module|mux_data_source:inst19|lpm_mux:lpm_mux_component|mux_7rc:auto_generated|l1_w7_n0_mux_dataout               ;
; 3:1                ; 6 bits    ; 12 ALUTs      ; 12 ALUTs             ; 0 ALUTs                ; No         ; |main_module|mux_final_addr:inst27|lpm_mux:lpm_mux_component|mux_msc:auto_generated|l1_w3_n0_mux_dataout                ;
; 4:1                ; 7 bits    ; 14 ALUTs      ; 14 ALUTs             ; 0 ALUTs                ; No         ; |main_module|alu_unit:inst17|alu_output_mux:inst4|lpm_mux:lpm_mux_component|mux_frc:auto_generated|l3_w6_n0_mux_dataout ;
; 4:1                ; 2 bits    ; 4 ALUTs       ; 4 ALUTs              ; 0 ALUTs                ; No         ; |main_module|mux_final_addr:inst27|lpm_mux:lpm_mux_component|mux_msc:auto_generated|l1_w0_n0_mux_dataout                ;
; 8:1                ; 8 bits    ; 40 ALUTs      ; 40 ALUTs             ; 0 ALUTs                ; No         ; |main_module|alu_POH:inst9|ron_operand_mux:inst22|lpm_mux:lpm_mux_component|mux_frc:auto_generated|l3_w6_n0_mux_dataout ;
; 12:1               ; 8 bits    ; 64 ALUTs      ; 64 ALUTs             ; 0 ALUTs                ; No         ; |main_module|cache:inst5|cpu_data_out:inst8|lpm_mux:lpm_mux_component|mux_7rc:auto_generated|l1_w7_n0_mux_dataout       ;
+--------------------+-----------+---------------+----------------------+------------------------+------------+-------------------------------------------------------------------------------------------------------------------------+


+-----------------------------------------------------------------------------------------------+
; Source assignments for stack_control:inst15|SP_Counter:inst|lpm_counter:lpm_counter_component ;
+---------------------------+-------+------+----------------------------------------------------+
; Assignment                ; Value ; From ; To                                                 ;
+---------------------------+-------+------+----------------------------------------------------+
; SUPPRESS_DA_RULE_INTERNAL ; a101  ; -    ; -                                                  ;
; SUPPRESS_DA_RULE_INTERNAL ; s102  ; -    ; -                                                  ;
; SUPPRESS_DA_RULE_INTERNAL ; s103  ; -    ; -                                                  ;
+---------------------------+-------+------+----------------------------------------------------+


+------------------------------------------------------------------------------------------------------------------------+
; Source assignments for cache:inst5|cache_tag_way3:inst7|altsyncram:altsyncram_component|altsyncram_g9v1:auto_generated ;
+---------------------------------+--------------------+------+----------------------------------------------------------+
; Assignment                      ; Value              ; From ; To                                                       ;
+---------------------------------+--------------------+------+----------------------------------------------------------+
; OPTIMIZE_POWER_DURING_SYNTHESIS ; NORMAL_COMPILATION ; -    ; -                                                        ;
+---------------------------------+--------------------+------+----------------------------------------------------------+


+-----------------------------------------------------------------------------------------+
; Source assignments for cache:inst5|lru_counter:inst23|lpm_counter:lpm_counter_component ;
+---------------------------+-------+------+----------------------------------------------+
; Assignment                ; Value ; From ; To                                           ;
+---------------------------+-------+------+----------------------------------------------+
; SUPPRESS_DA_RULE_INTERNAL ; a101  ; -    ; -                                            ;
; SUPPRESS_DA_RULE_INTERNAL ; s102  ; -    ; -                                            ;
; SUPPRESS_DA_RULE_INTERNAL ; s103  ; -    ; -                                            ;
+---------------------------+-------+------+----------------------------------------------+


+---------------------------------------------------------------------------------------------------------------------------+
; Source assignments for cache:inst5|cache_valid_way3:inst39|altsyncram:altsyncram_component|altsyncram_sdu1:auto_generated ;
+---------------------------------+--------------------+------+-------------------------------------------------------------+
; Assignment                      ; Value              ; From ; To                                                          ;
+---------------------------------+--------------------+------+-------------------------------------------------------------+
; OPTIMIZE_POWER_DURING_SYNTHESIS ; NORMAL_COMPILATION ; -    ; -                                                           ;
+---------------------------------+--------------------+------+-------------------------------------------------------------+


+------------------------------------------------------------------------------------------------------------------------+
; Source assignments for cache:inst5|cache_tag_way2:inst6|altsyncram:altsyncram_component|altsyncram_g9v1:auto_generated ;
+---------------------------------+--------------------+------+----------------------------------------------------------+
; Assignment                      ; Value              ; From ; To                                                       ;
+---------------------------------+--------------------+------+----------------------------------------------------------+
; OPTIMIZE_POWER_DURING_SYNTHESIS ; NORMAL_COMPILATION ; -    ; -                                                        ;
+---------------------------------+--------------------+------+----------------------------------------------------------+


+---------------------------------------------------------------------------------------------------------------------------+
; Source assignments for cache:inst5|cache_valid_way2:inst38|altsyncram:altsyncram_component|altsyncram_sdu1:auto_generated ;
+---------------------------------+--------------------+------+-------------------------------------------------------------+
; Assignment                      ; Value              ; From ; To                                                          ;
+---------------------------------+--------------------+------+-------------------------------------------------------------+
; OPTIMIZE_POWER_DURING_SYNTHESIS ; NORMAL_COMPILATION ; -    ; -                                                           ;
+---------------------------------+--------------------+------+-------------------------------------------------------------+


+------------------------------------------------------------------------------------------------------------------------+
; Source assignments for cache:inst5|cache_tag_way1:inst5|altsyncram:altsyncram_component|altsyncram_g9v1:auto_generated ;
+---------------------------------+--------------------+------+----------------------------------------------------------+
; Assignment                      ; Value              ; From ; To                                                       ;
+---------------------------------+--------------------+------+----------------------------------------------------------+
; OPTIMIZE_POWER_DURING_SYNTHESIS ; NORMAL_COMPILATION ; -    ; -                                                        ;
+---------------------------------+--------------------+------+----------------------------------------------------------+


+---------------------------------------------------------------------------------------------------------------------------+
; Source assignments for cache:inst5|cache_valid_way1:inst37|altsyncram:altsyncram_component|altsyncram_sdu1:auto_generated ;
+---------------------------------+--------------------+------+-------------------------------------------------------------+
; Assignment                      ; Value              ; From ; To                                                          ;
+---------------------------------+--------------------+------+-------------------------------------------------------------+
; OPTIMIZE_POWER_DURING_SYNTHESIS ; NORMAL_COMPILATION ; -    ; -                                                           ;
+---------------------------------+--------------------+------+-------------------------------------------------------------+


+------------------------------------------------------------------------------------------------------------------------+
; Source assignments for cache:inst5|cache_tag_way0:inst4|altsyncram:altsyncram_component|altsyncram_95v1:auto_generated ;
+---------------------------------+--------------------+------+----------------------------------------------------------+
; Assignment                      ; Value              ; From ; To                                                       ;
+---------------------------------+--------------------+------+----------------------------------------------------------+
; OPTIMIZE_POWER_DURING_SYNTHESIS ; NORMAL_COMPILATION ; -    ; -                                                        ;
+---------------------------------+--------------------+------+----------------------------------------------------------+


+---------------------------------------------------------------------------------------------------------------------------+
; Source assignments for cache:inst5|cache_valid_way0:inst36|altsyncram:altsyncram_component|altsyncram_sdu1:auto_generated ;
+---------------------------------+--------------------+------+-------------------------------------------------------------+
; Assignment                      ; Value              ; From ; To                                                          ;
+---------------------------------+--------------------+------+-------------------------------------------------------------+
; OPTIMIZE_POWER_DURING_SYNTHESIS ; NORMAL_COMPILATION ; -    ; -                                                           ;
+---------------------------------+--------------------+------+-------------------------------------------------------------+


+------------------------------------------------------------------------------------------------------------------------+
; Source assignments for cache:inst5|cache_data_way0:inst|altsyncram:altsyncram_component|altsyncram_n2v1:auto_generated ;
+---------------------------------+--------------------+------+----------------------------------------------------------+
; Assignment                      ; Value              ; From ; To                                                       ;
+---------------------------------+--------------------+------+----------------------------------------------------------+
; OPTIMIZE_POWER_DURING_SYNTHESIS ; NORMAL_COMPILATION ; -    ; -                                                        ;
+---------------------------------+--------------------+------+----------------------------------------------------------+


+-------------------------------------------------------------------------------------------------------------------------+
; Source assignments for cache:inst5|cache_data_way1:inst1|altsyncram:altsyncram_component|altsyncram_u6v1:auto_generated ;
+---------------------------------+--------------------+------+-----------------------------------------------------------+
; Assignment                      ; Value              ; From ; To                                                        ;
+---------------------------------+--------------------+------+-----------------------------------------------------------+
; OPTIMIZE_POWER_DURING_SYNTHESIS ; NORMAL_COMPILATION ; -    ; -                                                         ;
+---------------------------------+--------------------+------+-----------------------------------------------------------+


+-------------------------------------------------------------------------------------------------------------------------+
; Source assignments for cache:inst5|cache_data_way2:inst2|altsyncram:altsyncram_component|altsyncram_u6v1:auto_generated ;
+---------------------------------+--------------------+------+-----------------------------------------------------------+
; Assignment                      ; Value              ; From ; To                                                        ;
+---------------------------------+--------------------+------+-----------------------------------------------------------+
; OPTIMIZE_POWER_DURING_SYNTHESIS ; NORMAL_COMPILATION ; -    ; -                                                         ;
+---------------------------------+--------------------+------+-----------------------------------------------------------+


+-------------------------------------------------------------------------------------------------------------------------+
; Source assignments for cache:inst5|cache_data_way3:inst3|altsyncram:altsyncram_component|altsyncram_u6v1:auto_generated ;
+---------------------------------+--------------------+------+-----------------------------------------------------------+
; Assignment                      ; Value              ; From ; To                                                        ;
+---------------------------------+--------------------+------+-----------------------------------------------------------+
; OPTIMIZE_POWER_DURING_SYNTHESIS ; NORMAL_COMPILATION ; -    ; -                                                         ;
+---------------------------------+--------------------+------+-----------------------------------------------------------+


+--------------------------------------------------------------------------------------------------------+
; Source assignments for phase_counter_unit:inst8|Phase_Counter:inst17|lpm_counter:lpm_counter_component ;
+---------------------------+-------+------+-------------------------------------------------------------+
; Assignment                ; Value ; From ; To                                                          ;
+---------------------------+-------+------+-------------------------------------------------------------+
; SUPPRESS_DA_RULE_INTERNAL ; a101  ; -    ; -                                                           ;
; SUPPRESS_DA_RULE_INTERNAL ; s102  ; -    ; -                                                           ;
; SUPPRESS_DA_RULE_INTERNAL ; s103  ; -    ; -                                                           ;
+---------------------------+-------+------+-------------------------------------------------------------+


+------------------------------------------------------------------------------------------------------------+
; Source assignments for special_registers:inst2|Instruction_Pointer:inst9|lpm_counter:lpm_counter_component ;
+---------------------------+-------+------+-----------------------------------------------------------------+
; Assignment                ; Value ; From ; To                                                              ;
+---------------------------+-------+------+-----------------------------------------------------------------+
; SUPPRESS_DA_RULE_INTERNAL ; a101  ; -    ; -                                                               ;
; SUPPRESS_DA_RULE_INTERNAL ; s102  ; -    ; -                                                               ;
; SUPPRESS_DA_RULE_INTERNAL ; s103  ; -    ; -                                                               ;
+---------------------------+-------+------+-----------------------------------------------------------------+


+---------------------------------------------------------------------------------------------------------------------------------+
; Source assignments for branch_predictor:inst7|u_pht_table:inst17|altsyncram:altsyncram_component|altsyncram_ugm1:auto_generated ;
+---------------------------------+--------------------+------+-------------------------------------------------------------------+
; Assignment                      ; Value              ; From ; To                                                                ;
+---------------------------------+--------------------+------+-------------------------------------------------------------------+
; OPTIMIZE_POWER_DURING_SYNTHESIS ; NORMAL_COMPILATION ; -    ; -                                                                 ;
+---------------------------------+--------------------+------+-------------------------------------------------------------------+


+--------------------------------------------------------------------------------------------------------------------+
; Source assignments for memory:inst|RAM_block:inst11|altsyncram:altsyncram_component|altsyncram_kih1:auto_generated ;
+---------------------------------+--------------------+------+------------------------------------------------------+
; Assignment                      ; Value              ; From ; To                                                   ;
+---------------------------------+--------------------+------+------------------------------------------------------+
; OPTIMIZE_POWER_DURING_SYNTHESIS ; NORMAL_COMPILATION ; -    ; -                                                    ;
+---------------------------------+--------------------+------+------------------------------------------------------+


+------------------------------------------------------------------------------------------------------------------+
; Source assignments for memory:inst|ROM_block:inst|altsyncram:altsyncram_component|altsyncram_21f1:auto_generated ;
+---------------------------------+--------------------+------+----------------------------------------------------+
; Assignment                      ; Value              ; From ; To                                                 ;
+---------------------------------+--------------------+------+----------------------------------------------------+
; OPTIMIZE_POWER_DURING_SYNTHESIS ; NORMAL_COMPILATION ; -    ; -                                                  ;
+---------------------------------+--------------------+------+----------------------------------------------------+


+-----------------------------------------------------------------------------------------------------------------------------+
; Source assignments for dmac_controller:inst46|fsm_rom:inst22|altsyncram:altsyncram_component|altsyncram_n5h1:auto_generated ;
+---------------------------------+--------------------+------+---------------------------------------------------------------+
; Assignment                      ; Value              ; From ; To                                                            ;
+---------------------------------+--------------------+------+---------------------------------------------------------------+
; OPTIMIZE_POWER_DURING_SYNTHESIS ; NORMAL_COMPILATION ; -    ; -                                                             ;
+---------------------------------+--------------------+------+---------------------------------------------------------------+


+---------------------------------------------------------------------------------------------------------------------+
; Parameter Settings for User Entity Instance: stack_control:inst15|CMP_Empty:inst8|lpm_compare:lpm_compare_component ;
+------------------------+-------------+------------------------------------------------------------------------------+
; Parameter Name         ; Value       ; Type                                                                         ;
+------------------------+-------------+------------------------------------------------------------------------------+
; lpm_width              ; 16          ; Untyped                                                                      ;
; LPM_REPRESENTATION     ; UNSIGNED    ; Untyped                                                                      ;
; LPM_PIPELINE           ; 0           ; Untyped                                                                      ;
; CHAIN_SIZE             ; 8           ; Untyped                                                                      ;
; ONE_INPUT_IS_CONSTANT  ; NO          ; Untyped                                                                      ;
; CARRY_CHAIN            ; MANUAL      ; Untyped                                                                      ;
; CASCADE_CHAIN          ; MANUAL      ; Untyped                                                                      ;
; CARRY_CHAIN_LENGTH     ; 48          ; CARRY_CHAIN_LENGTH                                                           ;
; CASCADE_CHAIN_LENGTH   ; 2           ; CASCADE_CHAIN_LENGTH                                                         ;
; DEVICE_FAMILY          ; Stratix III ; Untyped                                                                      ;
; CBXI_PARAMETER         ; cmpr_7ng    ; Untyped                                                                      ;
; AUTO_CARRY_CHAINS      ; ON          ; AUTO_CARRY                                                                   ;
; IGNORE_CARRY_BUFFERS   ; OFF         ; IGNORE_CARRY                                                                 ;
; AUTO_CASCADE_CHAINS    ; ON          ; AUTO_CASCADE                                                                 ;
; IGNORE_CASCADE_BUFFERS ; OFF         ; IGNORE_CASCADE                                                               ;
+------------------------+-------------+------------------------------------------------------------------------------+
Note: In order to hide this table in the UI and the text report file, please set the "Show Parameter Settings Tables in Synthesis Report" option in "Analysis and Synthesis Settings -> More Settings" to "Off".


+---------------------------------------------------------------------------------------------------------------------+
; Parameter Settings for User Entity Instance: stack_control:inst15|SP_Counter:inst|lpm_counter:lpm_counter_component ;
+------------------------+-------------+------------------------------------------------------------------------------+
; Parameter Name         ; Value       ; Type                                                                         ;
+------------------------+-------------+------------------------------------------------------------------------------+
; AUTO_CARRY_CHAINS      ; ON          ; AUTO_CARRY                                                                   ;
; IGNORE_CARRY_BUFFERS   ; OFF         ; IGNORE_CARRY                                                                 ;
; AUTO_CASCADE_CHAINS    ; ON          ; AUTO_CASCADE                                                                 ;
; IGNORE_CASCADE_BUFFERS ; OFF         ; IGNORE_CASCADE                                                               ;
; LPM_WIDTH              ; 16          ; Untyped                                                                      ;
; LPM_DIRECTION          ; DEFAULT     ; Untyped                                                                      ;
; LPM_MODULUS            ; 0           ; Untyped                                                                      ;
; LPM_AVALUE             ; UNUSED      ; Untyped                                                                      ;
; LPM_SVALUE             ; UNUSED      ; Untyped                                                                      ;
; LPM_PORT_UPDOWN        ; PORT_USED   ; Untyped                                                                      ;
; DEVICE_FAMILY          ; Stratix III ; Untyped                                                                      ;
; CARRY_CHAIN            ; MANUAL      ; Untyped                                                                      ;
; CARRY_CHAIN_LENGTH     ; 48          ; CARRY_CHAIN_LENGTH                                                           ;
; NOT_GATE_PUSH_BACK     ; ON          ; NOT_GATE_PUSH_BACK                                                           ;
; CARRY_CNT_EN           ; SMART       ; Untyped                                                                      ;
; LABWIDE_SCLR           ; ON          ; Untyped                                                                      ;
; USE_NEW_VERSION        ; TRUE        ; Untyped                                                                      ;
; CBXI_PARAMETER         ; cntr_q5i    ; Untyped                                                                      ;
+------------------------+-------------+------------------------------------------------------------------------------+
Note: In order to hide this table in the UI and the text report file, please set the "Show Parameter Settings Tables in Synthesis Report" option in "Analysis and Synthesis Settings -> More Settings" to "Off".


+---------------------------------------------------------------------------------------------------------------------------+
; Parameter Settings for User Entity Instance: stack_control:inst15|stack_base_10:inst2|lpm_constant:lpm_constant_component ;
+--------------------+------------------+-----------------------------------------------------------------------------------+
; Parameter Name     ; Value            ; Type                                                                              ;
+--------------------+------------------+-----------------------------------------------------------------------------------+
; LPM_WIDTH          ; 16               ; Untyped                                                                           ;
; LPM_CVALUE         ; 10               ; Untyped                                                                           ;
; ENABLE_RUNTIME_MOD ; NO               ; Untyped                                                                           ;
; CBXI_PARAMETER     ; lpm_constant_ql6 ; Untyped                                                                           ;
+--------------------+------------------+-----------------------------------------------------------------------------------+
Note: In order to hide this table in the UI and the text report file, please set the "Show Parameter Settings Tables in Synthesis Report" option in "Analysis and Synthesis Settings -> More Settings" to "Off".


+--------------------------------------------------------------------------------------------------------------------+
; Parameter Settings for User Entity Instance: stack_control:inst15|CMP_Full:inst7|lpm_compare:lpm_compare_component ;
+------------------------+-------------+-----------------------------------------------------------------------------+
; Parameter Name         ; Value       ; Type                                                                        ;
+------------------------+-------------+-----------------------------------------------------------------------------+
; lpm_width              ; 16          ; Untyped                                                                     ;
; LPM_REPRESENTATION     ; UNSIGNED    ; Untyped                                                                     ;
; LPM_PIPELINE           ; 0           ; Untyped                                                                     ;
; CHAIN_SIZE             ; 8           ; Untyped                                                                     ;
; ONE_INPUT_IS_CONSTANT  ; NO          ; Untyped                                                                     ;
; CARRY_CHAIN            ; MANUAL      ; Untyped                                                                     ;
; CASCADE_CHAIN          ; MANUAL      ; Untyped                                                                     ;
; CARRY_CHAIN_LENGTH     ; 48          ; CARRY_CHAIN_LENGTH                                                          ;
; CASCADE_CHAIN_LENGTH   ; 2           ; CASCADE_CHAIN_LENGTH                                                        ;
; DEVICE_FAMILY          ; Stratix III ; Untyped                                                                     ;
; CBXI_PARAMETER         ; cmpr_7ng    ; Untyped                                                                     ;
; AUTO_CARRY_CHAINS      ; ON          ; AUTO_CARRY                                                                  ;
; IGNORE_CARRY_BUFFERS   ; OFF         ; IGNORE_CARRY                                                                ;
; AUTO_CASCADE_CHAINS    ; ON          ; AUTO_CASCADE                                                                ;
; IGNORE_CASCADE_BUFFERS ; OFF         ; IGNORE_CASCADE                                                              ;
+------------------------+-------------+-----------------------------------------------------------------------------+
Note: In order to hide this table in the UI and the text report file, please set the "Show Parameter Settings Tables in Synthesis Report" option in "Analysis and Synthesis Settings -> More Settings" to "Off".


+---------------------------------------------------------------------------------------------------------------+
; Parameter Settings for User Entity Instance: stack_control:inst15|Data_Register:inst4|lpm_ff:lpm_ff_component ;
+------------------------+-------------+------------------------------------------------------------------------+
; Parameter Name         ; Value       ; Type                                                                   ;
+------------------------+-------------+------------------------------------------------------------------------+
; LPM_WIDTH              ; 8           ; Untyped                                                                ;
; LPM_AVALUE             ; UNUSED      ; Untyped                                                                ;
; LPM_SVALUE             ; UNUSED      ; Untyped                                                                ;
; LPM_FFTYPE             ; DFF         ; Untyped                                                                ;
; DEVICE_FAMILY          ; Stratix III ; Untyped                                                                ;
; CBXI_PARAMETER         ; NOTHING     ; Untyped                                                                ;
; AUTO_CARRY_CHAINS      ; ON          ; AUTO_CARRY                                                             ;
; IGNORE_CARRY_BUFFERS   ; OFF         ; IGNORE_CARRY                                                           ;
; AUTO_CASCADE_CHAINS    ; ON          ; AUTO_CASCADE                                                           ;
; IGNORE_CASCADE_BUFFERS ; OFF         ; IGNORE_CASCADE                                                         ;
+------------------------+-------------+------------------------------------------------------------------------+
Note: In order to hide this table in the UI and the text report file, please set the "Show Parameter Settings Tables in Synthesis Report" option in "Analysis and Synthesis Settings -> More Settings" to "Off".


+-------------------------------------------------------------------------------------------------------------------+
; Parameter Settings for User Entity Instance: decoder_unit:inst13|cmp_pop:inst12|lpm_compare:lpm_compare_component ;
+------------------------+-------------+----------------------------------------------------------------------------+
; Parameter Name         ; Value       ; Type                                                                       ;
+------------------------+-------------+----------------------------------------------------------------------------+
; lpm_width              ; 4           ; Untyped                                                                    ;
; LPM_REPRESENTATION     ; UNSIGNED    ; Untyped                                                                    ;
; LPM_PIPELINE           ; 0           ; Untyped                                                                    ;
; CHAIN_SIZE             ; 8           ; Untyped                                                                    ;
; ONE_INPUT_IS_CONSTANT  ; YES         ; Untyped                                                                    ;
; CARRY_CHAIN            ; MANUAL      ; Untyped                                                                    ;
; CASCADE_CHAIN          ; MANUAL      ; Untyped                                                                    ;
; CARRY_CHAIN_LENGTH     ; 48          ; CARRY_CHAIN_LENGTH                                                         ;
; CASCADE_CHAIN_LENGTH   ; 2           ; CASCADE_CHAIN_LENGTH                                                       ;
; DEVICE_FAMILY          ; Stratix III ; Untyped                                                                    ;
; CBXI_PARAMETER         ; cmpr_rbj    ; Untyped                                                                    ;
; AUTO_CARRY_CHAINS      ; ON          ; AUTO_CARRY                                                                 ;
; IGNORE_CARRY_BUFFERS   ; OFF         ; IGNORE_CARRY                                                               ;
; AUTO_CASCADE_CHAINS    ; ON          ; AUTO_CASCADE                                                               ;
; IGNORE_CASCADE_BUFFERS ; OFF         ; IGNORE_CASCADE                                                             ;
+------------------------+-------------+----------------------------------------------------------------------------+
Note: In order to hide this table in the UI and the text report file, please set the "Show Parameter Settings Tables in Synthesis Report" option in "Analysis and Synthesis Settings -> More Settings" to "Off".


+-----------------------------------------------------------------------------------------------------------------+
; Parameter Settings for User Entity Instance: decoder_unit:inst13|cmp_mr:inst6|lpm_compare:lpm_compare_component ;
+------------------------+-------------+--------------------------------------------------------------------------+
; Parameter Name         ; Value       ; Type                                                                     ;
+------------------------+-------------+--------------------------------------------------------------------------+
; lpm_width              ; 4           ; Untyped                                                                  ;
; LPM_REPRESENTATION     ; UNSIGNED    ; Untyped                                                                  ;
; LPM_PIPELINE           ; 0           ; Untyped                                                                  ;
; CHAIN_SIZE             ; 8           ; Untyped                                                                  ;
; ONE_INPUT_IS_CONSTANT  ; YES         ; Untyped                                                                  ;
; CARRY_CHAIN            ; MANUAL      ; Untyped                                                                  ;
; CASCADE_CHAIN          ; MANUAL      ; Untyped                                                                  ;
; CARRY_CHAIN_LENGTH     ; 48          ; CARRY_CHAIN_LENGTH                                                       ;
; CASCADE_CHAIN_LENGTH   ; 2           ; CASCADE_CHAIN_LENGTH                                                     ;
; DEVICE_FAMILY          ; Stratix III ; Untyped                                                                  ;
; CBXI_PARAMETER         ; cmpr_rbj    ; Untyped                                                                  ;
; AUTO_CARRY_CHAINS      ; ON          ; AUTO_CARRY                                                               ;
; IGNORE_CARRY_BUFFERS   ; OFF         ; IGNORE_CARRY                                                             ;
; AUTO_CASCADE_CHAINS    ; ON          ; AUTO_CASCADE                                                             ;
; IGNORE_CASCADE_BUFFERS ; OFF         ; IGNORE_CASCADE                                                           ;
+------------------------+-------------+--------------------------------------------------------------------------+
Note: In order to hide this table in the UI and the text report file, please set the "Show Parameter Settings Tables in Synthesis Report" option in "Analysis and Synthesis Settings -> More Settings" to "Off".


+--------------------------------------------------------------------------------------------------------------------+
; Parameter Settings for User Entity Instance: decoder_unit:inst13|cmp_push:inst11|lpm_compare:lpm_compare_component ;
+------------------------+-------------+-----------------------------------------------------------------------------+
; Parameter Name         ; Value       ; Type                                                                        ;
+------------------------+-------------+-----------------------------------------------------------------------------+
; lpm_width              ; 4           ; Untyped                                                                     ;
; LPM_REPRESENTATION     ; UNSIGNED    ; Untyped                                                                     ;
; LPM_PIPELINE           ; 0           ; Untyped                                                                     ;
; CHAIN_SIZE             ; 8           ; Untyped                                                                     ;
; ONE_INPUT_IS_CONSTANT  ; YES         ; Untyped                                                                     ;
; CARRY_CHAIN            ; MANUAL      ; Untyped                                                                     ;
; CASCADE_CHAIN          ; MANUAL      ; Untyped                                                                     ;
; CARRY_CHAIN_LENGTH     ; 48          ; CARRY_CHAIN_LENGTH                                                          ;
; CASCADE_CHAIN_LENGTH   ; 2           ; CASCADE_CHAIN_LENGTH                                                        ;
; DEVICE_FAMILY          ; Stratix III ; Untyped                                                                     ;
; CBXI_PARAMETER         ; cmpr_rbj    ; Untyped                                                                     ;
; AUTO_CARRY_CHAINS      ; ON          ; AUTO_CARRY                                                                  ;
; IGNORE_CARRY_BUFFERS   ; OFF         ; IGNORE_CARRY                                                                ;
; AUTO_CASCADE_CHAINS    ; ON          ; AUTO_CASCADE                                                                ;
; IGNORE_CASCADE_BUFFERS ; OFF         ; IGNORE_CASCADE                                                              ;
+------------------------+-------------+-----------------------------------------------------------------------------+
Note: In order to hide this table in the UI and the text report file, please set the "Show Parameter Settings Tables in Synthesis Report" option in "Analysis and Synthesis Settings -> More Settings" to "Off".


+-----------------------------------------------------------------------------------------------------------------+
; Parameter Settings for User Entity Instance: decoder_unit:inst13|cmp_rm:inst7|lpm_compare:lpm_compare_component ;
+------------------------+-------------+--------------------------------------------------------------------------+
; Parameter Name         ; Value       ; Type                                                                     ;
+------------------------+-------------+--------------------------------------------------------------------------+
; lpm_width              ; 4           ; Untyped                                                                  ;
; LPM_REPRESENTATION     ; UNSIGNED    ; Untyped                                                                  ;
; LPM_PIPELINE           ; 0           ; Untyped                                                                  ;
; CHAIN_SIZE             ; 8           ; Untyped                                                                  ;
; ONE_INPUT_IS_CONSTANT  ; YES         ; Untyped                                                                  ;
; CARRY_CHAIN            ; MANUAL      ; Untyped                                                                  ;
; CASCADE_CHAIN          ; MANUAL      ; Untyped                                                                  ;
; CARRY_CHAIN_LENGTH     ; 48          ; CARRY_CHAIN_LENGTH                                                       ;
; CASCADE_CHAIN_LENGTH   ; 2           ; CASCADE_CHAIN_LENGTH                                                     ;
; DEVICE_FAMILY          ; Stratix III ; Untyped                                                                  ;
; CBXI_PARAMETER         ; cmpr_rbj    ; Untyped                                                                  ;
; AUTO_CARRY_CHAINS      ; ON          ; AUTO_CARRY                                                               ;
; IGNORE_CARRY_BUFFERS   ; OFF         ; IGNORE_CARRY                                                             ;
; AUTO_CASCADE_CHAINS    ; ON          ; AUTO_CASCADE                                                             ;
; IGNORE_CASCADE_BUFFERS ; OFF         ; IGNORE_CASCADE                                                           ;
+------------------------+-------------+--------------------------------------------------------------------------+
Note: In order to hide this table in the UI and the text report file, please set the "Show Parameter Settings Tables in Synthesis Report" option in "Analysis and Synthesis Settings -> More Settings" to "Off".


+------------------------------------------------------------------------------------------------------------------+
; Parameter Settings for User Entity Instance: decoder_unit:inst13|cmp_and:inst9|lpm_compare:lpm_compare_component ;
+------------------------+-------------+---------------------------------------------------------------------------+
; Parameter Name         ; Value       ; Type                                                                      ;
+------------------------+-------------+---------------------------------------------------------------------------+
; lpm_width              ; 4           ; Untyped                                                                   ;
; LPM_REPRESENTATION     ; UNSIGNED    ; Untyped                                                                   ;
; LPM_PIPELINE           ; 0           ; Untyped                                                                   ;
; CHAIN_SIZE             ; 8           ; Untyped                                                                   ;
; ONE_INPUT_IS_CONSTANT  ; YES         ; Untyped                                                                   ;
; CARRY_CHAIN            ; MANUAL      ; Untyped                                                                   ;
; CASCADE_CHAIN          ; MANUAL      ; Untyped                                                                   ;
; CARRY_CHAIN_LENGTH     ; 48          ; CARRY_CHAIN_LENGTH                                                        ;
; CASCADE_CHAIN_LENGTH   ; 2           ; CASCADE_CHAIN_LENGTH                                                      ;
; DEVICE_FAMILY          ; Stratix III ; Untyped                                                                   ;
; CBXI_PARAMETER         ; cmpr_rbj    ; Untyped                                                                   ;
; AUTO_CARRY_CHAINS      ; ON          ; AUTO_CARRY                                                                ;
; IGNORE_CARRY_BUFFERS   ; OFF         ; IGNORE_CARRY                                                              ;
; AUTO_CASCADE_CHAINS    ; ON          ; AUTO_CASCADE                                                              ;
; IGNORE_CASCADE_BUFFERS ; OFF         ; IGNORE_CASCADE                                                            ;
+------------------------+-------------+---------------------------------------------------------------------------+
Note: In order to hide this table in the UI and the text report file, please set the "Show Parameter Settings Tables in Synthesis Report" option in "Analysis and Synthesis Settings -> More Settings" to "Off".


+------------------------------------------------------------------------------------------------------------------+
; Parameter Settings for User Entity Instance: decoder_unit:inst13|cmp_srl:inst8|lpm_compare:lpm_compare_component ;
+------------------------+-------------+---------------------------------------------------------------------------+
; Parameter Name         ; Value       ; Type                                                                      ;
+------------------------+-------------+---------------------------------------------------------------------------+
; lpm_width              ; 4           ; Untyped                                                                   ;
; LPM_REPRESENTATION     ; UNSIGNED    ; Untyped                                                                   ;
; LPM_PIPELINE           ; 0           ; Untyped                                                                   ;
; CHAIN_SIZE             ; 8           ; Untyped                                                                   ;
; ONE_INPUT_IS_CONSTANT  ; YES         ; Untyped                                                                   ;
; CARRY_CHAIN            ; MANUAL      ; Untyped                                                                   ;
; CASCADE_CHAIN          ; MANUAL      ; Untyped                                                                   ;
; CARRY_CHAIN_LENGTH     ; 48          ; CARRY_CHAIN_LENGTH                                                        ;
; CASCADE_CHAIN_LENGTH   ; 2           ; CASCADE_CHAIN_LENGTH                                                      ;
; DEVICE_FAMILY          ; Stratix III ; Untyped                                                                   ;
; CBXI_PARAMETER         ; cmpr_rbj    ; Untyped                                                                   ;
; AUTO_CARRY_CHAINS      ; ON          ; AUTO_CARRY                                                                ;
; IGNORE_CARRY_BUFFERS   ; OFF         ; IGNORE_CARRY                                                              ;
; AUTO_CASCADE_CHAINS    ; ON          ; AUTO_CASCADE                                                              ;
; IGNORE_CASCADE_BUFFERS ; OFF         ; IGNORE_CASCADE                                                            ;
+------------------------+-------------+---------------------------------------------------------------------------+
Note: In order to hide this table in the UI and the text report file, please set the "Show Parameter Settings Tables in Synthesis Report" option in "Analysis and Synthesis Settings -> More Settings" to "Off".


+-----------------------------------------------------------------------------------------------------------------+
; Parameter Settings for User Entity Instance: decoder_unit:inst13|cmp_sub:inst|lpm_compare:lpm_compare_component ;
+------------------------+-------------+--------------------------------------------------------------------------+
; Parameter Name         ; Value       ; Type                                                                     ;
+------------------------+-------------+--------------------------------------------------------------------------+
; lpm_width              ; 4           ; Untyped                                                                  ;
; LPM_REPRESENTATION     ; UNSIGNED    ; Untyped                                                                  ;
; LPM_PIPELINE           ; 0           ; Untyped                                                                  ;
; CHAIN_SIZE             ; 8           ; Untyped                                                                  ;
; ONE_INPUT_IS_CONSTANT  ; YES         ; Untyped                                                                  ;
; CARRY_CHAIN            ; MANUAL      ; Untyped                                                                  ;
; CASCADE_CHAIN          ; MANUAL      ; Untyped                                                                  ;
; CARRY_CHAIN_LENGTH     ; 48          ; CARRY_CHAIN_LENGTH                                                       ;
; CASCADE_CHAIN_LENGTH   ; 2           ; CASCADE_CHAIN_LENGTH                                                     ;
; DEVICE_FAMILY          ; Stratix III ; Untyped                                                                  ;
; CBXI_PARAMETER         ; cmpr_rbj    ; Untyped                                                                  ;
; AUTO_CARRY_CHAINS      ; ON          ; AUTO_CARRY                                                               ;
; IGNORE_CARRY_BUFFERS   ; OFF         ; IGNORE_CARRY                                                             ;
; AUTO_CASCADE_CHAINS    ; ON          ; AUTO_CASCADE                                                             ;
; IGNORE_CASCADE_BUFFERS ; OFF         ; IGNORE_CASCADE                                                           ;
+------------------------+-------------+--------------------------------------------------------------------------+
Note: In order to hide this table in the UI and the text report file, please set the "Show Parameter Settings Tables in Synthesis Report" option in "Analysis and Synthesis Settings -> More Settings" to "Off".


+--------------------------------------------------------------------------------------------------------------------+
; Parameter Settings for User Entity Instance: decoder_unit:inst13|cmp_notz:inst10|lpm_compare:lpm_compare_component ;
+------------------------+-------------+-----------------------------------------------------------------------------+
; Parameter Name         ; Value       ; Type                                                                        ;
+------------------------+-------------+-----------------------------------------------------------------------------+
; lpm_width              ; 4           ; Untyped                                                                     ;
; LPM_REPRESENTATION     ; UNSIGNED    ; Untyped                                                                     ;
; LPM_PIPELINE           ; 0           ; Untyped                                                                     ;
; CHAIN_SIZE             ; 8           ; Untyped                                                                     ;
; ONE_INPUT_IS_CONSTANT  ; YES         ; Untyped                                                                     ;
; CARRY_CHAIN            ; MANUAL      ; Untyped                                                                     ;
; CASCADE_CHAIN          ; MANUAL      ; Untyped                                                                     ;
; CARRY_CHAIN_LENGTH     ; 48          ; CARRY_CHAIN_LENGTH                                                          ;
; CASCADE_CHAIN_LENGTH   ; 2           ; CASCADE_CHAIN_LENGTH                                                        ;
; DEVICE_FAMILY          ; Stratix III ; Untyped                                                                     ;
; CBXI_PARAMETER         ; cmpr_rbj    ; Untyped                                                                     ;
; AUTO_CARRY_CHAINS      ; ON          ; AUTO_CARRY                                                                  ;
; IGNORE_CARRY_BUFFERS   ; OFF         ; IGNORE_CARRY                                                                ;
; AUTO_CASCADE_CHAINS    ; ON          ; AUTO_CASCADE                                                                ;
; IGNORE_CASCADE_BUFFERS ; OFF         ; IGNORE_CASCADE                                                              ;
+------------------------+-------------+-----------------------------------------------------------------------------+
Note: In order to hide this table in the UI and the text report file, please set the "Show Parameter Settings Tables in Synthesis Report" option in "Analysis and Synthesis Settings -> More Settings" to "Off".


+------------------------------------------------------------------------------------------------------------------+
; Parameter Settings for User Entity Instance: decoder_unit:inst13|cmp_jmp:inst5|lpm_compare:lpm_compare_component ;
+------------------------+-------------+---------------------------------------------------------------------------+
; Parameter Name         ; Value       ; Type                                                                      ;
+------------------------+-------------+---------------------------------------------------------------------------+
; lpm_width              ; 8           ; Untyped                                                                   ;
; LPM_REPRESENTATION     ; UNSIGNED    ; Untyped                                                                   ;
; LPM_PIPELINE           ; 0           ; Untyped                                                                   ;
; CHAIN_SIZE             ; 8           ; Untyped                                                                   ;
; ONE_INPUT_IS_CONSTANT  ; YES         ; Untyped                                                                   ;
; CARRY_CHAIN            ; MANUAL      ; Untyped                                                                   ;
; CASCADE_CHAIN          ; MANUAL      ; Untyped                                                                   ;
; CARRY_CHAIN_LENGTH     ; 48          ; CARRY_CHAIN_LENGTH                                                        ;
; CASCADE_CHAIN_LENGTH   ; 2           ; CASCADE_CHAIN_LENGTH                                                      ;
; DEVICE_FAMILY          ; Stratix III ; Untyped                                                                   ;
; CBXI_PARAMETER         ; cmpr_vbj    ; Untyped                                                                   ;
; AUTO_CARRY_CHAINS      ; ON          ; AUTO_CARRY                                                                ;
; IGNORE_CARRY_BUFFERS   ; OFF         ; IGNORE_CARRY                                                              ;
; AUTO_CASCADE_CHAINS    ; ON          ; AUTO_CASCADE                                                              ;
; IGNORE_CASCADE_BUFFERS ; OFF         ; IGNORE_CASCADE                                                            ;
+------------------------+-------------+---------------------------------------------------------------------------+
Note: In order to hide this table in the UI and the text report file, please set the "Show Parameter Settings Tables in Synthesis Report" option in "Analysis and Synthesis Settings -> More Settings" to "Off".


+----------------------------------------------------------------------------------------------------------------------+
; Parameter Settings for User Entity Instance: decoder_unit:inst13|cmp_hlt_ff:inst13|lpm_compare:lpm_compare_component ;
+------------------------+-------------+-------------------------------------------------------------------------------+
; Parameter Name         ; Value       ; Type                                                                          ;
+------------------------+-------------+-------------------------------------------------------------------------------+
; lpm_width              ; 8           ; Untyped                                                                       ;
; LPM_REPRESENTATION     ; UNSIGNED    ; Untyped                                                                       ;
; LPM_PIPELINE           ; 0           ; Untyped                                                                       ;
; CHAIN_SIZE             ; 8           ; Untyped                                                                       ;
; ONE_INPUT_IS_CONSTANT  ; YES         ; Untyped                                                                       ;
; CARRY_CHAIN            ; MANUAL      ; Untyped                                                                       ;
; CASCADE_CHAIN          ; MANUAL      ; Untyped                                                                       ;
; CARRY_CHAIN_LENGTH     ; 48          ; CARRY_CHAIN_LENGTH                                                            ;
; CASCADE_CHAIN_LENGTH   ; 2           ; CASCADE_CHAIN_LENGTH                                                          ;
; DEVICE_FAMILY          ; Stratix III ; Untyped                                                                       ;
; CBXI_PARAMETER         ; cmpr_vbj    ; Untyped                                                                       ;
; AUTO_CARRY_CHAINS      ; ON          ; AUTO_CARRY                                                                    ;
; IGNORE_CARRY_BUFFERS   ; OFF         ; IGNORE_CARRY                                                                  ;
; AUTO_CASCADE_CHAINS    ; ON          ; AUTO_CASCADE                                                                  ;
; IGNORE_CASCADE_BUFFERS ; OFF         ; IGNORE_CASCADE                                                                ;
+------------------------+-------------+-------------------------------------------------------------------------------+
Note: In order to hide this table in the UI and the text report file, please set the "Show Parameter Settings Tables in Synthesis Report" option in "Analysis and Synthesis Settings -> More Settings" to "Off".


+-------------------------------------------------------------------------------------------------------------+
; Parameter Settings for User Entity Instance: alu_unit:inst17|alu_output_mux:inst4|lpm_mux:lpm_mux_component ;
+------------------------+-------------+----------------------------------------------------------------------+
; Parameter Name         ; Value       ; Type                                                                 ;
+------------------------+-------------+----------------------------------------------------------------------+
; AUTO_CARRY_CHAINS      ; ON          ; AUTO_CARRY                                                           ;
; IGNORE_CARRY_BUFFERS   ; OFF         ; IGNORE_CARRY                                                         ;
; AUTO_CASCADE_CHAINS    ; ON          ; AUTO_CASCADE                                                         ;
; IGNORE_CASCADE_BUFFERS ; OFF         ; IGNORE_CASCADE                                                       ;
; LPM_WIDTH              ; 8           ; Untyped                                                              ;
; LPM_SIZE               ; 8           ; Untyped                                                              ;
; LPM_WIDTHS             ; 3           ; Untyped                                                              ;
; LPM_PIPELINE           ; 0           ; Untyped                                                              ;
; CBXI_PARAMETER         ; mux_frc     ; Untyped                                                              ;
; DEVICE_FAMILY          ; Stratix III ; Untyped                                                              ;
+------------------------+-------------+----------------------------------------------------------------------+
Note: In order to hide this table in the UI and the text report file, please set the "Show Parameter Settings Tables in Synthesis Report" option in "Analysis and Synthesis Settings -> More Settings" to "Off".


+--------------------------------------------------------------------------------------------------------------------+
; Parameter Settings for User Entity Instance: alu_unit:inst17|alu_subtractor:inst|lpm_add_sub:lpm_add_sub_component ;
+------------------------+-------------+-----------------------------------------------------------------------------+
; Parameter Name         ; Value       ; Type                                                                        ;
+------------------------+-------------+-----------------------------------------------------------------------------+
; LPM_WIDTH              ; 8           ; Signed Integer                                                              ;
; LPM_REPRESENTATION     ; UNSIGNED    ; Untyped                                                                     ;
; LPM_DIRECTION          ; SUB         ; Untyped                                                                     ;
; ONE_INPUT_IS_CONSTANT  ; NO          ; Untyped                                                                     ;
; LPM_PIPELINE           ; 0           ; Untyped                                                                     ;
; MAXIMIZE_SPEED         ; 5           ; Untyped                                                                     ;
; REGISTERED_AT_END      ; 0           ; Untyped                                                                     ;
; OPTIMIZE_FOR_SPEED     ; 5           ; Untyped                                                                     ;
; USE_CS_BUFFERS         ; 1           ; Untyped                                                                     ;
; CARRY_CHAIN            ; MANUAL      ; Untyped                                                                     ;
; CARRY_CHAIN_LENGTH     ; 48          ; CARRY_CHAIN_LENGTH                                                          ;
; DEVICE_FAMILY          ; Stratix III ; Untyped                                                                     ;
; USE_WYS                ; OFF         ; Untyped                                                                     ;
; STYLE                  ; FAST        ; Untyped                                                                     ;
; CBXI_PARAMETER         ; add_sub_j8i ; Untyped                                                                     ;
; AUTO_CARRY_CHAINS      ; ON          ; AUTO_CARRY                                                                  ;
; IGNORE_CARRY_BUFFERS   ; OFF         ; IGNORE_CARRY                                                                ;
; AUTO_CASCADE_CHAINS    ; ON          ; AUTO_CASCADE                                                                ;
; IGNORE_CASCADE_BUFFERS ; OFF         ; IGNORE_CASCADE                                                              ;
+------------------------+-------------+-----------------------------------------------------------------------------+
Note: In order to hide this table in the UI and the text report file, please set the "Show Parameter Settings Tables in Synthesis Report" option in "Analysis and Synthesis Settings -> More Settings" to "Off".


+----------------------------------------------------------------------------------------------------------------------+
; Parameter Settings for User Entity Instance: alu_unit:inst17|alu_shifter_srl:inst3|lpm_clshift:lpm_clshift_component ;
+----------------+-----------------+-----------------------------------------------------------------------------------+
; Parameter Name ; Value           ; Type                                                                              ;
+----------------+-----------------+-----------------------------------------------------------------------------------+
; LPM_PIPELINE   ; 0               ; Untyped                                                                           ;
; LPM_SHIFTTYPE  ; LOGICAL         ; Untyped                                                                           ;
; LPM_WIDTH      ; 8               ; Untyped                                                                           ;
; LPM_WIDTHDIST  ; 1               ; Untyped                                                                           ;
; CBXI_PARAMETER ; lpm_clshift_eic ; Untyped                                                                           ;
+----------------+-----------------+-----------------------------------------------------------------------------------+
Note: In order to hide this table in the UI and the text report file, please set the "Show Parameter Settings Tables in Synthesis Report" option in "Analysis and Synthesis Settings -> More Settings" to "Off".


+-------------------------------------------------------------------------------------------------------------+
; Parameter Settings for User Entity Instance: alu_unit:inst17|lpm_mux_flag_z:inst1|lpm_mux:lpm_mux_component ;
+------------------------+-------------+----------------------------------------------------------------------+
; Parameter Name         ; Value       ; Type                                                                 ;
+------------------------+-------------+----------------------------------------------------------------------+
; AUTO_CARRY_CHAINS      ; ON          ; AUTO_CARRY                                                           ;
; IGNORE_CARRY_BUFFERS   ; OFF         ; IGNORE_CARRY                                                         ;
; AUTO_CASCADE_CHAINS    ; ON          ; AUTO_CASCADE                                                         ;
; IGNORE_CASCADE_BUFFERS ; OFF         ; IGNORE_CASCADE                                                       ;
; LPM_WIDTH              ; 8           ; Untyped                                                              ;
; LPM_SIZE               ; 2           ; Untyped                                                              ;
; LPM_WIDTHS             ; 1           ; Untyped                                                              ;
; LPM_PIPELINE           ; 0           ; Untyped                                                              ;
; CBXI_PARAMETER         ; mux_7rc     ; Untyped                                                              ;
; DEVICE_FAMILY          ; Stratix III ; Untyped                                                              ;
+------------------------+-------------+----------------------------------------------------------------------+
Note: In order to hide this table in the UI and the text report file, please set the "Show Parameter Settings Tables in Synthesis Report" option in "Analysis and Synthesis Settings -> More Settings" to "Off".


+--------------------------------------------------------------------------------------------+
; Parameter Settings for User Entity Instance: alu_POH:inst9|R0:inst|lpm_ff:lpm_ff_component ;
+------------------------+-------------+-----------------------------------------------------+
; Parameter Name         ; Value       ; Type                                                ;
+------------------------+-------------+-----------------------------------------------------+
; LPM_WIDTH              ; 8           ; Untyped                                             ;
; LPM_AVALUE             ; UNUSED      ; Untyped                                             ;
; LPM_SVALUE             ; UNUSED      ; Untyped                                             ;
; LPM_FFTYPE             ; DFF         ; Untyped                                             ;
; DEVICE_FAMILY          ; Stratix III ; Untyped                                             ;
; CBXI_PARAMETER         ; NOTHING     ; Untyped                                             ;
; AUTO_CARRY_CHAINS      ; ON          ; AUTO_CARRY                                          ;
; IGNORE_CARRY_BUFFERS   ; OFF         ; IGNORE_CARRY                                        ;
; AUTO_CASCADE_CHAINS    ; ON          ; AUTO_CASCADE                                        ;
; IGNORE_CASCADE_BUFFERS ; OFF         ; IGNORE_CASCADE                                      ;
+------------------------+-------------+-----------------------------------------------------+
Note: In order to hide this table in the UI and the text report file, please set the "Show Parameter Settings Tables in Synthesis Report" option in "Analysis and Synthesis Settings -> More Settings" to "Off".


+-------------------------------------------------------------------------------------------------------------------+
; Parameter Settings for User Entity Instance: alu_POH:inst9|lpm_decode_3to8:inst13|lpm_decode:lpm_decode_component ;
+------------------------+-------------+----------------------------------------------------------------------------+
; Parameter Name         ; Value       ; Type                                                                       ;
+------------------------+-------------+----------------------------------------------------------------------------+
; LPM_WIDTH              ; 3           ; Untyped                                                                    ;
; LPM_DECODES            ; 8           ; Untyped                                                                    ;
; LPM_PIPELINE           ; 0           ; Untyped                                                                    ;
; CASCADE_CHAIN          ; MANUAL      ; Untyped                                                                    ;
; DEVICE_FAMILY          ; Stratix III ; Untyped                                                                    ;
; CBXI_PARAMETER         ; decode_7bf  ; Untyped                                                                    ;
; AUTO_CARRY_CHAINS      ; ON          ; AUTO_CARRY                                                                 ;
; IGNORE_CARRY_BUFFERS   ; OFF         ; IGNORE_CARRY                                                               ;
; AUTO_CASCADE_CHAINS    ; ON          ; AUTO_CASCADE                                                               ;
; IGNORE_CASCADE_BUFFERS ; OFF         ; IGNORE_CASCADE                                                             ;
+------------------------+-------------+----------------------------------------------------------------------------+
Note: In order to hide this table in the UI and the text report file, please set the "Show Parameter Settings Tables in Synthesis Report" option in "Analysis and Synthesis Settings -> More Settings" to "Off".


+-------------------------------------------------------------------------------------------------------------+
; Parameter Settings for User Entity Instance: alu_POH:inst9|ron_operand_mux:inst22|lpm_mux:lpm_mux_component ;
+------------------------+-------------+----------------------------------------------------------------------+
; Parameter Name         ; Value       ; Type                                                                 ;
+------------------------+-------------+----------------------------------------------------------------------+
; AUTO_CARRY_CHAINS      ; ON          ; AUTO_CARRY                                                           ;
; IGNORE_CARRY_BUFFERS   ; OFF         ; IGNORE_CARRY                                                         ;
; AUTO_CASCADE_CHAINS    ; ON          ; AUTO_CASCADE                                                         ;
; IGNORE_CASCADE_BUFFERS ; OFF         ; IGNORE_CASCADE                                                       ;
; LPM_WIDTH              ; 8           ; Untyped                                                              ;
; LPM_SIZE               ; 8           ; Untyped                                                              ;
; LPM_WIDTHS             ; 3           ; Untyped                                                              ;
; LPM_PIPELINE           ; 0           ; Untyped                                                              ;
; CBXI_PARAMETER         ; mux_frc     ; Untyped                                                              ;
; DEVICE_FAMILY          ; Stratix III ; Untyped                                                              ;
+------------------------+-------------+----------------------------------------------------------------------+
Note: In order to hide this table in the UI and the text report file, please set the "Show Parameter Settings Tables in Synthesis Report" option in "Analysis and Synthesis Settings -> More Settings" to "Off".


+---------------------------------------------------------------------------------------------+
; Parameter Settings for User Entity Instance: alu_POH:inst9|R1:inst6|lpm_ff:lpm_ff_component ;
+------------------------+-------------+------------------------------------------------------+
; Parameter Name         ; Value       ; Type                                                 ;
+------------------------+-------------+------------------------------------------------------+
; LPM_WIDTH              ; 8           ; Untyped                                              ;
; LPM_AVALUE             ; UNUSED      ; Untyped                                              ;
; LPM_SVALUE             ; UNUSED      ; Untyped                                              ;
; LPM_FFTYPE             ; DFF         ; Untyped                                              ;
; DEVICE_FAMILY          ; Stratix III ; Untyped                                              ;
; CBXI_PARAMETER         ; NOTHING     ; Untyped                                              ;
; AUTO_CARRY_CHAINS      ; ON          ; AUTO_CARRY                                           ;
; IGNORE_CARRY_BUFFERS   ; OFF         ; IGNORE_CARRY                                         ;
; AUTO_CASCADE_CHAINS    ; ON          ; AUTO_CASCADE                                         ;
; IGNORE_CASCADE_BUFFERS ; OFF         ; IGNORE_CASCADE                                       ;
+------------------------+-------------+------------------------------------------------------+
Note: In order to hide this table in the UI and the text report file, please set the "Show Parameter Settings Tables in Synthesis Report" option in "Analysis and Synthesis Settings -> More Settings" to "Off".


+---------------------------------------------------------------------------------------------+
; Parameter Settings for User Entity Instance: alu_POH:inst9|R2:inst7|lpm_ff:lpm_ff_component ;
+------------------------+-------------+------------------------------------------------------+
; Parameter Name         ; Value       ; Type                                                 ;
+------------------------+-------------+------------------------------------------------------+
; LPM_WIDTH              ; 8           ; Untyped                                              ;
; LPM_AVALUE             ; UNUSED      ; Untyped                                              ;
; LPM_SVALUE             ; UNUSED      ; Untyped                                              ;
; LPM_FFTYPE             ; DFF         ; Untyped                                              ;
; DEVICE_FAMILY          ; Stratix III ; Untyped                                              ;
; CBXI_PARAMETER         ; NOTHING     ; Untyped                                              ;
; AUTO_CARRY_CHAINS      ; ON          ; AUTO_CARRY                                           ;
; IGNORE_CARRY_BUFFERS   ; OFF         ; IGNORE_CARRY                                         ;
; AUTO_CASCADE_CHAINS    ; ON          ; AUTO_CASCADE                                         ;
; IGNORE_CASCADE_BUFFERS ; OFF         ; IGNORE_CASCADE                                       ;
+------------------------+-------------+------------------------------------------------------+
Note: In order to hide this table in the UI and the text report file, please set the "Show Parameter Settings Tables in Synthesis Report" option in "Analysis and Synthesis Settings -> More Settings" to "Off".


+---------------------------------------------------------------------------------------------+
; Parameter Settings for User Entity Instance: alu_POH:inst9|R3:inst8|lpm_ff:lpm_ff_component ;
+------------------------+-------------+------------------------------------------------------+
; Parameter Name         ; Value       ; Type                                                 ;
+------------------------+-------------+------------------------------------------------------+
; LPM_WIDTH              ; 8           ; Untyped                                              ;
; LPM_AVALUE             ; UNUSED      ; Untyped                                              ;
; LPM_SVALUE             ; UNUSED      ; Untyped                                              ;
; LPM_FFTYPE             ; DFF         ; Untyped                                              ;
; DEVICE_FAMILY          ; Stratix III ; Untyped                                              ;
; CBXI_PARAMETER         ; NOTHING     ; Untyped                                              ;
; AUTO_CARRY_CHAINS      ; ON          ; AUTO_CARRY                                           ;
; IGNORE_CARRY_BUFFERS   ; OFF         ; IGNORE_CARRY                                         ;
; AUTO_CASCADE_CHAINS    ; ON          ; AUTO_CASCADE                                         ;
; IGNORE_CASCADE_BUFFERS ; OFF         ; IGNORE_CASCADE                                       ;
+------------------------+-------------+------------------------------------------------------+
Note: In order to hide this table in the UI and the text report file, please set the "Show Parameter Settings Tables in Synthesis Report" option in "Analysis and Synthesis Settings -> More Settings" to "Off".


+---------------------------------------------------------------------------------------------+
; Parameter Settings for User Entity Instance: alu_POH:inst9|R4:inst9|lpm_ff:lpm_ff_component ;
+------------------------+-------------+------------------------------------------------------+
; Parameter Name         ; Value       ; Type                                                 ;
+------------------------+-------------+------------------------------------------------------+
; LPM_WIDTH              ; 8           ; Untyped                                              ;
; LPM_AVALUE             ; UNUSED      ; Untyped                                              ;
; LPM_SVALUE             ; UNUSED      ; Untyped                                              ;
; LPM_FFTYPE             ; DFF         ; Untyped                                              ;
; DEVICE_FAMILY          ; Stratix III ; Untyped                                              ;
; CBXI_PARAMETER         ; NOTHING     ; Untyped                                              ;
; AUTO_CARRY_CHAINS      ; ON          ; AUTO_CARRY                                           ;
; IGNORE_CARRY_BUFFERS   ; OFF         ; IGNORE_CARRY                                         ;
; AUTO_CASCADE_CHAINS    ; ON          ; AUTO_CASCADE                                         ;
; IGNORE_CASCADE_BUFFERS ; OFF         ; IGNORE_CASCADE                                       ;
+------------------------+-------------+------------------------------------------------------+
Note: In order to hide this table in the UI and the text report file, please set the "Show Parameter Settings Tables in Synthesis Report" option in "Analysis and Synthesis Settings -> More Settings" to "Off".


+----------------------------------------------------------------------------------------------+
; Parameter Settings for User Entity Instance: alu_POH:inst9|R5:inst10|lpm_ff:lpm_ff_component ;
+------------------------+-------------+-------------------------------------------------------+
; Parameter Name         ; Value       ; Type                                                  ;
+------------------------+-------------+-------------------------------------------------------+
; LPM_WIDTH              ; 8           ; Untyped                                               ;
; LPM_AVALUE             ; UNUSED      ; Untyped                                               ;
; LPM_SVALUE             ; UNUSED      ; Untyped                                               ;
; LPM_FFTYPE             ; DFF         ; Untyped                                               ;
; DEVICE_FAMILY          ; Stratix III ; Untyped                                               ;
; CBXI_PARAMETER         ; NOTHING     ; Untyped                                               ;
; AUTO_CARRY_CHAINS      ; ON          ; AUTO_CARRY                                            ;
; IGNORE_CARRY_BUFFERS   ; OFF         ; IGNORE_CARRY                                          ;
; AUTO_CASCADE_CHAINS    ; ON          ; AUTO_CASCADE                                          ;
; IGNORE_CASCADE_BUFFERS ; OFF         ; IGNORE_CASCADE                                        ;
+------------------------+-------------+-------------------------------------------------------+
Note: In order to hide this table in the UI and the text report file, please set the "Show Parameter Settings Tables in Synthesis Report" option in "Analysis and Synthesis Settings -> More Settings" to "Off".


+----------------------------------------------------------------------------------------------+
; Parameter Settings for User Entity Instance: alu_POH:inst9|R6:inst11|lpm_ff:lpm_ff_component ;
+------------------------+-------------+-------------------------------------------------------+
; Parameter Name         ; Value       ; Type                                                  ;
+------------------------+-------------+-------------------------------------------------------+
; LPM_WIDTH              ; 8           ; Untyped                                               ;
; LPM_AVALUE             ; UNUSED      ; Untyped                                               ;
; LPM_SVALUE             ; UNUSED      ; Untyped                                               ;
; LPM_FFTYPE             ; DFF         ; Untyped                                               ;
; DEVICE_FAMILY          ; Stratix III ; Untyped                                               ;
; CBXI_PARAMETER         ; NOTHING     ; Untyped                                               ;
; AUTO_CARRY_CHAINS      ; ON          ; AUTO_CARRY                                            ;
; IGNORE_CARRY_BUFFERS   ; OFF         ; IGNORE_CARRY                                          ;
; AUTO_CASCADE_CHAINS    ; ON          ; AUTO_CASCADE                                          ;
; IGNORE_CASCADE_BUFFERS ; OFF         ; IGNORE_CASCADE                                        ;
+------------------------+-------------+-------------------------------------------------------+
Note: In order to hide this table in the UI and the text report file, please set the "Show Parameter Settings Tables in Synthesis Report" option in "Analysis and Synthesis Settings -> More Settings" to "Off".


+----------------------------------------------------------------------------------------------+
; Parameter Settings for User Entity Instance: alu_POH:inst9|R7:inst12|lpm_ff:lpm_ff_component ;
+------------------------+-------------+-------------------------------------------------------+
; Parameter Name         ; Value       ; Type                                                  ;
+------------------------+-------------+-------------------------------------------------------+
; LPM_WIDTH              ; 8           ; Untyped                                               ;
; LPM_AVALUE             ; UNUSED      ; Untyped                                               ;
; LPM_SVALUE             ; UNUSED      ; Untyped                                               ;
; LPM_FFTYPE             ; DFF         ; Untyped                                               ;
; DEVICE_FAMILY          ; Stratix III ; Untyped                                               ;
; CBXI_PARAMETER         ; NOTHING     ; Untyped                                               ;
; AUTO_CARRY_CHAINS      ; ON          ; AUTO_CARRY                                            ;
; IGNORE_CARRY_BUFFERS   ; OFF         ; IGNORE_CARRY                                          ;
; AUTO_CASCADE_CHAINS    ; ON          ; AUTO_CASCADE                                          ;
; IGNORE_CASCADE_BUFFERS ; OFF         ; IGNORE_CASCADE                                        ;
+------------------------+-------------+-------------------------------------------------------+
Note: In order to hide this table in the UI and the text report file, please set the "Show Parameter Settings Tables in Synthesis Report" option in "Analysis and Synthesis Settings -> More Settings" to "Off".


+-----------------------------------------------------------------------------------------------+
; Parameter Settings for User Entity Instance: mux_data_source:inst19|lpm_mux:lpm_mux_component ;
+------------------------+-------------+--------------------------------------------------------+
; Parameter Name         ; Value       ; Type                                                   ;
+------------------------+-------------+--------------------------------------------------------+
; AUTO_CARRY_CHAINS      ; ON          ; AUTO_CARRY                                             ;
; IGNORE_CARRY_BUFFERS   ; OFF         ; IGNORE_CARRY                                           ;
; AUTO_CASCADE_CHAINS    ; ON          ; AUTO_CASCADE                                           ;
; IGNORE_CASCADE_BUFFERS ; OFF         ; IGNORE_CASCADE                                         ;
; LPM_WIDTH              ; 8           ; Untyped                                                ;
; LPM_SIZE               ; 2           ; Untyped                                                ;
; LPM_WIDTHS             ; 1           ; Untyped                                                ;
; LPM_PIPELINE           ; 0           ; Untyped                                                ;
; CBXI_PARAMETER         ; mux_7rc     ; Untyped                                                ;
; DEVICE_FAMILY          ; Stratix III ; Untyped                                                ;
+------------------------+-------------+--------------------------------------------------------+
Note: In order to hide this table in the UI and the text report file, please set the "Show Parameter Settings Tables in Synthesis Report" option in "Analysis and Synthesis Settings -> More Settings" to "Off".


+---------------------------------------------------------------------------------------------+
; Parameter Settings for User Entity Instance: mux_mem_stack:inst35|lpm_mux:lpm_mux_component ;
+------------------------+-------------+------------------------------------------------------+
; Parameter Name         ; Value       ; Type                                                 ;
+------------------------+-------------+------------------------------------------------------+
; AUTO_CARRY_CHAINS      ; ON          ; AUTO_CARRY                                           ;
; IGNORE_CARRY_BUFFERS   ; OFF         ; IGNORE_CARRY                                         ;
; AUTO_CASCADE_CHAINS    ; ON          ; AUTO_CASCADE                                         ;
; IGNORE_CASCADE_BUFFERS ; OFF         ; IGNORE_CASCADE                                       ;
; LPM_WIDTH              ; 8           ; Untyped                                              ;
; LPM_SIZE               ; 2           ; Untyped                                              ;
; LPM_WIDTHS             ; 1           ; Untyped                                              ;
; LPM_PIPELINE           ; 0           ; Untyped                                              ;
; CBXI_PARAMETER         ; mux_7rc     ; Untyped                                              ;
; DEVICE_FAMILY          ; Stratix III ; Untyped                                              ;
+------------------------+-------------+------------------------------------------------------+
Note: In order to hide this table in the UI and the text report file, please set the "Show Parameter Settings Tables in Synthesis Report" option in "Analysis and Synthesis Settings -> More Settings" to "Off".


+--------------------------------------------------------------------------------------------------------------------------+
; Parameter Settings for User Entity Instance: cache:inst5|cache_tag_compare_way3:inst15|lpm_compare:lpm_compare_component ;
+------------------------+-------------+-----------------------------------------------------------------------------------+
; Parameter Name         ; Value       ; Type                                                                              ;
+------------------------+-------------+-----------------------------------------------------------------------------------+
; lpm_width              ; 10          ; Untyped                                                                           ;
; LPM_REPRESENTATION     ; UNSIGNED    ; Untyped                                                                           ;
; LPM_PIPELINE           ; 0           ; Untyped                                                                           ;
; CHAIN_SIZE             ; 8           ; Untyped                                                                           ;
; ONE_INPUT_IS_CONSTANT  ; NO          ; Untyped                                                                           ;
; CARRY_CHAIN            ; MANUAL      ; Untyped                                                                           ;
; CASCADE_CHAIN          ; MANUAL      ; Untyped                                                                           ;
; CARRY_CHAIN_LENGTH     ; 48          ; CARRY_CHAIN_LENGTH                                                                ;
; CASCADE_CHAIN_LENGTH   ; 2           ; CASCADE_CHAIN_LENGTH                                                              ;
; DEVICE_FAMILY          ; Stratix III ; Untyped                                                                           ;
; CBXI_PARAMETER         ; cmpr_1ng    ; Untyped                                                                           ;
; AUTO_CARRY_CHAINS      ; ON          ; AUTO_CARRY                                                                        ;
; IGNORE_CARRY_BUFFERS   ; OFF         ; IGNORE_CARRY                                                                      ;
; AUTO_CASCADE_CHAINS    ; ON          ; AUTO_CASCADE                                                                      ;
; IGNORE_CASCADE_BUFFERS ; OFF         ; IGNORE_CASCADE                                                                    ;
+------------------------+-------------+-----------------------------------------------------------------------------------+
Note: In order to hide this table in the UI and the text report file, please set the "Show Parameter Settings Tables in Synthesis Report" option in "Analysis and Synthesis Settings -> More Settings" to "Off".


+-------------------------------------------------------------------------------+
; Parameter Settings for User Entity Instance: cache:inst5|cache_tag_way3:inst7 ;
+-----------------+-------+-----------------------------------------------------+
; Parameter Name  ; Value ; Type                                                ;
+-----------------+-------+-----------------------------------------------------+
; WIDTH_BYTEENA_A ; 1     ; Untyped                                             ;
; WIDTH_BYTEENA_B ; 1     ; Untyped                                             ;
+-----------------+-------+-----------------------------------------------------+
Note: In order to hide this table in the UI and the text report file, please set the "Show Parameter Settings Tables in Synthesis Report" option in "Analysis and Synthesis Settings -> More Settings" to "Off".


+---------------------------------------------------------------------------------------------------------------+
; Parameter Settings for User Entity Instance: cache:inst5|cache_tag_way3:inst7|altsyncram:altsyncram_component ;
+------------------------------------+----------------------+---------------------------------------------------+
; Parameter Name                     ; Value                ; Type                                              ;
+------------------------------------+----------------------+---------------------------------------------------+
; BYTE_SIZE_BLOCK                    ; 8                    ; Untyped                                           ;
; AUTO_CARRY_CHAINS                  ; ON                   ; AUTO_CARRY                                        ;
; IGNORE_CARRY_BUFFERS               ; OFF                  ; IGNORE_CARRY                                      ;
; AUTO_CASCADE_CHAINS                ; ON                   ; AUTO_CASCADE                                      ;
; IGNORE_CASCADE_BUFFERS             ; OFF                  ; IGNORE_CASCADE                                    ;
; WIDTH_BYTEENA                      ; 1                    ; Untyped                                           ;
; OPERATION_MODE                     ; DUAL_PORT            ; Untyped                                           ;
; WIDTH_A                            ; 10                   ; Untyped                                           ;
; WIDTHAD_A                          ; 4                    ; Untyped                                           ;
; NUMWORDS_A                         ; 16                   ; Untyped                                           ;
; OUTDATA_REG_A                      ; UNREGISTERED         ; Untyped                                           ;
; ADDRESS_ACLR_A                     ; NONE                 ; Untyped                                           ;
; OUTDATA_ACLR_A                     ; NONE                 ; Untyped                                           ;
; WRCONTROL_ACLR_A                   ; NONE                 ; Untyped                                           ;
; INDATA_ACLR_A                      ; NONE                 ; Untyped                                           ;
; BYTEENA_ACLR_A                     ; NONE                 ; Untyped                                           ;
; WIDTH_B                            ; 10                   ; Untyped                                           ;
; WIDTHAD_B                          ; 4                    ; Untyped                                           ;
; NUMWORDS_B                         ; 16                   ; Untyped                                           ;
; INDATA_REG_B                       ; CLOCK1               ; Untyped                                           ;
; WRCONTROL_WRADDRESS_REG_B          ; CLOCK1               ; Untyped                                           ;
; RDCONTROL_REG_B                    ; CLOCK1               ; Untyped                                           ;
; ADDRESS_REG_B                      ; CLOCK0               ; Untyped                                           ;
; OUTDATA_REG_B                      ; CLOCK0               ; Untyped                                           ;
; BYTEENA_REG_B                      ; CLOCK1               ; Untyped                                           ;
; INDATA_ACLR_B                      ; NONE                 ; Untyped                                           ;
; WRCONTROL_ACLR_B                   ; NONE                 ; Untyped                                           ;
; ADDRESS_ACLR_B                     ; CLEAR0               ; Untyped                                           ;
; OUTDATA_ACLR_B                     ; CLEAR0               ; Untyped                                           ;
; RDCONTROL_ACLR_B                   ; NONE                 ; Untyped                                           ;
; BYTEENA_ACLR_B                     ; NONE                 ; Untyped                                           ;
; WIDTH_BYTEENA_A                    ; 1                    ; Untyped                                           ;
; WIDTH_BYTEENA_B                    ; 1                    ; Untyped                                           ;
; RAM_BLOCK_TYPE                     ; AUTO                 ; Untyped                                           ;
; BYTE_SIZE                          ; 8                    ; Untyped                                           ;
; READ_DURING_WRITE_MODE_MIXED_PORTS ; OLD_DATA             ; Untyped                                           ;
; READ_DURING_WRITE_MODE_PORT_A      ; NEW_DATA_NO_NBE_READ ; Untyped                                           ;
; READ_DURING_WRITE_MODE_PORT_B      ; NEW_DATA_NO_NBE_READ ; Untyped                                           ;
; INIT_FILE                          ; UNUSED               ; Untyped                                           ;
; INIT_FILE_LAYOUT                   ; PORT_A               ; Untyped                                           ;
; MAXIMUM_DEPTH                      ; 0                    ; Untyped                                           ;
; CLOCK_ENABLE_INPUT_A               ; NORMAL               ; Untyped                                           ;
; CLOCK_ENABLE_INPUT_B               ; NORMAL               ; Untyped                                           ;
; CLOCK_ENABLE_OUTPUT_A              ; NORMAL               ; Untyped                                           ;
; CLOCK_ENABLE_OUTPUT_B              ; NORMAL               ; Untyped                                           ;
; CLOCK_ENABLE_CORE_A                ; USE_INPUT_CLKEN      ; Untyped                                           ;
; CLOCK_ENABLE_CORE_B                ; USE_INPUT_CLKEN      ; Untyped                                           ;
; ENABLE_ECC                         ; FALSE                ; Untyped                                           ;
; DEVICE_FAMILY                      ; Stratix III          ; Untyped                                           ;
; CBXI_PARAMETER                     ; altsyncram_g9v1      ; Untyped                                           ;
+------------------------------------+----------------------+---------------------------------------------------+
Note: In order to hide this table in the UI and the text report file, please set the "Show Parameter Settings Tables in Synthesis Report" option in "Analysis and Synthesis Settings -> More Settings" to "Off".


+-------------------------------------------------------------------------------------------------------------+
; Parameter Settings for User Entity Instance: cache:inst5|lru_decoder:inst24|lpm_decode:lpm_decode_component ;
+------------------------+-------------+----------------------------------------------------------------------+
; Parameter Name         ; Value       ; Type                                                                 ;
+------------------------+-------------+----------------------------------------------------------------------+
; LPM_WIDTH              ; 2           ; Untyped                                                              ;
; LPM_DECODES            ; 4           ; Untyped                                                              ;
; LPM_PIPELINE           ; 0           ; Untyped                                                              ;
; CASCADE_CHAIN          ; MANUAL      ; Untyped                                                              ;
; DEVICE_FAMILY          ; Stratix III ; Untyped                                                              ;
; CBXI_PARAMETER         ; decode_2bf  ; Untyped                                                              ;
; AUTO_CARRY_CHAINS      ; ON          ; AUTO_CARRY                                                           ;
; IGNORE_CARRY_BUFFERS   ; OFF         ; IGNORE_CARRY                                                         ;
; AUTO_CASCADE_CHAINS    ; ON          ; AUTO_CASCADE                                                         ;
; IGNORE_CASCADE_BUFFERS ; OFF         ; IGNORE_CASCADE                                                       ;
+------------------------+-------------+----------------------------------------------------------------------+
Note: In order to hide this table in the UI and the text report file, please set the "Show Parameter Settings Tables in Synthesis Report" option in "Analysis and Synthesis Settings -> More Settings" to "Off".


+---------------------------------------------------------------------------------------------------------------+
; Parameter Settings for User Entity Instance: cache:inst5|lru_counter:inst23|lpm_counter:lpm_counter_component ;
+------------------------+-------------+------------------------------------------------------------------------+
; Parameter Name         ; Value       ; Type                                                                   ;
+------------------------+-------------+------------------------------------------------------------------------+
; AUTO_CARRY_CHAINS      ; ON          ; AUTO_CARRY                                                             ;
; IGNORE_CARRY_BUFFERS   ; OFF         ; IGNORE_CARRY                                                           ;
; AUTO_CASCADE_CHAINS    ; ON          ; AUTO_CASCADE                                                           ;
; IGNORE_CASCADE_BUFFERS ; OFF         ; IGNORE_CASCADE                                                         ;
; LPM_WIDTH              ; 2           ; Untyped                                                                ;
; LPM_DIRECTION          ; UP          ; Untyped                                                                ;
; LPM_MODULUS            ; 0           ; Untyped                                                                ;
; LPM_AVALUE             ; UNUSED      ; Untyped                                                                ;
; LPM_SVALUE             ; UNUSED      ; Untyped                                                                ;
; LPM_PORT_UPDOWN        ; PORT_UNUSED ; Untyped                                                                ;
; DEVICE_FAMILY          ; Stratix III ; Untyped                                                                ;
; CARRY_CHAIN            ; MANUAL      ; Untyped                                                                ;
; CARRY_CHAIN_LENGTH     ; 48          ; CARRY_CHAIN_LENGTH                                                     ;
; NOT_GATE_PUSH_BACK     ; ON          ; NOT_GATE_PUSH_BACK                                                     ;
; CARRY_CNT_EN           ; SMART       ; Untyped                                                                ;
; LABWIDE_SCLR           ; ON          ; Untyped                                                                ;
; USE_NEW_VERSION        ; TRUE        ; Untyped                                                                ;
; CBXI_PARAMETER         ; cntr_fri    ; Untyped                                                                ;
+------------------------+-------------+------------------------------------------------------------------------+
Note: In order to hide this table in the UI and the text report file, please set the "Show Parameter Settings Tables in Synthesis Report" option in "Analysis and Synthesis Settings -> More Settings" to "Off".


+----------------------------------------------------------------------------------+
; Parameter Settings for User Entity Instance: cache:inst5|cache_valid_way3:inst39 ;
+-----------------+-------+--------------------------------------------------------+
; Parameter Name  ; Value ; Type                                                   ;
+-----------------+-------+--------------------------------------------------------+
; WIDTH_BYTEENA_A ; 1     ; Untyped                                                ;
; WIDTH_BYTEENA_B ; 1     ; Untyped                                                ;
+-----------------+-------+--------------------------------------------------------+
Note: In order to hide this table in the UI and the text report file, please set the "Show Parameter Settings Tables in Synthesis Report" option in "Analysis and Synthesis Settings -> More Settings" to "Off".


+------------------------------------------------------------------------------------------------------------------+
; Parameter Settings for User Entity Instance: cache:inst5|cache_valid_way3:inst39|altsyncram:altsyncram_component ;
+------------------------------------+----------------------+------------------------------------------------------+
; Parameter Name                     ; Value                ; Type                                                 ;
+------------------------------------+----------------------+------------------------------------------------------+
; BYTE_SIZE_BLOCK                    ; 8                    ; Untyped                                              ;
; AUTO_CARRY_CHAINS                  ; ON                   ; AUTO_CARRY                                           ;
; IGNORE_CARRY_BUFFERS               ; OFF                  ; IGNORE_CARRY                                         ;
; AUTO_CASCADE_CHAINS                ; ON                   ; AUTO_CASCADE                                         ;
; IGNORE_CASCADE_BUFFERS             ; OFF                  ; IGNORE_CASCADE                                       ;
; WIDTH_BYTEENA                      ; 1                    ; Untyped                                              ;
; OPERATION_MODE                     ; DUAL_PORT            ; Untyped                                              ;
; WIDTH_A                            ; 1                    ; Untyped                                              ;
; WIDTHAD_A                          ; 4                    ; Untyped                                              ;
; NUMWORDS_A                         ; 16                   ; Untyped                                              ;
; OUTDATA_REG_A                      ; UNREGISTERED         ; Untyped                                              ;
; ADDRESS_ACLR_A                     ; NONE                 ; Untyped                                              ;
; OUTDATA_ACLR_A                     ; NONE                 ; Untyped                                              ;
; WRCONTROL_ACLR_A                   ; NONE                 ; Untyped                                              ;
; INDATA_ACLR_A                      ; NONE                 ; Untyped                                              ;
; BYTEENA_ACLR_A                     ; NONE                 ; Untyped                                              ;
; WIDTH_B                            ; 1                    ; Untyped                                              ;
; WIDTHAD_B                          ; 4                    ; Untyped                                              ;
; NUMWORDS_B                         ; 16                   ; Untyped                                              ;
; INDATA_REG_B                       ; CLOCK1               ; Untyped                                              ;
; WRCONTROL_WRADDRESS_REG_B          ; CLOCK1               ; Untyped                                              ;
; RDCONTROL_REG_B                    ; CLOCK1               ; Untyped                                              ;
; ADDRESS_REG_B                      ; CLOCK0               ; Untyped                                              ;
; OUTDATA_REG_B                      ; CLOCK0               ; Untyped                                              ;
; BYTEENA_REG_B                      ; CLOCK1               ; Untyped                                              ;
; INDATA_ACLR_B                      ; NONE                 ; Untyped                                              ;
; WRCONTROL_ACLR_B                   ; NONE                 ; Untyped                                              ;
; ADDRESS_ACLR_B                     ; CLEAR0               ; Untyped                                              ;
; OUTDATA_ACLR_B                     ; CLEAR0               ; Untyped                                              ;
; RDCONTROL_ACLR_B                   ; NONE                 ; Untyped                                              ;
; BYTEENA_ACLR_B                     ; NONE                 ; Untyped                                              ;
; WIDTH_BYTEENA_A                    ; 1                    ; Untyped                                              ;
; WIDTH_BYTEENA_B                    ; 1                    ; Untyped                                              ;
; RAM_BLOCK_TYPE                     ; AUTO                 ; Untyped                                              ;
; BYTE_SIZE                          ; 8                    ; Untyped                                              ;
; READ_DURING_WRITE_MODE_MIXED_PORTS ; OLD_DATA             ; Untyped                                              ;
; READ_DURING_WRITE_MODE_PORT_A      ; NEW_DATA_NO_NBE_READ ; Untyped                                              ;
; READ_DURING_WRITE_MODE_PORT_B      ; NEW_DATA_NO_NBE_READ ; Untyped                                              ;
; INIT_FILE                          ; UNUSED               ; Untyped                                              ;
; INIT_FILE_LAYOUT                   ; PORT_A               ; Untyped                                              ;
; MAXIMUM_DEPTH                      ; 0                    ; Untyped                                              ;
; CLOCK_ENABLE_INPUT_A               ; BYPASS               ; Untyped                                              ;
; CLOCK_ENABLE_INPUT_B               ; BYPASS               ; Untyped                                              ;
; CLOCK_ENABLE_OUTPUT_A              ; NORMAL               ; Untyped                                              ;
; CLOCK_ENABLE_OUTPUT_B              ; BYPASS               ; Untyped                                              ;
; CLOCK_ENABLE_CORE_A                ; USE_INPUT_CLKEN      ; Untyped                                              ;
; CLOCK_ENABLE_CORE_B                ; USE_INPUT_CLKEN      ; Untyped                                              ;
; ENABLE_ECC                         ; FALSE                ; Untyped                                              ;
; DEVICE_FAMILY                      ; Stratix III          ; Untyped                                              ;
; CBXI_PARAMETER                     ; altsyncram_sdu1      ; Untyped                                              ;
+------------------------------------+----------------------+------------------------------------------------------+
Note: In order to hide this table in the UI and the text report file, please set the "Show Parameter Settings Tables in Synthesis Report" option in "Analysis and Synthesis Settings -> More Settings" to "Off".


+--------------------------------------------------------------------------------------------------------------------------+
; Parameter Settings for User Entity Instance: cache:inst5|cache_tag_compare_way2:inst14|lpm_compare:lpm_compare_component ;
+------------------------+-------------+-----------------------------------------------------------------------------------+
; Parameter Name         ; Value       ; Type                                                                              ;
+------------------------+-------------+-----------------------------------------------------------------------------------+
; lpm_width              ; 10          ; Untyped                                                                           ;
; LPM_REPRESENTATION     ; UNSIGNED    ; Untyped                                                                           ;
; LPM_PIPELINE           ; 0           ; Untyped                                                                           ;
; CHAIN_SIZE             ; 8           ; Untyped                                                                           ;
; ONE_INPUT_IS_CONSTANT  ; NO          ; Untyped                                                                           ;
; CARRY_CHAIN            ; MANUAL      ; Untyped                                                                           ;
; CASCADE_CHAIN          ; MANUAL      ; Untyped                                                                           ;
; CARRY_CHAIN_LENGTH     ; 48          ; CARRY_CHAIN_LENGTH                                                                ;
; CASCADE_CHAIN_LENGTH   ; 2           ; CASCADE_CHAIN_LENGTH                                                              ;
; DEVICE_FAMILY          ; Stratix III ; Untyped                                                                           ;
; CBXI_PARAMETER         ; cmpr_1ng    ; Untyped                                                                           ;
; AUTO_CARRY_CHAINS      ; ON          ; AUTO_CARRY                                                                        ;
; IGNORE_CARRY_BUFFERS   ; OFF         ; IGNORE_CARRY                                                                      ;
; AUTO_CASCADE_CHAINS    ; ON          ; AUTO_CASCADE                                                                      ;
; IGNORE_CASCADE_BUFFERS ; OFF         ; IGNORE_CASCADE                                                                    ;
+------------------------+-------------+-----------------------------------------------------------------------------------+
Note: In order to hide this table in the UI and the text report file, please set the "Show Parameter Settings Tables in Synthesis Report" option in "Analysis and Synthesis Settings -> More Settings" to "Off".


+-------------------------------------------------------------------------------+
; Parameter Settings for User Entity Instance: cache:inst5|cache_tag_way2:inst6 ;
+-----------------+-------+-----------------------------------------------------+
; Parameter Name  ; Value ; Type                                                ;
+-----------------+-------+-----------------------------------------------------+
; WIDTH_BYTEENA_A ; 1     ; Untyped                                             ;
; WIDTH_BYTEENA_B ; 1     ; Untyped                                             ;
+-----------------+-------+-----------------------------------------------------+
Note: In order to hide this table in the UI and the text report file, please set the "Show Parameter Settings Tables in Synthesis Report" option in "Analysis and Synthesis Settings -> More Settings" to "Off".


+---------------------------------------------------------------------------------------------------------------+
; Parameter Settings for User Entity Instance: cache:inst5|cache_tag_way2:inst6|altsyncram:altsyncram_component ;
+------------------------------------+----------------------+---------------------------------------------------+
; Parameter Name                     ; Value                ; Type                                              ;
+------------------------------------+----------------------+---------------------------------------------------+
; BYTE_SIZE_BLOCK                    ; 8                    ; Untyped                                           ;
; AUTO_CARRY_CHAINS                  ; ON                   ; AUTO_CARRY                                        ;
; IGNORE_CARRY_BUFFERS               ; OFF                  ; IGNORE_CARRY                                      ;
; AUTO_CASCADE_CHAINS                ; ON                   ; AUTO_CASCADE                                      ;
; IGNORE_CASCADE_BUFFERS             ; OFF                  ; IGNORE_CASCADE                                    ;
; WIDTH_BYTEENA                      ; 1                    ; Untyped                                           ;
; OPERATION_MODE                     ; DUAL_PORT            ; Untyped                                           ;
; WIDTH_A                            ; 10                   ; Untyped                                           ;
; WIDTHAD_A                          ; 4                    ; Untyped                                           ;
; NUMWORDS_A                         ; 16                   ; Untyped                                           ;
; OUTDATA_REG_A                      ; UNREGISTERED         ; Untyped                                           ;
; ADDRESS_ACLR_A                     ; NONE                 ; Untyped                                           ;
; OUTDATA_ACLR_A                     ; NONE                 ; Untyped                                           ;
; WRCONTROL_ACLR_A                   ; NONE                 ; Untyped                                           ;
; INDATA_ACLR_A                      ; NONE                 ; Untyped                                           ;
; BYTEENA_ACLR_A                     ; NONE                 ; Untyped                                           ;
; WIDTH_B                            ; 10                   ; Untyped                                           ;
; WIDTHAD_B                          ; 4                    ; Untyped                                           ;
; NUMWORDS_B                         ; 16                   ; Untyped                                           ;
; INDATA_REG_B                       ; CLOCK1               ; Untyped                                           ;
; WRCONTROL_WRADDRESS_REG_B          ; CLOCK1               ; Untyped                                           ;
; RDCONTROL_REG_B                    ; CLOCK1               ; Untyped                                           ;
; ADDRESS_REG_B                      ; CLOCK0               ; Untyped                                           ;
; OUTDATA_REG_B                      ; CLOCK0               ; Untyped                                           ;
; BYTEENA_REG_B                      ; CLOCK1               ; Untyped                                           ;
; INDATA_ACLR_B                      ; NONE                 ; Untyped                                           ;
; WRCONTROL_ACLR_B                   ; NONE                 ; Untyped                                           ;
; ADDRESS_ACLR_B                     ; CLEAR0               ; Untyped                                           ;
; OUTDATA_ACLR_B                     ; CLEAR0               ; Untyped                                           ;
; RDCONTROL_ACLR_B                   ; NONE                 ; Untyped                                           ;
; BYTEENA_ACLR_B                     ; NONE                 ; Untyped                                           ;
; WIDTH_BYTEENA_A                    ; 1                    ; Untyped                                           ;
; WIDTH_BYTEENA_B                    ; 1                    ; Untyped                                           ;
; RAM_BLOCK_TYPE                     ; AUTO                 ; Untyped                                           ;
; BYTE_SIZE                          ; 8                    ; Untyped                                           ;
; READ_DURING_WRITE_MODE_MIXED_PORTS ; OLD_DATA             ; Untyped                                           ;
; READ_DURING_WRITE_MODE_PORT_A      ; NEW_DATA_NO_NBE_READ ; Untyped                                           ;
; READ_DURING_WRITE_MODE_PORT_B      ; NEW_DATA_NO_NBE_READ ; Untyped                                           ;
; INIT_FILE                          ; UNUSED               ; Untyped                                           ;
; INIT_FILE_LAYOUT                   ; PORT_A               ; Untyped                                           ;
; MAXIMUM_DEPTH                      ; 0                    ; Untyped                                           ;
; CLOCK_ENABLE_INPUT_A               ; NORMAL               ; Untyped                                           ;
; CLOCK_ENABLE_INPUT_B               ; NORMAL               ; Untyped                                           ;
; CLOCK_ENABLE_OUTPUT_A              ; NORMAL               ; Untyped                                           ;
; CLOCK_ENABLE_OUTPUT_B              ; NORMAL               ; Untyped                                           ;
; CLOCK_ENABLE_CORE_A                ; USE_INPUT_CLKEN      ; Untyped                                           ;
; CLOCK_ENABLE_CORE_B                ; USE_INPUT_CLKEN      ; Untyped                                           ;
; ENABLE_ECC                         ; FALSE                ; Untyped                                           ;
; DEVICE_FAMILY                      ; Stratix III          ; Untyped                                           ;
; CBXI_PARAMETER                     ; altsyncram_g9v1      ; Untyped                                           ;
+------------------------------------+----------------------+---------------------------------------------------+
Note: In order to hide this table in the UI and the text report file, please set the "Show Parameter Settings Tables in Synthesis Report" option in "Analysis and Synthesis Settings -> More Settings" to "Off".


+----------------------------------------------------------------------------------+
; Parameter Settings for User Entity Instance: cache:inst5|cache_valid_way2:inst38 ;
+-----------------+-------+--------------------------------------------------------+
; Parameter Name  ; Value ; Type                                                   ;
+-----------------+-------+--------------------------------------------------------+
; WIDTH_BYTEENA_A ; 1     ; Untyped                                                ;
; WIDTH_BYTEENA_B ; 1     ; Untyped                                                ;
+-----------------+-------+--------------------------------------------------------+
Note: In order to hide this table in the UI and the text report file, please set the "Show Parameter Settings Tables in Synthesis Report" option in "Analysis and Synthesis Settings -> More Settings" to "Off".


+------------------------------------------------------------------------------------------------------------------+
; Parameter Settings for User Entity Instance: cache:inst5|cache_valid_way2:inst38|altsyncram:altsyncram_component ;
+------------------------------------+----------------------+------------------------------------------------------+
; Parameter Name                     ; Value                ; Type                                                 ;
+------------------------------------+----------------------+------------------------------------------------------+
; BYTE_SIZE_BLOCK                    ; 8                    ; Untyped                                              ;
; AUTO_CARRY_CHAINS                  ; ON                   ; AUTO_CARRY                                           ;
; IGNORE_CARRY_BUFFERS               ; OFF                  ; IGNORE_CARRY                                         ;
; AUTO_CASCADE_CHAINS                ; ON                   ; AUTO_CASCADE                                         ;
; IGNORE_CASCADE_BUFFERS             ; OFF                  ; IGNORE_CASCADE                                       ;
; WIDTH_BYTEENA                      ; 1                    ; Untyped                                              ;
; OPERATION_MODE                     ; DUAL_PORT            ; Untyped                                              ;
; WIDTH_A                            ; 1                    ; Untyped                                              ;
; WIDTHAD_A                          ; 4                    ; Untyped                                              ;
; NUMWORDS_A                         ; 16                   ; Untyped                                              ;
; OUTDATA_REG_A                      ; UNREGISTERED         ; Untyped                                              ;
; ADDRESS_ACLR_A                     ; NONE                 ; Untyped                                              ;
; OUTDATA_ACLR_A                     ; NONE                 ; Untyped                                              ;
; WRCONTROL_ACLR_A                   ; NONE                 ; Untyped                                              ;
; INDATA_ACLR_A                      ; NONE                 ; Untyped                                              ;
; BYTEENA_ACLR_A                     ; NONE                 ; Untyped                                              ;
; WIDTH_B                            ; 1                    ; Untyped                                              ;
; WIDTHAD_B                          ; 4                    ; Untyped                                              ;
; NUMWORDS_B                         ; 16                   ; Untyped                                              ;
; INDATA_REG_B                       ; CLOCK1               ; Untyped                                              ;
; WRCONTROL_WRADDRESS_REG_B          ; CLOCK1               ; Untyped                                              ;
; RDCONTROL_REG_B                    ; CLOCK1               ; Untyped                                              ;
; ADDRESS_REG_B                      ; CLOCK0               ; Untyped                                              ;
; OUTDATA_REG_B                      ; CLOCK0               ; Untyped                                              ;
; BYTEENA_REG_B                      ; CLOCK1               ; Untyped                                              ;
; INDATA_ACLR_B                      ; NONE                 ; Untyped                                              ;
; WRCONTROL_ACLR_B                   ; NONE                 ; Untyped                                              ;
; ADDRESS_ACLR_B                     ; CLEAR0               ; Untyped                                              ;
; OUTDATA_ACLR_B                     ; CLEAR0               ; Untyped                                              ;
; RDCONTROL_ACLR_B                   ; NONE                 ; Untyped                                              ;
; BYTEENA_ACLR_B                     ; NONE                 ; Untyped                                              ;
; WIDTH_BYTEENA_A                    ; 1                    ; Untyped                                              ;
; WIDTH_BYTEENA_B                    ; 1                    ; Untyped                                              ;
; RAM_BLOCK_TYPE                     ; AUTO                 ; Untyped                                              ;
; BYTE_SIZE                          ; 8                    ; Untyped                                              ;
; READ_DURING_WRITE_MODE_MIXED_PORTS ; OLD_DATA             ; Untyped                                              ;
; READ_DURING_WRITE_MODE_PORT_A      ; NEW_DATA_NO_NBE_READ ; Untyped                                              ;
; READ_DURING_WRITE_MODE_PORT_B      ; NEW_DATA_NO_NBE_READ ; Untyped                                              ;
; INIT_FILE                          ; UNUSED               ; Untyped                                              ;
; INIT_FILE_LAYOUT                   ; PORT_A               ; Untyped                                              ;
; MAXIMUM_DEPTH                      ; 0                    ; Untyped                                              ;
; CLOCK_ENABLE_INPUT_A               ; BYPASS               ; Untyped                                              ;
; CLOCK_ENABLE_INPUT_B               ; BYPASS               ; Untyped                                              ;
; CLOCK_ENABLE_OUTPUT_A              ; NORMAL               ; Untyped                                              ;
; CLOCK_ENABLE_OUTPUT_B              ; BYPASS               ; Untyped                                              ;
; CLOCK_ENABLE_CORE_A                ; USE_INPUT_CLKEN      ; Untyped                                              ;
; CLOCK_ENABLE_CORE_B                ; USE_INPUT_CLKEN      ; Untyped                                              ;
; ENABLE_ECC                         ; FALSE                ; Untyped                                              ;
; DEVICE_FAMILY                      ; Stratix III          ; Untyped                                              ;
; CBXI_PARAMETER                     ; altsyncram_sdu1      ; Untyped                                              ;
+------------------------------------+----------------------+------------------------------------------------------+
Note: In order to hide this table in the UI and the text report file, please set the "Show Parameter Settings Tables in Synthesis Report" option in "Analysis and Synthesis Settings -> More Settings" to "Off".


+--------------------------------------------------------------------------------------------------------------------------+
; Parameter Settings for User Entity Instance: cache:inst5|cache_tag_compare_way1:inst13|lpm_compare:lpm_compare_component ;
+------------------------+-------------+-----------------------------------------------------------------------------------+
; Parameter Name         ; Value       ; Type                                                                              ;
+------------------------+-------------+-----------------------------------------------------------------------------------+
; lpm_width              ; 10          ; Untyped                                                                           ;
; LPM_REPRESENTATION     ; UNSIGNED    ; Untyped                                                                           ;
; LPM_PIPELINE           ; 0           ; Untyped                                                                           ;
; CHAIN_SIZE             ; 8           ; Untyped                                                                           ;
; ONE_INPUT_IS_CONSTANT  ; NO          ; Untyped                                                                           ;
; CARRY_CHAIN            ; MANUAL      ; Untyped                                                                           ;
; CASCADE_CHAIN          ; MANUAL      ; Untyped                                                                           ;
; CARRY_CHAIN_LENGTH     ; 48          ; CARRY_CHAIN_LENGTH                                                                ;
; CASCADE_CHAIN_LENGTH   ; 2           ; CASCADE_CHAIN_LENGTH                                                              ;
; DEVICE_FAMILY          ; Stratix III ; Untyped                                                                           ;
; CBXI_PARAMETER         ; cmpr_1ng    ; Untyped                                                                           ;
; AUTO_CARRY_CHAINS      ; ON          ; AUTO_CARRY                                                                        ;
; IGNORE_CARRY_BUFFERS   ; OFF         ; IGNORE_CARRY                                                                      ;
; AUTO_CASCADE_CHAINS    ; ON          ; AUTO_CASCADE                                                                      ;
; IGNORE_CASCADE_BUFFERS ; OFF         ; IGNORE_CASCADE                                                                    ;
+------------------------+-------------+-----------------------------------------------------------------------------------+
Note: In order to hide this table in the UI and the text report file, please set the "Show Parameter Settings Tables in Synthesis Report" option in "Analysis and Synthesis Settings -> More Settings" to "Off".


+-------------------------------------------------------------------------------+
; Parameter Settings for User Entity Instance: cache:inst5|cache_tag_way1:inst5 ;
+-----------------+-------+-----------------------------------------------------+
; Parameter Name  ; Value ; Type                                                ;
+-----------------+-------+-----------------------------------------------------+
; WIDTH_BYTEENA_A ; 1     ; Untyped                                             ;
; WIDTH_BYTEENA_B ; 1     ; Untyped                                             ;
+-----------------+-------+-----------------------------------------------------+
Note: In order to hide this table in the UI and the text report file, please set the "Show Parameter Settings Tables in Synthesis Report" option in "Analysis and Synthesis Settings -> More Settings" to "Off".


+---------------------------------------------------------------------------------------------------------------+
; Parameter Settings for User Entity Instance: cache:inst5|cache_tag_way1:inst5|altsyncram:altsyncram_component ;
+------------------------------------+----------------------+---------------------------------------------------+
; Parameter Name                     ; Value                ; Type                                              ;
+------------------------------------+----------------------+---------------------------------------------------+
; BYTE_SIZE_BLOCK                    ; 8                    ; Untyped                                           ;
; AUTO_CARRY_CHAINS                  ; ON                   ; AUTO_CARRY                                        ;
; IGNORE_CARRY_BUFFERS               ; OFF                  ; IGNORE_CARRY                                      ;
; AUTO_CASCADE_CHAINS                ; ON                   ; AUTO_CASCADE                                      ;
; IGNORE_CASCADE_BUFFERS             ; OFF                  ; IGNORE_CASCADE                                    ;
; WIDTH_BYTEENA                      ; 1                    ; Untyped                                           ;
; OPERATION_MODE                     ; DUAL_PORT            ; Untyped                                           ;
; WIDTH_A                            ; 10                   ; Untyped                                           ;
; WIDTHAD_A                          ; 4                    ; Untyped                                           ;
; NUMWORDS_A                         ; 16                   ; Untyped                                           ;
; OUTDATA_REG_A                      ; UNREGISTERED         ; Untyped                                           ;
; ADDRESS_ACLR_A                     ; NONE                 ; Untyped                                           ;
; OUTDATA_ACLR_A                     ; NONE                 ; Untyped                                           ;
; WRCONTROL_ACLR_A                   ; NONE                 ; Untyped                                           ;
; INDATA_ACLR_A                      ; NONE                 ; Untyped                                           ;
; BYTEENA_ACLR_A                     ; NONE                 ; Untyped                                           ;
; WIDTH_B                            ; 10                   ; Untyped                                           ;
; WIDTHAD_B                          ; 4                    ; Untyped                                           ;
; NUMWORDS_B                         ; 16                   ; Untyped                                           ;
; INDATA_REG_B                       ; CLOCK1               ; Untyped                                           ;
; WRCONTROL_WRADDRESS_REG_B          ; CLOCK1               ; Untyped                                           ;
; RDCONTROL_REG_B                    ; CLOCK1               ; Untyped                                           ;
; ADDRESS_REG_B                      ; CLOCK0               ; Untyped                                           ;
; OUTDATA_REG_B                      ; CLOCK0               ; Untyped                                           ;
; BYTEENA_REG_B                      ; CLOCK1               ; Untyped                                           ;
; INDATA_ACLR_B                      ; NONE                 ; Untyped                                           ;
; WRCONTROL_ACLR_B                   ; NONE                 ; Untyped                                           ;
; ADDRESS_ACLR_B                     ; CLEAR0               ; Untyped                                           ;
; OUTDATA_ACLR_B                     ; CLEAR0               ; Untyped                                           ;
; RDCONTROL_ACLR_B                   ; NONE                 ; Untyped                                           ;
; BYTEENA_ACLR_B                     ; NONE                 ; Untyped                                           ;
; WIDTH_BYTEENA_A                    ; 1                    ; Untyped                                           ;
; WIDTH_BYTEENA_B                    ; 1                    ; Untyped                                           ;
; RAM_BLOCK_TYPE                     ; AUTO                 ; Untyped                                           ;
; BYTE_SIZE                          ; 8                    ; Untyped                                           ;
; READ_DURING_WRITE_MODE_MIXED_PORTS ; OLD_DATA             ; Untyped                                           ;
; READ_DURING_WRITE_MODE_PORT_A      ; NEW_DATA_NO_NBE_READ ; Untyped                                           ;
; READ_DURING_WRITE_MODE_PORT_B      ; NEW_DATA_NO_NBE_READ ; Untyped                                           ;
; INIT_FILE                          ; UNUSED               ; Untyped                                           ;
; INIT_FILE_LAYOUT                   ; PORT_A               ; Untyped                                           ;
; MAXIMUM_DEPTH                      ; 0                    ; Untyped                                           ;
; CLOCK_ENABLE_INPUT_A               ; NORMAL               ; Untyped                                           ;
; CLOCK_ENABLE_INPUT_B               ; NORMAL               ; Untyped                                           ;
; CLOCK_ENABLE_OUTPUT_A              ; NORMAL               ; Untyped                                           ;
; CLOCK_ENABLE_OUTPUT_B              ; NORMAL               ; Untyped                                           ;
; CLOCK_ENABLE_CORE_A                ; USE_INPUT_CLKEN      ; Untyped                                           ;
; CLOCK_ENABLE_CORE_B                ; USE_INPUT_CLKEN      ; Untyped                                           ;
; ENABLE_ECC                         ; FALSE                ; Untyped                                           ;
; DEVICE_FAMILY                      ; Stratix III          ; Untyped                                           ;
; CBXI_PARAMETER                     ; altsyncram_g9v1      ; Untyped                                           ;
+------------------------------------+----------------------+---------------------------------------------------+
Note: In order to hide this table in the UI and the text report file, please set the "Show Parameter Settings Tables in Synthesis Report" option in "Analysis and Synthesis Settings -> More Settings" to "Off".


+----------------------------------------------------------------------------------+
; Parameter Settings for User Entity Instance: cache:inst5|cache_valid_way1:inst37 ;
+-----------------+-------+--------------------------------------------------------+
; Parameter Name  ; Value ; Type                                                   ;
+-----------------+-------+--------------------------------------------------------+
; WIDTH_BYTEENA_A ; 1     ; Untyped                                                ;
; WIDTH_BYTEENA_B ; 1     ; Untyped                                                ;
+-----------------+-------+--------------------------------------------------------+
Note: In order to hide this table in the UI and the text report file, please set the "Show Parameter Settings Tables in Synthesis Report" option in "Analysis and Synthesis Settings -> More Settings" to "Off".


+------------------------------------------------------------------------------------------------------------------+
; Parameter Settings for User Entity Instance: cache:inst5|cache_valid_way1:inst37|altsyncram:altsyncram_component ;
+------------------------------------+----------------------+------------------------------------------------------+
; Parameter Name                     ; Value                ; Type                                                 ;
+------------------------------------+----------------------+------------------------------------------------------+
; BYTE_SIZE_BLOCK                    ; 8                    ; Untyped                                              ;
; AUTO_CARRY_CHAINS                  ; ON                   ; AUTO_CARRY                                           ;
; IGNORE_CARRY_BUFFERS               ; OFF                  ; IGNORE_CARRY                                         ;
; AUTO_CASCADE_CHAINS                ; ON                   ; AUTO_CASCADE                                         ;
; IGNORE_CASCADE_BUFFERS             ; OFF                  ; IGNORE_CASCADE                                       ;
; WIDTH_BYTEENA                      ; 1                    ; Untyped                                              ;
; OPERATION_MODE                     ; DUAL_PORT            ; Untyped                                              ;
; WIDTH_A                            ; 1                    ; Untyped                                              ;
; WIDTHAD_A                          ; 4                    ; Untyped                                              ;
; NUMWORDS_A                         ; 16                   ; Untyped                                              ;
; OUTDATA_REG_A                      ; UNREGISTERED         ; Untyped                                              ;
; ADDRESS_ACLR_A                     ; NONE                 ; Untyped                                              ;
; OUTDATA_ACLR_A                     ; NONE                 ; Untyped                                              ;
; WRCONTROL_ACLR_A                   ; NONE                 ; Untyped                                              ;
; INDATA_ACLR_A                      ; NONE                 ; Untyped                                              ;
; BYTEENA_ACLR_A                     ; NONE                 ; Untyped                                              ;
; WIDTH_B                            ; 1                    ; Untyped                                              ;
; WIDTHAD_B                          ; 4                    ; Untyped                                              ;
; NUMWORDS_B                         ; 16                   ; Untyped                                              ;
; INDATA_REG_B                       ; CLOCK1               ; Untyped                                              ;
; WRCONTROL_WRADDRESS_REG_B          ; CLOCK1               ; Untyped                                              ;
; RDCONTROL_REG_B                    ; CLOCK1               ; Untyped                                              ;
; ADDRESS_REG_B                      ; CLOCK0               ; Untyped                                              ;
; OUTDATA_REG_B                      ; CLOCK0               ; Untyped                                              ;
; BYTEENA_REG_B                      ; CLOCK1               ; Untyped                                              ;
; INDATA_ACLR_B                      ; NONE                 ; Untyped                                              ;
; WRCONTROL_ACLR_B                   ; NONE                 ; Untyped                                              ;
; ADDRESS_ACLR_B                     ; CLEAR0               ; Untyped                                              ;
; OUTDATA_ACLR_B                     ; CLEAR0               ; Untyped                                              ;
; RDCONTROL_ACLR_B                   ; NONE                 ; Untyped                                              ;
; BYTEENA_ACLR_B                     ; NONE                 ; Untyped                                              ;
; WIDTH_BYTEENA_A                    ; 1                    ; Untyped                                              ;
; WIDTH_BYTEENA_B                    ; 1                    ; Untyped                                              ;
; RAM_BLOCK_TYPE                     ; AUTO                 ; Untyped                                              ;
; BYTE_SIZE                          ; 8                    ; Untyped                                              ;
; READ_DURING_WRITE_MODE_MIXED_PORTS ; OLD_DATA             ; Untyped                                              ;
; READ_DURING_WRITE_MODE_PORT_A      ; NEW_DATA_NO_NBE_READ ; Untyped                                              ;
; READ_DURING_WRITE_MODE_PORT_B      ; NEW_DATA_NO_NBE_READ ; Untyped                                              ;
; INIT_FILE                          ; UNUSED               ; Untyped                                              ;
; INIT_FILE_LAYOUT                   ; PORT_A               ; Untyped                                              ;
; MAXIMUM_DEPTH                      ; 0                    ; Untyped                                              ;
; CLOCK_ENABLE_INPUT_A               ; BYPASS               ; Untyped                                              ;
; CLOCK_ENABLE_INPUT_B               ; BYPASS               ; Untyped                                              ;
; CLOCK_ENABLE_OUTPUT_A              ; NORMAL               ; Untyped                                              ;
; CLOCK_ENABLE_OUTPUT_B              ; BYPASS               ; Untyped                                              ;
; CLOCK_ENABLE_CORE_A                ; USE_INPUT_CLKEN      ; Untyped                                              ;
; CLOCK_ENABLE_CORE_B                ; USE_INPUT_CLKEN      ; Untyped                                              ;
; ENABLE_ECC                         ; FALSE                ; Untyped                                              ;
; DEVICE_FAMILY                      ; Stratix III          ; Untyped                                              ;
; CBXI_PARAMETER                     ; altsyncram_sdu1      ; Untyped                                              ;
+------------------------------------+----------------------+------------------------------------------------------+
Note: In order to hide this table in the UI and the text report file, please set the "Show Parameter Settings Tables in Synthesis Report" option in "Analysis and Synthesis Settings -> More Settings" to "Off".


+-------------------------------------------------------------------------------------------------------------------------+
; Parameter Settings for User Entity Instance: cache:inst5|cache_tag_compare_way:inst12|lpm_compare:lpm_compare_component ;
+------------------------+-------------+----------------------------------------------------------------------------------+
; Parameter Name         ; Value       ; Type                                                                             ;
+------------------------+-------------+----------------------------------------------------------------------------------+
; lpm_width              ; 10          ; Untyped                                                                          ;
; LPM_REPRESENTATION     ; UNSIGNED    ; Untyped                                                                          ;
; LPM_PIPELINE           ; 0           ; Untyped                                                                          ;
; CHAIN_SIZE             ; 8           ; Untyped                                                                          ;
; ONE_INPUT_IS_CONSTANT  ; NO          ; Untyped                                                                          ;
; CARRY_CHAIN            ; MANUAL      ; Untyped                                                                          ;
; CASCADE_CHAIN          ; MANUAL      ; Untyped                                                                          ;
; CARRY_CHAIN_LENGTH     ; 48          ; CARRY_CHAIN_LENGTH                                                               ;
; CASCADE_CHAIN_LENGTH   ; 2           ; CASCADE_CHAIN_LENGTH                                                             ;
; DEVICE_FAMILY          ; Stratix III ; Untyped                                                                          ;
; CBXI_PARAMETER         ; cmpr_1ng    ; Untyped                                                                          ;
; AUTO_CARRY_CHAINS      ; ON          ; AUTO_CARRY                                                                       ;
; IGNORE_CARRY_BUFFERS   ; OFF         ; IGNORE_CARRY                                                                     ;
; AUTO_CASCADE_CHAINS    ; ON          ; AUTO_CASCADE                                                                     ;
; IGNORE_CASCADE_BUFFERS ; OFF         ; IGNORE_CASCADE                                                                   ;
+------------------------+-------------+----------------------------------------------------------------------------------+
Note: In order to hide this table in the UI and the text report file, please set the "Show Parameter Settings Tables in Synthesis Report" option in "Analysis and Synthesis Settings -> More Settings" to "Off".


+-------------------------------------------------------------------------------+
; Parameter Settings for User Entity Instance: cache:inst5|cache_tag_way0:inst4 ;
+-----------------+-------+-----------------------------------------------------+
; Parameter Name  ; Value ; Type                                                ;
+-----------------+-------+-----------------------------------------------------+
; WIDTH_BYTEENA_A ; 1     ; Untyped                                             ;
; WIDTH_BYTEENA_B ; 1     ; Untyped                                             ;
+-----------------+-------+-----------------------------------------------------+
Note: In order to hide this table in the UI and the text report file, please set the "Show Parameter Settings Tables in Synthesis Report" option in "Analysis and Synthesis Settings -> More Settings" to "Off".


+---------------------------------------------------------------------------------------------------------------+
; Parameter Settings for User Entity Instance: cache:inst5|cache_tag_way0:inst4|altsyncram:altsyncram_component ;
+------------------------------------+----------------------+---------------------------------------------------+
; Parameter Name                     ; Value                ; Type                                              ;
+------------------------------------+----------------------+---------------------------------------------------+
; BYTE_SIZE_BLOCK                    ; 8                    ; Untyped                                           ;
; AUTO_CARRY_CHAINS                  ; ON                   ; AUTO_CARRY                                        ;
; IGNORE_CARRY_BUFFERS               ; OFF                  ; IGNORE_CARRY                                      ;
; AUTO_CASCADE_CHAINS                ; ON                   ; AUTO_CASCADE                                      ;
; IGNORE_CASCADE_BUFFERS             ; OFF                  ; IGNORE_CASCADE                                    ;
; WIDTH_BYTEENA                      ; 1                    ; Untyped                                           ;
; OPERATION_MODE                     ; DUAL_PORT            ; Untyped                                           ;
; WIDTH_A                            ; 10                   ; Untyped                                           ;
; WIDTHAD_A                          ; 4                    ; Untyped                                           ;
; NUMWORDS_A                         ; 16                   ; Untyped                                           ;
; OUTDATA_REG_A                      ; UNREGISTERED         ; Untyped                                           ;
; ADDRESS_ACLR_A                     ; NONE                 ; Untyped                                           ;
; OUTDATA_ACLR_A                     ; NONE                 ; Untyped                                           ;
; WRCONTROL_ACLR_A                   ; NONE                 ; Untyped                                           ;
; INDATA_ACLR_A                      ; NONE                 ; Untyped                                           ;
; BYTEENA_ACLR_A                     ; NONE                 ; Untyped                                           ;
; WIDTH_B                            ; 10                   ; Untyped                                           ;
; WIDTHAD_B                          ; 4                    ; Untyped                                           ;
; NUMWORDS_B                         ; 16                   ; Untyped                                           ;
; INDATA_REG_B                       ; CLOCK1               ; Untyped                                           ;
; WRCONTROL_WRADDRESS_REG_B          ; CLOCK1               ; Untyped                                           ;
; RDCONTROL_REG_B                    ; CLOCK1               ; Untyped                                           ;
; ADDRESS_REG_B                      ; CLOCK0               ; Untyped                                           ;
; OUTDATA_REG_B                      ; CLOCK0               ; Untyped                                           ;
; BYTEENA_REG_B                      ; CLOCK1               ; Untyped                                           ;
; INDATA_ACLR_B                      ; NONE                 ; Untyped                                           ;
; WRCONTROL_ACLR_B                   ; NONE                 ; Untyped                                           ;
; ADDRESS_ACLR_B                     ; NONE                 ; Untyped                                           ;
; OUTDATA_ACLR_B                     ; CLEAR0               ; Untyped                                           ;
; RDCONTROL_ACLR_B                   ; NONE                 ; Untyped                                           ;
; BYTEENA_ACLR_B                     ; NONE                 ; Untyped                                           ;
; WIDTH_BYTEENA_A                    ; 1                    ; Untyped                                           ;
; WIDTH_BYTEENA_B                    ; 1                    ; Untyped                                           ;
; RAM_BLOCK_TYPE                     ; AUTO                 ; Untyped                                           ;
; BYTE_SIZE                          ; 8                    ; Untyped                                           ;
; READ_DURING_WRITE_MODE_MIXED_PORTS ; OLD_DATA             ; Untyped                                           ;
; READ_DURING_WRITE_MODE_PORT_A      ; NEW_DATA_NO_NBE_READ ; Untyped                                           ;
; READ_DURING_WRITE_MODE_PORT_B      ; NEW_DATA_NO_NBE_READ ; Untyped                                           ;
; INIT_FILE                          ; UNUSED               ; Untyped                                           ;
; INIT_FILE_LAYOUT                   ; PORT_A               ; Untyped                                           ;
; MAXIMUM_DEPTH                      ; 0                    ; Untyped                                           ;
; CLOCK_ENABLE_INPUT_A               ; NORMAL               ; Untyped                                           ;
; CLOCK_ENABLE_INPUT_B               ; NORMAL               ; Untyped                                           ;
; CLOCK_ENABLE_OUTPUT_A              ; NORMAL               ; Untyped                                           ;
; CLOCK_ENABLE_OUTPUT_B              ; NORMAL               ; Untyped                                           ;
; CLOCK_ENABLE_CORE_A                ; USE_INPUT_CLKEN      ; Untyped                                           ;
; CLOCK_ENABLE_CORE_B                ; USE_INPUT_CLKEN      ; Untyped                                           ;
; ENABLE_ECC                         ; FALSE                ; Untyped                                           ;
; DEVICE_FAMILY                      ; Stratix III          ; Untyped                                           ;
; CBXI_PARAMETER                     ; altsyncram_95v1      ; Untyped                                           ;
+------------------------------------+----------------------+---------------------------------------------------+
Note: In order to hide this table in the UI and the text report file, please set the "Show Parameter Settings Tables in Synthesis Report" option in "Analysis and Synthesis Settings -> More Settings" to "Off".


+----------------------------------------------------------------------------------+
; Parameter Settings for User Entity Instance: cache:inst5|cache_valid_way0:inst36 ;
+-----------------+-------+--------------------------------------------------------+
; Parameter Name  ; Value ; Type                                                   ;
+-----------------+-------+--------------------------------------------------------+
; WIDTH_BYTEENA_A ; 1     ; Untyped                                                ;
; WIDTH_BYTEENA_B ; 1     ; Untyped                                                ;
+-----------------+-------+--------------------------------------------------------+
Note: In order to hide this table in the UI and the text report file, please set the "Show Parameter Settings Tables in Synthesis Report" option in "Analysis and Synthesis Settings -> More Settings" to "Off".


+------------------------------------------------------------------------------------------------------------------+
; Parameter Settings for User Entity Instance: cache:inst5|cache_valid_way0:inst36|altsyncram:altsyncram_component ;
+------------------------------------+----------------------+------------------------------------------------------+
; Parameter Name                     ; Value                ; Type                                                 ;
+------------------------------------+----------------------+------------------------------------------------------+
; BYTE_SIZE_BLOCK                    ; 8                    ; Untyped                                              ;
; AUTO_CARRY_CHAINS                  ; ON                   ; AUTO_CARRY                                           ;
; IGNORE_CARRY_BUFFERS               ; OFF                  ; IGNORE_CARRY                                         ;
; AUTO_CASCADE_CHAINS                ; ON                   ; AUTO_CASCADE                                         ;
; IGNORE_CASCADE_BUFFERS             ; OFF                  ; IGNORE_CASCADE                                       ;
; WIDTH_BYTEENA                      ; 1                    ; Untyped                                              ;
; OPERATION_MODE                     ; DUAL_PORT            ; Untyped                                              ;
; WIDTH_A                            ; 1                    ; Untyped                                              ;
; WIDTHAD_A                          ; 4                    ; Untyped                                              ;
; NUMWORDS_A                         ; 16                   ; Untyped                                              ;
; OUTDATA_REG_A                      ; UNREGISTERED         ; Untyped                                              ;
; ADDRESS_ACLR_A                     ; NONE                 ; Untyped                                              ;
; OUTDATA_ACLR_A                     ; NONE                 ; Untyped                                              ;
; WRCONTROL_ACLR_A                   ; NONE                 ; Untyped                                              ;
; INDATA_ACLR_A                      ; NONE                 ; Untyped                                              ;
; BYTEENA_ACLR_A                     ; NONE                 ; Untyped                                              ;
; WIDTH_B                            ; 1                    ; Untyped                                              ;
; WIDTHAD_B                          ; 4                    ; Untyped                                              ;
; NUMWORDS_B                         ; 16                   ; Untyped                                              ;
; INDATA_REG_B                       ; CLOCK1               ; Untyped                                              ;
; WRCONTROL_WRADDRESS_REG_B          ; CLOCK1               ; Untyped                                              ;
; RDCONTROL_REG_B                    ; CLOCK1               ; Untyped                                              ;
; ADDRESS_REG_B                      ; CLOCK0               ; Untyped                                              ;
; OUTDATA_REG_B                      ; CLOCK0               ; Untyped                                              ;
; BYTEENA_REG_B                      ; CLOCK1               ; Untyped                                              ;
; INDATA_ACLR_B                      ; NONE                 ; Untyped                                              ;
; WRCONTROL_ACLR_B                   ; NONE                 ; Untyped                                              ;
; ADDRESS_ACLR_B                     ; CLEAR0               ; Untyped                                              ;
; OUTDATA_ACLR_B                     ; CLEAR0               ; Untyped                                              ;
; RDCONTROL_ACLR_B                   ; NONE                 ; Untyped                                              ;
; BYTEENA_ACLR_B                     ; NONE                 ; Untyped                                              ;
; WIDTH_BYTEENA_A                    ; 1                    ; Untyped                                              ;
; WIDTH_BYTEENA_B                    ; 1                    ; Untyped                                              ;
; RAM_BLOCK_TYPE                     ; AUTO                 ; Untyped                                              ;
; BYTE_SIZE                          ; 8                    ; Untyped                                              ;
; READ_DURING_WRITE_MODE_MIXED_PORTS ; OLD_DATA             ; Untyped                                              ;
; READ_DURING_WRITE_MODE_PORT_A      ; NEW_DATA_NO_NBE_READ ; Untyped                                              ;
; READ_DURING_WRITE_MODE_PORT_B      ; NEW_DATA_NO_NBE_READ ; Untyped                                              ;
; INIT_FILE                          ; UNUSED               ; Untyped                                              ;
; INIT_FILE_LAYOUT                   ; PORT_A               ; Untyped                                              ;
; MAXIMUM_DEPTH                      ; 0                    ; Untyped                                              ;
; CLOCK_ENABLE_INPUT_A               ; BYPASS               ; Untyped                                              ;
; CLOCK_ENABLE_INPUT_B               ; BYPASS               ; Untyped                                              ;
; CLOCK_ENABLE_OUTPUT_A              ; NORMAL               ; Untyped                                              ;
; CLOCK_ENABLE_OUTPUT_B              ; BYPASS               ; Untyped                                              ;
; CLOCK_ENABLE_CORE_A                ; USE_INPUT_CLKEN      ; Untyped                                              ;
; CLOCK_ENABLE_CORE_B                ; USE_INPUT_CLKEN      ; Untyped                                              ;
; ENABLE_ECC                         ; FALSE                ; Untyped                                              ;
; DEVICE_FAMILY                      ; Stratix III          ; Untyped                                              ;
; CBXI_PARAMETER                     ; altsyncram_sdu1      ; Untyped                                              ;
+------------------------------------+----------------------+------------------------------------------------------+
Note: In order to hide this table in the UI and the text report file, please set the "Show Parameter Settings Tables in Synthesis Report" option in "Analysis and Synthesis Settings -> More Settings" to "Off".


+-------------------------------------------------------------------------------------------------------+
; Parameter Settings for User Entity Instance: cache:inst5|cpu_data_out:inst8|lpm_mux:lpm_mux_component ;
+------------------------+-------------+----------------------------------------------------------------+
; Parameter Name         ; Value       ; Type                                                           ;
+------------------------+-------------+----------------------------------------------------------------+
; AUTO_CARRY_CHAINS      ; ON          ; AUTO_CARRY                                                     ;
; IGNORE_CARRY_BUFFERS   ; OFF         ; IGNORE_CARRY                                                   ;
; AUTO_CASCADE_CHAINS    ; ON          ; AUTO_CASCADE                                                   ;
; IGNORE_CASCADE_BUFFERS ; OFF         ; IGNORE_CASCADE                                                 ;
; LPM_WIDTH              ; 8           ; Untyped                                                        ;
; LPM_SIZE               ; 2           ; Untyped                                                        ;
; LPM_WIDTHS             ; 1           ; Untyped                                                        ;
; LPM_PIPELINE           ; 0           ; Untyped                                                        ;
; CBXI_PARAMETER         ; mux_7rc     ; Untyped                                                        ;
; DEVICE_FAMILY          ; Stratix III ; Untyped                                                        ;
+------------------------+-------------+----------------------------------------------------------------+
Note: In order to hide this table in the UI and the text report file, please set the "Show Parameter Settings Tables in Synthesis Report" option in "Analysis and Synthesis Settings -> More Settings" to "Off".


+----------------------------------------------------------------------------------------------------------+
; Parameter Settings for User Entity Instance: cache:inst5|cache_data_mux:inst16|lpm_mux:lpm_mux_component ;
+------------------------+-------------+-------------------------------------------------------------------+
; Parameter Name         ; Value       ; Type                                                              ;
+------------------------+-------------+-------------------------------------------------------------------+
; AUTO_CARRY_CHAINS      ; ON          ; AUTO_CARRY                                                        ;
; IGNORE_CARRY_BUFFERS   ; OFF         ; IGNORE_CARRY                                                      ;
; AUTO_CASCADE_CHAINS    ; ON          ; AUTO_CASCADE                                                      ;
; IGNORE_CASCADE_BUFFERS ; OFF         ; IGNORE_CASCADE                                                    ;
; LPM_WIDTH              ; 8           ; Untyped                                                           ;
; LPM_SIZE               ; 4           ; Untyped                                                           ;
; LPM_WIDTHS             ; 2           ; Untyped                                                           ;
; LPM_PIPELINE           ; 0           ; Untyped                                                           ;
; CBXI_PARAMETER         ; mux_arc     ; Untyped                                                           ;
; DEVICE_FAMILY          ; Stratix III ; Untyped                                                           ;
+------------------------+-------------+-------------------------------------------------------------------+
Note: In order to hide this table in the UI and the text report file, please set the "Show Parameter Settings Tables in Synthesis Report" option in "Analysis and Synthesis Settings -> More Settings" to "Off".


+-------------------------------------------------------------------------------+
; Parameter Settings for User Entity Instance: cache:inst5|cache_data_way0:inst ;
+-----------------+-------+-----------------------------------------------------+
; Parameter Name  ; Value ; Type                                                ;
+-----------------+-------+-----------------------------------------------------+
; WIDTH_BYTEENA_A ; 1     ; Untyped                                             ;
; WIDTH_BYTEENA_B ; 1     ; Untyped                                             ;
+-----------------+-------+-----------------------------------------------------+
Note: In order to hide this table in the UI and the text report file, please set the "Show Parameter Settings Tables in Synthesis Report" option in "Analysis and Synthesis Settings -> More Settings" to "Off".


+---------------------------------------------------------------------------------------------------------------+
; Parameter Settings for User Entity Instance: cache:inst5|cache_data_way0:inst|altsyncram:altsyncram_component ;
+------------------------------------+----------------------+---------------------------------------------------+
; Parameter Name                     ; Value                ; Type                                              ;
+------------------------------------+----------------------+---------------------------------------------------+
; BYTE_SIZE_BLOCK                    ; 8                    ; Untyped                                           ;
; AUTO_CARRY_CHAINS                  ; ON                   ; AUTO_CARRY                                        ;
; IGNORE_CARRY_BUFFERS               ; OFF                  ; IGNORE_CARRY                                      ;
; AUTO_CASCADE_CHAINS                ; ON                   ; AUTO_CASCADE                                      ;
; IGNORE_CASCADE_BUFFERS             ; OFF                  ; IGNORE_CASCADE                                    ;
; WIDTH_BYTEENA                      ; 1                    ; Untyped                                           ;
; OPERATION_MODE                     ; DUAL_PORT            ; Untyped                                           ;
; WIDTH_A                            ; 8                    ; Untyped                                           ;
; WIDTHAD_A                          ; 4                    ; Untyped                                           ;
; NUMWORDS_A                         ; 16                   ; Untyped                                           ;
; OUTDATA_REG_A                      ; UNREGISTERED         ; Untyped                                           ;
; ADDRESS_ACLR_A                     ; NONE                 ; Untyped                                           ;
; OUTDATA_ACLR_A                     ; NONE                 ; Untyped                                           ;
; WRCONTROL_ACLR_A                   ; NONE                 ; Untyped                                           ;
; INDATA_ACLR_A                      ; NONE                 ; Untyped                                           ;
; BYTEENA_ACLR_A                     ; NONE                 ; Untyped                                           ;
; WIDTH_B                            ; 8                    ; Untyped                                           ;
; WIDTHAD_B                          ; 4                    ; Untyped                                           ;
; NUMWORDS_B                         ; 16                   ; Untyped                                           ;
; INDATA_REG_B                       ; CLOCK1               ; Untyped                                           ;
; WRCONTROL_WRADDRESS_REG_B          ; CLOCK1               ; Untyped                                           ;
; RDCONTROL_REG_B                    ; CLOCK1               ; Untyped                                           ;
; ADDRESS_REG_B                      ; CLOCK0               ; Untyped                                           ;
; OUTDATA_REG_B                      ; CLOCK0               ; Untyped                                           ;
; BYTEENA_REG_B                      ; CLOCK1               ; Untyped                                           ;
; INDATA_ACLR_B                      ; NONE                 ; Untyped                                           ;
; WRCONTROL_ACLR_B                   ; NONE                 ; Untyped                                           ;
; ADDRESS_ACLR_B                     ; NONE                 ; Untyped                                           ;
; OUTDATA_ACLR_B                     ; CLEAR0               ; Untyped                                           ;
; RDCONTROL_ACLR_B                   ; NONE                 ; Untyped                                           ;
; BYTEENA_ACLR_B                     ; NONE                 ; Untyped                                           ;
; WIDTH_BYTEENA_A                    ; 1                    ; Untyped                                           ;
; WIDTH_BYTEENA_B                    ; 1                    ; Untyped                                           ;
; RAM_BLOCK_TYPE                     ; AUTO                 ; Untyped                                           ;
; BYTE_SIZE                          ; 8                    ; Untyped                                           ;
; READ_DURING_WRITE_MODE_MIXED_PORTS ; OLD_DATA             ; Untyped                                           ;
; READ_DURING_WRITE_MODE_PORT_A      ; NEW_DATA_NO_NBE_READ ; Untyped                                           ;
; READ_DURING_WRITE_MODE_PORT_B      ; NEW_DATA_NO_NBE_READ ; Untyped                                           ;
; INIT_FILE                          ; UNUSED               ; Untyped                                           ;
; INIT_FILE_LAYOUT                   ; PORT_A               ; Untyped                                           ;
; MAXIMUM_DEPTH                      ; 0                    ; Untyped                                           ;
; CLOCK_ENABLE_INPUT_A               ; NORMAL               ; Untyped                                           ;
; CLOCK_ENABLE_INPUT_B               ; NORMAL               ; Untyped                                           ;
; CLOCK_ENABLE_OUTPUT_A              ; NORMAL               ; Untyped                                           ;
; CLOCK_ENABLE_OUTPUT_B              ; NORMAL               ; Untyped                                           ;
; CLOCK_ENABLE_CORE_A                ; USE_INPUT_CLKEN      ; Untyped                                           ;
; CLOCK_ENABLE_CORE_B                ; USE_INPUT_CLKEN      ; Untyped                                           ;
; ENABLE_ECC                         ; FALSE                ; Untyped                                           ;
; DEVICE_FAMILY                      ; Stratix III          ; Untyped                                           ;
; CBXI_PARAMETER                     ; altsyncram_n2v1      ; Untyped                                           ;
+------------------------------------+----------------------+---------------------------------------------------+
Note: In order to hide this table in the UI and the text report file, please set the "Show Parameter Settings Tables in Synthesis Report" option in "Analysis and Synthesis Settings -> More Settings" to "Off".


+--------------------------------------------------------------------------------+
; Parameter Settings for User Entity Instance: cache:inst5|cache_data_way1:inst1 ;
+-----------------+-------+------------------------------------------------------+
; Parameter Name  ; Value ; Type                                                 ;
+-----------------+-------+------------------------------------------------------+
; WIDTH_BYTEENA_A ; 1     ; Untyped                                              ;
; WIDTH_BYTEENA_B ; 1     ; Untyped                                              ;
+-----------------+-------+------------------------------------------------------+
Note: In order to hide this table in the UI and the text report file, please set the "Show Parameter Settings Tables in Synthesis Report" option in "Analysis and Synthesis Settings -> More Settings" to "Off".


+----------------------------------------------------------------------------------------------------------------+
; Parameter Settings for User Entity Instance: cache:inst5|cache_data_way1:inst1|altsyncram:altsyncram_component ;
+------------------------------------+----------------------+----------------------------------------------------+
; Parameter Name                     ; Value                ; Type                                               ;
+------------------------------------+----------------------+----------------------------------------------------+
; BYTE_SIZE_BLOCK                    ; 8                    ; Untyped                                            ;
; AUTO_CARRY_CHAINS                  ; ON                   ; AUTO_CARRY                                         ;
; IGNORE_CARRY_BUFFERS               ; OFF                  ; IGNORE_CARRY                                       ;
; AUTO_CASCADE_CHAINS                ; ON                   ; AUTO_CASCADE                                       ;
; IGNORE_CASCADE_BUFFERS             ; OFF                  ; IGNORE_CASCADE                                     ;
; WIDTH_BYTEENA                      ; 1                    ; Untyped                                            ;
; OPERATION_MODE                     ; DUAL_PORT            ; Untyped                                            ;
; WIDTH_A                            ; 8                    ; Untyped                                            ;
; WIDTHAD_A                          ; 4                    ; Untyped                                            ;
; NUMWORDS_A                         ; 16                   ; Untyped                                            ;
; OUTDATA_REG_A                      ; UNREGISTERED         ; Untyped                                            ;
; ADDRESS_ACLR_A                     ; NONE                 ; Untyped                                            ;
; OUTDATA_ACLR_A                     ; NONE                 ; Untyped                                            ;
; WRCONTROL_ACLR_A                   ; NONE                 ; Untyped                                            ;
; INDATA_ACLR_A                      ; NONE                 ; Untyped                                            ;
; BYTEENA_ACLR_A                     ; NONE                 ; Untyped                                            ;
; WIDTH_B                            ; 8                    ; Untyped                                            ;
; WIDTHAD_B                          ; 4                    ; Untyped                                            ;
; NUMWORDS_B                         ; 16                   ; Untyped                                            ;
; INDATA_REG_B                       ; CLOCK1               ; Untyped                                            ;
; WRCONTROL_WRADDRESS_REG_B          ; CLOCK1               ; Untyped                                            ;
; RDCONTROL_REG_B                    ; CLOCK1               ; Untyped                                            ;
; ADDRESS_REG_B                      ; CLOCK0               ; Untyped                                            ;
; OUTDATA_REG_B                      ; CLOCK0               ; Untyped                                            ;
; BYTEENA_REG_B                      ; CLOCK1               ; Untyped                                            ;
; INDATA_ACLR_B                      ; NONE                 ; Untyped                                            ;
; WRCONTROL_ACLR_B                   ; NONE                 ; Untyped                                            ;
; ADDRESS_ACLR_B                     ; CLEAR0               ; Untyped                                            ;
; OUTDATA_ACLR_B                     ; CLEAR0               ; Untyped                                            ;
; RDCONTROL_ACLR_B                   ; NONE                 ; Untyped                                            ;
; BYTEENA_ACLR_B                     ; NONE                 ; Untyped                                            ;
; WIDTH_BYTEENA_A                    ; 1                    ; Untyped                                            ;
; WIDTH_BYTEENA_B                    ; 1                    ; Untyped                                            ;
; RAM_BLOCK_TYPE                     ; AUTO                 ; Untyped                                            ;
; BYTE_SIZE                          ; 8                    ; Untyped                                            ;
; READ_DURING_WRITE_MODE_MIXED_PORTS ; OLD_DATA             ; Untyped                                            ;
; READ_DURING_WRITE_MODE_PORT_A      ; NEW_DATA_NO_NBE_READ ; Untyped                                            ;
; READ_DURING_WRITE_MODE_PORT_B      ; NEW_DATA_NO_NBE_READ ; Untyped                                            ;
; INIT_FILE                          ; UNUSED               ; Untyped                                            ;
; INIT_FILE_LAYOUT                   ; PORT_A               ; Untyped                                            ;
; MAXIMUM_DEPTH                      ; 0                    ; Untyped                                            ;
; CLOCK_ENABLE_INPUT_A               ; NORMAL               ; Untyped                                            ;
; CLOCK_ENABLE_INPUT_B               ; NORMAL               ; Untyped                                            ;
; CLOCK_ENABLE_OUTPUT_A              ; NORMAL               ; Untyped                                            ;
; CLOCK_ENABLE_OUTPUT_B              ; NORMAL               ; Untyped                                            ;
; CLOCK_ENABLE_CORE_A                ; USE_INPUT_CLKEN      ; Untyped                                            ;
; CLOCK_ENABLE_CORE_B                ; USE_INPUT_CLKEN      ; Untyped                                            ;
; ENABLE_ECC                         ; FALSE                ; Untyped                                            ;
; DEVICE_FAMILY                      ; Stratix III          ; Untyped                                            ;
; CBXI_PARAMETER                     ; altsyncram_u6v1      ; Untyped                                            ;
+------------------------------------+----------------------+----------------------------------------------------+
Note: In order to hide this table in the UI and the text report file, please set the "Show Parameter Settings Tables in Synthesis Report" option in "Analysis and Synthesis Settings -> More Settings" to "Off".


+--------------------------------------------------------------------------------+
; Parameter Settings for User Entity Instance: cache:inst5|cache_data_way2:inst2 ;
+-----------------+-------+------------------------------------------------------+
; Parameter Name  ; Value ; Type                                                 ;
+-----------------+-------+------------------------------------------------------+
; WIDTH_BYTEENA_A ; 1     ; Untyped                                              ;
; WIDTH_BYTEENA_B ; 1     ; Untyped                                              ;
+-----------------+-------+------------------------------------------------------+
Note: In order to hide this table in the UI and the text report file, please set the "Show Parameter Settings Tables in Synthesis Report" option in "Analysis and Synthesis Settings -> More Settings" to "Off".


+----------------------------------------------------------------------------------------------------------------+
; Parameter Settings for User Entity Instance: cache:inst5|cache_data_way2:inst2|altsyncram:altsyncram_component ;
+------------------------------------+----------------------+----------------------------------------------------+
; Parameter Name                     ; Value                ; Type                                               ;
+------------------------------------+----------------------+----------------------------------------------------+
; BYTE_SIZE_BLOCK                    ; 8                    ; Untyped                                            ;
; AUTO_CARRY_CHAINS                  ; ON                   ; AUTO_CARRY                                         ;
; IGNORE_CARRY_BUFFERS               ; OFF                  ; IGNORE_CARRY                                       ;
; AUTO_CASCADE_CHAINS                ; ON                   ; AUTO_CASCADE                                       ;
; IGNORE_CASCADE_BUFFERS             ; OFF                  ; IGNORE_CASCADE                                     ;
; WIDTH_BYTEENA                      ; 1                    ; Untyped                                            ;
; OPERATION_MODE                     ; DUAL_PORT            ; Untyped                                            ;
; WIDTH_A                            ; 8                    ; Untyped                                            ;
; WIDTHAD_A                          ; 4                    ; Untyped                                            ;
; NUMWORDS_A                         ; 16                   ; Untyped                                            ;
; OUTDATA_REG_A                      ; UNREGISTERED         ; Untyped                                            ;
; ADDRESS_ACLR_A                     ; NONE                 ; Untyped                                            ;
; OUTDATA_ACLR_A                     ; NONE                 ; Untyped                                            ;
; WRCONTROL_ACLR_A                   ; NONE                 ; Untyped                                            ;
; INDATA_ACLR_A                      ; NONE                 ; Untyped                                            ;
; BYTEENA_ACLR_A                     ; NONE                 ; Untyped                                            ;
; WIDTH_B                            ; 8                    ; Untyped                                            ;
; WIDTHAD_B                          ; 4                    ; Untyped                                            ;
; NUMWORDS_B                         ; 16                   ; Untyped                                            ;
; INDATA_REG_B                       ; CLOCK1               ; Untyped                                            ;
; WRCONTROL_WRADDRESS_REG_B          ; CLOCK1               ; Untyped                                            ;
; RDCONTROL_REG_B                    ; CLOCK1               ; Untyped                                            ;
; ADDRESS_REG_B                      ; CLOCK0               ; Untyped                                            ;
; OUTDATA_REG_B                      ; CLOCK0               ; Untyped                                            ;
; BYTEENA_REG_B                      ; CLOCK1               ; Untyped                                            ;
; INDATA_ACLR_B                      ; NONE                 ; Untyped                                            ;
; WRCONTROL_ACLR_B                   ; NONE                 ; Untyped                                            ;
; ADDRESS_ACLR_B                     ; CLEAR0               ; Untyped                                            ;
; OUTDATA_ACLR_B                     ; CLEAR0               ; Untyped                                            ;
; RDCONTROL_ACLR_B                   ; NONE                 ; Untyped                                            ;
; BYTEENA_ACLR_B                     ; NONE                 ; Untyped                                            ;
; WIDTH_BYTEENA_A                    ; 1                    ; Untyped                                            ;
; WIDTH_BYTEENA_B                    ; 1                    ; Untyped                                            ;
; RAM_BLOCK_TYPE                     ; AUTO                 ; Untyped                                            ;
; BYTE_SIZE                          ; 8                    ; Untyped                                            ;
; READ_DURING_WRITE_MODE_MIXED_PORTS ; OLD_DATA             ; Untyped                                            ;
; READ_DURING_WRITE_MODE_PORT_A      ; NEW_DATA_NO_NBE_READ ; Untyped                                            ;
; READ_DURING_WRITE_MODE_PORT_B      ; NEW_DATA_NO_NBE_READ ; Untyped                                            ;
; INIT_FILE                          ; UNUSED               ; Untyped                                            ;
; INIT_FILE_LAYOUT                   ; PORT_A               ; Untyped                                            ;
; MAXIMUM_DEPTH                      ; 0                    ; Untyped                                            ;
; CLOCK_ENABLE_INPUT_A               ; NORMAL               ; Untyped                                            ;
; CLOCK_ENABLE_INPUT_B               ; NORMAL               ; Untyped                                            ;
; CLOCK_ENABLE_OUTPUT_A              ; NORMAL               ; Untyped                                            ;
; CLOCK_ENABLE_OUTPUT_B              ; NORMAL               ; Untyped                                            ;
; CLOCK_ENABLE_CORE_A                ; USE_INPUT_CLKEN      ; Untyped                                            ;
; CLOCK_ENABLE_CORE_B                ; USE_INPUT_CLKEN      ; Untyped                                            ;
; ENABLE_ECC                         ; FALSE                ; Untyped                                            ;
; DEVICE_FAMILY                      ; Stratix III          ; Untyped                                            ;
; CBXI_PARAMETER                     ; altsyncram_u6v1      ; Untyped                                            ;
+------------------------------------+----------------------+----------------------------------------------------+
Note: In order to hide this table in the UI and the text report file, please set the "Show Parameter Settings Tables in Synthesis Report" option in "Analysis and Synthesis Settings -> More Settings" to "Off".


+--------------------------------------------------------------------------------+
; Parameter Settings for User Entity Instance: cache:inst5|cache_data_way3:inst3 ;
+-----------------+-------+------------------------------------------------------+
; Parameter Name  ; Value ; Type                                                 ;
+-----------------+-------+------------------------------------------------------+
; WIDTH_BYTEENA_A ; 1     ; Untyped                                              ;
; WIDTH_BYTEENA_B ; 1     ; Untyped                                              ;
+-----------------+-------+------------------------------------------------------+
Note: In order to hide this table in the UI and the text report file, please set the "Show Parameter Settings Tables in Synthesis Report" option in "Analysis and Synthesis Settings -> More Settings" to "Off".


+----------------------------------------------------------------------------------------------------------------+
; Parameter Settings for User Entity Instance: cache:inst5|cache_data_way3:inst3|altsyncram:altsyncram_component ;
+------------------------------------+----------------------+----------------------------------------------------+
; Parameter Name                     ; Value                ; Type                                               ;
+------------------------------------+----------------------+----------------------------------------------------+
; BYTE_SIZE_BLOCK                    ; 8                    ; Untyped                                            ;
; AUTO_CARRY_CHAINS                  ; ON                   ; AUTO_CARRY                                         ;
; IGNORE_CARRY_BUFFERS               ; OFF                  ; IGNORE_CARRY                                       ;
; AUTO_CASCADE_CHAINS                ; ON                   ; AUTO_CASCADE                                       ;
; IGNORE_CASCADE_BUFFERS             ; OFF                  ; IGNORE_CASCADE                                     ;
; WIDTH_BYTEENA                      ; 1                    ; Untyped                                            ;
; OPERATION_MODE                     ; DUAL_PORT            ; Untyped                                            ;
; WIDTH_A                            ; 8                    ; Untyped                                            ;
; WIDTHAD_A                          ; 4                    ; Untyped                                            ;
; NUMWORDS_A                         ; 16                   ; Untyped                                            ;
; OUTDATA_REG_A                      ; UNREGISTERED         ; Untyped                                            ;
; ADDRESS_ACLR_A                     ; NONE                 ; Untyped                                            ;
; OUTDATA_ACLR_A                     ; NONE                 ; Untyped                                            ;
; WRCONTROL_ACLR_A                   ; NONE                 ; Untyped                                            ;
; INDATA_ACLR_A                      ; NONE                 ; Untyped                                            ;
; BYTEENA_ACLR_A                     ; NONE                 ; Untyped                                            ;
; WIDTH_B                            ; 8                    ; Untyped                                            ;
; WIDTHAD_B                          ; 4                    ; Untyped                                            ;
; NUMWORDS_B                         ; 16                   ; Untyped                                            ;
; INDATA_REG_B                       ; CLOCK1               ; Untyped                                            ;
; WRCONTROL_WRADDRESS_REG_B          ; CLOCK1               ; Untyped                                            ;
; RDCONTROL_REG_B                    ; CLOCK1               ; Untyped                                            ;
; ADDRESS_REG_B                      ; CLOCK0               ; Untyped                                            ;
; OUTDATA_REG_B                      ; CLOCK0               ; Untyped                                            ;
; BYTEENA_REG_B                      ; CLOCK1               ; Untyped                                            ;
; INDATA_ACLR_B                      ; NONE                 ; Untyped                                            ;
; WRCONTROL_ACLR_B                   ; NONE                 ; Untyped                                            ;
; ADDRESS_ACLR_B                     ; CLEAR0               ; Untyped                                            ;
; OUTDATA_ACLR_B                     ; CLEAR0               ; Untyped                                            ;
; RDCONTROL_ACLR_B                   ; NONE                 ; Untyped                                            ;
; BYTEENA_ACLR_B                     ; NONE                 ; Untyped                                            ;
; WIDTH_BYTEENA_A                    ; 1                    ; Untyped                                            ;
; WIDTH_BYTEENA_B                    ; 1                    ; Untyped                                            ;
; RAM_BLOCK_TYPE                     ; AUTO                 ; Untyped                                            ;
; BYTE_SIZE                          ; 8                    ; Untyped                                            ;
; READ_DURING_WRITE_MODE_MIXED_PORTS ; OLD_DATA             ; Untyped                                            ;
; READ_DURING_WRITE_MODE_PORT_A      ; NEW_DATA_NO_NBE_READ ; Untyped                                            ;
; READ_DURING_WRITE_MODE_PORT_B      ; NEW_DATA_NO_NBE_READ ; Untyped                                            ;
; INIT_FILE                          ; UNUSED               ; Untyped                                            ;
; INIT_FILE_LAYOUT                   ; PORT_A               ; Untyped                                            ;
; MAXIMUM_DEPTH                      ; 0                    ; Untyped                                            ;
; CLOCK_ENABLE_INPUT_A               ; NORMAL               ; Untyped                                            ;
; CLOCK_ENABLE_INPUT_B               ; NORMAL               ; Untyped                                            ;
; CLOCK_ENABLE_OUTPUT_A              ; NORMAL               ; Untyped                                            ;
; CLOCK_ENABLE_OUTPUT_B              ; NORMAL               ; Untyped                                            ;
; CLOCK_ENABLE_CORE_A                ; USE_INPUT_CLKEN      ; Untyped                                            ;
; CLOCK_ENABLE_CORE_B                ; USE_INPUT_CLKEN      ; Untyped                                            ;
; ENABLE_ECC                         ; FALSE                ; Untyped                                            ;
; DEVICE_FAMILY                      ; Stratix III          ; Untyped                                            ;
; CBXI_PARAMETER                     ; altsyncram_u6v1      ; Untyped                                            ;
+------------------------------------+----------------------+----------------------------------------------------+
Note: In order to hide this table in the UI and the text report file, please set the "Show Parameter Settings Tables in Synthesis Report" option in "Analysis and Synthesis Settings -> More Settings" to "Off".


+-------------------------------------------------------------------------------------------------------------------------------+
; Parameter Settings for User Entity Instance: phase_counter_unit:inst8|PHASE_FETCH_COMP:inst|lpm_compare:lpm_compare_component ;
+------------------------+-------------+----------------------------------------------------------------------------------------+
; Parameter Name         ; Value       ; Type                                                                                   ;
+------------------------+-------------+----------------------------------------------------------------------------------------+
; lpm_width              ; 2           ; Untyped                                                                                ;
; LPM_REPRESENTATION     ; UNSIGNED    ; Untyped                                                                                ;
; LPM_PIPELINE           ; 0           ; Untyped                                                                                ;
; CHAIN_SIZE             ; 8           ; Untyped                                                                                ;
; ONE_INPUT_IS_CONSTANT  ; YES         ; Untyped                                                                                ;
; CARRY_CHAIN            ; MANUAL      ; Untyped                                                                                ;
; CASCADE_CHAIN          ; MANUAL      ; Untyped                                                                                ;
; CARRY_CHAIN_LENGTH     ; 48          ; CARRY_CHAIN_LENGTH                                                                     ;
; CASCADE_CHAIN_LENGTH   ; 2           ; CASCADE_CHAIN_LENGTH                                                                   ;
; DEVICE_FAMILY          ; Stratix III ; Untyped                                                                                ;
; CBXI_PARAMETER         ; cmpr_tqi    ; Untyped                                                                                ;
; AUTO_CARRY_CHAINS      ; ON          ; AUTO_CARRY                                                                             ;
; IGNORE_CARRY_BUFFERS   ; OFF         ; IGNORE_CARRY                                                                           ;
; AUTO_CASCADE_CHAINS    ; ON          ; AUTO_CASCADE                                                                           ;
; IGNORE_CASCADE_BUFFERS ; OFF         ; IGNORE_CASCADE                                                                         ;
+------------------------+-------------+----------------------------------------------------------------------------------------+
Note: In order to hide this table in the UI and the text report file, please set the "Show Parameter Settings Tables in Synthesis Report" option in "Analysis and Synthesis Settings -> More Settings" to "Off".


+------------------------------------------------------------------------------------------------------------------------------+
; Parameter Settings for User Entity Instance: phase_counter_unit:inst8|Phase_Counter:inst17|lpm_counter:lpm_counter_component ;
+------------------------+-------------+---------------------------------------------------------------------------------------+
; Parameter Name         ; Value       ; Type                                                                                  ;
+------------------------+-------------+---------------------------------------------------------------------------------------+
; AUTO_CARRY_CHAINS      ; ON          ; AUTO_CARRY                                                                            ;
; IGNORE_CARRY_BUFFERS   ; OFF         ; IGNORE_CARRY                                                                          ;
; AUTO_CASCADE_CHAINS    ; ON          ; AUTO_CASCADE                                                                          ;
; IGNORE_CASCADE_BUFFERS ; OFF         ; IGNORE_CASCADE                                                                        ;
; LPM_WIDTH              ; 2           ; Untyped                                                                               ;
; LPM_DIRECTION          ; UP          ; Untyped                                                                               ;
; LPM_MODULUS            ; 0           ; Untyped                                                                               ;
; LPM_AVALUE             ; UNUSED      ; Untyped                                                                               ;
; LPM_SVALUE             ; UNUSED      ; Untyped                                                                               ;
; LPM_PORT_UPDOWN        ; PORT_UNUSED ; Untyped                                                                               ;
; DEVICE_FAMILY          ; Stratix III ; Untyped                                                                               ;
; CARRY_CHAIN            ; MANUAL      ; Untyped                                                                               ;
; CARRY_CHAIN_LENGTH     ; 48          ; CARRY_CHAIN_LENGTH                                                                    ;
; NOT_GATE_PUSH_BACK     ; ON          ; NOT_GATE_PUSH_BACK                                                                    ;
; CARRY_CNT_EN           ; SMART       ; Untyped                                                                               ;
; LABWIDE_SCLR           ; ON          ; Untyped                                                                               ;
; USE_NEW_VERSION        ; TRUE        ; Untyped                                                                               ;
; CBXI_PARAMETER         ; cntr_27j    ; Untyped                                                                               ;
+------------------------+-------------+---------------------------------------------------------------------------------------+
Note: In order to hide this table in the UI and the text report file, please set the "Show Parameter Settings Tables in Synthesis Report" option in "Analysis and Synthesis Settings -> More Settings" to "Off".


+---------------------------------------------------------------------------------------------------------------------------------+
; Parameter Settings for User Entity Instance: phase_counter_unit:inst8|PHASE_ADDR_H_COMP:inst7|lpm_compare:lpm_compare_component ;
+------------------------+-------------+------------------------------------------------------------------------------------------+
; Parameter Name         ; Value       ; Type                                                                                     ;
+------------------------+-------------+------------------------------------------------------------------------------------------+
; lpm_width              ; 2           ; Untyped                                                                                  ;
; LPM_REPRESENTATION     ; SIGNED      ; Untyped                                                                                  ;
; LPM_PIPELINE           ; 0           ; Untyped                                                                                  ;
; CHAIN_SIZE             ; 8           ; Untyped                                                                                  ;
; ONE_INPUT_IS_CONSTANT  ; YES         ; Untyped                                                                                  ;
; CARRY_CHAIN            ; MANUAL      ; Untyped                                                                                  ;
; CASCADE_CHAIN          ; MANUAL      ; Untyped                                                                                  ;
; CARRY_CHAIN_LENGTH     ; 48          ; CARRY_CHAIN_LENGTH                                                                       ;
; CASCADE_CHAIN_LENGTH   ; 2           ; CASCADE_CHAIN_LENGTH                                                                     ;
; DEVICE_FAMILY          ; Stratix III ; Untyped                                                                                  ;
; CBXI_PARAMETER         ; cmpr_m4j    ; Untyped                                                                                  ;
; AUTO_CARRY_CHAINS      ; ON          ; AUTO_CARRY                                                                               ;
; IGNORE_CARRY_BUFFERS   ; OFF         ; IGNORE_CARRY                                                                             ;
; AUTO_CASCADE_CHAINS    ; ON          ; AUTO_CASCADE                                                                             ;
; IGNORE_CASCADE_BUFFERS ; OFF         ; IGNORE_CASCADE                                                                           ;
+------------------------+-------------+------------------------------------------------------------------------------------------+
Note: In order to hide this table in the UI and the text report file, please set the "Show Parameter Settings Tables in Synthesis Report" option in "Analysis and Synthesis Settings -> More Settings" to "Off".


+---------------------------------------------------------------------------------------------------------------------------------+
; Parameter Settings for User Entity Instance: phase_counter_unit:inst8|PHASE_ADDR_L_COMP:inst8|lpm_compare:lpm_compare_component ;
+------------------------+-------------+------------------------------------------------------------------------------------------+
; Parameter Name         ; Value       ; Type                                                                                     ;
+------------------------+-------------+------------------------------------------------------------------------------------------+
; lpm_width              ; 2           ; Untyped                                                                                  ;
; LPM_REPRESENTATION     ; SIGNED      ; Untyped                                                                                  ;
; LPM_PIPELINE           ; 0           ; Untyped                                                                                  ;
; CHAIN_SIZE             ; 8           ; Untyped                                                                                  ;
; ONE_INPUT_IS_CONSTANT  ; YES         ; Untyped                                                                                  ;
; CARRY_CHAIN            ; MANUAL      ; Untyped                                                                                  ;
; CASCADE_CHAIN          ; MANUAL      ; Untyped                                                                                  ;
; CARRY_CHAIN_LENGTH     ; 48          ; CARRY_CHAIN_LENGTH                                                                       ;
; CASCADE_CHAIN_LENGTH   ; 2           ; CASCADE_CHAIN_LENGTH                                                                     ;
; DEVICE_FAMILY          ; Stratix III ; Untyped                                                                                  ;
; CBXI_PARAMETER         ; cmpr_m4j    ; Untyped                                                                                  ;
; AUTO_CARRY_CHAINS      ; ON          ; AUTO_CARRY                                                                               ;
; IGNORE_CARRY_BUFFERS   ; OFF         ; IGNORE_CARRY                                                                             ;
; AUTO_CASCADE_CHAINS    ; ON          ; AUTO_CASCADE                                                                             ;
; IGNORE_CASCADE_BUFFERS ; OFF         ; IGNORE_CASCADE                                                                           ;
+------------------------+-------------+------------------------------------------------------------------------------------------+
Note: In order to hide this table in the UI and the text report file, please set the "Show Parameter Settings Tables in Synthesis Report" option in "Analysis and Synthesis Settings -> More Settings" to "Off".


+-------------------------------------------------------------------------------------------------------------------------------+
; Parameter Settings for User Entity Instance: phase_counter_unit:inst8|PHASE_EXEC_COMP:inst1|lpm_compare:lpm_compare_component ;
+------------------------+-------------+----------------------------------------------------------------------------------------+
; Parameter Name         ; Value       ; Type                                                                                   ;
+------------------------+-------------+----------------------------------------------------------------------------------------+
; lpm_width              ; 2           ; Untyped                                                                                ;
; LPM_REPRESENTATION     ; SIGNED      ; Untyped                                                                                ;
; LPM_PIPELINE           ; 0           ; Untyped                                                                                ;
; CHAIN_SIZE             ; 8           ; Untyped                                                                                ;
; ONE_INPUT_IS_CONSTANT  ; YES         ; Untyped                                                                                ;
; CARRY_CHAIN            ; MANUAL      ; Untyped                                                                                ;
; CASCADE_CHAIN          ; MANUAL      ; Untyped                                                                                ;
; CARRY_CHAIN_LENGTH     ; 48          ; CARRY_CHAIN_LENGTH                                                                     ;
; CASCADE_CHAIN_LENGTH   ; 2           ; CASCADE_CHAIN_LENGTH                                                                   ;
; DEVICE_FAMILY          ; Stratix III ; Untyped                                                                                ;
; CBXI_PARAMETER         ; cmpr_m4j    ; Untyped                                                                                ;
; AUTO_CARRY_CHAINS      ; ON          ; AUTO_CARRY                                                                             ;
; IGNORE_CARRY_BUFFERS   ; OFF         ; IGNORE_CARRY                                                                           ;
; AUTO_CASCADE_CHAINS    ; ON          ; AUTO_CASCADE                                                                           ;
; IGNORE_CASCADE_BUFFERS ; OFF         ; IGNORE_CASCADE                                                                         ;
+------------------------+-------------+----------------------------------------------------------------------------------------+
Note: In order to hide this table in the UI and the text report file, please set the "Show Parameter Settings Tables in Synthesis Report" option in "Analysis and Synthesis Settings -> More Settings" to "Off".


+---------------------------------------------------------------------------------------------------------+
; Parameter Settings for User Entity Instance: cmp_is_mem_to_reg:inst61|lpm_compare:lpm_compare_component ;
+------------------------+-------------+------------------------------------------------------------------+
; Parameter Name         ; Value       ; Type                                                             ;
+------------------------+-------------+------------------------------------------------------------------+
; lpm_width              ; 4           ; Untyped                                                          ;
; LPM_REPRESENTATION     ; UNSIGNED    ; Untyped                                                          ;
; LPM_PIPELINE           ; 0           ; Untyped                                                          ;
; CHAIN_SIZE             ; 8           ; Untyped                                                          ;
; ONE_INPUT_IS_CONSTANT  ; YES         ; Untyped                                                          ;
; CARRY_CHAIN            ; MANUAL      ; Untyped                                                          ;
; CASCADE_CHAIN          ; MANUAL      ; Untyped                                                          ;
; CARRY_CHAIN_LENGTH     ; 48          ; CARRY_CHAIN_LENGTH                                               ;
; CASCADE_CHAIN_LENGTH   ; 2           ; CASCADE_CHAIN_LENGTH                                             ;
; DEVICE_FAMILY          ; Stratix III ; Untyped                                                          ;
; CBXI_PARAMETER         ; cmpr_rbj    ; Untyped                                                          ;
; AUTO_CARRY_CHAINS      ; ON          ; AUTO_CARRY                                                       ;
; IGNORE_CARRY_BUFFERS   ; OFF         ; IGNORE_CARRY                                                     ;
; AUTO_CASCADE_CHAINS    ; ON          ; AUTO_CASCADE                                                     ;
; IGNORE_CASCADE_BUFFERS ; OFF         ; IGNORE_CASCADE                                                   ;
+------------------------+-------------+------------------------------------------------------------------+
Note: In order to hide this table in the UI and the text report file, please set the "Show Parameter Settings Tables in Synthesis Report" option in "Analysis and Synthesis Settings -> More Settings" to "Off".


+---------------------------------------------------------------------------------------------------------------+
; Parameter Settings for User Entity Instance: special_registers:inst2|ADDR_H_REG:inst4|lpm_ff:lpm_ff_component ;
+------------------------+-------------+------------------------------------------------------------------------+
; Parameter Name         ; Value       ; Type                                                                   ;
+------------------------+-------------+------------------------------------------------------------------------+
; LPM_WIDTH              ; 8           ; Untyped                                                                ;
; LPM_AVALUE             ; UNUSED      ; Untyped                                                                ;
; LPM_SVALUE             ; UNUSED      ; Untyped                                                                ;
; LPM_FFTYPE             ; DFF         ; Untyped                                                                ;
; DEVICE_FAMILY          ; Stratix III ; Untyped                                                                ;
; CBXI_PARAMETER         ; NOTHING     ; Untyped                                                                ;
; AUTO_CARRY_CHAINS      ; ON          ; AUTO_CARRY                                                             ;
; IGNORE_CARRY_BUFFERS   ; OFF         ; IGNORE_CARRY                                                           ;
; AUTO_CASCADE_CHAINS    ; ON          ; AUTO_CASCADE                                                           ;
; IGNORE_CASCADE_BUFFERS ; OFF         ; IGNORE_CASCADE                                                         ;
+------------------------+-------------+------------------------------------------------------------------------+
Note: In order to hide this table in the UI and the text report file, please set the "Show Parameter Settings Tables in Synthesis Report" option in "Analysis and Synthesis Settings -> More Settings" to "Off".


+---------------------------------------------------------------------------------------------------------------+
; Parameter Settings for User Entity Instance: special_registers:inst2|ADDR_L_REG:inst6|lpm_ff:lpm_ff_component ;
+------------------------+-------------+------------------------------------------------------------------------+
; Parameter Name         ; Value       ; Type                                                                   ;
+------------------------+-------------+------------------------------------------------------------------------+
; LPM_WIDTH              ; 8           ; Untyped                                                                ;
; LPM_AVALUE             ; UNUSED      ; Untyped                                                                ;
; LPM_SVALUE             ; UNUSED      ; Untyped                                                                ;
; LPM_FFTYPE             ; DFF         ; Untyped                                                                ;
; DEVICE_FAMILY          ; Stratix III ; Untyped                                                                ;
; CBXI_PARAMETER         ; NOTHING     ; Untyped                                                                ;
; AUTO_CARRY_CHAINS      ; ON          ; AUTO_CARRY                                                             ;
; IGNORE_CARRY_BUFFERS   ; OFF         ; IGNORE_CARRY                                                           ;
; AUTO_CASCADE_CHAINS    ; ON          ; AUTO_CASCADE                                                           ;
; IGNORE_CASCADE_BUFFERS ; OFF         ; IGNORE_CASCADE                                                         ;
+------------------------+-------------+------------------------------------------------------------------------+
Note: In order to hide this table in the UI and the text report file, please set the "Show Parameter Settings Tables in Synthesis Report" option in "Analysis and Synthesis Settings -> More Settings" to "Off".


+----------------------------------------------------------------------------------------------------------------------------------+
; Parameter Settings for User Entity Instance: special_registers:inst2|Instruction_Pointer:inst9|lpm_counter:lpm_counter_component ;
+------------------------+-------------+-------------------------------------------------------------------------------------------+
; Parameter Name         ; Value       ; Type                                                                                      ;
+------------------------+-------------+-------------------------------------------------------------------------------------------+
; AUTO_CARRY_CHAINS      ; ON          ; AUTO_CARRY                                                                                ;
; IGNORE_CARRY_BUFFERS   ; OFF         ; IGNORE_CARRY                                                                              ;
; AUTO_CASCADE_CHAINS    ; ON          ; AUTO_CASCADE                                                                              ;
; IGNORE_CASCADE_BUFFERS ; OFF         ; IGNORE_CASCADE                                                                            ;
; LPM_WIDTH              ; 16          ; Untyped                                                                                   ;
; LPM_DIRECTION          ; UP          ; Untyped                                                                                   ;
; LPM_MODULUS            ; 0           ; Untyped                                                                                   ;
; LPM_AVALUE             ; UNUSED      ; Untyped                                                                                   ;
; LPM_SVALUE             ; UNUSED      ; Untyped                                                                                   ;
; LPM_PORT_UPDOWN        ; PORT_UNUSED ; Untyped                                                                                   ;
; DEVICE_FAMILY          ; Stratix III ; Untyped                                                                                   ;
; CARRY_CHAIN            ; MANUAL      ; Untyped                                                                                   ;
; CARRY_CHAIN_LENGTH     ; 48          ; CARRY_CHAIN_LENGTH                                                                        ;
; NOT_GATE_PUSH_BACK     ; ON          ; NOT_GATE_PUSH_BACK                                                                        ;
; CARRY_CNT_EN           ; SMART       ; Untyped                                                                                   ;
; LABWIDE_SCLR           ; ON          ; Untyped                                                                                   ;
; USE_NEW_VERSION        ; TRUE        ; Untyped                                                                                   ;
; CBXI_PARAMETER         ; cntr_3tj    ; Untyped                                                                                   ;
+------------------------+-------------+-------------------------------------------------------------------------------------------+
Note: In order to hide this table in the UI and the text report file, please set the "Show Parameter Settings Tables in Synthesis Report" option in "Analysis and Synthesis Settings -> More Settings" to "Off".


+-------------------------------------------------------------------------------------------------------------------------+
; Parameter Settings for User Entity Instance: special_registers:inst2|Instruction_Register:inst3|lpm_ff:lpm_ff_component ;
+------------------------+-------------+----------------------------------------------------------------------------------+
; Parameter Name         ; Value       ; Type                                                                             ;
+------------------------+-------------+----------------------------------------------------------------------------------+
; LPM_WIDTH              ; 8           ; Untyped                                                                          ;
; LPM_AVALUE             ; UNUSED      ; Untyped                                                                          ;
; LPM_SVALUE             ; UNUSED      ; Untyped                                                                          ;
; LPM_FFTYPE             ; DFF         ; Untyped                                                                          ;
; DEVICE_FAMILY          ; Stratix III ; Untyped                                                                          ;
; CBXI_PARAMETER         ; NOTHING     ; Untyped                                                                          ;
; AUTO_CARRY_CHAINS      ; ON          ; AUTO_CARRY                                                                       ;
; IGNORE_CARRY_BUFFERS   ; OFF         ; IGNORE_CARRY                                                                     ;
; AUTO_CASCADE_CHAINS    ; ON          ; AUTO_CASCADE                                                                     ;
; IGNORE_CASCADE_BUFFERS ; OFF         ; IGNORE_CASCADE                                                                   ;
+------------------------+-------------+----------------------------------------------------------------------------------+
Note: In order to hide this table in the UI and the text report file, please set the "Show Parameter Settings Tables in Synthesis Report" option in "Analysis and Synthesis Settings -> More Settings" to "Off".


+----------------------------------------------------------------------------------------+
; Parameter Settings for User Entity Instance: branch_predictor:inst7|u_pht_table:inst17 ;
+-----------------+-------+--------------------------------------------------------------+
; Parameter Name  ; Value ; Type                                                         ;
+-----------------+-------+--------------------------------------------------------------+
; WIDTH_BYTEENA_A ; 1     ; Untyped                                                      ;
; WIDTH_BYTEENA_B ; 1     ; Untyped                                                      ;
+-----------------+-------+--------------------------------------------------------------+
Note: In order to hide this table in the UI and the text report file, please set the "Show Parameter Settings Tables in Synthesis Report" option in "Analysis and Synthesis Settings -> More Settings" to "Off".


+------------------------------------------------------------------------------------------------------------------------+
; Parameter Settings for User Entity Instance: branch_predictor:inst7|u_pht_table:inst17|altsyncram:altsyncram_component ;
+------------------------------------+----------------------+------------------------------------------------------------+
; Parameter Name                     ; Value                ; Type                                                       ;
+------------------------------------+----------------------+------------------------------------------------------------+
; BYTE_SIZE_BLOCK                    ; 8                    ; Untyped                                                    ;
; AUTO_CARRY_CHAINS                  ; ON                   ; AUTO_CARRY                                                 ;
; IGNORE_CARRY_BUFFERS               ; OFF                  ; IGNORE_CARRY                                               ;
; AUTO_CASCADE_CHAINS                ; ON                   ; AUTO_CASCADE                                               ;
; IGNORE_CASCADE_BUFFERS             ; OFF                  ; IGNORE_CASCADE                                             ;
; WIDTH_BYTEENA                      ; 1                    ; Untyped                                                    ;
; OPERATION_MODE                     ; SINGLE_PORT          ; Untyped                                                    ;
; WIDTH_A                            ; 2                    ; Untyped                                                    ;
; WIDTHAD_A                          ; 4                    ; Untyped                                                    ;
; NUMWORDS_A                         ; 16                   ; Untyped                                                    ;
; OUTDATA_REG_A                      ; UNREGISTERED         ; Untyped                                                    ;
; ADDRESS_ACLR_A                     ; NONE                 ; Untyped                                                    ;
; OUTDATA_ACLR_A                     ; NONE                 ; Untyped                                                    ;
; WRCONTROL_ACLR_A                   ; NONE                 ; Untyped                                                    ;
; INDATA_ACLR_A                      ; NONE                 ; Untyped                                                    ;
; BYTEENA_ACLR_A                     ; NONE                 ; Untyped                                                    ;
; WIDTH_B                            ; 1                    ; Untyped                                                    ;
; WIDTHAD_B                          ; 1                    ; Untyped                                                    ;
; NUMWORDS_B                         ; 1                    ; Untyped                                                    ;
; INDATA_REG_B                       ; CLOCK1               ; Untyped                                                    ;
; WRCONTROL_WRADDRESS_REG_B          ; CLOCK1               ; Untyped                                                    ;
; RDCONTROL_REG_B                    ; CLOCK1               ; Untyped                                                    ;
; ADDRESS_REG_B                      ; CLOCK1               ; Untyped                                                    ;
; OUTDATA_REG_B                      ; UNREGISTERED         ; Untyped                                                    ;
; BYTEENA_REG_B                      ; CLOCK1               ; Untyped                                                    ;
; INDATA_ACLR_B                      ; NONE                 ; Untyped                                                    ;
; WRCONTROL_ACLR_B                   ; NONE                 ; Untyped                                                    ;
; ADDRESS_ACLR_B                     ; NONE                 ; Untyped                                                    ;
; OUTDATA_ACLR_B                     ; NONE                 ; Untyped                                                    ;
; RDCONTROL_ACLR_B                   ; NONE                 ; Untyped                                                    ;
; BYTEENA_ACLR_B                     ; NONE                 ; Untyped                                                    ;
; WIDTH_BYTEENA_A                    ; 1                    ; Untyped                                                    ;
; WIDTH_BYTEENA_B                    ; 1                    ; Untyped                                                    ;
; RAM_BLOCK_TYPE                     ; AUTO                 ; Untyped                                                    ;
; BYTE_SIZE                          ; 8                    ; Untyped                                                    ;
; READ_DURING_WRITE_MODE_MIXED_PORTS ; DONT_CARE            ; Untyped                                                    ;
; READ_DURING_WRITE_MODE_PORT_A      ; NEW_DATA_NO_NBE_READ ; Untyped                                                    ;
; READ_DURING_WRITE_MODE_PORT_B      ; NEW_DATA_NO_NBE_READ ; Untyped                                                    ;
; INIT_FILE                          ; UNUSED               ; Untyped                                                    ;
; INIT_FILE_LAYOUT                   ; PORT_A               ; Untyped                                                    ;
; MAXIMUM_DEPTH                      ; 0                    ; Untyped                                                    ;
; CLOCK_ENABLE_INPUT_A               ; BYPASS               ; Untyped                                                    ;
; CLOCK_ENABLE_INPUT_B               ; NORMAL               ; Untyped                                                    ;
; CLOCK_ENABLE_OUTPUT_A              ; BYPASS               ; Untyped                                                    ;
; CLOCK_ENABLE_OUTPUT_B              ; NORMAL               ; Untyped                                                    ;
; CLOCK_ENABLE_CORE_A                ; USE_INPUT_CLKEN      ; Untyped                                                    ;
; CLOCK_ENABLE_CORE_B                ; USE_INPUT_CLKEN      ; Untyped                                                    ;
; ENABLE_ECC                         ; FALSE                ; Untyped                                                    ;
; DEVICE_FAMILY                      ; Stratix III          ; Untyped                                                    ;
; CBXI_PARAMETER                     ; altsyncram_ugm1      ; Untyped                                                    ;
+------------------------------------+----------------------+------------------------------------------------------------+
Note: In order to hide this table in the UI and the text report file, please set the "Show Parameter Settings Tables in Synthesis Report" option in "Analysis and Synthesis Settings -> More Settings" to "Off".


+---------------------------------------------------------------------------------------------------------------+
; Parameter Settings for User Entity Instance: branch_predictor:inst7|ghr_register:inst|lpm_ff:lpm_ff_component ;
+------------------------+-------------+------------------------------------------------------------------------+
; Parameter Name         ; Value       ; Type                                                                   ;
+------------------------+-------------+------------------------------------------------------------------------+
; LPM_WIDTH              ; 4           ; Untyped                                                                ;
; LPM_AVALUE             ; UNUSED      ; Untyped                                                                ;
; LPM_SVALUE             ; UNUSED      ; Untyped                                                                ;
; LPM_FFTYPE             ; DFF         ; Untyped                                                                ;
; DEVICE_FAMILY          ; Stratix III ; Untyped                                                                ;
; CBXI_PARAMETER         ; NOTHING     ; Untyped                                                                ;
; AUTO_CARRY_CHAINS      ; ON          ; AUTO_CARRY                                                             ;
; IGNORE_CARRY_BUFFERS   ; OFF         ; IGNORE_CARRY                                                           ;
; AUTO_CASCADE_CHAINS    ; ON          ; AUTO_CASCADE                                                           ;
; IGNORE_CASCADE_BUFFERS ; OFF         ; IGNORE_CASCADE                                                         ;
+------------------------+-------------+------------------------------------------------------------------------+
Note: In order to hide this table in the UI and the text report file, please set the "Show Parameter Settings Tables in Synthesis Report" option in "Analysis and Synthesis Settings -> More Settings" to "Off".


+---------------------------------------------------------------------------------------------------------+
; Parameter Settings for User Entity Instance: cmp_is_reg_to_mem:inst62|lpm_compare:lpm_compare_component ;
+------------------------+-------------+------------------------------------------------------------------+
; Parameter Name         ; Value       ; Type                                                             ;
+------------------------+-------------+------------------------------------------------------------------+
; lpm_width              ; 4           ; Untyped                                                          ;
; LPM_REPRESENTATION     ; UNSIGNED    ; Untyped                                                          ;
; LPM_PIPELINE           ; 0           ; Untyped                                                          ;
; CHAIN_SIZE             ; 8           ; Untyped                                                          ;
; ONE_INPUT_IS_CONSTANT  ; YES         ; Untyped                                                          ;
; CARRY_CHAIN            ; MANUAL      ; Untyped                                                          ;
; CASCADE_CHAIN          ; MANUAL      ; Untyped                                                          ;
; CARRY_CHAIN_LENGTH     ; 48          ; CARRY_CHAIN_LENGTH                                               ;
; CASCADE_CHAIN_LENGTH   ; 2           ; CASCADE_CHAIN_LENGTH                                             ;
; DEVICE_FAMILY          ; Stratix III ; Untyped                                                          ;
; CBXI_PARAMETER         ; cmpr_rbj    ; Untyped                                                          ;
; AUTO_CARRY_CHAINS      ; ON          ; AUTO_CARRY                                                       ;
; IGNORE_CARRY_BUFFERS   ; OFF         ; IGNORE_CARRY                                                     ;
; AUTO_CASCADE_CHAINS    ; ON          ; AUTO_CASCADE                                                     ;
; IGNORE_CASCADE_BUFFERS ; OFF         ; IGNORE_CASCADE                                                   ;
+------------------------+-------------+------------------------------------------------------------------+
Note: In order to hide this table in the UI and the text report file, please set the "Show Parameter Settings Tables in Synthesis Report" option in "Analysis and Synthesis Settings -> More Settings" to "Off".


+--------------------------------------------------------------------------------------------------+
; Parameter Settings for User Entity Instance: cmp_is_jmp:inst60|lpm_compare:lpm_compare_component ;
+------------------------+-------------+-----------------------------------------------------------+
; Parameter Name         ; Value       ; Type                                                      ;
+------------------------+-------------+-----------------------------------------------------------+
; lpm_width              ; 4           ; Untyped                                                   ;
; LPM_REPRESENTATION     ; UNSIGNED    ; Untyped                                                   ;
; LPM_PIPELINE           ; 0           ; Untyped                                                   ;
; CHAIN_SIZE             ; 8           ; Untyped                                                   ;
; ONE_INPUT_IS_CONSTANT  ; YES         ; Untyped                                                   ;
; CARRY_CHAIN            ; MANUAL      ; Untyped                                                   ;
; CASCADE_CHAIN          ; MANUAL      ; Untyped                                                   ;
; CARRY_CHAIN_LENGTH     ; 48          ; CARRY_CHAIN_LENGTH                                        ;
; CASCADE_CHAIN_LENGTH   ; 2           ; CASCADE_CHAIN_LENGTH                                      ;
; DEVICE_FAMILY          ; Stratix III ; Untyped                                                   ;
; CBXI_PARAMETER         ; cmpr_rbj    ; Untyped                                                   ;
; AUTO_CARRY_CHAINS      ; ON          ; AUTO_CARRY                                                ;
; IGNORE_CARRY_BUFFERS   ; OFF         ; IGNORE_CARRY                                              ;
; AUTO_CASCADE_CHAINS    ; ON          ; AUTO_CASCADE                                              ;
; IGNORE_CASCADE_BUFFERS ; OFF         ; IGNORE_CASCADE                                            ;
+------------------------+-------------+-----------------------------------------------------------+
Note: In order to hide this table in the UI and the text report file, please set the "Show Parameter Settings Tables in Synthesis Report" option in "Analysis and Synthesis Settings -> More Settings" to "Off".


+--------------------------------------------------------------------------------------------+
; Parameter Settings for User Entity Instance: mux_cpu_addr:inst23|lpm_mux:lpm_mux_component ;
+------------------------+-------------+-----------------------------------------------------+
; Parameter Name         ; Value       ; Type                                                ;
+------------------------+-------------+-----------------------------------------------------+
; AUTO_CARRY_CHAINS      ; ON          ; AUTO_CARRY                                          ;
; IGNORE_CARRY_BUFFERS   ; OFF         ; IGNORE_CARRY                                        ;
; AUTO_CASCADE_CHAINS    ; ON          ; AUTO_CASCADE                                        ;
; IGNORE_CASCADE_BUFFERS ; OFF         ; IGNORE_CASCADE                                      ;
; LPM_WIDTH              ; 16          ; Untyped                                             ;
; LPM_SIZE               ; 2           ; Untyped                                             ;
; LPM_WIDTHS             ; 1           ; Untyped                                             ;
; LPM_PIPELINE           ; 0           ; Untyped                                             ;
; CBXI_PARAMETER         ; mux_msc     ; Untyped                                             ;
; DEVICE_FAMILY          ; Stratix III ; Untyped                                             ;
+------------------------+-------------+-----------------------------------------------------+
Note: In order to hide this table in the UI and the text report file, please set the "Show Parameter Settings Tables in Synthesis Report" option in "Analysis and Synthesis Settings -> More Settings" to "Off".


+---------------------------------------------------------------------------------------------------+
; Parameter Settings for User Entity Instance: memory:inst|lpm_mux0:inst3|lpm_mux:lpm_mux_component ;
+------------------------+-------------+------------------------------------------------------------+
; Parameter Name         ; Value       ; Type                                                       ;
+------------------------+-------------+------------------------------------------------------------+
; AUTO_CARRY_CHAINS      ; ON          ; AUTO_CARRY                                                 ;
; IGNORE_CARRY_BUFFERS   ; OFF         ; IGNORE_CARRY                                               ;
; AUTO_CASCADE_CHAINS    ; ON          ; AUTO_CASCADE                                               ;
; IGNORE_CASCADE_BUFFERS ; OFF         ; IGNORE_CASCADE                                             ;
; LPM_WIDTH              ; 8           ; Untyped                                                    ;
; LPM_SIZE               ; 2           ; Untyped                                                    ;
; LPM_WIDTHS             ; 1           ; Untyped                                                    ;
; LPM_PIPELINE           ; 0           ; Untyped                                                    ;
; CBXI_PARAMETER         ; mux_7rc     ; Untyped                                                    ;
; DEVICE_FAMILY          ; Stratix III ; Untyped                                                    ;
+------------------------+-------------+------------------------------------------------------------+
Note: In order to hide this table in the UI and the text report file, please set the "Show Parameter Settings Tables in Synthesis Report" option in "Analysis and Synthesis Settings -> More Settings" to "Off".


+---------------------------------------------------------------------------+
; Parameter Settings for User Entity Instance: memory:inst|RAM_block:inst11 ;
+-----------------+-------+-------------------------------------------------+
; Parameter Name  ; Value ; Type                                            ;
+-----------------+-------+-------------------------------------------------+
; WIDTH_BYTEENA_A ; 1     ; Untyped                                         ;
; WIDTH_BYTEENA_B ; 1     ; Untyped                                         ;
+-----------------+-------+-------------------------------------------------+
Note: In order to hide this table in the UI and the text report file, please set the "Show Parameter Settings Tables in Synthesis Report" option in "Analysis and Synthesis Settings -> More Settings" to "Off".


+-----------------------------------------------------------------------------------------------------------+
; Parameter Settings for User Entity Instance: memory:inst|RAM_block:inst11|altsyncram:altsyncram_component ;
+------------------------------------+----------------------+-----------------------------------------------+
; Parameter Name                     ; Value                ; Type                                          ;
+------------------------------------+----------------------+-----------------------------------------------+
; BYTE_SIZE_BLOCK                    ; 8                    ; Untyped                                       ;
; AUTO_CARRY_CHAINS                  ; ON                   ; AUTO_CARRY                                    ;
; IGNORE_CARRY_BUFFERS               ; OFF                  ; IGNORE_CARRY                                  ;
; AUTO_CASCADE_CHAINS                ; ON                   ; AUTO_CASCADE                                  ;
; IGNORE_CASCADE_BUFFERS             ; OFF                  ; IGNORE_CASCADE                                ;
; WIDTH_BYTEENA                      ; 1                    ; Untyped                                       ;
; OPERATION_MODE                     ; SINGLE_PORT          ; Untyped                                       ;
; WIDTH_A                            ; 8                    ; Untyped                                       ;
; WIDTHAD_A                          ; 16                   ; Untyped                                       ;
; NUMWORDS_A                         ; 65536                ; Untyped                                       ;
; OUTDATA_REG_A                      ; UNREGISTERED         ; Untyped                                       ;
; ADDRESS_ACLR_A                     ; NONE                 ; Untyped                                       ;
; OUTDATA_ACLR_A                     ; NONE                 ; Untyped                                       ;
; WRCONTROL_ACLR_A                   ; NONE                 ; Untyped                                       ;
; INDATA_ACLR_A                      ; NONE                 ; Untyped                                       ;
; BYTEENA_ACLR_A                     ; NONE                 ; Untyped                                       ;
; WIDTH_B                            ; 1                    ; Untyped                                       ;
; WIDTHAD_B                          ; 1                    ; Untyped                                       ;
; NUMWORDS_B                         ; 1                    ; Untyped                                       ;
; INDATA_REG_B                       ; CLOCK1               ; Untyped                                       ;
; WRCONTROL_WRADDRESS_REG_B          ; CLOCK1               ; Untyped                                       ;
; RDCONTROL_REG_B                    ; CLOCK1               ; Untyped                                       ;
; ADDRESS_REG_B                      ; CLOCK1               ; Untyped                                       ;
; OUTDATA_REG_B                      ; UNREGISTERED         ; Untyped                                       ;
; BYTEENA_REG_B                      ; CLOCK1               ; Untyped                                       ;
; INDATA_ACLR_B                      ; NONE                 ; Untyped                                       ;
; WRCONTROL_ACLR_B                   ; NONE                 ; Untyped                                       ;
; ADDRESS_ACLR_B                     ; NONE                 ; Untyped                                       ;
; OUTDATA_ACLR_B                     ; NONE                 ; Untyped                                       ;
; RDCONTROL_ACLR_B                   ; NONE                 ; Untyped                                       ;
; BYTEENA_ACLR_B                     ; NONE                 ; Untyped                                       ;
; WIDTH_BYTEENA_A                    ; 1                    ; Untyped                                       ;
; WIDTH_BYTEENA_B                    ; 1                    ; Untyped                                       ;
; RAM_BLOCK_TYPE                     ; AUTO                 ; Untyped                                       ;
; BYTE_SIZE                          ; 8                    ; Untyped                                       ;
; READ_DURING_WRITE_MODE_MIXED_PORTS ; DONT_CARE            ; Untyped                                       ;
; READ_DURING_WRITE_MODE_PORT_A      ; NEW_DATA_NO_NBE_READ ; Untyped                                       ;
; READ_DURING_WRITE_MODE_PORT_B      ; NEW_DATA_NO_NBE_READ ; Untyped                                       ;
; INIT_FILE                          ; UNUSED               ; Untyped                                       ;
; INIT_FILE_LAYOUT                   ; PORT_A               ; Untyped                                       ;
; MAXIMUM_DEPTH                      ; 0                    ; Untyped                                       ;
; CLOCK_ENABLE_INPUT_A               ; BYPASS               ; Untyped                                       ;
; CLOCK_ENABLE_INPUT_B               ; NORMAL               ; Untyped                                       ;
; CLOCK_ENABLE_OUTPUT_A              ; BYPASS               ; Untyped                                       ;
; CLOCK_ENABLE_OUTPUT_B              ; NORMAL               ; Untyped                                       ;
; CLOCK_ENABLE_CORE_A                ; USE_INPUT_CLKEN      ; Untyped                                       ;
; CLOCK_ENABLE_CORE_B                ; USE_INPUT_CLKEN      ; Untyped                                       ;
; ENABLE_ECC                         ; FALSE                ; Untyped                                       ;
; DEVICE_FAMILY                      ; Stratix III          ; Untyped                                       ;
; CBXI_PARAMETER                     ; altsyncram_kih1      ; Untyped                                       ;
+------------------------------------+----------------------+-----------------------------------------------+
Note: In order to hide this table in the UI and the text report file, please set the "Show Parameter Settings Tables in Synthesis Report" option in "Analysis and Synthesis Settings -> More Settings" to "Off".


+-------------------------------------------------------------------------+
; Parameter Settings for User Entity Instance: memory:inst|ROM_block:inst ;
+-----------------+-------+-----------------------------------------------+
; Parameter Name  ; Value ; Type                                          ;
+-----------------+-------+-----------------------------------------------+
; WIDTH_BYTEENA_A ; 1     ; Untyped                                       ;
; WIDTH_BYTEENA_B ; 1     ; Untyped                                       ;
+-----------------+-------+-----------------------------------------------+
Note: In order to hide this table in the UI and the text report file, please set the "Show Parameter Settings Tables in Synthesis Report" option in "Analysis and Synthesis Settings -> More Settings" to "Off".


+---------------------------------------------------------------------------------------------------------+
; Parameter Settings for User Entity Instance: memory:inst|ROM_block:inst|altsyncram:altsyncram_component ;
+------------------------------------+----------------------+---------------------------------------------+
; Parameter Name                     ; Value                ; Type                                        ;
+------------------------------------+----------------------+---------------------------------------------+
; BYTE_SIZE_BLOCK                    ; 8                    ; Untyped                                     ;
; AUTO_CARRY_CHAINS                  ; ON                   ; AUTO_CARRY                                  ;
; IGNORE_CARRY_BUFFERS               ; OFF                  ; IGNORE_CARRY                                ;
; AUTO_CASCADE_CHAINS                ; ON                   ; AUTO_CASCADE                                ;
; IGNORE_CASCADE_BUFFERS             ; OFF                  ; IGNORE_CASCADE                              ;
; WIDTH_BYTEENA                      ; 1                    ; Untyped                                     ;
; OPERATION_MODE                     ; ROM                  ; Untyped                                     ;
; WIDTH_A                            ; 8                    ; Untyped                                     ;
; WIDTHAD_A                          ; 16                   ; Untyped                                     ;
; NUMWORDS_A                         ; 65536                ; Untyped                                     ;
; OUTDATA_REG_A                      ; UNREGISTERED         ; Untyped                                     ;
; ADDRESS_ACLR_A                     ; NONE                 ; Untyped                                     ;
; OUTDATA_ACLR_A                     ; NONE                 ; Untyped                                     ;
; WRCONTROL_ACLR_A                   ; NONE                 ; Untyped                                     ;
; INDATA_ACLR_A                      ; NONE                 ; Untyped                                     ;
; BYTEENA_ACLR_A                     ; NONE                 ; Untyped                                     ;
; WIDTH_B                            ; 1                    ; Untyped                                     ;
; WIDTHAD_B                          ; 1                    ; Untyped                                     ;
; NUMWORDS_B                         ; 1                    ; Untyped                                     ;
; INDATA_REG_B                       ; CLOCK1               ; Untyped                                     ;
; WRCONTROL_WRADDRESS_REG_B          ; CLOCK1               ; Untyped                                     ;
; RDCONTROL_REG_B                    ; CLOCK1               ; Untyped                                     ;
; ADDRESS_REG_B                      ; CLOCK1               ; Untyped                                     ;
; OUTDATA_REG_B                      ; UNREGISTERED         ; Untyped                                     ;
; BYTEENA_REG_B                      ; CLOCK1               ; Untyped                                     ;
; INDATA_ACLR_B                      ; NONE                 ; Untyped                                     ;
; WRCONTROL_ACLR_B                   ; NONE                 ; Untyped                                     ;
; ADDRESS_ACLR_B                     ; NONE                 ; Untyped                                     ;
; OUTDATA_ACLR_B                     ; NONE                 ; Untyped                                     ;
; RDCONTROL_ACLR_B                   ; NONE                 ; Untyped                                     ;
; BYTEENA_ACLR_B                     ; NONE                 ; Untyped                                     ;
; WIDTH_BYTEENA_A                    ; 1                    ; Untyped                                     ;
; WIDTH_BYTEENA_B                    ; 1                    ; Untyped                                     ;
; RAM_BLOCK_TYPE                     ; AUTO                 ; Untyped                                     ;
; BYTE_SIZE                          ; 8                    ; Untyped                                     ;
; READ_DURING_WRITE_MODE_MIXED_PORTS ; DONT_CARE            ; Untyped                                     ;
; READ_DURING_WRITE_MODE_PORT_A      ; NEW_DATA_NO_NBE_READ ; Untyped                                     ;
; READ_DURING_WRITE_MODE_PORT_B      ; NEW_DATA_NO_NBE_READ ; Untyped                                     ;
; INIT_FILE                          ; ./memory/ROM.mif     ; Untyped                                     ;
; INIT_FILE_LAYOUT                   ; PORT_A               ; Untyped                                     ;
; MAXIMUM_DEPTH                      ; 0                    ; Untyped                                     ;
; CLOCK_ENABLE_INPUT_A               ; BYPASS               ; Untyped                                     ;
; CLOCK_ENABLE_INPUT_B               ; NORMAL               ; Untyped                                     ;
; CLOCK_ENABLE_OUTPUT_A              ; BYPASS               ; Untyped                                     ;
; CLOCK_ENABLE_OUTPUT_B              ; NORMAL               ; Untyped                                     ;
; CLOCK_ENABLE_CORE_A                ; USE_INPUT_CLKEN      ; Untyped                                     ;
; CLOCK_ENABLE_CORE_B                ; USE_INPUT_CLKEN      ; Untyped                                     ;
; ENABLE_ECC                         ; FALSE                ; Untyped                                     ;
; DEVICE_FAMILY                      ; Stratix III          ; Untyped                                     ;
; CBXI_PARAMETER                     ; altsyncram_21f1      ; Untyped                                     ;
+------------------------------------+----------------------+---------------------------------------------+
Note: In order to hide this table in the UI and the text report file, please set the "Show Parameter Settings Tables in Synthesis Report" option in "Analysis and Synthesis Settings -> More Settings" to "Off".


+---------------------------------------------------------------------------------------------------------+
; Parameter Settings for User Entity Instance: bus_arbiter:inst6|req_cpu_reg:inst|lpm_ff:lpm_ff_component ;
+------------------------+-------------+------------------------------------------------------------------+
; Parameter Name         ; Value       ; Type                                                             ;
+------------------------+-------------+------------------------------------------------------------------+
; LPM_WIDTH              ; 1           ; Untyped                                                          ;
; LPM_AVALUE             ; UNUSED      ; Untyped                                                          ;
; LPM_SVALUE             ; UNUSED      ; Untyped                                                          ;
; LPM_FFTYPE             ; DFF         ; Untyped                                                          ;
; DEVICE_FAMILY          ; Stratix III ; Untyped                                                          ;
; CBXI_PARAMETER         ; NOTHING     ; Untyped                                                          ;
; AUTO_CARRY_CHAINS      ; ON          ; AUTO_CARRY                                                       ;
; IGNORE_CARRY_BUFFERS   ; OFF         ; IGNORE_CARRY                                                     ;
; AUTO_CASCADE_CHAINS    ; ON          ; AUTO_CASCADE                                                     ;
; IGNORE_CASCADE_BUFFERS ; OFF         ; IGNORE_CASCADE                                                   ;
+------------------------+-------------+------------------------------------------------------------------+
Note: In order to hide this table in the UI and the text report file, please set the "Show Parameter Settings Tables in Synthesis Report" option in "Analysis and Synthesis Settings -> More Settings" to "Off".


+-----------------------------------------------------------------------------------------------------------+
; Parameter Settings for User Entity Instance: bus_arbiter:inst6|req_dmac_reg:inst6|lpm_ff:lpm_ff_component ;
+------------------------+-------------+--------------------------------------------------------------------+
; Parameter Name         ; Value       ; Type                                                               ;
+------------------------+-------------+--------------------------------------------------------------------+
; LPM_WIDTH              ; 1           ; Untyped                                                            ;
; LPM_AVALUE             ; UNUSED      ; Untyped                                                            ;
; LPM_SVALUE             ; UNUSED      ; Untyped                                                            ;
; LPM_FFTYPE             ; DFF         ; Untyped                                                            ;
; DEVICE_FAMILY          ; Stratix III ; Untyped                                                            ;
; CBXI_PARAMETER         ; NOTHING     ; Untyped                                                            ;
; AUTO_CARRY_CHAINS      ; ON          ; AUTO_CARRY                                                         ;
; IGNORE_CARRY_BUFFERS   ; OFF         ; IGNORE_CARRY                                                       ;
; AUTO_CASCADE_CHAINS    ; ON          ; AUTO_CASCADE                                                       ;
; IGNORE_CASCADE_BUFFERS ; OFF         ; IGNORE_CASCADE                                                     ;
+------------------------+-------------+--------------------------------------------------------------------+
Note: In order to hide this table in the UI and the text report file, please set the "Show Parameter Settings Tables in Synthesis Report" option in "Analysis and Synthesis Settings -> More Settings" to "Off".


+------------------------------------------------------------------------------------+
; Parameter Settings for User Entity Instance: dmac_controller:inst46|fsm_rom:inst22 ;
+-----------------+-------+----------------------------------------------------------+
; Parameter Name  ; Value ; Type                                                     ;
+-----------------+-------+----------------------------------------------------------+
; WIDTH_BYTEENA_A ; 1     ; Untyped                                                  ;
; WIDTH_BYTEENA_B ; 1     ; Untyped                                                  ;
+-----------------+-------+----------------------------------------------------------+
Note: In order to hide this table in the UI and the text report file, please set the "Show Parameter Settings Tables in Synthesis Report" option in "Analysis and Synthesis Settings -> More Settings" to "Off".


+--------------------------------------------------------------------------------------------------------------------+
; Parameter Settings for User Entity Instance: dmac_controller:inst46|fsm_rom:inst22|altsyncram:altsyncram_component ;
+------------------------------------+----------------------+--------------------------------------------------------+
; Parameter Name                     ; Value                ; Type                                                   ;
+------------------------------------+----------------------+--------------------------------------------------------+
; BYTE_SIZE_BLOCK                    ; 8                    ; Untyped                                                ;
; AUTO_CARRY_CHAINS                  ; ON                   ; AUTO_CARRY                                             ;
; IGNORE_CARRY_BUFFERS               ; OFF                  ; IGNORE_CARRY                                           ;
; AUTO_CASCADE_CHAINS                ; ON                   ; AUTO_CASCADE                                           ;
; IGNORE_CASCADE_BUFFERS             ; OFF                  ; IGNORE_CASCADE                                         ;
; WIDTH_BYTEENA                      ; 1                    ; Untyped                                                ;
; OPERATION_MODE                     ; ROM                  ; Untyped                                                ;
; WIDTH_A                            ; 5                    ; Untyped                                                ;
; WIDTHAD_A                          ; 4                    ; Untyped                                                ;
; NUMWORDS_A                         ; 16                   ; Untyped                                                ;
; OUTDATA_REG_A                      ; UNREGISTERED         ; Untyped                                                ;
; ADDRESS_ACLR_A                     ; NONE                 ; Untyped                                                ;
; OUTDATA_ACLR_A                     ; NONE                 ; Untyped                                                ;
; WRCONTROL_ACLR_A                   ; NONE                 ; Untyped                                                ;
; INDATA_ACLR_A                      ; NONE                 ; Untyped                                                ;
; BYTEENA_ACLR_A                     ; NONE                 ; Untyped                                                ;
; WIDTH_B                            ; 1                    ; Untyped                                                ;
; WIDTHAD_B                          ; 1                    ; Untyped                                                ;
; NUMWORDS_B                         ; 1                    ; Untyped                                                ;
; INDATA_REG_B                       ; CLOCK1               ; Untyped                                                ;
; WRCONTROL_WRADDRESS_REG_B          ; CLOCK1               ; Untyped                                                ;
; RDCONTROL_REG_B                    ; CLOCK1               ; Untyped                                                ;
; ADDRESS_REG_B                      ; CLOCK1               ; Untyped                                                ;
; OUTDATA_REG_B                      ; UNREGISTERED         ; Untyped                                                ;
; BYTEENA_REG_B                      ; CLOCK1               ; Untyped                                                ;
; INDATA_ACLR_B                      ; NONE                 ; Untyped                                                ;
; WRCONTROL_ACLR_B                   ; NONE                 ; Untyped                                                ;
; ADDRESS_ACLR_B                     ; NONE                 ; Untyped                                                ;
; OUTDATA_ACLR_B                     ; NONE                 ; Untyped                                                ;
; RDCONTROL_ACLR_B                   ; NONE                 ; Untyped                                                ;
; BYTEENA_ACLR_B                     ; NONE                 ; Untyped                                                ;
; WIDTH_BYTEENA_A                    ; 1                    ; Untyped                                                ;
; WIDTH_BYTEENA_B                    ; 1                    ; Untyped                                                ;
; RAM_BLOCK_TYPE                     ; AUTO                 ; Untyped                                                ;
; BYTE_SIZE                          ; 8                    ; Untyped                                                ;
; READ_DURING_WRITE_MODE_MIXED_PORTS ; DONT_CARE            ; Untyped                                                ;
; READ_DURING_WRITE_MODE_PORT_A      ; NEW_DATA_NO_NBE_READ ; Untyped                                                ;
; READ_DURING_WRITE_MODE_PORT_B      ; NEW_DATA_NO_NBE_READ ; Untyped                                                ;
; INIT_FILE                          ; ./kpdp/fsm_table.mif ; Untyped                                                ;
; INIT_FILE_LAYOUT                   ; PORT_A               ; Untyped                                                ;
; MAXIMUM_DEPTH                      ; 0                    ; Untyped                                                ;
; CLOCK_ENABLE_INPUT_A               ; BYPASS               ; Untyped                                                ;
; CLOCK_ENABLE_INPUT_B               ; NORMAL               ; Untyped                                                ;
; CLOCK_ENABLE_OUTPUT_A              ; BYPASS               ; Untyped                                                ;
; CLOCK_ENABLE_OUTPUT_B              ; NORMAL               ; Untyped                                                ;
; CLOCK_ENABLE_CORE_A                ; USE_INPUT_CLKEN      ; Untyped                                                ;
; CLOCK_ENABLE_CORE_B                ; USE_INPUT_CLKEN      ; Untyped                                                ;
; ENABLE_ECC                         ; FALSE                ; Untyped                                                ;
; DEVICE_FAMILY                      ; Stratix III          ; Untyped                                                ;
; CBXI_PARAMETER                     ; altsyncram_n5h1      ; Untyped                                                ;
+------------------------------------+----------------------+--------------------------------------------------------+
Note: In order to hide this table in the UI and the text report file, please set the "Show Parameter Settings Tables in Synthesis Report" option in "Analysis and Synthesis Settings -> More Settings" to "Off".


+-----------------------------------------------------------------------------------------------------------------------------+
; Parameter Settings for User Entity Instance: dmac_controller:inst46|count_zero_cmp:inst21|lpm_compare:lpm_compare_component ;
+------------------------+-------------+--------------------------------------------------------------------------------------+
; Parameter Name         ; Value       ; Type                                                                                 ;
+------------------------+-------------+--------------------------------------------------------------------------------------+
; lpm_width              ; 3           ; Untyped                                                                              ;
; LPM_REPRESENTATION     ; UNSIGNED    ; Untyped                                                                              ;
; LPM_PIPELINE           ; 0           ; Untyped                                                                              ;
; CHAIN_SIZE             ; 8           ; Untyped                                                                              ;
; ONE_INPUT_IS_CONSTANT  ; YES         ; Untyped                                                                              ;
; CARRY_CHAIN            ; MANUAL      ; Untyped                                                                              ;
; CASCADE_CHAIN          ; MANUAL      ; Untyped                                                                              ;
; CARRY_CHAIN_LENGTH     ; 48          ; CARRY_CHAIN_LENGTH                                                                   ;
; CASCADE_CHAIN_LENGTH   ; 2           ; CASCADE_CHAIN_LENGTH                                                                 ;
; DEVICE_FAMILY          ; Stratix III ; Untyped                                                                              ;
; CBXI_PARAMETER         ; cmpr_uqi    ; Untyped                                                                              ;
; AUTO_CARRY_CHAINS      ; ON          ; AUTO_CARRY                                                                           ;
; IGNORE_CARRY_BUFFERS   ; OFF         ; IGNORE_CARRY                                                                         ;
; AUTO_CASCADE_CHAINS    ; ON          ; AUTO_CASCADE                                                                         ;
; IGNORE_CASCADE_BUFFERS ; OFF         ; IGNORE_CASCADE                                                                       ;
+------------------------+-------------+--------------------------------------------------------------------------------------+
Note: In order to hide this table in the UI and the text report file, please set the "Show Parameter Settings Tables in Synthesis Report" option in "Analysis and Synthesis Settings -> More Settings" to "Off".


+-------------------------------------------------------------------------------------------------------------------+
; Parameter Settings for User Entity Instance: dmac_controller:inst46|count_register:inst11|lpm_ff:lpm_ff_component ;
+------------------------+-------------+----------------------------------------------------------------------------+
; Parameter Name         ; Value       ; Type                                                                       ;
+------------------------+-------------+----------------------------------------------------------------------------+
; LPM_WIDTH              ; 3           ; Untyped                                                                    ;
; LPM_AVALUE             ; UNUSED      ; Untyped                                                                    ;
; LPM_SVALUE             ; 6           ; Untyped                                                                    ;
; LPM_FFTYPE             ; DFF         ; Untyped                                                                    ;
; DEVICE_FAMILY          ; Stratix III ; Untyped                                                                    ;
; CBXI_PARAMETER         ; NOTHING     ; Untyped                                                                    ;
; AUTO_CARRY_CHAINS      ; ON          ; AUTO_CARRY                                                                 ;
; IGNORE_CARRY_BUFFERS   ; OFF         ; IGNORE_CARRY                                                               ;
; AUTO_CASCADE_CHAINS    ; ON          ; AUTO_CASCADE                                                               ;
; IGNORE_CASCADE_BUFFERS ; OFF         ; IGNORE_CASCADE                                                             ;
+------------------------+-------------+----------------------------------------------------------------------------+
Note: In order to hide this table in the UI and the text report file, please set the "Show Parameter Settings Tables in Synthesis Report" option in "Analysis and Synthesis Settings -> More Settings" to "Off".


+----------------------------------------------------------------------------------------------------------------+
; Parameter Settings for User Entity Instance: dmac_controller:inst46|count_mux:inst20|lpm_mux:lpm_mux_component ;
+------------------------+-------------+-------------------------------------------------------------------------+
; Parameter Name         ; Value       ; Type                                                                    ;
+------------------------+-------------+-------------------------------------------------------------------------+
; AUTO_CARRY_CHAINS      ; ON          ; AUTO_CARRY                                                              ;
; IGNORE_CARRY_BUFFERS   ; OFF         ; IGNORE_CARRY                                                            ;
; AUTO_CASCADE_CHAINS    ; ON          ; AUTO_CASCADE                                                            ;
; IGNORE_CASCADE_BUFFERS ; OFF         ; IGNORE_CASCADE                                                          ;
; LPM_WIDTH              ; 3           ; Untyped                                                                 ;
; LPM_SIZE               ; 2           ; Untyped                                                                 ;
; LPM_WIDTHS             ; 1           ; Untyped                                                                 ;
; LPM_PIPELINE           ; 0           ; Untyped                                                                 ;
; CBXI_PARAMETER         ; mux_2rc     ; Untyped                                                                 ;
; DEVICE_FAMILY          ; Stratix III ; Untyped                                                                 ;
+------------------------+-------------+-------------------------------------------------------------------------+
Note: In order to hide this table in the UI and the text report file, please set the "Show Parameter Settings Tables in Synthesis Report" option in "Analysis and Synthesis Settings -> More Settings" to "Off".


+-------------------------------------------------------------------------------------------------------------------------------+
; Parameter Settings for User Entity Instance: dmac_controller:inst46|count_subtractor:inst17|lpm_add_sub:lpm_add_sub_component ;
+------------------------+-------------+----------------------------------------------------------------------------------------+
; Parameter Name         ; Value       ; Type                                                                                   ;
+------------------------+-------------+----------------------------------------------------------------------------------------+
; LPM_WIDTH              ; 3           ; Untyped                                                                                ;
; LPM_REPRESENTATION     ; UNSIGNED    ; Untyped                                                                                ;
; LPM_DIRECTION          ; SUB         ; Untyped                                                                                ;
; ONE_INPUT_IS_CONSTANT  ; YES         ; Untyped                                                                                ;
; LPM_PIPELINE           ; 0           ; Untyped                                                                                ;
; MAXIMIZE_SPEED         ; 5           ; Untyped                                                                                ;
; REGISTERED_AT_END      ; 0           ; Untyped                                                                                ;
; OPTIMIZE_FOR_SPEED     ; 5           ; Untyped                                                                                ;
; USE_CS_BUFFERS         ; 1           ; Untyped                                                                                ;
; CARRY_CHAIN            ; MANUAL      ; Untyped                                                                                ;
; CARRY_CHAIN_LENGTH     ; 48          ; CARRY_CHAIN_LENGTH                                                                     ;
; DEVICE_FAMILY          ; Stratix III ; Untyped                                                                                ;
; USE_WYS                ; OFF         ; Untyped                                                                                ;
; STYLE                  ; FAST        ; Untyped                                                                                ;
; CBXI_PARAMETER         ; add_sub_7th ; Untyped                                                                                ;
; AUTO_CARRY_CHAINS      ; ON          ; AUTO_CARRY                                                                             ;
; IGNORE_CARRY_BUFFERS   ; OFF         ; IGNORE_CARRY                                                                           ;
; AUTO_CASCADE_CHAINS    ; ON          ; AUTO_CASCADE                                                                           ;
; IGNORE_CASCADE_BUFFERS ; OFF         ; IGNORE_CASCADE                                                                         ;
+------------------------+-------------+----------------------------------------------------------------------------------------+
Note: In order to hide this table in the UI and the text report file, please set the "Show Parameter Settings Tables in Synthesis Report" option in "Analysis and Synthesis Settings -> More Settings" to "Off".


+------------------------------------------------------------------------------------------------------------------+
; Parameter Settings for User Entity Instance: dmac_controller:inst46|6:inst42|lpm_constant:lpm_constant_component ;
+--------------------+------------------+--------------------------------------------------------------------------+
; Parameter Name     ; Value            ; Type                                                                     ;
+--------------------+------------------+--------------------------------------------------------------------------+
; LPM_WIDTH          ; 3                ; Untyped                                                                  ;
; LPM_CVALUE         ; 6                ; Untyped                                                                  ;
; ENABLE_RUNTIME_MOD ; NO               ; Untyped                                                                  ;
; CBXI_PARAMETER     ; lpm_constant_be6 ; Untyped                                                                  ;
+--------------------+------------------+--------------------------------------------------------------------------+
Note: In order to hide this table in the UI and the text report file, please set the "Show Parameter Settings Tables in Synthesis Report" option in "Analysis and Synthesis Settings -> More Settings" to "Off".


+----------------------------------------------------------------------------------------------------------------+
; Parameter Settings for User Entity Instance: dmac_controller:inst46|addr_register:inst|lpm_ff:lpm_ff_component ;
+------------------------+-------------+-------------------------------------------------------------------------+
; Parameter Name         ; Value       ; Type                                                                    ;
+------------------------+-------------+-------------------------------------------------------------------------+
; LPM_WIDTH              ; 8           ; Untyped                                                                 ;
; LPM_AVALUE             ; UNUSED      ; Untyped                                                                 ;
; LPM_SVALUE             ; UNUSED      ; Untyped                                                                 ;
; LPM_FFTYPE             ; DFF         ; Untyped                                                                 ;
; DEVICE_FAMILY          ; Stratix III ; Untyped                                                                 ;
; CBXI_PARAMETER         ; NOTHING     ; Untyped                                                                 ;
; AUTO_CARRY_CHAINS      ; ON          ; AUTO_CARRY                                                              ;
; IGNORE_CARRY_BUFFERS   ; OFF         ; IGNORE_CARRY                                                            ;
; AUTO_CASCADE_CHAINS    ; ON          ; AUTO_CASCADE                                                            ;
; IGNORE_CASCADE_BUFFERS ; OFF         ; IGNORE_CASCADE                                                          ;
+------------------------+-------------+-------------------------------------------------------------------------+
Note: In order to hide this table in the UI and the text report file, please set the "Show Parameter Settings Tables in Synthesis Report" option in "Analysis and Synthesis Settings -> More Settings" to "Off".


+---------------------------------------------------------------------------------------------------------------+
; Parameter Settings for User Entity Instance: dmac_controller:inst46|addr_mux:inst19|lpm_mux:lpm_mux_component ;
+------------------------+-------------+------------------------------------------------------------------------+
; Parameter Name         ; Value       ; Type                                                                   ;
+------------------------+-------------+------------------------------------------------------------------------+
; AUTO_CARRY_CHAINS      ; ON          ; AUTO_CARRY                                                             ;
; IGNORE_CARRY_BUFFERS   ; OFF         ; IGNORE_CARRY                                                           ;
; AUTO_CASCADE_CHAINS    ; ON          ; AUTO_CASCADE                                                           ;
; IGNORE_CASCADE_BUFFERS ; OFF         ; IGNORE_CASCADE                                                         ;
; LPM_WIDTH              ; 8           ; Untyped                                                                ;
; LPM_SIZE               ; 2           ; Untyped                                                                ;
; LPM_WIDTHS             ; 1           ; Untyped                                                                ;
; LPM_PIPELINE           ; 0           ; Untyped                                                                ;
; CBXI_PARAMETER         ; mux_7rc     ; Untyped                                                                ;
; DEVICE_FAMILY          ; Stratix III ; Untyped                                                                ;
+------------------------+-------------+------------------------------------------------------------------------+
Note: In order to hide this table in the UI and the text report file, please set the "Show Parameter Settings Tables in Synthesis Report" option in "Analysis and Synthesis Settings -> More Settings" to "Off".


+-------------------------------------------------------------------------------------------------------------------------+
; Parameter Settings for User Entity Instance: dmac_controller:inst46|addr_adder:inst15|lpm_add_sub:lpm_add_sub_component ;
+------------------------+-------------+----------------------------------------------------------------------------------+
; Parameter Name         ; Value       ; Type                                                                             ;
+------------------------+-------------+----------------------------------------------------------------------------------+
; LPM_WIDTH              ; 8           ; Untyped                                                                          ;
; LPM_REPRESENTATION     ; UNSIGNED    ; Untyped                                                                          ;
; LPM_DIRECTION          ; ADD         ; Untyped                                                                          ;
; ONE_INPUT_IS_CONSTANT  ; YES         ; Untyped                                                                          ;
; LPM_PIPELINE           ; 0           ; Untyped                                                                          ;
; MAXIMIZE_SPEED         ; 5           ; Untyped                                                                          ;
; REGISTERED_AT_END      ; 0           ; Untyped                                                                          ;
; OPTIMIZE_FOR_SPEED     ; 5           ; Untyped                                                                          ;
; USE_CS_BUFFERS         ; 1           ; Untyped                                                                          ;
; CARRY_CHAIN            ; MANUAL      ; Untyped                                                                          ;
; CARRY_CHAIN_LENGTH     ; 48          ; CARRY_CHAIN_LENGTH                                                               ;
; DEVICE_FAMILY          ; Stratix III ; Untyped                                                                          ;
; USE_WYS                ; OFF         ; Untyped                                                                          ;
; STYLE                  ; FAST        ; Untyped                                                                          ;
; CBXI_PARAMETER         ; add_sub_bsh ; Untyped                                                                          ;
; AUTO_CARRY_CHAINS      ; ON          ; AUTO_CARRY                                                                       ;
; IGNORE_CARRY_BUFFERS   ; OFF         ; IGNORE_CARRY                                                                     ;
; AUTO_CASCADE_CHAINS    ; ON          ; AUTO_CASCADE                                                                     ;
; IGNORE_CASCADE_BUFFERS ; OFF         ; IGNORE_CASCADE                                                                   ;
+------------------------+-------------+----------------------------------------------------------------------------------+
Note: In order to hide this table in the UI and the text report file, please set the "Show Parameter Settings Tables in Synthesis Report" option in "Analysis and Synthesis Settings -> More Settings" to "Off".


+-------------------------------------------------------------------------------------------------------------------+
; Parameter Settings for User Entity Instance: dmac_controller:inst46|10:inst41|lpm_constant:lpm_constant_component ;
+--------------------+------------------+---------------------------------------------------------------------------+
; Parameter Name     ; Value            ; Type                                                                      ;
+--------------------+------------------+---------------------------------------------------------------------------+
; LPM_WIDTH          ; 8                ; Untyped                                                                   ;
; LPM_CVALUE         ; 10               ; Untyped                                                                   ;
; ENABLE_RUNTIME_MOD ; NO               ; Untyped                                                                   ;
; CBXI_PARAMETER     ; lpm_constant_bh6 ; Untyped                                                                   ;
+--------------------+------------------+---------------------------------------------------------------------------+
Note: In order to hide this table in the UI and the text report file, please set the "Show Parameter Settings Tables in Synthesis Report" option in "Analysis and Synthesis Settings -> More Settings" to "Off".


+-----------------------------------------------------------------------------------------------------------------------+
; Parameter Settings for User Entity Instance: dmac_controller:inst46|kpdp_data_register:inst43|lpm_ff:lpm_ff_component ;
+------------------------+-------------+--------------------------------------------------------------------------------+
; Parameter Name         ; Value       ; Type                                                                           ;
+------------------------+-------------+--------------------------------------------------------------------------------+
; LPM_WIDTH              ; 8           ; Untyped                                                                        ;
; LPM_AVALUE             ; UNUSED      ; Untyped                                                                        ;
; LPM_SVALUE             ; UNUSED      ; Untyped                                                                        ;
; LPM_FFTYPE             ; DFF         ; Untyped                                                                        ;
; DEVICE_FAMILY          ; Stratix III ; Untyped                                                                        ;
; CBXI_PARAMETER         ; NOTHING     ; Untyped                                                                        ;
; AUTO_CARRY_CHAINS      ; ON          ; AUTO_CARRY                                                                     ;
; IGNORE_CARRY_BUFFERS   ; OFF         ; IGNORE_CARRY                                                                   ;
; AUTO_CASCADE_CHAINS    ; ON          ; AUTO_CASCADE                                                                   ;
; IGNORE_CASCADE_BUFFERS ; OFF         ; IGNORE_CASCADE                                                                 ;
+------------------------+-------------+--------------------------------------------------------------------------------+
Note: In order to hide this table in the UI and the text report file, please set the "Show Parameter Settings Tables in Synthesis Report" option in "Analysis and Synthesis Settings -> More Settings" to "Off".


+----------------------------------------------------------------------------------------------------+
; Parameter Settings for User Entity Instance: lpm_compare0:inst42|lpm_compare:lpm_compare_component ;
+------------------------+-------------+-------------------------------------------------------------+
; Parameter Name         ; Value       ; Type                                                        ;
+------------------------+-------------+-------------------------------------------------------------+
; lpm_width              ; 16          ; Untyped                                                     ;
; LPM_REPRESENTATION     ; UNSIGNED    ; Untyped                                                     ;
; LPM_PIPELINE           ; 0           ; Untyped                                                     ;
; CHAIN_SIZE             ; 8           ; Untyped                                                     ;
; ONE_INPUT_IS_CONSTANT  ; YES         ; Untyped                                                     ;
; CARRY_CHAIN            ; MANUAL      ; Untyped                                                     ;
; CASCADE_CHAIN          ; MANUAL      ; Untyped                                                     ;
; CARRY_CHAIN_LENGTH     ; 48          ; CARRY_CHAIN_LENGTH                                          ;
; CASCADE_CHAIN_LENGTH   ; 2           ; CASCADE_CHAIN_LENGTH                                        ;
; DEVICE_FAMILY          ; Stratix III ; Untyped                                                     ;
; CBXI_PARAMETER         ; cmpr_ldj    ; Untyped                                                     ;
; AUTO_CARRY_CHAINS      ; ON          ; AUTO_CARRY                                                  ;
; IGNORE_CARRY_BUFFERS   ; OFF         ; IGNORE_CARRY                                                ;
; AUTO_CASCADE_CHAINS    ; ON          ; AUTO_CASCADE                                                ;
; IGNORE_CASCADE_BUFFERS ; OFF         ; IGNORE_CASCADE                                              ;
+------------------------+-------------+-------------------------------------------------------------+
Note: In order to hide this table in the UI and the text report file, please set the "Show Parameter Settings Tables in Synthesis Report" option in "Analysis and Synthesis Settings -> More Settings" to "Off".


+----------------------------------------------------------------------------------------------+
; Parameter Settings for User Entity Instance: mux_final_addr:inst27|lpm_mux:lpm_mux_component ;
+------------------------+-------------+-------------------------------------------------------+
; Parameter Name         ; Value       ; Type                                                  ;
+------------------------+-------------+-------------------------------------------------------+
; AUTO_CARRY_CHAINS      ; ON          ; AUTO_CARRY                                            ;
; IGNORE_CARRY_BUFFERS   ; OFF         ; IGNORE_CARRY                                          ;
; AUTO_CASCADE_CHAINS    ; ON          ; AUTO_CASCADE                                          ;
; IGNORE_CASCADE_BUFFERS ; OFF         ; IGNORE_CASCADE                                        ;
; LPM_WIDTH              ; 16          ; Untyped                                               ;
; LPM_SIZE               ; 2           ; Untyped                                               ;
; LPM_WIDTHS             ; 1           ; Untyped                                               ;
; LPM_PIPELINE           ; 0           ; Untyped                                               ;
; CBXI_PARAMETER         ; mux_msc     ; Untyped                                               ;
; DEVICE_FAMILY          ; Stratix III ; Untyped                                               ;
+------------------------+-------------+-------------------------------------------------------+
Note: In order to hide this table in the UI and the text report file, please set the "Show Parameter Settings Tables in Synthesis Report" option in "Analysis and Synthesis Settings -> More Settings" to "Off".


+--------------------------------------------------------------------------------------------+
; Parameter Settings for User Entity Instance: mux_sys_addr:inst25|lpm_mux:lpm_mux_component ;
+------------------------+-------------+-----------------------------------------------------+
; Parameter Name         ; Value       ; Type                                                ;
+------------------------+-------------+-----------------------------------------------------+
; AUTO_CARRY_CHAINS      ; ON          ; AUTO_CARRY                                          ;
; IGNORE_CARRY_BUFFERS   ; OFF         ; IGNORE_CARRY                                        ;
; AUTO_CASCADE_CHAINS    ; ON          ; AUTO_CASCADE                                        ;
; IGNORE_CASCADE_BUFFERS ; OFF         ; IGNORE_CASCADE                                      ;
; LPM_WIDTH              ; 16          ; Untyped                                             ;
; LPM_SIZE               ; 2           ; Untyped                                             ;
; LPM_WIDTHS             ; 1           ; Untyped                                             ;
; LPM_PIPELINE           ; 0           ; Untyped                                             ;
; CBXI_PARAMETER         ; mux_msc     ; Untyped                                             ;
; DEVICE_FAMILY          ; Stratix III ; Untyped                                             ;
+------------------------+-------------+-----------------------------------------------------+
Note: In order to hide this table in the UI and the text report file, please set the "Show Parameter Settings Tables in Synthesis Report" option in "Analysis and Synthesis Settings -> More Settings" to "Off".


+-------------------------------------------------------------------------------------------+
; Parameter Settings for User Entity Instance: lpm_mux_mem:inst51|lpm_mux:lpm_mux_component ;
+------------------------+-------------+----------------------------------------------------+
; Parameter Name         ; Value       ; Type                                               ;
+------------------------+-------------+----------------------------------------------------+
; AUTO_CARRY_CHAINS      ; ON          ; AUTO_CARRY                                         ;
; IGNORE_CARRY_BUFFERS   ; OFF         ; IGNORE_CARRY                                       ;
; AUTO_CASCADE_CHAINS    ; ON          ; AUTO_CASCADE                                       ;
; IGNORE_CASCADE_BUFFERS ; OFF         ; IGNORE_CASCADE                                     ;
; LPM_WIDTH              ; 8           ; Untyped                                            ;
; LPM_SIZE               ; 2           ; Untyped                                            ;
; LPM_WIDTHS             ; 1           ; Untyped                                            ;
; LPM_PIPELINE           ; 0           ; Untyped                                            ;
; CBXI_PARAMETER         ; mux_7rc     ; Untyped                                            ;
; DEVICE_FAMILY          ; Stratix III ; Untyped                                            ;
+------------------------+-------------+----------------------------------------------------+
Note: In order to hide this table in the UI and the text report file, please set the "Show Parameter Settings Tables in Synthesis Report" option in "Analysis and Synthesis Settings -> More Settings" to "Off".


+-----------------------------------------------------------------------------------------------------------------------+
; altsyncram Parameter Settings by Entity Instance                                                                      ;
+-------------------------------------------+---------------------------------------------------------------------------+
; Name                                      ; Value                                                                     ;
+-------------------------------------------+---------------------------------------------------------------------------+
; Number of entity instances                ; 16                                                                        ;
; Entity Instance                           ; cache:inst5|cache_tag_way3:inst7|altsyncram:altsyncram_component          ;
;     -- OPERATION_MODE                     ; DUAL_PORT                                                                 ;
;     -- WIDTH_A                            ; 10                                                                        ;
;     -- NUMWORDS_A                         ; 16                                                                        ;
;     -- OUTDATA_REG_A                      ; UNREGISTERED                                                              ;
;     -- WIDTH_B                            ; 10                                                                        ;
;     -- NUMWORDS_B                         ; 16                                                                        ;
;     -- ADDRESS_REG_B                      ; CLOCK0                                                                    ;
;     -- OUTDATA_REG_B                      ; CLOCK0                                                                    ;
;     -- RAM_BLOCK_TYPE                     ; AUTO                                                                      ;
;     -- READ_DURING_WRITE_MODE_MIXED_PORTS ; OLD_DATA                                                                  ;
; Entity Instance                           ; cache:inst5|cache_valid_way3:inst39|altsyncram:altsyncram_component       ;
;     -- OPERATION_MODE                     ; DUAL_PORT                                                                 ;
;     -- WIDTH_A                            ; 1                                                                         ;
;     -- NUMWORDS_A                         ; 16                                                                        ;
;     -- OUTDATA_REG_A                      ; UNREGISTERED                                                              ;
;     -- WIDTH_B                            ; 1                                                                         ;
;     -- NUMWORDS_B                         ; 16                                                                        ;
;     -- ADDRESS_REG_B                      ; CLOCK0                                                                    ;
;     -- OUTDATA_REG_B                      ; CLOCK0                                                                    ;
;     -- RAM_BLOCK_TYPE                     ; AUTO                                                                      ;
;     -- READ_DURING_WRITE_MODE_MIXED_PORTS ; OLD_DATA                                                                  ;
; Entity Instance                           ; cache:inst5|cache_tag_way2:inst6|altsyncram:altsyncram_component          ;
;     -- OPERATION_MODE                     ; DUAL_PORT                                                                 ;
;     -- WIDTH_A                            ; 10                                                                        ;
;     -- NUMWORDS_A                         ; 16                                                                        ;
;     -- OUTDATA_REG_A                      ; UNREGISTERED                                                              ;
;     -- WIDTH_B                            ; 10                                                                        ;
;     -- NUMWORDS_B                         ; 16                                                                        ;
;     -- ADDRESS_REG_B                      ; CLOCK0                                                                    ;
;     -- OUTDATA_REG_B                      ; CLOCK0                                                                    ;
;     -- RAM_BLOCK_TYPE                     ; AUTO                                                                      ;
;     -- READ_DURING_WRITE_MODE_MIXED_PORTS ; OLD_DATA                                                                  ;
; Entity Instance                           ; cache:inst5|cache_valid_way2:inst38|altsyncram:altsyncram_component       ;
;     -- OPERATION_MODE                     ; DUAL_PORT                                                                 ;
;     -- WIDTH_A                            ; 1                                                                         ;
;     -- NUMWORDS_A                         ; 16                                                                        ;
;     -- OUTDATA_REG_A                      ; UNREGISTERED                                                              ;
;     -- WIDTH_B                            ; 1                                                                         ;
;     -- NUMWORDS_B                         ; 16                                                                        ;
;     -- ADDRESS_REG_B                      ; CLOCK0                                                                    ;
;     -- OUTDATA_REG_B                      ; CLOCK0                                                                    ;
;     -- RAM_BLOCK_TYPE                     ; AUTO                                                                      ;
;     -- READ_DURING_WRITE_MODE_MIXED_PORTS ; OLD_DATA                                                                  ;
; Entity Instance                           ; cache:inst5|cache_tag_way1:inst5|altsyncram:altsyncram_component          ;
;     -- OPERATION_MODE                     ; DUAL_PORT                                                                 ;
;     -- WIDTH_A                            ; 10                                                                        ;
;     -- NUMWORDS_A                         ; 16                                                                        ;
;     -- OUTDATA_REG_A                      ; UNREGISTERED                                                              ;
;     -- WIDTH_B                            ; 10                                                                        ;
;     -- NUMWORDS_B                         ; 16                                                                        ;
;     -- ADDRESS_REG_B                      ; CLOCK0                                                                    ;
;     -- OUTDATA_REG_B                      ; CLOCK0                                                                    ;
;     -- RAM_BLOCK_TYPE                     ; AUTO                                                                      ;
;     -- READ_DURING_WRITE_MODE_MIXED_PORTS ; OLD_DATA                                                                  ;
; Entity Instance                           ; cache:inst5|cache_valid_way1:inst37|altsyncram:altsyncram_component       ;
;     -- OPERATION_MODE                     ; DUAL_PORT                                                                 ;
;     -- WIDTH_A                            ; 1                                                                         ;
;     -- NUMWORDS_A                         ; 16                                                                        ;
;     -- OUTDATA_REG_A                      ; UNREGISTERED                                                              ;
;     -- WIDTH_B                            ; 1                                                                         ;
;     -- NUMWORDS_B                         ; 16                                                                        ;
;     -- ADDRESS_REG_B                      ; CLOCK0                                                                    ;
;     -- OUTDATA_REG_B                      ; CLOCK0                                                                    ;
;     -- RAM_BLOCK_TYPE                     ; AUTO                                                                      ;
;     -- READ_DURING_WRITE_MODE_MIXED_PORTS ; OLD_DATA                                                                  ;
; Entity Instance                           ; cache:inst5|cache_tag_way0:inst4|altsyncram:altsyncram_component          ;
;     -- OPERATION_MODE                     ; DUAL_PORT                                                                 ;
;     -- WIDTH_A                            ; 10                                                                        ;
;     -- NUMWORDS_A                         ; 16                                                                        ;
;     -- OUTDATA_REG_A                      ; UNREGISTERED                                                              ;
;     -- WIDTH_B                            ; 10                                                                        ;
;     -- NUMWORDS_B                         ; 16                                                                        ;
;     -- ADDRESS_REG_B                      ; CLOCK0                                                                    ;
;     -- OUTDATA_REG_B                      ; CLOCK0                                                                    ;
;     -- RAM_BLOCK_TYPE                     ; AUTO                                                                      ;
;     -- READ_DURING_WRITE_MODE_MIXED_PORTS ; OLD_DATA                                                                  ;
; Entity Instance                           ; cache:inst5|cache_valid_way0:inst36|altsyncram:altsyncram_component       ;
;     -- OPERATION_MODE                     ; DUAL_PORT                                                                 ;
;     -- WIDTH_A                            ; 1                                                                         ;
;     -- NUMWORDS_A                         ; 16                                                                        ;
;     -- OUTDATA_REG_A                      ; UNREGISTERED                                                              ;
;     -- WIDTH_B                            ; 1                                                                         ;
;     -- NUMWORDS_B                         ; 16                                                                        ;
;     -- ADDRESS_REG_B                      ; CLOCK0                                                                    ;
;     -- OUTDATA_REG_B                      ; CLOCK0                                                                    ;
;     -- RAM_BLOCK_TYPE                     ; AUTO                                                                      ;
;     -- READ_DURING_WRITE_MODE_MIXED_PORTS ; OLD_DATA                                                                  ;
; Entity Instance                           ; cache:inst5|cache_data_way0:inst|altsyncram:altsyncram_component          ;
;     -- OPERATION_MODE                     ; DUAL_PORT                                                                 ;
;     -- WIDTH_A                            ; 8                                                                         ;
;     -- NUMWORDS_A                         ; 16                                                                        ;
;     -- OUTDATA_REG_A                      ; UNREGISTERED                                                              ;
;     -- WIDTH_B                            ; 8                                                                         ;
;     -- NUMWORDS_B                         ; 16                                                                        ;
;     -- ADDRESS_REG_B                      ; CLOCK0                                                                    ;
;     -- OUTDATA_REG_B                      ; CLOCK0                                                                    ;
;     -- RAM_BLOCK_TYPE                     ; AUTO                                                                      ;
;     -- READ_DURING_WRITE_MODE_MIXED_PORTS ; OLD_DATA                                                                  ;
; Entity Instance                           ; cache:inst5|cache_data_way1:inst1|altsyncram:altsyncram_component         ;
;     -- OPERATION_MODE                     ; DUAL_PORT                                                                 ;
;     -- WIDTH_A                            ; 8                                                                         ;
;     -- NUMWORDS_A                         ; 16                                                                        ;
;     -- OUTDATA_REG_A                      ; UNREGISTERED                                                              ;
;     -- WIDTH_B                            ; 8                                                                         ;
;     -- NUMWORDS_B                         ; 16                                                                        ;
;     -- ADDRESS_REG_B                      ; CLOCK0                                                                    ;
;     -- OUTDATA_REG_B                      ; CLOCK0                                                                    ;
;     -- RAM_BLOCK_TYPE                     ; AUTO                                                                      ;
;     -- READ_DURING_WRITE_MODE_MIXED_PORTS ; OLD_DATA                                                                  ;
; Entity Instance                           ; cache:inst5|cache_data_way2:inst2|altsyncram:altsyncram_component         ;
;     -- OPERATION_MODE                     ; DUAL_PORT                                                                 ;
;     -- WIDTH_A                            ; 8                                                                         ;
;     -- NUMWORDS_A                         ; 16                                                                        ;
;     -- OUTDATA_REG_A                      ; UNREGISTERED                                                              ;
;     -- WIDTH_B                            ; 8                                                                         ;
;     -- NUMWORDS_B                         ; 16                                                                        ;
;     -- ADDRESS_REG_B                      ; CLOCK0                                                                    ;
;     -- OUTDATA_REG_B                      ; CLOCK0                                                                    ;
;     -- RAM_BLOCK_TYPE                     ; AUTO                                                                      ;
;     -- READ_DURING_WRITE_MODE_MIXED_PORTS ; OLD_DATA                                                                  ;
; Entity Instance                           ; cache:inst5|cache_data_way3:inst3|altsyncram:altsyncram_component         ;
;     -- OPERATION_MODE                     ; DUAL_PORT                                                                 ;
;     -- WIDTH_A                            ; 8                                                                         ;
;     -- NUMWORDS_A                         ; 16                                                                        ;
;     -- OUTDATA_REG_A                      ; UNREGISTERED                                                              ;
;     -- WIDTH_B                            ; 8                                                                         ;
;     -- NUMWORDS_B                         ; 16                                                                        ;
;     -- ADDRESS_REG_B                      ; CLOCK0                                                                    ;
;     -- OUTDATA_REG_B                      ; CLOCK0                                                                    ;
;     -- RAM_BLOCK_TYPE                     ; AUTO                                                                      ;
;     -- READ_DURING_WRITE_MODE_MIXED_PORTS ; OLD_DATA                                                                  ;
; Entity Instance                           ; branch_predictor:inst7|u_pht_table:inst17|altsyncram:altsyncram_component ;
;     -- OPERATION_MODE                     ; SINGLE_PORT                                                               ;
;     -- WIDTH_A                            ; 2                                                                         ;
;     -- NUMWORDS_A                         ; 16                                                                        ;
;     -- OUTDATA_REG_A                      ; UNREGISTERED                                                              ;
;     -- WIDTH_B                            ; 1                                                                         ;
;     -- NUMWORDS_B                         ; 1                                                                         ;
;     -- ADDRESS_REG_B                      ; CLOCK1                                                                    ;
;     -- OUTDATA_REG_B                      ; UNREGISTERED                                                              ;
;     -- RAM_BLOCK_TYPE                     ; AUTO                                                                      ;
;     -- READ_DURING_WRITE_MODE_MIXED_PORTS ; DONT_CARE                                                                 ;
; Entity Instance                           ; memory:inst|RAM_block:inst11|altsyncram:altsyncram_component              ;
;     -- OPERATION_MODE                     ; SINGLE_PORT                                                               ;
;     -- WIDTH_A                            ; 8                                                                         ;
;     -- NUMWORDS_A                         ; 65536                                                                     ;
;     -- OUTDATA_REG_A                      ; UNREGISTERED                                                              ;
;     -- WIDTH_B                            ; 1                                                                         ;
;     -- NUMWORDS_B                         ; 1                                                                         ;
;     -- ADDRESS_REG_B                      ; CLOCK1                                                                    ;
;     -- OUTDATA_REG_B                      ; UNREGISTERED                                                              ;
;     -- RAM_BLOCK_TYPE                     ; AUTO                                                                      ;
;     -- READ_DURING_WRITE_MODE_MIXED_PORTS ; DONT_CARE                                                                 ;
; Entity Instance                           ; memory:inst|ROM_block:inst|altsyncram:altsyncram_component                ;
;     -- OPERATION_MODE                     ; ROM                                                                       ;
;     -- WIDTH_A                            ; 8                                                                         ;
;     -- NUMWORDS_A                         ; 65536                                                                     ;
;     -- OUTDATA_REG_A                      ; UNREGISTERED                                                              ;
;     -- WIDTH_B                            ; 1                                                                         ;
;     -- NUMWORDS_B                         ; 1                                                                         ;
;     -- ADDRESS_REG_B                      ; CLOCK1                                                                    ;
;     -- OUTDATA_REG_B                      ; UNREGISTERED                                                              ;
;     -- RAM_BLOCK_TYPE                     ; AUTO                                                                      ;
;     -- READ_DURING_WRITE_MODE_MIXED_PORTS ; DONT_CARE                                                                 ;
; Entity Instance                           ; dmac_controller:inst46|fsm_rom:inst22|altsyncram:altsyncram_component     ;
;     -- OPERATION_MODE                     ; ROM                                                                       ;
;     -- WIDTH_A                            ; 5                                                                         ;
;     -- NUMWORDS_A                         ; 16                                                                        ;
;     -- OUTDATA_REG_A                      ; UNREGISTERED                                                              ;
;     -- WIDTH_B                            ; 1                                                                         ;
;     -- NUMWORDS_B                         ; 1                                                                         ;
;     -- ADDRESS_REG_B                      ; CLOCK1                                                                    ;
;     -- OUTDATA_REG_B                      ; UNREGISTERED                                                              ;
;     -- RAM_BLOCK_TYPE                     ; AUTO                                                                      ;
;     -- READ_DURING_WRITE_MODE_MIXED_PORTS ; DONT_CARE                                                                 ;
+-------------------------------------------+---------------------------------------------------------------------------+


+-------------------------------+
; Analysis & Synthesis Messages ;
+-------------------------------+
Info: *******************************************************************
Info: Running Quartus II Analysis & Synthesis
    Info: Version 9.1 Build 222 10/21/2009 SJ Web Edition
    Info: Processing started: Mon Mar 16 22:44:11 2026
Info: Command: quartus_map --read_settings_files=on --write_settings_files=off MicroEVM_Var8 -c MicroEVM_Var8
Warning: Tcl Script File lpm_df_Z_C_S_V.qip not found
    Info: set_global_assignment -name QIP_FILE lpm_df_Z_C_S_V.qip
Info: Found 1 design units, including 1 entities, in source file top/main_module.bdf
    Info: Found entity 1: main_module
Info: Found 1 design units, including 1 entities, in source file top/cmp_is_jmp.tdf
    Info: Found entity 1: cmp_is_jmp
Info: Found 1 design units, including 1 entities, in source file top/cmp_is_mem_to_reg.tdf
    Info: Found entity 1: cmp_is_mem_to_reg
Info: Found 1 design units, including 1 entities, in source file top/cmp_is_reg_to_mem.tdf
    Info: Found entity 1: cmp_is_reg_to_mem
Info: Found 1 design units, including 1 entities, in source file top/lpm_mux_mem.tdf
    Info: Found entity 1: lpm_mux_mem
Info: Found 1 design units, including 1 entities, in source file top/lpm_bustri0.tdf
    Info: Found entity 1: lpm_bustri0
Info: Found 1 design units, including 1 entities, in source file top/lpm_compare0.tdf
    Info: Found entity 1: lpm_compare0
Info: Found 1 design units, including 1 entities, in source file kpdp/next_state_register.tdf
    Info: Found entity 1: next_state_register
Info: Found 1 design units, including 1 entities, in source file top/mux_address_cpu.tdf
    Info: Found entity 1: Mux_Address_CPU
Info: Found 1 design units, including 1 entities, in source file top/mux_cpu_addr.tdf
    Info: Found entity 1: mux_cpu_addr
Info: Found 1 design units, including 1 entities, in source file top/mux_data_source.tdf
    Info: Found entity 1: mux_data_source
Info: Found 1 design units, including 1 entities, in source file top/mux_final_addr.tdf
    Info: Found entity 1: mux_final_addr
Info: Found 1 design units, including 1 entities, in source file top/mux_mem_stack.tdf
    Info: Found entity 1: mux_mem_stack
Info: Found 1 design units, including 1 entities, in source file top/mux_reg_input.tdf
    Info: Found entity 1: mux_reg_input
Info: Found 1 design units, including 1 entities, in source file top/mux_sys_addr.tdf
    Info: Found entity 1: mux_sys_addr
Info: Found 1 design units, including 1 entities, in source file arbitration/req_cpu_reg.tdf
    Info: Found entity 1: req_cpu_reg
Info: Found 1 design units, including 1 entities, in source file arbitration/req_dmac_reg.tdf
    Info: Found entity 1: req_dmac_reg
Info: Found 1 design units, including 1 entities, in source file alu/reg_notz.tdf
    Info: Found entity 1: reg_notz
Info: Found 1 design units, including 1 entities, in source file kpdp/1.tdf
    Info: Found entity 1: 1
Info: Found 1 design units, including 1 entities, in source file kpdp/kpdp_data_register.tdf
    Info: Found entity 1: kpdp_data_register
Info: Found 1 design units, including 1 entities, in source file kpdp/6.tdf
    Info: Found entity 1: 6
Info: Found 1 design units, including 1 entities, in source file kpdp/10.tdf
    Info: Found entity 1: 10
Info: Found 1 design units, including 1 entities, in source file kpdp/addr_adder.tdf
    Info: Found entity 1: addr_adder
Info: Found 1 design units, including 1 entities, in source file kpdp/addr_mux.tdf
    Info: Found entity 1: addr_mux
Info: Found 1 design units, including 1 entities, in source file kpdp/addr_register.tdf
    Info: Found entity 1: addr_register
Info: Found 1 design units, including 1 entities, in source file kpdp/control_register.tdf
    Info: Found entity 1: control_register
Info: Found 1 design units, including 1 entities, in source file kpdp/count_mux.tdf
    Info: Found entity 1: count_mux
Info: Found 1 design units, including 1 entities, in source file kpdp/count_register.tdf
    Info: Found entity 1: count_register
Info: Found 1 design units, including 1 entities, in source file kpdp/count_subtractor.tdf
    Info: Found entity 1: count_subtractor
Info: Found 1 design units, including 1 entities, in source file control_unit/control_unit.bdf
    Info: Found entity 1: control_unit
Info: Found 1 design units, including 1 entities, in source file kpdp/count_zero_cmp.tdf
    Info: Found entity 1: count_zero_cmp
Info: Found 1 design units, including 1 entities, in source file kpdp/dmac_controller.bdf
    Info: Found entity 1: dmac_controller
Info: Found 1 design units, including 1 entities, in source file kpdp/fsm_rom.tdf
    Info: Found entity 1: fsm_rom
Info: Found 1 design units, including 1 entities, in source file kpdp/state_register.tdf
    Info: Found entity 1: state_register
Info: Found 1 design units, including 1 entities, in source file predictor/u_pht_table.tdf
    Info: Found entity 1: u_pht_table
Info: Found 1 design units, including 1 entities, in source file predictor/automaton_a5_counter.tdf
    Info: Found entity 1: automaton_a5_counter
Info: Found 1 design units, including 1 entities, in source file cache/rdaddress_delay.tdf
    Info: Found entity 1: rdaddress_delay
Info: Found 1 design units, including 1 entities, in source file predictor/ghr_register.tdf
    Info: Found entity 1: ghr_register
Info: Found 1 design units, including 1 entities, in source file predictor/pht_table.tdf
    Info: Found entity 1: pht_table
Info: Found 1 design units, including 1 entities, in source file cache/lru_counter.tdf
    Info: Found entity 1: lru_counter
Info: Found 1 design units, including 1 entities, in source file cache/lru_decoder.tdf
    Info: Found entity 1: lru_decoder
Info: Found 1 design units, including 1 entities, in source file control_unit/reg_control.tdf
    Info: Found entity 1: reg_control
Warning: Can't analyze file -- file reg_notz.tdf is missing
Info: Found 1 design units, including 1 entities, in source file cache/cache_data_mux.tdf
    Info: Found entity 1: cache_data_mux
Info: Found 1 design units, including 1 entities, in source file control_unit/stack_base_10.tdf
    Info: Found entity 1: stack_base_10
Info: Found 1 design units, including 1 entities, in source file cache/cache_data_way0.tdf
    Info: Found entity 1: cache_data_way0
Info: Found 1 design units, including 1 entities, in source file cache/cache_data_way1.tdf
    Info: Found entity 1: cache_data_way1
Info: Found 1 design units, including 1 entities, in source file cache/cache_data_way2.tdf
    Info: Found entity 1: cache_data_way2
Info: Found 1 design units, including 1 entities, in source file cache/cache_data_way3.tdf
    Info: Found entity 1: cache_data_way3
Info: Found 1 design units, including 1 entities, in source file cache/cache_tag_compare_way.tdf
    Info: Found entity 1: cache_tag_compare_way
Info: Found 1 design units, including 1 entities, in source file cache/cache_tag_compare_way1.tdf
    Info: Found entity 1: cache_tag_compare_way1
Info: Found 1 design units, including 1 entities, in source file cache/cache_tag_compare_way2.tdf
    Info: Found entity 1: cache_tag_compare_way2
Info: Found 1 design units, including 1 entities, in source file cache/cache_tag_compare_way3.tdf
    Info: Found entity 1: cache_tag_compare_way3
Info: Found 1 design units, including 1 entities, in source file cache/cache_tag_way0.tdf
    Info: Found entity 1: cache_tag_way0
Info: Found 1 design units, including 1 entities, in source file cache/cache_valid_way0.tdf
    Info: Found entity 1: cache_valid_way0
Info: Found 1 design units, including 1 entities, in source file cache/cache_valid_way1.tdf
    Info: Found entity 1: cache_valid_way1
Info: Found 1 design units, including 1 entities, in source file cache/cache_valid_way2.tdf
    Info: Found entity 1: cache_valid_way2
Info: Found 1 design units, including 1 entities, in source file cache/cache_valid_way3.tdf
    Info: Found entity 1: cache_valid_way3
Info: Found 1 design units, including 1 entities, in source file cache/cpu_data_out.tdf
    Info: Found entity 1: cpu_data_out
Info: Found 1 design units, including 1 entities, in source file cache/cache_tag_way1.tdf
    Info: Found entity 1: cache_tag_way1
Info: Found 1 design units, including 1 entities, in source file cache/cache_tag_way2.tdf
    Info: Found entity 1: cache_tag_way2
Info: Found 1 design units, including 1 entities, in source file cache/cache_tag_way3.tdf
    Info: Found entity 1: cache_tag_way3
Info: Found 1 design units, including 1 entities, in source file cache/main_memory_ram.tdf
    Info: Found entity 1: main_memory_ram
Info: Found 1 design units, including 1 entities, in source file alu/r2.tdf
    Info: Found entity 1: R2
Info: Found 1 design units, including 1 entities, in source file alu/r3.tdf
    Info: Found entity 1: R3
Info: Found 1 design units, including 1 entities, in source file alu/r4.tdf
    Info: Found entity 1: R4
Info: Found 1 design units, including 1 entities, in source file alu/lpm_mux_flag_z.tdf
    Info: Found entity 1: lpm_mux_flag_z
Info: Found 1 design units, including 1 entities, in source file alu/alu_output_mux.tdf
    Info: Found entity 1: alu_output_mux
Info: Found 2 design units, including 1 entities, in source file alu/alu_subtractor.vhd
    Info: Found design unit 1: alu_subtractor-SYN
    Info: Found entity 1: alu_subtractor
Info: Found 1 design units, including 1 entities, in source file alu/alu_logic_not8.bdf
    Info: Found entity 1: alu_logic_not8
Info: Found 1 design units, including 1 entities, in source file alu/lpm_decode_3to8.tdf
    Info: Found entity 1: lpm_decode_3to8
Info: Found 1 design units, including 1 entities, in source file alu/lpm_df_z_c_s_v.tdf
    Info: Found entity 1: lpm_df_Z_C_S_V
Info: Found 1 design units, including 1 entities, in source file alu/alu_shifter_srl.tdf
    Info: Found entity 1: alu_shifter_srl
Info: Found 1 design units, including 1 entities, in source file alu/r0.tdf
    Info: Found entity 1: R0
Info: Found 1 design units, including 1 entities, in source file alu/r1.tdf
    Info: Found entity 1: R1
Info: Found 1 design units, including 1 entities, in source file alu/r5.tdf
    Info: Found entity 1: R5
Info: Found 1 design units, including 1 entities, in source file alu/r6.tdf
    Info: Found entity 1: R6
Info: Found 1 design units, including 1 entities, in source file alu/r7.tdf
    Info: Found entity 1: R7
Info: Found 1 design units, including 1 entities, in source file alu/reg_memory.tdf
    Info: Found entity 1: reg_memory
Info: Found 1 design units, including 1 entities, in source file alu/ron_operand_mux.tdf
    Info: Found entity 1: ron_operand_mux
Info: Found 1 design units, including 1 entities, in source file control_unit/cmp_and.tdf
    Info: Found entity 1: cmp_and
Info: Found 1 design units, including 1 entities, in source file control_unit/cmp_empty.tdf
    Info: Found entity 1: CMP_Empty
Info: Found 1 design units, including 1 entities, in source file control_unit/cmp_full.tdf
    Info: Found entity 1: CMP_Full
Info: Found 1 design units, including 1 entities, in source file control_unit/cmp_hlt_ff.tdf
    Info: Found entity 1: cmp_hlt_ff
Info: Found 1 design units, including 1 entities, in source file control_unit/cmp_jmp.tdf
    Info: Found entity 1: cmp_jmp
Info: Found 1 design units, including 1 entities, in source file control_unit/cmp_mr.tdf
    Info: Found entity 1: cmp_mr
Info: Found 1 design units, including 1 entities, in source file control_unit/cmp_notz.tdf
    Info: Found entity 1: cmp_notz
Info: Found 1 design units, including 1 entities, in source file control_unit/cmp_pop.tdf
    Info: Found entity 1: cmp_pop
Info: Found 1 design units, including 1 entities, in source file control_unit/cmp_push.tdf
    Info: Found entity 1: cmp_push
Info: Found 1 design units, including 1 entities, in source file control_unit/cmp_rm.tdf
    Info: Found entity 1: cmp_rm
Info: Found 1 design units, including 1 entities, in source file control_unit/cmp_srl.tdf
    Info: Found entity 1: cmp_srl
Info: Found 1 design units, including 1 entities, in source file control_unit/cmp_sub.tdf
    Info: Found entity 1: cmp_sub
Info: Found 1 design units, including 1 entities, in source file control_unit/data_register.tdf
    Info: Found entity 1: Data_Register
Info: Found 1 design units, including 1 entities, in source file control_unit/sp_counter.tdf
    Info: Found entity 1: SP_Counter
Info: Found 1 design units, including 1 entities, in source file control_unit/addr_h_reg.tdf
    Info: Found entity 1: ADDR_H_REG
Info: Found 1 design units, including 1 entities, in source file control_unit/addr_l_reg.tdf
    Info: Found entity 1: ADDR_L_REG
Info: Found 1 design units, including 1 entities, in source file control_unit/cmd_decode.tdf
    Info: Found entity 1: CMD_DECODE
Info: Found 1 design units, including 1 entities, in source file control_unit/phase_counter.tdf
    Info: Found entity 1: Phase_Counter
Info: Found 1 design units, including 1 entities, in source file control_unit/instruction_pointer.tdf
    Info: Found entity 1: Instruction_Pointer
Info: Found 1 design units, including 1 entities, in source file control_unit/instruction_register.tdf
    Info: Found entity 1: Instruction_Register
Info: Found 1 design units, including 1 entities, in source file control_unit/phase_next_mux.tdf
    Info: Found entity 1: PHASE_NEXT_MUX
Info: Found 1 design units, including 1 entities, in source file control_unit/reg_alu_op.tdf
    Info: Found entity 1: reg_alu_op
Info: Found 1 design units, including 1 entities, in source file control_unit/phase_addr_h_comp.tdf
    Info: Found entity 1: PHASE_ADDR_H_COMP
Info: Found 1 design units, including 1 entities, in source file control_unit/phase_addr_l_comp.tdf
    Info: Found entity 1: PHASE_ADDR_L_COMP
Info: Found 1 design units, including 1 entities, in source file control_unit/phase_exec_comp.tdf
    Info: Found entity 1: PHASE_EXEC_COMP
Info: Found 1 design units, including 1 entities, in source file control_unit/phase_fetch_comp.tdf
    Info: Found entity 1: PHASE_FETCH_COMP
Info: Found 1 design units, including 1 entities, in source file memory/lpm_mux0.tdf
    Info: Found entity 1: lpm_mux0
Info: Found 1 design units, including 1 entities, in source file memory/ram_block.tdf
    Info: Found entity 1: RAM_block
Info: Found 1 design units, including 1 entities, in source file memory/rom_block.tdf
    Info: Found entity 1: ROM_block
Info: Found 1 design units, including 1 entities, in source file memory/memory.bdf
    Info: Found entity 1: memory
Info: Found 1 design units, including 1 entities, in source file control_unit/phase_counter_unit.bdf
    Info: Found entity 1: phase_counter_unit
Info: Found 1 design units, including 1 entities, in source file control_unit/special_registers.bdf
    Info: Found entity 1: special_registers
Info: Found 1 design units, including 1 entities, in source file control_unit/stack_control.bdf
    Info: Found entity 1: stack_control
Info: Found 1 design units, including 1 entities, in source file control_unit/decoder_unit.bdf
    Info: Found entity 1: decoder_unit
Info: Found 1 design units, including 1 entities, in source file alu/alu_unit.bdf
    Info: Found entity 1: alu_unit
Info: Found 1 design units, including 1 entities, in source file alu/alu_logic_and8.bdf
    Info: Found entity 1: alu_logic_and8
Info: Found 1 design units, including 1 entities, in source file alu/alu_logic_flag_zero.bdf
    Info: Found entity 1: alu_logic_flag_zero
Info: Found 1 design units, including 1 entities, in source file alu/alu_poh.bdf
    Info: Found entity 1: alu_POH
Info: Found 1 design units, including 1 entities, in source file cache/cache.bdf
    Info: Found entity 1: cache
Info: Found 1 design units, including 1 entities, in source file predictor/branch_predictor.bdf
    Info: Found entity 1: branch_predictor
Info: Found 1 design units, including 1 entities, in source file arbitration/bus_arbiter.bdf
    Info: Found entity 1: bus_arbiter
Info: Elaborating entity "main_module" for the top level hierarchy
Info: Elaborating entity "stack_control" for hierarchy "stack_control:inst15"
Info: Elaborating entity "CMP_Empty" for hierarchy "stack_control:inst15|CMP_Empty:inst8"
Info: Elaborating entity "lpm_compare" for hierarchy "stack_control:inst15|CMP_Empty:inst8|lpm_compare:lpm_compare_component"
Info: Elaborated megafunction instantiation "stack_control:inst15|CMP_Empty:inst8|lpm_compare:lpm_compare_component"
Info: Instantiated megafunction "stack_control:inst15|CMP_Empty:inst8|lpm_compare:lpm_compare_component" with the following parameter:
    Info: Parameter "LPM_TYPE" = "LPM_COMPARE"
    Info: Parameter "LPM_WIDTH" = "16"
    Info: Parameter "LPM_REPRESENTATION" = "UNSIGNED"
Info: Found 1 design units, including 1 entities, in source file db/cmpr_7ng.tdf
    Info: Found entity 1: cmpr_7ng
Info: Elaborating entity "cmpr_7ng" for hierarchy "stack_control:inst15|CMP_Empty:inst8|lpm_compare:lpm_compare_component|cmpr_7ng:auto_generated"
Info: Elaborating entity "SP_Counter" for hierarchy "stack_control:inst15|SP_Counter:inst"
Info: Elaborating entity "lpm_counter" for hierarchy "stack_control:inst15|SP_Counter:inst|lpm_counter:lpm_counter_component"
Info: Elaborated megafunction instantiation "stack_control:inst15|SP_Counter:inst|lpm_counter:lpm_counter_component"
Info: Instantiated megafunction "stack_control:inst15|SP_Counter:inst|lpm_counter:lpm_counter_component" with the following parameter:
    Info: Parameter "LPM_TYPE" = "LPM_COUNTER"
    Info: Parameter "LPM_WIDTH" = "16"
    Info: Parameter "LPM_DIRECTION" = "UNUSED"
    Info: Parameter "LPM_PORT_UPDOWN" = "PORT_USED"
Info: Found 1 design units, including 1 entities, in source file db/cntr_q5i.tdf
    Info: Found entity 1: cntr_q5i
Info: Elaborating entity "cntr_q5i" for hierarchy "stack_control:inst15|SP_Counter:inst|lpm_counter:lpm_counter_component|cntr_q5i:auto_generated"
Info: Elaborating entity "stack_base_10" for hierarchy "stack_control:inst15|stack_base_10:inst2"
Info: Elaborating entity "lpm_constant" for hierarchy "stack_control:inst15|stack_base_10:inst2|lpm_constant:lpm_constant_component"
Info: Elaborated megafunction instantiation "stack_control:inst15|stack_base_10:inst2|lpm_constant:lpm_constant_component"
Info: Instantiated megafunction "stack_control:inst15|stack_base_10:inst2|lpm_constant:lpm_constant_component" with the following parameter:
    Info: Parameter "LPM_TYPE" = "LPM_CONSTANT"
    Info: Parameter "LPM_HINT" = "ENABLE_RUNTIME_MOD=NO"
    Info: Parameter "LPM_WIDTH" = "16"
    Info: Parameter "LPM_CVALUE" = "10"
Info: Elaborating entity "CMP_Full" for hierarchy "stack_control:inst15|CMP_Full:inst7"
Info: Elaborating entity "Data_Register" for hierarchy "stack_control:inst15|Data_Register:inst4"
Info: Elaborating entity "lpm_ff" for hierarchy "stack_control:inst15|Data_Register:inst4|lpm_ff:lpm_ff_component"
Info: Elaborated megafunction instantiation "stack_control:inst15|Data_Register:inst4|lpm_ff:lpm_ff_component"
Info: Instantiated megafunction "stack_control:inst15|Data_Register:inst4|lpm_ff:lpm_ff_component" with the following parameter:
    Info: Parameter "LPM_TYPE" = "LPM_FF"
    Info: Parameter "LPM_WIDTH" = "8"
    Info: Parameter "LPM_FFTYPE" = "DFF"
Info: Elaborating entity "decoder_unit" for hierarchy "decoder_unit:inst13"
Info: Elaborating entity "cmp_pop" for hierarchy "decoder_unit:inst13|cmp_pop:inst12"
Info: Elaborating entity "lpm_compare" for hierarchy "decoder_unit:inst13|cmp_pop:inst12|lpm_compare:lpm_compare_component"
Info: Elaborated megafunction instantiation "decoder_unit:inst13|cmp_pop:inst12|lpm_compare:lpm_compare_component"
Info: Instantiated megafunction "decoder_unit:inst13|cmp_pop:inst12|lpm_compare:lpm_compare_component" with the following parameter:
    Info: Parameter "LPM_TYPE" = "LPM_COMPARE"
    Info: Parameter "LPM_HINT" = "ONE_INPUT_IS_CONSTANT=YES"
    Info: Parameter "LPM_WIDTH" = "4"
    Info: Parameter "LPM_REPRESENTATION" = "UNSIGNED"
Info: Found 1 design units, including 1 entities, in source file db/cmpr_rbj.tdf
    Info: Found entity 1: cmpr_rbj
Info: Elaborating entity "cmpr_rbj" for hierarchy "decoder_unit:inst13|cmp_pop:inst12|lpm_compare:lpm_compare_component|cmpr_rbj:auto_generated"
Info: Elaborating entity "cmp_mr" for hierarchy "decoder_unit:inst13|cmp_mr:inst6"
Info: Elaborating entity "lpm_compare" for hierarchy "decoder_unit:inst13|cmp_mr:inst6|lpm_compare:lpm_compare_component"
Info: Elaborated megafunction instantiation "decoder_unit:inst13|cmp_mr:inst6|lpm_compare:lpm_compare_component"
Info: Instantiated megafunction "decoder_unit:inst13|cmp_mr:inst6|lpm_compare:lpm_compare_component" with the following parameter:
    Info: Parameter "LPM_TYPE" = "LPM_COMPARE"
    Info: Parameter "LPM_HINT" = "ONE_INPUT_IS_CONSTANT=YES"
    Info: Parameter "LPM_WIDTH" = "4"
    Info: Parameter "LPM_REPRESENTATION" = "UNSIGNED"
Info: Elaborating entity "cmp_push" for hierarchy "decoder_unit:inst13|cmp_push:inst11"
Info: Elaborating entity "lpm_compare" for hierarchy "decoder_unit:inst13|cmp_push:inst11|lpm_compare:lpm_compare_component"
Info: Elaborated megafunction instantiation "decoder_unit:inst13|cmp_push:inst11|lpm_compare:lpm_compare_component"
Info: Instantiated megafunction "decoder_unit:inst13|cmp_push:inst11|lpm_compare:lpm_compare_component" with the following parameter:
    Info: Parameter "LPM_TYPE" = "LPM_COMPARE"
    Info: Parameter "LPM_HINT" = "ONE_INPUT_IS_CONSTANT=YES"
    Info: Parameter "LPM_WIDTH" = "4"
    Info: Parameter "LPM_REPRESENTATION" = "UNSIGNED"
Info: Elaborating entity "cmp_rm" for hierarchy "decoder_unit:inst13|cmp_rm:inst7"
Info: Elaborating entity "lpm_compare" for hierarchy "decoder_unit:inst13|cmp_rm:inst7|lpm_compare:lpm_compare_component"
Info: Elaborated megafunction instantiation "decoder_unit:inst13|cmp_rm:inst7|lpm_compare:lpm_compare_component"
Info: Instantiated megafunction "decoder_unit:inst13|cmp_rm:inst7|lpm_compare:lpm_compare_component" with the following parameter:
    Info: Parameter "LPM_TYPE" = "LPM_COMPARE"
    Info: Parameter "LPM_HINT" = "ONE_INPUT_IS_CONSTANT=YES"
    Info: Parameter "LPM_WIDTH" = "4"
    Info: Parameter "LPM_REPRESENTATION" = "UNSIGNED"
Info: Elaborating entity "cmp_and" for hierarchy "decoder_unit:inst13|cmp_and:inst9"
Info: Elaborating entity "lpm_compare" for hierarchy "decoder_unit:inst13|cmp_and:inst9|lpm_compare:lpm_compare_component"
Info: Elaborated megafunction instantiation "decoder_unit:inst13|cmp_and:inst9|lpm_compare:lpm_compare_component"
Info: Instantiated megafunction "decoder_unit:inst13|cmp_and:inst9|lpm_compare:lpm_compare_component" with the following parameter:
    Info: Parameter "LPM_TYPE" = "LPM_COMPARE"
    Info: Parameter "LPM_HINT" = "ONE_INPUT_IS_CONSTANT=YES"
    Info: Parameter "LPM_WIDTH" = "4"
    Info: Parameter "LPM_REPRESENTATION" = "UNSIGNED"
Info: Elaborating entity "cmp_srl" for hierarchy "decoder_unit:inst13|cmp_srl:inst8"
Info: Elaborating entity "lpm_compare" for hierarchy "decoder_unit:inst13|cmp_srl:inst8|lpm_compare:lpm_compare_component"
Info: Elaborated megafunction instantiation "decoder_unit:inst13|cmp_srl:inst8|lpm_compare:lpm_compare_component"
Info: Instantiated megafunction "decoder_unit:inst13|cmp_srl:inst8|lpm_compare:lpm_compare_component" with the following parameter:
    Info: Parameter "LPM_TYPE" = "LPM_COMPARE"
    Info: Parameter "LPM_HINT" = "ONE_INPUT_IS_CONSTANT=YES"
    Info: Parameter "LPM_WIDTH" = "4"
    Info: Parameter "LPM_REPRESENTATION" = "UNSIGNED"
Info: Elaborating entity "cmp_sub" for hierarchy "decoder_unit:inst13|cmp_sub:inst"
Info: Elaborating entity "lpm_compare" for hierarchy "decoder_unit:inst13|cmp_sub:inst|lpm_compare:lpm_compare_component"
Info: Elaborated megafunction instantiation "decoder_unit:inst13|cmp_sub:inst|lpm_compare:lpm_compare_component"
Info: Instantiated megafunction "decoder_unit:inst13|cmp_sub:inst|lpm_compare:lpm_compare_component" with the following parameter:
    Info: Parameter "LPM_TYPE" = "LPM_COMPARE"
    Info: Parameter "LPM_HINT" = "ONE_INPUT_IS_CONSTANT=YES"
    Info: Parameter "LPM_WIDTH" = "4"
    Info: Parameter "LPM_REPRESENTATION" = "UNSIGNED"
Info: Elaborating entity "cmp_notz" for hierarchy "decoder_unit:inst13|cmp_notz:inst10"
Info: Elaborating entity "lpm_compare" for hierarchy "decoder_unit:inst13|cmp_notz:inst10|lpm_compare:lpm_compare_component"
Info: Elaborated megafunction instantiation "decoder_unit:inst13|cmp_notz:inst10|lpm_compare:lpm_compare_component"
Info: Instantiated megafunction "decoder_unit:inst13|cmp_notz:inst10|lpm_compare:lpm_compare_component" with the following parameter:
    Info: Parameter "LPM_TYPE" = "LPM_COMPARE"
    Info: Parameter "LPM_HINT" = "ONE_INPUT_IS_CONSTANT=YES"
    Info: Parameter "LPM_WIDTH" = "4"
    Info: Parameter "LPM_REPRESENTATION" = "UNSIGNED"
Info: Elaborating entity "cmp_jmp" for hierarchy "decoder_unit:inst13|cmp_jmp:inst5"
Info: Elaborating entity "lpm_compare" for hierarchy "decoder_unit:inst13|cmp_jmp:inst5|lpm_compare:lpm_compare_component"
Info: Elaborated megafunction instantiation "decoder_unit:inst13|cmp_jmp:inst5|lpm_compare:lpm_compare_component"
Info: Instantiated megafunction "decoder_unit:inst13|cmp_jmp:inst5|lpm_compare:lpm_compare_component" with the following parameter:
    Info: Parameter "LPM_TYPE" = "LPM_COMPARE"
    Info: Parameter "LPM_HINT" = "ONE_INPUT_IS_CONSTANT=YES"
    Info: Parameter "LPM_WIDTH" = "8"
    Info: Parameter "LPM_REPRESENTATION" = "UNSIGNED"
Info: Found 1 design units, including 1 entities, in source file db/cmpr_vbj.tdf
    Info: Found entity 1: cmpr_vbj
Info: Elaborating entity "cmpr_vbj" for hierarchy "decoder_unit:inst13|cmp_jmp:inst5|lpm_compare:lpm_compare_component|cmpr_vbj:auto_generated"
Info: Elaborating entity "cmp_hlt_ff" for hierarchy "decoder_unit:inst13|cmp_hlt_ff:inst13"
Info: Elaborating entity "lpm_compare" for hierarchy "decoder_unit:inst13|cmp_hlt_ff:inst13|lpm_compare:lpm_compare_component"
Info: Elaborated megafunction instantiation "decoder_unit:inst13|cmp_hlt_ff:inst13|lpm_compare:lpm_compare_component"
Info: Instantiated megafunction "decoder_unit:inst13|cmp_hlt_ff:inst13|lpm_compare:lpm_compare_component" with the following parameter:
    Info: Parameter "LPM_TYPE" = "LPM_COMPARE"
    Info: Parameter "LPM_HINT" = "ONE_INPUT_IS_CONSTANT=YES"
    Info: Parameter "LPM_WIDTH" = "8"
    Info: Parameter "LPM_REPRESENTATION" = "UNSIGNED"
Info: Elaborating entity "alu_unit" for hierarchy "alu_unit:inst17"
Info: Elaborating entity "alu_logic_flag_zero" for hierarchy "alu_unit:inst17|alu_logic_flag_zero:inst15"
Info: Elaborating entity "alu_output_mux" for hierarchy "alu_unit:inst17|alu_output_mux:inst4"
Info: Elaborating entity "lpm_mux" for hierarchy "alu_unit:inst17|alu_output_mux:inst4|lpm_mux:lpm_mux_component"
Info: Elaborated megafunction instantiation "alu_unit:inst17|alu_output_mux:inst4|lpm_mux:lpm_mux_component"
Info: Instantiated megafunction "alu_unit:inst17|alu_output_mux:inst4|lpm_mux:lpm_mux_component" with the following parameter:
    Info: Parameter "LPM_TYPE" = "LPM_MUX"
    Info: Parameter "LPM_WIDTH" = "8"
    Info: Parameter "LPM_SIZE" = "8"
    Info: Parameter "LPM_WIDTHS" = "3"
Info: Found 1 design units, including 1 entities, in source file db/mux_frc.tdf
    Info: Found entity 1: mux_frc
Info: Elaborating entity "mux_frc" for hierarchy "alu_unit:inst17|alu_output_mux:inst4|lpm_mux:lpm_mux_component|mux_frc:auto_generated"
Info: Elaborating entity "alu_subtractor" for hierarchy "alu_unit:inst17|alu_subtractor:inst"
Info: Elaborating entity "lpm_add_sub" for hierarchy "alu_unit:inst17|alu_subtractor:inst|lpm_add_sub:lpm_add_sub_component"
Info: Elaborated megafunction instantiation "alu_unit:inst17|alu_subtractor:inst|lpm_add_sub:lpm_add_sub_component"
Info: Instantiated megafunction "alu_unit:inst17|alu_subtractor:inst|lpm_add_sub:lpm_add_sub_component" with the following parameter:
    Info: Parameter "lpm_direction" = "SUB"
    Info: Parameter "lpm_hint" = "ONE_INPUT_IS_CONSTANT=NO,CIN_USED=NO"
    Info: Parameter "lpm_representation" = "UNSIGNED"
    Info: Parameter "lpm_type" = "LPM_ADD_SUB"
    Info: Parameter "lpm_width" = "8"
Info: Found 1 design units, including 1 entities, in source file db/add_sub_j8i.tdf
    Info: Found entity 1: add_sub_j8i
Info: Elaborating entity "add_sub_j8i" for hierarchy "alu_unit:inst17|alu_subtractor:inst|lpm_add_sub:lpm_add_sub_component|add_sub_j8i:auto_generated"
Info: Elaborating entity "alu_shifter_srl" for hierarchy "alu_unit:inst17|alu_shifter_srl:inst3"
Info: Elaborating entity "lpm_clshift" for hierarchy "alu_unit:inst17|alu_shifter_srl:inst3|lpm_clshift:lpm_clshift_component"
Info: Elaborated megafunction instantiation "alu_unit:inst17|alu_shifter_srl:inst3|lpm_clshift:lpm_clshift_component"
Info: Instantiated megafunction "alu_unit:inst17|alu_shifter_srl:inst3|lpm_clshift:lpm_clshift_component" with the following parameter:
    Info: Parameter "LPM_TYPE" = "LPM_CLSHIFT"
    Info: Parameter "LPM_SHIFTTYPE" = "LOGICAL"
    Info: Parameter "LPM_WIDTH" = "8"
    Info: Parameter "LPM_WIDTHDIST" = "1"
Info: Found 1 design units, including 1 entities, in source file db/lpm_clshift_eic.tdf
    Info: Found entity 1: lpm_clshift_eic
Info: Elaborating entity "lpm_clshift_eic" for hierarchy "alu_unit:inst17|alu_shifter_srl:inst3|lpm_clshift:lpm_clshift_component|lpm_clshift_eic:auto_generated"
Info: Elaborating entity "alu_logic_and8" for hierarchy "alu_unit:inst17|alu_logic_and8:inst8"
Info: Elaborating entity "lpm_mux_flag_z" for hierarchy "alu_unit:inst17|lpm_mux_flag_z:inst1"
Info: Elaborating entity "lpm_mux" for hierarchy "alu_unit:inst17|lpm_mux_flag_z:inst1|lpm_mux:lpm_mux_component"
Info: Elaborated megafunction instantiation "alu_unit:inst17|lpm_mux_flag_z:inst1|lpm_mux:lpm_mux_component"
Info: Instantiated megafunction "alu_unit:inst17|lpm_mux_flag_z:inst1|lpm_mux:lpm_mux_component" with the following parameter:
    Info: Parameter "LPM_TYPE" = "LPM_MUX"
    Info: Parameter "LPM_WIDTH" = "8"
    Info: Parameter "LPM_SIZE" = "2"
    Info: Parameter "LPM_WIDTHS" = "1"
Info: Found 1 design units, including 1 entities, in source file db/mux_7rc.tdf
    Info: Found entity 1: mux_7rc
Info: Elaborating entity "mux_7rc" for hierarchy "alu_unit:inst17|lpm_mux_flag_z:inst1|lpm_mux:lpm_mux_component|mux_7rc:auto_generated"
Info: Elaborating entity "alu_logic_not8" for hierarchy "alu_unit:inst17|alu_logic_not8:inst9"
Info: Elaborating entity "alu_POH" for hierarchy "alu_POH:inst9"
Info: Elaborating entity "R0" for hierarchy "alu_POH:inst9|R0:inst"
Info: Elaborating entity "lpm_decode_3to8" for hierarchy "alu_POH:inst9|lpm_decode_3to8:inst13"
Info: Elaborating entity "lpm_decode" for hierarchy "alu_POH:inst9|lpm_decode_3to8:inst13|lpm_decode:lpm_decode_component"
Info: Elaborated megafunction instantiation "alu_POH:inst9|lpm_decode_3to8:inst13|lpm_decode:lpm_decode_component"
Info: Instantiated megafunction "alu_POH:inst9|lpm_decode_3to8:inst13|lpm_decode:lpm_decode_component" with the following parameter:
    Info: Parameter "LPM_TYPE" = "LPM_DECODE"
    Info: Parameter "LPM_WIDTH" = "3"
    Info: Parameter "LPM_DECODES" = "8"
Info: Found 1 design units, including 1 entities, in source file db/decode_7bf.tdf
    Info: Found entity 1: decode_7bf
Info: Elaborating entity "decode_7bf" for hierarchy "alu_POH:inst9|lpm_decode_3to8:inst13|lpm_decode:lpm_decode_component|decode_7bf:auto_generated"
Info: Elaborating entity "ron_operand_mux" for hierarchy "alu_POH:inst9|ron_operand_mux:inst22"
Info: Elaborating entity "R1" for hierarchy "alu_POH:inst9|R1:inst6"
Info: Elaborating entity "R2" for hierarchy "alu_POH:inst9|R2:inst7"
Info: Elaborating entity "R3" for hierarchy "alu_POH:inst9|R3:inst8"
Info: Elaborating entity "R4" for hierarchy "alu_POH:inst9|R4:inst9"
Info: Elaborating entity "R5" for hierarchy "alu_POH:inst9|R5:inst10"
Info: Elaborating entity "R6" for hierarchy "alu_POH:inst9|R6:inst11"
Info: Elaborating entity "R7" for hierarchy "alu_POH:inst9|R7:inst12"
Info: Elaborating entity "mux_data_source" for hierarchy "mux_data_source:inst19"
Info: Elaborating entity "mux_mem_stack" for hierarchy "mux_mem_stack:inst35"
Info: Elaborating entity "cache" for hierarchy "cache:inst5"
Warning: Primitive "OR2" of instance "inst22" not used
Warning: Primitive "AND3" of instance "inst27" not used
Info: Elaborating entity "cache_tag_compare_way3" for hierarchy "cache:inst5|cache_tag_compare_way3:inst15"
Info: Elaborating entity "lpm_compare" for hierarchy "cache:inst5|cache_tag_compare_way3:inst15|lpm_compare:lpm_compare_component"
Info: Elaborated megafunction instantiation "cache:inst5|cache_tag_compare_way3:inst15|lpm_compare:lpm_compare_component"
Info: Instantiated megafunction "cache:inst5|cache_tag_compare_way3:inst15|lpm_compare:lpm_compare_component" with the following parameter:
    Info: Parameter "LPM_TYPE" = "LPM_COMPARE"
    Info: Parameter "LPM_WIDTH" = "10"
    Info: Parameter "LPM_REPRESENTATION" = "UNSIGNED"
Info: Found 1 design units, including 1 entities, in source file db/cmpr_1ng.tdf
    Info: Found entity 1: cmpr_1ng
Info: Elaborating entity "cmpr_1ng" for hierarchy "cache:inst5|cache_tag_compare_way3:inst15|lpm_compare:lpm_compare_component|cmpr_1ng:auto_generated"
Info: Elaborating entity "cache_tag_way3" for hierarchy "cache:inst5|cache_tag_way3:inst7"
Info: Elaborating entity "altsyncram" for hierarchy "cache:inst5|cache_tag_way3:inst7|altsyncram:altsyncram_component"
Info: Elaborated megafunction instantiation "cache:inst5|cache_tag_way3:inst7|altsyncram:altsyncram_component"
Info: Instantiated megafunction "cache:inst5|cache_tag_way3:inst7|altsyncram:altsyncram_component" with the following parameter:
    Info: Parameter "POWER_UP_UNINITIALIZED" = "FALSE"
    Info: Parameter "LPM_TYPE" = "altsyncram"
    Info: Parameter "INTENDED_DEVICE_FAMILY" = "Stratix III"
    Info: Parameter "OPERATION_MODE" = "DUAL_PORT"
    Info: Parameter "WIDTH_A" = "10"
    Info: Parameter "WIDTHAD_A" = "4"
    Info: Parameter "NUMWORDS_A" = "16"
    Info: Parameter "WIDTH_B" = "10"
    Info: Parameter "WIDTHAD_B" = "4"
    Info: Parameter "NUMWORDS_B" = "16"
    Info: Parameter "ADDRESS_ACLR_B" = "CLEAR0"
    Info: Parameter "ADDRESS_REG_B" = "CLOCK0"
    Info: Parameter "OUTDATA_REG_B" = "CLOCK0"
    Info: Parameter "OUTDATA_ACLR_B" = "CLEAR0"
    Info: Parameter "WIDTH_BYTEENA_A" = "1"
    Info: Parameter "READ_DURING_WRITE_MODE_MIXED_PORTS" = "OLD_DATA"
    Info: Parameter "CLOCK_ENABLE_INPUT_A" = "NORMAL"
    Info: Parameter "CLOCK_ENABLE_INPUT_B" = "NORMAL"
    Info: Parameter "CLOCK_ENABLE_OUTPUT_B" = "NORMAL"
Info: Found 1 design units, including 1 entities, in source file db/altsyncram_g9v1.tdf
    Info: Found entity 1: altsyncram_g9v1
Info: Elaborating entity "altsyncram_g9v1" for hierarchy "cache:inst5|cache_tag_way3:inst7|altsyncram:altsyncram_component|altsyncram_g9v1:auto_generated"
Info: Elaborating entity "lru_decoder" for hierarchy "cache:inst5|lru_decoder:inst24"
Info: Elaborating entity "lpm_decode" for hierarchy "cache:inst5|lru_decoder:inst24|lpm_decode:lpm_decode_component"
Info: Elaborated megafunction instantiation "cache:inst5|lru_decoder:inst24|lpm_decode:lpm_decode_component"
Info: Instantiated megafunction "cache:inst5|lru_decoder:inst24|lpm_decode:lpm_decode_component" with the following parameter:
    Info: Parameter "LPM_TYPE" = "LPM_DECODE"
    Info: Parameter "LPM_WIDTH" = "2"
    Info: Parameter "LPM_DECODES" = "4"
Info: Found 1 design units, including 1 entities, in source file db/decode_2bf.tdf
    Info: Found entity 1: decode_2bf
Info: Elaborating entity "decode_2bf" for hierarchy "cache:inst5|lru_decoder:inst24|lpm_decode:lpm_decode_component|decode_2bf:auto_generated"
Info: Elaborating entity "lru_counter" for hierarchy "cache:inst5|lru_counter:inst23"
Info: Elaborating entity "lpm_counter" for hierarchy "cache:inst5|lru_counter:inst23|lpm_counter:lpm_counter_component"
Info: Elaborated megafunction instantiation "cache:inst5|lru_counter:inst23|lpm_counter:lpm_counter_component"
Info: Instantiated megafunction "cache:inst5|lru_counter:inst23|lpm_counter:lpm_counter_component" with the following parameter:
    Info: Parameter "LPM_TYPE" = "LPM_COUNTER"
    Info: Parameter "LPM_WIDTH" = "2"
    Info: Parameter "LPM_DIRECTION" = "UP"
    Info: Parameter "LPM_PORT_UPDOWN" = "PORT_UNUSED"
Info: Found 1 design units, including 1 entities, in source file db/cntr_fri.tdf
    Info: Found entity 1: cntr_fri
Info: Elaborating entity "cntr_fri" for hierarchy "cache:inst5|lru_counter:inst23|lpm_counter:lpm_counter_component|cntr_fri:auto_generated"
Info: Elaborating entity "cache_valid_way3" for hierarchy "cache:inst5|cache_valid_way3:inst39"
Info: Elaborating entity "altsyncram" for hierarchy "cache:inst5|cache_valid_way3:inst39|altsyncram:altsyncram_component"
Info: Elaborated megafunction instantiation "cache:inst5|cache_valid_way3:inst39|altsyncram:altsyncram_component"
Info: Instantiated megafunction "cache:inst5|cache_valid_way3:inst39|altsyncram:altsyncram_component" with the following parameter:
    Info: Parameter "POWER_UP_UNINITIALIZED" = "FALSE"
    Info: Parameter "LPM_TYPE" = "altsyncram"
    Info: Parameter "INTENDED_DEVICE_FAMILY" = "Stratix III"
    Info: Parameter "OPERATION_MODE" = "DUAL_PORT"
    Info: Parameter "WIDTH_A" = "1"
    Info: Parameter "WIDTHAD_A" = "4"
    Info: Parameter "NUMWORDS_A" = "16"
    Info: Parameter "WIDTH_B" = "1"
    Info: Parameter "WIDTHAD_B" = "4"
    Info: Parameter "NUMWORDS_B" = "16"
    Info: Parameter "ADDRESS_ACLR_B" = "CLEAR0"
    Info: Parameter "ADDRESS_REG_B" = "CLOCK0"
    Info: Parameter "OUTDATA_REG_B" = "CLOCK0"
    Info: Parameter "OUTDATA_ACLR_B" = "CLEAR0"
    Info: Parameter "WIDTH_BYTEENA_A" = "1"
    Info: Parameter "READ_DURING_WRITE_MODE_MIXED_PORTS" = "OLD_DATA"
    Info: Parameter "CLOCK_ENABLE_INPUT_A" = "BYPASS"
    Info: Parameter "CLOCK_ENABLE_INPUT_B" = "BYPASS"
    Info: Parameter "CLOCK_ENABLE_OUTPUT_B" = "BYPASS"
Info: Found 1 design units, including 1 entities, in source file db/altsyncram_sdu1.tdf
    Info: Found entity 1: altsyncram_sdu1
Info: Elaborating entity "altsyncram_sdu1" for hierarchy "cache:inst5|cache_valid_way3:inst39|altsyncram:altsyncram_component|altsyncram_sdu1:auto_generated"
Info: Elaborating entity "cache_tag_compare_way2" for hierarchy "cache:inst5|cache_tag_compare_way2:inst14"
Info: Elaborating entity "cache_tag_way2" for hierarchy "cache:inst5|cache_tag_way2:inst6"
Info: Elaborating entity "cache_valid_way2" for hierarchy "cache:inst5|cache_valid_way2:inst38"
Info: Elaborating entity "cache_tag_compare_way1" for hierarchy "cache:inst5|cache_tag_compare_way1:inst13"
Info: Elaborating entity "cache_tag_way1" for hierarchy "cache:inst5|cache_tag_way1:inst5"
Info: Elaborating entity "cache_valid_way1" for hierarchy "cache:inst5|cache_valid_way1:inst37"
Info: Elaborating entity "cache_tag_compare_way" for hierarchy "cache:inst5|cache_tag_compare_way:inst12"
Info: Elaborating entity "cache_tag_way0" for hierarchy "cache:inst5|cache_tag_way0:inst4"
Info: Elaborating entity "altsyncram" for hierarchy "cache:inst5|cache_tag_way0:inst4|altsyncram:altsyncram_component"
Info: Elaborated megafunction instantiation "cache:inst5|cache_tag_way0:inst4|altsyncram:altsyncram_component"
Info: Instantiated megafunction "cache:inst5|cache_tag_way0:inst4|altsyncram:altsyncram_component" with the following parameter:
    Info: Parameter "POWER_UP_UNINITIALIZED" = "FALSE"
    Info: Parameter "LPM_TYPE" = "altsyncram"
    Info: Parameter "INTENDED_DEVICE_FAMILY" = "Stratix III"
    Info: Parameter "OPERATION_MODE" = "DUAL_PORT"
    Info: Parameter "WIDTH_A" = "10"
    Info: Parameter "WIDTHAD_A" = "4"
    Info: Parameter "NUMWORDS_A" = "16"
    Info: Parameter "WIDTH_B" = "10"
    Info: Parameter "WIDTHAD_B" = "4"
    Info: Parameter "NUMWORDS_B" = "16"
    Info: Parameter "ADDRESS_ACLR_B" = "NONE"
    Info: Parameter "ADDRESS_REG_B" = "CLOCK0"
    Info: Parameter "OUTDATA_REG_B" = "CLOCK0"
    Info: Parameter "OUTDATA_ACLR_B" = "CLEAR0"
    Info: Parameter "WIDTH_BYTEENA_A" = "1"
    Info: Parameter "READ_DURING_WRITE_MODE_MIXED_PORTS" = "OLD_DATA"
    Info: Parameter "CLOCK_ENABLE_INPUT_A" = "NORMAL"
    Info: Parameter "CLOCK_ENABLE_INPUT_B" = "NORMAL"
    Info: Parameter "CLOCK_ENABLE_OUTPUT_B" = "NORMAL"
Info: Found 1 design units, including 1 entities, in source file db/altsyncram_95v1.tdf
    Info: Found entity 1: altsyncram_95v1
Info: Elaborating entity "altsyncram_95v1" for hierarchy "cache:inst5|cache_tag_way0:inst4|altsyncram:altsyncram_component|altsyncram_95v1:auto_generated"
Info: Elaborating entity "cache_valid_way0" for hierarchy "cache:inst5|cache_valid_way0:inst36"
Info: Elaborating entity "cpu_data_out" for hierarchy "cache:inst5|cpu_data_out:inst8"
Info: Elaborating entity "cache_data_mux" for hierarchy "cache:inst5|cache_data_mux:inst16"
Info: Elaborating entity "lpm_mux" for hierarchy "cache:inst5|cache_data_mux:inst16|lpm_mux:lpm_mux_component"
Info: Elaborated megafunction instantiation "cache:inst5|cache_data_mux:inst16|lpm_mux:lpm_mux_component"
Info: Instantiated megafunction "cache:inst5|cache_data_mux:inst16|lpm_mux:lpm_mux_component" with the following parameter:
    Info: Parameter "LPM_TYPE" = "LPM_MUX"
    Info: Parameter "LPM_WIDTH" = "8"
    Info: Parameter "LPM_SIZE" = "4"
    Info: Parameter "LPM_WIDTHS" = "2"
Info: Found 1 design units, including 1 entities, in source file db/mux_arc.tdf
    Info: Found entity 1: mux_arc
Info: Elaborating entity "mux_arc" for hierarchy "cache:inst5|cache_data_mux:inst16|lpm_mux:lpm_mux_component|mux_arc:auto_generated"
Info: Elaborating entity "cache_data_way0" for hierarchy "cache:inst5|cache_data_way0:inst"
Info: Elaborating entity "altsyncram" for hierarchy "cache:inst5|cache_data_way0:inst|altsyncram:altsyncram_component"
Info: Elaborated megafunction instantiation "cache:inst5|cache_data_way0:inst|altsyncram:altsyncram_component"
Info: Instantiated megafunction "cache:inst5|cache_data_way0:inst|altsyncram:altsyncram_component" with the following parameter:
    Info: Parameter "POWER_UP_UNINITIALIZED" = "FALSE"
    Info: Parameter "LPM_TYPE" = "altsyncram"
    Info: Parameter "INTENDED_DEVICE_FAMILY" = "Stratix III"
    Info: Parameter "OPERATION_MODE" = "DUAL_PORT"
    Info: Parameter "WIDTH_A" = "8"
    Info: Parameter "WIDTHAD_A" = "4"
    Info: Parameter "NUMWORDS_A" = "16"
    Info: Parameter "WIDTH_B" = "8"
    Info: Parameter "WIDTHAD_B" = "4"
    Info: Parameter "NUMWORDS_B" = "16"
    Info: Parameter "ADDRESS_ACLR_B" = "NONE"
    Info: Parameter "ADDRESS_REG_B" = "CLOCK0"
    Info: Parameter "OUTDATA_REG_B" = "CLOCK0"
    Info: Parameter "OUTDATA_ACLR_B" = "CLEAR0"
    Info: Parameter "WIDTH_BYTEENA_A" = "1"
    Info: Parameter "READ_DURING_WRITE_MODE_MIXED_PORTS" = "OLD_DATA"
    Info: Parameter "CLOCK_ENABLE_INPUT_A" = "NORMAL"
    Info: Parameter "CLOCK_ENABLE_INPUT_B" = "NORMAL"
    Info: Parameter "CLOCK_ENABLE_OUTPUT_B" = "NORMAL"
Info: Found 1 design units, including 1 entities, in source file db/altsyncram_n2v1.tdf
    Info: Found entity 1: altsyncram_n2v1
Info: Elaborating entity "altsyncram_n2v1" for hierarchy "cache:inst5|cache_data_way0:inst|altsyncram:altsyncram_component|altsyncram_n2v1:auto_generated"
Info: Elaborating entity "cache_data_way1" for hierarchy "cache:inst5|cache_data_way1:inst1"
Info: Elaborating entity "altsyncram" for hierarchy "cache:inst5|cache_data_way1:inst1|altsyncram:altsyncram_component"
Info: Elaborated megafunction instantiation "cache:inst5|cache_data_way1:inst1|altsyncram:altsyncram_component"
Info: Instantiated megafunction "cache:inst5|cache_data_way1:inst1|altsyncram:altsyncram_component" with the following parameter:
    Info: Parameter "POWER_UP_UNINITIALIZED" = "FALSE"
    Info: Parameter "LPM_TYPE" = "altsyncram"
    Info: Parameter "INTENDED_DEVICE_FAMILY" = "Stratix III"
    Info: Parameter "OPERATION_MODE" = "DUAL_PORT"
    Info: Parameter "WIDTH_A" = "8"
    Info: Parameter "WIDTHAD_A" = "4"
    Info: Parameter "NUMWORDS_A" = "16"
    Info: Parameter "WIDTH_B" = "8"
    Info: Parameter "WIDTHAD_B" = "4"
    Info: Parameter "NUMWORDS_B" = "16"
    Info: Parameter "ADDRESS_ACLR_B" = "CLEAR0"
    Info: Parameter "ADDRESS_REG_B" = "CLOCK0"
    Info: Parameter "OUTDATA_REG_B" = "CLOCK0"
    Info: Parameter "OUTDATA_ACLR_B" = "CLEAR0"
    Info: Parameter "WIDTH_BYTEENA_A" = "1"
    Info: Parameter "READ_DURING_WRITE_MODE_MIXED_PORTS" = "OLD_DATA"
    Info: Parameter "CLOCK_ENABLE_INPUT_A" = "NORMAL"
    Info: Parameter "CLOCK_ENABLE_INPUT_B" = "NORMAL"
    Info: Parameter "CLOCK_ENABLE_OUTPUT_B" = "NORMAL"
Info: Found 1 design units, including 1 entities, in source file db/altsyncram_u6v1.tdf
    Info: Found entity 1: altsyncram_u6v1
Info: Elaborating entity "altsyncram_u6v1" for hierarchy "cache:inst5|cache_data_way1:inst1|altsyncram:altsyncram_component|altsyncram_u6v1:auto_generated"
Info: Elaborating entity "cache_data_way2" for hierarchy "cache:inst5|cache_data_way2:inst2"
Info: Elaborating entity "cache_data_way3" for hierarchy "cache:inst5|cache_data_way3:inst3"
Info: Elaborating entity "phase_counter_unit" for hierarchy "phase_counter_unit:inst8"
Info: Elaborating entity "PHASE_FETCH_COMP" for hierarchy "phase_counter_unit:inst8|PHASE_FETCH_COMP:inst"
Info: Elaborating entity "lpm_compare" for hierarchy "phase_counter_unit:inst8|PHASE_FETCH_COMP:inst|lpm_compare:lpm_compare_component"
Info: Elaborated megafunction instantiation "phase_counter_unit:inst8|PHASE_FETCH_COMP:inst|lpm_compare:lpm_compare_component"
Info: Instantiated megafunction "phase_counter_unit:inst8|PHASE_FETCH_COMP:inst|lpm_compare:lpm_compare_component" with the following parameter:
    Info: Parameter "LPM_TYPE" = "LPM_COMPARE"
    Info: Parameter "LPM_HINT" = "ONE_INPUT_IS_CONSTANT=YES"
    Info: Parameter "LPM_WIDTH" = "2"
    Info: Parameter "LPM_REPRESENTATION" = "UNSIGNED"
Info: Found 1 design units, including 1 entities, in source file db/cmpr_tqi.tdf
    Info: Found entity 1: cmpr_tqi
Info: Elaborating entity "cmpr_tqi" for hierarchy "phase_counter_unit:inst8|PHASE_FETCH_COMP:inst|lpm_compare:lpm_compare_component|cmpr_tqi:auto_generated"
Info: Elaborating entity "Phase_Counter" for hierarchy "phase_counter_unit:inst8|Phase_Counter:inst17"
Info: Elaborating entity "lpm_counter" for hierarchy "phase_counter_unit:inst8|Phase_Counter:inst17|lpm_counter:lpm_counter_component"
Info: Elaborated megafunction instantiation "phase_counter_unit:inst8|Phase_Counter:inst17|lpm_counter:lpm_counter_component"
Info: Instantiated megafunction "phase_counter_unit:inst8|Phase_Counter:inst17|lpm_counter:lpm_counter_component" with the following parameter:
    Info: Parameter "LPM_TYPE" = "LPM_COUNTER"
    Info: Parameter "LPM_WIDTH" = "2"
    Info: Parameter "LPM_DIRECTION" = "UP"
    Info: Parameter "LPM_PORT_UPDOWN" = "PORT_UNUSED"
Info: Found 1 design units, including 1 entities, in source file db/cntr_27j.tdf
    Info: Found entity 1: cntr_27j
Info: Elaborating entity "cntr_27j" for hierarchy "phase_counter_unit:inst8|Phase_Counter:inst17|lpm_counter:lpm_counter_component|cntr_27j:auto_generated"
Info: Elaborating entity "PHASE_ADDR_H_COMP" for hierarchy "phase_counter_unit:inst8|PHASE_ADDR_H_COMP:inst7"
Info: Elaborating entity "lpm_compare" for hierarchy "phase_counter_unit:inst8|PHASE_ADDR_H_COMP:inst7|lpm_compare:lpm_compare_component"
Info: Elaborated megafunction instantiation "phase_counter_unit:inst8|PHASE_ADDR_H_COMP:inst7|lpm_compare:lpm_compare_component"
Info: Instantiated megafunction "phase_counter_unit:inst8|PHASE_ADDR_H_COMP:inst7|lpm_compare:lpm_compare_component" with the following parameter:
    Info: Parameter "LPM_TYPE" = "LPM_COMPARE"
    Info: Parameter "LPM_HINT" = "ONE_INPUT_IS_CONSTANT=YES"
    Info: Parameter "LPM_WIDTH" = "2"
    Info: Parameter "LPM_REPRESENTATION" = "SIGNED"
Info: Found 1 design units, including 1 entities, in source file db/cmpr_m4j.tdf
    Info: Found entity 1: cmpr_m4j
Info: Elaborating entity "cmpr_m4j" for hierarchy "phase_counter_unit:inst8|PHASE_ADDR_H_COMP:inst7|lpm_compare:lpm_compare_component|cmpr_m4j:auto_generated"
Info: Elaborating entity "PHASE_ADDR_L_COMP" for hierarchy "phase_counter_unit:inst8|PHASE_ADDR_L_COMP:inst8"
Info: Elaborating entity "lpm_compare" for hierarchy "phase_counter_unit:inst8|PHASE_ADDR_L_COMP:inst8|lpm_compare:lpm_compare_component"
Info: Elaborated megafunction instantiation "phase_counter_unit:inst8|PHASE_ADDR_L_COMP:inst8|lpm_compare:lpm_compare_component"
Info: Instantiated megafunction "phase_counter_unit:inst8|PHASE_ADDR_L_COMP:inst8|lpm_compare:lpm_compare_component" with the following parameter:
    Info: Parameter "LPM_TYPE" = "LPM_COMPARE"
    Info: Parameter "LPM_HINT" = "ONE_INPUT_IS_CONSTANT=YES"
    Info: Parameter "LPM_WIDTH" = "2"
    Info: Parameter "LPM_REPRESENTATION" = "SIGNED"
Info: Elaborating entity "PHASE_EXEC_COMP" for hierarchy "phase_counter_unit:inst8|PHASE_EXEC_COMP:inst1"
Info: Elaborating entity "lpm_compare" for hierarchy "phase_counter_unit:inst8|PHASE_EXEC_COMP:inst1|lpm_compare:lpm_compare_component"
Info: Elaborated megafunction instantiation "phase_counter_unit:inst8|PHASE_EXEC_COMP:inst1|lpm_compare:lpm_compare_component"
Info: Instantiated megafunction "phase_counter_unit:inst8|PHASE_EXEC_COMP:inst1|lpm_compare:lpm_compare_component" with the following parameter:
    Info: Parameter "LPM_TYPE" = "LPM_COMPARE"
    Info: Parameter "LPM_HINT" = "ONE_INPUT_IS_CONSTANT=YES"
    Info: Parameter "LPM_WIDTH" = "2"
    Info: Parameter "LPM_REPRESENTATION" = "SIGNED"
Info: Elaborating entity "cmp_is_mem_to_reg" for hierarchy "cmp_is_mem_to_reg:inst61"
Info: Elaborating entity "special_registers" for hierarchy "special_registers:inst2"
Info: Elaborating entity "ADDR_H_REG" for hierarchy "special_registers:inst2|ADDR_H_REG:inst4"
Info: Elaborating entity "ADDR_L_REG" for hierarchy "special_registers:inst2|ADDR_L_REG:inst6"
Info: Elaborating entity "Instruction_Pointer" for hierarchy "special_registers:inst2|Instruction_Pointer:inst9"
Info: Elaborating entity "lpm_counter" for hierarchy "special_registers:inst2|Instruction_Pointer:inst9|lpm_counter:lpm_counter_component"
Info: Elaborated megafunction instantiation "special_registers:inst2|Instruction_Pointer:inst9|lpm_counter:lpm_counter_component"
Info: Instantiated megafunction "special_registers:inst2|Instruction_Pointer:inst9|lpm_counter:lpm_counter_component" with the following parameter:
    Info: Parameter "LPM_TYPE" = "LPM_COUNTER"
    Info: Parameter "LPM_WIDTH" = "16"
    Info: Parameter "LPM_DIRECTION" = "UP"
    Info: Parameter "LPM_PORT_UPDOWN" = "PORT_UNUSED"
Info: Found 1 design units, including 1 entities, in source file db/cntr_3tj.tdf
    Info: Found entity 1: cntr_3tj
Info: Elaborating entity "cntr_3tj" for hierarchy "special_registers:inst2|Instruction_Pointer:inst9|lpm_counter:lpm_counter_component|cntr_3tj:auto_generated"
Info: Elaborating entity "Instruction_Register" for hierarchy "special_registers:inst2|Instruction_Register:inst3"
Info: Elaborating entity "branch_predictor" for hierarchy "branch_predictor:inst7"
Info: Elaborating entity "u_pht_table" for hierarchy "branch_predictor:inst7|u_pht_table:inst17"
Info: Elaborating entity "altsyncram" for hierarchy "branch_predictor:inst7|u_pht_table:inst17|altsyncram:altsyncram_component"
Info: Elaborated megafunction instantiation "branch_predictor:inst7|u_pht_table:inst17|altsyncram:altsyncram_component"
Info: Instantiated megafunction "branch_predictor:inst7|u_pht_table:inst17|altsyncram:altsyncram_component" with the following parameter:
    Info: Parameter "POWER_UP_UNINITIALIZED" = "FALSE"
    Info: Parameter "LPM_TYPE" = "altsyncram"
    Info: Parameter "LPM_HINT" = "ENABLE_RUNTIME_MOD=NO"
    Info: Parameter "INTENDED_DEVICE_FAMILY" = "Stratix III"
    Info: Parameter "OPERATION_MODE" = "SINGLE_PORT"
    Info: Parameter "WIDTH_A" = "2"
    Info: Parameter "WIDTHAD_A" = "4"
    Info: Parameter "NUMWORDS_A" = "16"
    Info: Parameter "OUTDATA_REG_A" = "UNREGISTERED"
    Info: Parameter "OUTDATA_ACLR_A" = "NONE"
    Info: Parameter "WIDTH_BYTEENA_A" = "1"
    Info: Parameter "READ_DURING_WRITE_MODE_PORT_A" = "NEW_DATA_NO_NBE_READ"
    Info: Parameter "CLOCK_ENABLE_INPUT_A" = "BYPASS"
    Info: Parameter "CLOCK_ENABLE_OUTPUT_A" = "BYPASS"
Info: Found 1 design units, including 1 entities, in source file db/altsyncram_ugm1.tdf
    Info: Found entity 1: altsyncram_ugm1
Info: Elaborating entity "altsyncram_ugm1" for hierarchy "branch_predictor:inst7|u_pht_table:inst17|altsyncram:altsyncram_component|altsyncram_ugm1:auto_generated"
Info: Elaborating entity "ghr_register" for hierarchy "branch_predictor:inst7|ghr_register:inst"
Info: Elaborating entity "lpm_ff" for hierarchy "branch_predictor:inst7|ghr_register:inst|lpm_ff:lpm_ff_component"
Info: Elaborated megafunction instantiation "branch_predictor:inst7|ghr_register:inst|lpm_ff:lpm_ff_component"
Info: Instantiated megafunction "branch_predictor:inst7|ghr_register:inst|lpm_ff:lpm_ff_component" with the following parameter:
    Info: Parameter "LPM_TYPE" = "LPM_FF"
    Info: Parameter "LPM_WIDTH" = "4"
    Info: Parameter "LPM_FFTYPE" = "DFF"
Info: Elaborating entity "cmp_is_reg_to_mem" for hierarchy "cmp_is_reg_to_mem:inst62"
Info: Elaborating entity "cmp_is_jmp" for hierarchy "cmp_is_jmp:inst60"
Info: Elaborating entity "lpm_compare" for hierarchy "cmp_is_jmp:inst60|lpm_compare:lpm_compare_component"
Info: Elaborated megafunction instantiation "cmp_is_jmp:inst60|lpm_compare:lpm_compare_component"
Info: Instantiated megafunction "cmp_is_jmp:inst60|lpm_compare:lpm_compare_component" with the following parameter:
    Info: Parameter "LPM_TYPE" = "LPM_COMPARE"
    Info: Parameter "LPM_HINT" = "ONE_INPUT_IS_CONSTANT=YES"
    Info: Parameter "LPM_WIDTH" = "4"
    Info: Parameter "LPM_REPRESENTATION" = "UNSIGNED"
Info: Elaborating entity "mux_cpu_addr" for hierarchy "mux_cpu_addr:inst23"
Info: Elaborating entity "lpm_mux" for hierarchy "mux_cpu_addr:inst23|lpm_mux:lpm_mux_component"
Info: Elaborated megafunction instantiation "mux_cpu_addr:inst23|lpm_mux:lpm_mux_component"
Info: Instantiated megafunction "mux_cpu_addr:inst23|lpm_mux:lpm_mux_component" with the following parameter:
    Info: Parameter "LPM_TYPE" = "LPM_MUX"
    Info: Parameter "LPM_WIDTH" = "16"
    Info: Parameter "LPM_SIZE" = "2"
    Info: Parameter "LPM_WIDTHS" = "1"
Info: Found 1 design units, including 1 entities, in source file db/mux_msc.tdf
    Info: Found entity 1: mux_msc
Info: Elaborating entity "mux_msc" for hierarchy "mux_cpu_addr:inst23|lpm_mux:lpm_mux_component|mux_msc:auto_generated"
Info: Elaborating entity "memory" for hierarchy "memory:inst"
Info: Elaborating entity "lpm_mux0" for hierarchy "memory:inst|lpm_mux0:inst3"
Info: Elaborating entity "RAM_block" for hierarchy "memory:inst|RAM_block:inst11"
Info: Elaborating entity "altsyncram" for hierarchy "memory:inst|RAM_block:inst11|altsyncram:altsyncram_component"
Info: Elaborated megafunction instantiation "memory:inst|RAM_block:inst11|altsyncram:altsyncram_component"
Info: Instantiated megafunction "memory:inst|RAM_block:inst11|altsyncram:altsyncram_component" with the following parameter:
    Info: Parameter "POWER_UP_UNINITIALIZED" = "FALSE"
    Info: Parameter "LPM_TYPE" = "altsyncram"
    Info: Parameter "LPM_HINT" = "ENABLE_RUNTIME_MOD=NO"
    Info: Parameter "INTENDED_DEVICE_FAMILY" = "Stratix II"
    Info: Parameter "OPERATION_MODE" = "SINGLE_PORT"
    Info: Parameter "WIDTH_A" = "8"
    Info: Parameter "WIDTHAD_A" = "16"
    Info: Parameter "NUMWORDS_A" = "65536"
    Info: Parameter "OUTDATA_REG_A" = "UNREGISTERED"
    Info: Parameter "OUTDATA_ACLR_A" = "NONE"
    Info: Parameter "WIDTH_BYTEENA_A" = "1"
    Info: Parameter "CLOCK_ENABLE_INPUT_A" = "BYPASS"
    Info: Parameter "CLOCK_ENABLE_OUTPUT_A" = "BYPASS"
Info: Found 1 design units, including 1 entities, in source file db/altsyncram_kih1.tdf
    Info: Found entity 1: altsyncram_kih1
Info: Elaborating entity "altsyncram_kih1" for hierarchy "memory:inst|RAM_block:inst11|altsyncram:altsyncram_component|altsyncram_kih1:auto_generated"
Info: Found 1 design units, including 1 entities, in source file db/decode_fsa.tdf
    Info: Found entity 1: decode_fsa
Info: Elaborating entity "decode_fsa" for hierarchy "memory:inst|RAM_block:inst11|altsyncram:altsyncram_component|altsyncram_kih1:auto_generated|decode_fsa:decode3"
Info: Found 1 design units, including 1 entities, in source file db/decode_88a.tdf
    Info: Found entity 1: decode_88a
Info: Elaborating entity "decode_88a" for hierarchy "memory:inst|RAM_block:inst11|altsyncram:altsyncram_component|altsyncram_kih1:auto_generated|decode_88a:rden_decode"
Info: Found 1 design units, including 1 entities, in source file db/mux_vmb.tdf
    Info: Found entity 1: mux_vmb
Info: Elaborating entity "mux_vmb" for hierarchy "memory:inst|RAM_block:inst11|altsyncram:altsyncram_component|altsyncram_kih1:auto_generated|mux_vmb:mux2"
Info: Elaborating entity "ROM_block" for hierarchy "memory:inst|ROM_block:inst"
Info: Elaborating entity "altsyncram" for hierarchy "memory:inst|ROM_block:inst|altsyncram:altsyncram_component"
Info: Elaborated megafunction instantiation "memory:inst|ROM_block:inst|altsyncram:altsyncram_component"
Info: Instantiated megafunction "memory:inst|ROM_block:inst|altsyncram:altsyncram_component" with the following parameter:
    Info: Parameter "LPM_TYPE" = "altsyncram"
    Info: Parameter "LPM_HINT" = "ENABLE_RUNTIME_MOD=NO"
    Info: Parameter "INTENDED_DEVICE_FAMILY" = "Stratix II"
    Info: Parameter "OPERATION_MODE" = "ROM"
    Info: Parameter "WIDTH_A" = "8"
    Info: Parameter "WIDTHAD_A" = "16"
    Info: Parameter "NUMWORDS_A" = "65536"
    Info: Parameter "OUTDATA_REG_A" = "UNREGISTERED"
    Info: Parameter "OUTDATA_ACLR_A" = "NONE"
    Info: Parameter "INIT_FILE" = "./memory/ROM.mif"
    Info: Parameter "WIDTH_BYTEENA_A" = "1"
    Info: Parameter "CLOCK_ENABLE_INPUT_A" = "BYPASS"
    Info: Parameter "CLOCK_ENABLE_OUTPUT_A" = "BYPASS"
Info: Found 1 design units, including 1 entities, in source file db/altsyncram_21f1.tdf
    Info: Found entity 1: altsyncram_21f1
Info: Elaborating entity "altsyncram_21f1" for hierarchy "memory:inst|ROM_block:inst|altsyncram:altsyncram_component|altsyncram_21f1:auto_generated"
Info: Elaborating entity "bus_arbiter" for hierarchy "bus_arbiter:inst6"
Info: Elaborating entity "req_cpu_reg" for hierarchy "bus_arbiter:inst6|req_cpu_reg:inst"
Info: Elaborating entity "lpm_ff" for hierarchy "bus_arbiter:inst6|req_cpu_reg:inst|lpm_ff:lpm_ff_component"
Info: Elaborated megafunction instantiation "bus_arbiter:inst6|req_cpu_reg:inst|lpm_ff:lpm_ff_component"
Info: Instantiated megafunction "bus_arbiter:inst6|req_cpu_reg:inst|lpm_ff:lpm_ff_component" with the following parameter:
    Info: Parameter "LPM_TYPE" = "LPM_FF"
    Info: Parameter "LPM_WIDTH" = "1"
    Info: Parameter "LPM_FFTYPE" = "DFF"
Info: Elaborating entity "req_dmac_reg" for hierarchy "bus_arbiter:inst6|req_dmac_reg:inst6"
Info: Elaborating entity "dmac_controller" for hierarchy "dmac_controller:inst46"
Info: Elaborating entity "fsm_rom" for hierarchy "dmac_controller:inst46|fsm_rom:inst22"
Info: Elaborating entity "altsyncram" for hierarchy "dmac_controller:inst46|fsm_rom:inst22|altsyncram:altsyncram_component"
Info: Elaborated megafunction instantiation "dmac_controller:inst46|fsm_rom:inst22|altsyncram:altsyncram_component"
Info: Instantiated megafunction "dmac_controller:inst46|fsm_rom:inst22|altsyncram:altsyncram_component" with the following parameter:
    Info: Parameter "LPM_TYPE" = "altsyncram"
    Info: Parameter "LPM_HINT" = "ENABLE_RUNTIME_MOD=NO"
    Info: Parameter "INTENDED_DEVICE_FAMILY" = "Stratix III"
    Info: Parameter "OPERATION_MODE" = "ROM"
    Info: Parameter "WIDTH_A" = "5"
    Info: Parameter "WIDTHAD_A" = "4"
    Info: Parameter "NUMWORDS_A" = "16"
    Info: Parameter "ADDRESS_ACLR_A" = "NONE"
    Info: Parameter "OUTDATA_REG_A" = "UNREGISTERED"
    Info: Parameter "OUTDATA_ACLR_A" = "NONE"
    Info: Parameter "INIT_FILE" = "./kpdp/fsm_table.mif"
    Info: Parameter "WIDTH_BYTEENA_A" = "1"
    Info: Parameter "CLOCK_ENABLE_INPUT_A" = "BYPASS"
    Info: Parameter "CLOCK_ENABLE_OUTPUT_A" = "BYPASS"
Info: Found 1 design units, including 1 entities, in source file db/altsyncram_n5h1.tdf
    Info: Found entity 1: altsyncram_n5h1
Info: Elaborating entity "altsyncram_n5h1" for hierarchy "dmac_controller:inst46|fsm_rom:inst22|altsyncram:altsyncram_component|altsyncram_n5h1:auto_generated"
Info: Elaborating entity "count_zero_cmp" for hierarchy "dmac_controller:inst46|count_zero_cmp:inst21"
Info: Elaborating entity "lpm_compare" for hierarchy "dmac_controller:inst46|count_zero_cmp:inst21|lpm_compare:lpm_compare_component"
Info: Elaborated megafunction instantiation "dmac_controller:inst46|count_zero_cmp:inst21|lpm_compare:lpm_compare_component"
Info: Instantiated megafunction "dmac_controller:inst46|count_zero_cmp:inst21|lpm_compare:lpm_compare_component" with the following parameter:
    Info: Parameter "LPM_TYPE" = "LPM_COMPARE"
    Info: Parameter "LPM_HINT" = "ONE_INPUT_IS_CONSTANT=YES"
    Info: Parameter "LPM_WIDTH" = "3"
    Info: Parameter "LPM_REPRESENTATION" = "UNSIGNED"
Info: Found 1 design units, including 1 entities, in source file db/cmpr_uqi.tdf
    Info: Found entity 1: cmpr_uqi
Info: Elaborating entity "cmpr_uqi" for hierarchy "dmac_controller:inst46|count_zero_cmp:inst21|lpm_compare:lpm_compare_component|cmpr_uqi:auto_generated"
Info: Elaborating entity "count_register" for hierarchy "dmac_controller:inst46|count_register:inst11"
Info: Elaborating entity "lpm_ff" for hierarchy "dmac_controller:inst46|count_register:inst11|lpm_ff:lpm_ff_component"
Info: Elaborated megafunction instantiation "dmac_controller:inst46|count_register:inst11|lpm_ff:lpm_ff_component"
Info: Instantiated megafunction "dmac_controller:inst46|count_register:inst11|lpm_ff:lpm_ff_component" with the following parameter:
    Info: Parameter "LPM_TYPE" = "LPM_FF"
    Info: Parameter "LPM_WIDTH" = "3"
    Info: Parameter "LPM_SVALUE" = "6"
    Info: Parameter "LPM_FFTYPE" = "DFF"
Info: Elaborating entity "lpm_constant" for hierarchy "dmac_controller:inst46|count_register:inst11|lpm_ff:lpm_ff_component|lpm_constant:sc"
Info: Elaborated megafunction instantiation "dmac_controller:inst46|count_register:inst11|lpm_ff:lpm_ff_component|lpm_constant:sc", which is child of megafunction instantiation "dmac_controller:inst46|count_register:inst11|lpm_ff:lpm_ff_component"
Info: Elaborating entity "count_mux" for hierarchy "dmac_controller:inst46|count_mux:inst20"
Info: Elaborating entity "lpm_mux" for hierarchy "dmac_controller:inst46|count_mux:inst20|lpm_mux:lpm_mux_component"
Info: Elaborated megafunction instantiation "dmac_controller:inst46|count_mux:inst20|lpm_mux:lpm_mux_component"
Info: Instantiated megafunction "dmac_controller:inst46|count_mux:inst20|lpm_mux:lpm_mux_component" with the following parameter:
    Info: Parameter "LPM_TYPE" = "LPM_MUX"
    Info: Parameter "LPM_WIDTH" = "3"
    Info: Parameter "LPM_SIZE" = "2"
    Info: Parameter "LPM_WIDTHS" = "1"
Info: Found 1 design units, including 1 entities, in source file db/mux_2rc.tdf
    Info: Found entity 1: mux_2rc
Info: Elaborating entity "mux_2rc" for hierarchy "dmac_controller:inst46|count_mux:inst20|lpm_mux:lpm_mux_component|mux_2rc:auto_generated"
Info: Elaborating entity "count_subtractor" for hierarchy "dmac_controller:inst46|count_subtractor:inst17"
Info: Elaborating entity "lpm_add_sub" for hierarchy "dmac_controller:inst46|count_subtractor:inst17|lpm_add_sub:lpm_add_sub_component"
Info: Elaborated megafunction instantiation "dmac_controller:inst46|count_subtractor:inst17|lpm_add_sub:lpm_add_sub_component"
Info: Instantiated megafunction "dmac_controller:inst46|count_subtractor:inst17|lpm_add_sub:lpm_add_sub_component" with the following parameter:
    Info: Parameter "LPM_TYPE" = "LPM_ADD_SUB"
    Info: Parameter "LPM_HINT" = "ONE_INPUT_IS_CONSTANT=YES,CIN_USED=NO"
    Info: Parameter "LPM_WIDTH" = "3"
    Info: Parameter "LPM_REPRESENTATION" = "UNSIGNED"
    Info: Parameter "LPM_DIRECTION" = "SUB"
Info: Found 1 design units, including 1 entities, in source file db/add_sub_7th.tdf
    Info: Found entity 1: add_sub_7th
Info: Elaborating entity "add_sub_7th" for hierarchy "dmac_controller:inst46|count_subtractor:inst17|lpm_add_sub:lpm_add_sub_component|add_sub_7th:auto_generated"
Info: Elaborating entity "6" for hierarchy "dmac_controller:inst46|6:inst42"
Info: Elaborating entity "lpm_constant" for hierarchy "dmac_controller:inst46|6:inst42|lpm_constant:lpm_constant_component"
Info: Elaborated megafunction instantiation "dmac_controller:inst46|6:inst42|lpm_constant:lpm_constant_component"
Info: Instantiated megafunction "dmac_controller:inst46|6:inst42|lpm_constant:lpm_constant_component" with the following parameter:
    Info: Parameter "LPM_TYPE" = "LPM_CONSTANT"
    Info: Parameter "LPM_HINT" = "ENABLE_RUNTIME_MOD=NO"
    Info: Parameter "LPM_WIDTH" = "3"
    Info: Parameter "LPM_CVALUE" = "6"
Info: Elaborating entity "addr_register" for hierarchy "dmac_controller:inst46|addr_register:inst"
Info: Elaborating entity "lpm_ff" for hierarchy "dmac_controller:inst46|addr_register:inst|lpm_ff:lpm_ff_component"
Info: Elaborated megafunction instantiation "dmac_controller:inst46|addr_register:inst|lpm_ff:lpm_ff_component"
Info: Instantiated megafunction "dmac_controller:inst46|addr_register:inst|lpm_ff:lpm_ff_component" with the following parameter:
    Info: Parameter "LPM_TYPE" = "LPM_FF"
    Info: Parameter "LPM_WIDTH" = "8"
    Info: Parameter "LPM_FFTYPE" = "DFF"
Info: Elaborating entity "addr_mux" for hierarchy "dmac_controller:inst46|addr_mux:inst19"
Info: Elaborating entity "addr_adder" for hierarchy "dmac_controller:inst46|addr_adder:inst15"
Info: Elaborating entity "lpm_add_sub" for hierarchy "dmac_controller:inst46|addr_adder:inst15|lpm_add_sub:lpm_add_sub_component"
Info: Elaborated megafunction instantiation "dmac_controller:inst46|addr_adder:inst15|lpm_add_sub:lpm_add_sub_component"
Info: Instantiated megafunction "dmac_controller:inst46|addr_adder:inst15|lpm_add_sub:lpm_add_sub_component" with the following parameter:
    Info: Parameter "LPM_TYPE" = "LPM_ADD_SUB"
    Info: Parameter "LPM_HINT" = "ONE_INPUT_IS_CONSTANT=YES,CIN_USED=NO"
    Info: Parameter "LPM_WIDTH" = "8"
    Info: Parameter "LPM_REPRESENTATION" = "UNSIGNED"
    Info: Parameter "LPM_DIRECTION" = "ADD"
Info: Found 1 design units, including 1 entities, in source file db/add_sub_bsh.tdf
    Info: Found entity 1: add_sub_bsh
Info: Elaborating entity "add_sub_bsh" for hierarchy "dmac_controller:inst46|addr_adder:inst15|lpm_add_sub:lpm_add_sub_component|add_sub_bsh:auto_generated"
Info: Elaborating entity "10" for hierarchy "dmac_controller:inst46|10:inst41"
Info: Elaborating entity "lpm_constant" for hierarchy "dmac_controller:inst46|10:inst41|lpm_constant:lpm_constant_component"
Info: Elaborated megafunction instantiation "dmac_controller:inst46|10:inst41|lpm_constant:lpm_constant_component"
Info: Instantiated megafunction "dmac_controller:inst46|10:inst41|lpm_constant:lpm_constant_component" with the following parameter:
    Info: Parameter "LPM_TYPE" = "LPM_CONSTANT"
    Info: Parameter "LPM_HINT" = "ENABLE_RUNTIME_MOD=NO"
    Info: Parameter "LPM_WIDTH" = "8"
    Info: Parameter "LPM_CVALUE" = "10"
Info: Elaborating entity "kpdp_data_register" for hierarchy "dmac_controller:inst46|kpdp_data_register:inst43"
Info: Elaborating entity "lpm_ff" for hierarchy "dmac_controller:inst46|kpdp_data_register:inst43|lpm_ff:lpm_ff_component"
Info: Elaborated megafunction instantiation "dmac_controller:inst46|kpdp_data_register:inst43|lpm_ff:lpm_ff_component"
Info: Instantiated megafunction "dmac_controller:inst46|kpdp_data_register:inst43|lpm_ff:lpm_ff_component" with the following parameter:
    Info: Parameter "LPM_TYPE" = "LPM_FF"
    Info: Parameter "LPM_WIDTH" = "8"
    Info: Parameter "LPM_FFTYPE" = "DFF"
Info: Elaborating entity "lpm_compare0" for hierarchy "lpm_compare0:inst42"
Info: Elaborating entity "lpm_compare" for hierarchy "lpm_compare0:inst42|lpm_compare:lpm_compare_component"
Info: Elaborated megafunction instantiation "lpm_compare0:inst42|lpm_compare:lpm_compare_component"
Info: Instantiated megafunction "lpm_compare0:inst42|lpm_compare:lpm_compare_component" with the following parameter:
    Info: Parameter "LPM_TYPE" = "LPM_COMPARE"
    Info: Parameter "LPM_HINT" = "ONE_INPUT_IS_CONSTANT=YES"
    Info: Parameter "LPM_WIDTH" = "16"
    Info: Parameter "LPM_REPRESENTATION" = "UNSIGNED"
Info: Found 1 design units, including 1 entities, in source file db/cmpr_ldj.tdf
    Info: Found entity 1: cmpr_ldj
Info: Elaborating entity "cmpr_ldj" for hierarchy "lpm_compare0:inst42|lpm_compare:lpm_compare_component|cmpr_ldj:auto_generated"
Info: Elaborating entity "mux_final_addr" for hierarchy "mux_final_addr:inst27"
Info: Elaborating entity "mux_sys_addr" for hierarchy "mux_sys_addr:inst25"
Info: Elaborating entity "lpm_mux_mem" for hierarchy "lpm_mux_mem:inst51"
Warning: Presettable and clearable registers converted to equivalent circuits with latches. Registers power-up to an undefined state, and DEVCLRn places the registers in an undefined state.
    Warning (13310): Register "dmac_controller:inst46|kpdp_data_register:inst43|lpm_ff:lpm_ff_component|dffs[7]" is converted into an equivalent circuit using register "dmac_controller:inst46|kpdp_data_register:inst43|lpm_ff:lpm_ff_component|dffs[7]~_emulated" and latch "dmac_controller:inst46|kpdp_data_register:inst43|lpm_ff:lpm_ff_component|dffs[7]~latch"
    Warning (13310): Register "dmac_controller:inst46|kpdp_data_register:inst43|lpm_ff:lpm_ff_component|dffs[6]" is converted into an equivalent circuit using register "dmac_controller:inst46|kpdp_data_register:inst43|lpm_ff:lpm_ff_component|dffs[6]~_emulated" and latch "dmac_controller:inst46|kpdp_data_register:inst43|lpm_ff:lpm_ff_component|dffs[6]~latch"
    Warning (13310): Register "dmac_controller:inst46|kpdp_data_register:inst43|lpm_ff:lpm_ff_component|dffs[5]" is converted into an equivalent circuit using register "dmac_controller:inst46|kpdp_data_register:inst43|lpm_ff:lpm_ff_component|dffs[5]~_emulated" and latch "dmac_controller:inst46|kpdp_data_register:inst43|lpm_ff:lpm_ff_component|dffs[5]~latch"
    Warning (13310): Register "dmac_controller:inst46|kpdp_data_register:inst43|lpm_ff:lpm_ff_component|dffs[4]" is converted into an equivalent circuit using register "dmac_controller:inst46|kpdp_data_register:inst43|lpm_ff:lpm_ff_component|dffs[4]~_emulated" and latch "dmac_controller:inst46|kpdp_data_register:inst43|lpm_ff:lpm_ff_component|dffs[4]~latch"
    Warning (13310): Register "dmac_controller:inst46|kpdp_data_register:inst43|lpm_ff:lpm_ff_component|dffs[3]" is converted into an equivalent circuit using register "dmac_controller:inst46|kpdp_data_register:inst43|lpm_ff:lpm_ff_component|dffs[3]~_emulated" and latch "dmac_controller:inst46|kpdp_data_register:inst43|lpm_ff:lpm_ff_component|dffs[3]~latch"
    Warning (13310): Register "dmac_controller:inst46|kpdp_data_register:inst43|lpm_ff:lpm_ff_component|dffs[2]" is converted into an equivalent circuit using register "dmac_controller:inst46|kpdp_data_register:inst43|lpm_ff:lpm_ff_component|dffs[2]~_emulated" and latch "dmac_controller:inst46|kpdp_data_register:inst43|lpm_ff:lpm_ff_component|dffs[2]~latch"
    Warning (13310): Register "dmac_controller:inst46|kpdp_data_register:inst43|lpm_ff:lpm_ff_component|dffs[1]" is converted into an equivalent circuit using register "dmac_controller:inst46|kpdp_data_register:inst43|lpm_ff:lpm_ff_component|dffs[1]~_emulated" and latch "dmac_controller:inst46|kpdp_data_register:inst43|lpm_ff:lpm_ff_component|dffs[1]~latch"
    Warning (13310): Register "dmac_controller:inst46|kpdp_data_register:inst43|lpm_ff:lpm_ff_component|dffs[0]" is converted into an equivalent circuit using register "dmac_controller:inst46|kpdp_data_register:inst43|lpm_ff:lpm_ff_component|dffs[0]~_emulated" and latch "dmac_controller:inst46|kpdp_data_register:inst43|lpm_ff:lpm_ff_component|dffs[0]~latch"
Info: Timing-Driven Synthesis is running
Info: 8 registers lost all their fanouts during netlist optimizations. The first 8 are displayed below.
    Info: Register "stack_control:inst15|Data_Register:inst4|lpm_ff:lpm_ff_component|dffs[7]" lost all its fanouts during netlist optimizations.
    Info: Register "stack_control:inst15|Data_Register:inst4|lpm_ff:lpm_ff_component|dffs[6]" lost all its fanouts during netlist optimizations.
    Info: Register "stack_control:inst15|Data_Register:inst4|lpm_ff:lpm_ff_component|dffs[5]" lost all its fanouts during netlist optimizations.
    Info: Register "stack_control:inst15|Data_Register:inst4|lpm_ff:lpm_ff_component|dffs[4]" lost all its fanouts during netlist optimizations.
    Info: Register "stack_control:inst15|Data_Register:inst4|lpm_ff:lpm_ff_component|dffs[3]" lost all its fanouts during netlist optimizations.
    Info: Register "stack_control:inst15|Data_Register:inst4|lpm_ff:lpm_ff_component|dffs[2]" lost all its fanouts during netlist optimizations.
    Info: Register "stack_control:inst15|Data_Register:inst4|lpm_ff:lpm_ff_component|dffs[1]" lost all its fanouts during netlist optimizations.
    Info: Register "stack_control:inst15|Data_Register:inst4|lpm_ff:lpm_ff_component|dffs[0]" lost all its fanouts during netlist optimizations.
Info: Implemented 584 device resources after synthesis - the final resource count might be different
    Info: Implemented 13 input pins
    Info: Implemented 39 output pins
    Info: Implemented 385 logic cells
    Info: Implemented 147 RAM segments
Info: Quartus II Analysis & Synthesis was successful. 0 errors, 13 warnings
    Info: Peak virtual memory: 273 megabytes
    Info: Processing ended: Mon Mar 16 22:44:19 2026
    Info: Elapsed time: 00:00:08
    Info: Total CPU time (on all processors): 00:00:11


