TimeQuest Timing Analyzer report for MicroEVM_Var8
Mon Mar 16 22:44:36 2026
Quartus II Version 9.1 Build 222 10/21/2009 SJ Web Edition


---------------------
; Table of Contents ;
---------------------
  1. Legal Notice
  2. TimeQuest Timing Analyzer Summary
  3. Parallel Compilation
  4. Clocks
  5. Slow 1100mV 85C Model Fmax Summary
  6. Slow 1100mV 85C Model Setup Summary
  7. Slow 1100mV 85C Model Hold Summary
  8. Slow 1100mV 85C Model Recovery Summary
  9. Slow 1100mV 85C Model Removal Summary
 10. Slow 1100mV 85C Model Minimum Pulse Width Summary
 11. Setup Times
 12. Hold Times
 13. Clock to Output Times
 14. Minimum Clock to Output Times
 15. Slow 1100mV 85C Model Metastability Report
 16. Slow 1100mV 0C Model Fmax Summary
 17. Slow 1100mV 0C Model Setup Summary
 18. Slow 1100mV 0C Model Hold Summary
 19. Slow 1100mV 0C Model Recovery Summary
 20. Slow 1100mV 0C Model Removal Summary
 21. Slow 1100mV 0C Model Minimum Pulse Width Summary
 22. Setup Times
 23. Hold Times
 24. Clock to Output Times
 25. Minimum Clock to Output Times
 26. Slow 1100mV 0C Model Metastability Report
 27. Fast 1100mV 0C Model Setup Summary
 28. Fast 1100mV 0C Model Hold Summary
 29. Fast 1100mV 0C Model Recovery Summary
 30. Fast 1100mV 0C Model Removal Summary
 31. Fast 1100mV 0C Model Minimum Pulse Width Summary
 32. Setup Times
 33. Hold Times
 34. Clock to Output Times
 35. Minimum Clock to Output Times
 36. Fast 1100mV 0C Model Metastability Report
 37. Multicorner Timing Analysis Summary
 38. Setup Times
 39. Hold Times
 40. Clock to Output Times
 41. Minimum Clock to Output Times
 42. Board Trace Model Assignments
 43. Input Transition Times
 44. Slow Corner Signal Integrity Metrics
 45. Fast Corner Signal Integrity Metrics
 46. Setup Transfers
 47. Hold Transfers
 48. Recovery Transfers
 49. Removal Transfers
 50. Report TCCS
 51. Report RSKM
 52. Unconstrained Paths
 53. TimeQuest Timing Analyzer Messages



----------------
; Legal Notice ;
----------------
Copyright (C) 1991-2009 Altera Corporation
Your use of Altera Corporation's design tools, logic functions 
and other software and tools, and its AMPP partner logic 
functions, and any output files from any of the foregoing 
(including device programming or simulation files), and any 
associated documentation or information are expressly subject 
to the terms and conditions of the Altera Program License 
Subscription Agreement, Altera MegaCore Function License 
Agreement, or other applicable license agreement, including, 
without limitation, that your use is for the sole purpose of 
programming logic devices manufactured by Altera and sold by 
Altera or its authorized distributors.  Please refer to the 
applicable agreement for further details.



+----------------------------------------------------------------------+
; TimeQuest Timing Analyzer Summary                                    ;
+--------------------+-------------------------------------------------+
; Quartus II Version ; Version 9.1 Build 222 10/21/2009 SJ Web Edition ;
; Revision Name      ; MicroEVM_Var8                                   ;
; Device Family      ; Stratix III                                     ;
; Device Name        ; EP3SE50F484C2                                   ;
; Timing Models      ; Final                                           ;
; Delay Model        ; Combined                                        ;
; Rise/Fall Delays   ; Enabled                                         ;
+--------------------+-------------------------------------------------+


Parallel compilation was disabled, but you have multiple processors available. Enable parallel compilation to reduce compilation time.
+-------------------------------------+
; Parallel Compilation                ;
+----------------------------+--------+
; Processors                 ; Number ;
+----------------------------+--------+
; Number detected on machine ; 4      ;
; Maximum allowed            ; 1      ;
+----------------------------+--------+


+--------------------------------------------------------------------------------------------------------------------------------------------------------------------------------------------------------------------------------------------------------------------------------------------------------------------------------------------------------------------------------------------------------------------------------------------+
; Clocks                                                                                                                                                                                                                                                                                                                                                                                                                                     ;
+--------------------------------------------------------------------------------------------------------------------------------------+------+--------+------------+-------+-------+------------+-----------+-------------+-------+--------+-----------+------------+----------+--------+--------+------------------------------------------------------------------------------------------------------------------------------------------+
; Clock Name                                                                                                                           ; Type ; Period ; Frequency  ; Rise  ; Fall  ; Duty Cycle ; Divide by ; Multiply by ; Phase ; Offset ; Edge List ; Edge Shift ; Inverted ; Master ; Source ; Targets                                                                                                                                  ;
+--------------------------------------------------------------------------------------------------------------------------------------+------+--------+------------+-------+-------+------------+-----------+-------------+-------+--------+-----------+------------+----------+--------+--------+------------------------------------------------------------------------------------------------------------------------------------------+
; clock                                                                                                                                ; Base ; 1.000  ; 1000.0 MHz ; 0.000 ; 0.500 ;            ;           ;             ;       ;        ;           ;            ;          ;        ;        ; { clock }                                                                                                                                ;
; dmac_controller:inst46|fsm_rom:inst22|altsyncram:altsyncram_component|altsyncram_n5h1:auto_generated|ram_block1a0~porta_address_reg0 ; Base ; 1.000  ; 1000.0 MHz ; 0.000 ; 0.500 ;            ;           ;             ;       ;        ;           ;            ;          ;        ;        ; { dmac_controller:inst46|fsm_rom:inst22|altsyncram:altsyncram_component|altsyncram_n5h1:auto_generated|ram_block1a0~porta_address_reg0 } ;
+--------------------------------------------------------------------------------------------------------------------------------------+------+--------+------------+-------+-------+------------+-----------+-------------+-------+--------+-----------+------------+----------+--------+--------+------------------------------------------------------------------------------------------------------------------------------------------+


+--------------------------------------------------+
; Slow 1100mV 85C Model Fmax Summary               ;
+------------+-----------------+------------+------+
; Fmax       ; Restricted Fmax ; Clock Name ; Note ;
+------------+-----------------+------------+------+
; 186.57 MHz ; 186.57 MHz      ; clock      ;      ;
+------------+-----------------+------------+------+
This panel reports FMAX for every clock in the design, regardless of the user-specified clock periods.  FMAX is only computed for paths where the source and destination registers or ports are driven by the same clock.  Paths of different clocks, including generated clocks, are ignored.  For paths between a clock and its inversion, FMAX is computed as if the rising and falling edges are scaled along with FMAX, such that the duty cycle (in terms of a percentage) is maintained. Altera recommends that you always use clock constraints and other slack reports for sign-off analysis.


+-------------------------------------+
; Slow 1100mV 85C Model Setup Summary ;
+-------+--------+--------------------+
; Clock ; Slack  ; End Point TNS      ;
+-------+--------+--------------------+
; clock ; -4.360 ; -544.560           ;
+-------+--------+--------------------+


+------------------------------------+
; Slow 1100mV 85C Model Hold Summary ;
+-------+--------+-------------------+
; Clock ; Slack  ; End Point TNS     ;
+-------+--------+-------------------+
; clock ; -1.012 ; -6.915            ;
+-------+--------+-------------------+


+----------------------------------------+
; Slow 1100mV 85C Model Recovery Summary ;
+-------+--------+-----------------------+
; Clock ; Slack  ; End Point TNS         ;
+-------+--------+-----------------------+
; clock ; -0.128 ; -1.024                ;
+-------+--------+-----------------------+


+---------------------------------------+
; Slow 1100mV 85C Model Removal Summary ;
+-------+-------+-----------------------+
; Clock ; Slack ; End Point TNS         ;
+-------+-------+-----------------------+
; clock ; 0.112 ; 0.000                 ;
+-------+-------+-----------------------+


+---------------------------------------------------------------------------------------------------------------------------------------------------------------+
; Slow 1100mV 85C Model Minimum Pulse Width Summary                                                                                                             ;
+--------------------------------------------------------------------------------------------------------------------------------------+--------+---------------+
; Clock                                                                                                                                ; Slack  ; End Point TNS ;
+--------------------------------------------------------------------------------------------------------------------------------------+--------+---------------+
; clock                                                                                                                                ; -1.666 ; -410.936      ;
; dmac_controller:inst46|fsm_rom:inst22|altsyncram:altsyncram_component|altsyncram_n5h1:auto_generated|ram_block1a0~porta_address_reg0 ; 0.391  ; 0.000         ;
+--------------------------------------------------------------------------------------------------------------------------------------+--------+---------------+


+------------------------------------------------------------------------------------------------------------------------------------------------------------------------------------------------------------------------------------------------------------------------------------------------------------------------------+
; Setup Times                                                                                                                                                                                                                                                                                                                  ;
+-------------------+--------------------------------------------------------------------------------------------------------------------------------------+-------+-------+------------+--------------------------------------------------------------------------------------------------------------------------------------+
; Data Port         ; Clock Port                                                                                                                           ; Rise  ; Fall  ; Clock Edge ; Clock Reference                                                                                                                      ;
+-------------------+--------------------------------------------------------------------------------------------------------------------------------------+-------+-------+------------+--------------------------------------------------------------------------------------------------------------------------------------+
; DMA_START         ; clock                                                                                                                                ; 2.913 ; 2.730 ; Rise       ; clock                                                                                                                                ;
; DMA_TEST_DATA[*]  ; clock                                                                                                                                ; 5.489 ; 5.378 ; Rise       ; clock                                                                                                                                ;
;  DMA_TEST_DATA[0] ; clock                                                                                                                                ; 4.804 ; 4.662 ; Rise       ; clock                                                                                                                                ;
;  DMA_TEST_DATA[1] ; clock                                                                                                                                ; 4.489 ; 4.329 ; Rise       ; clock                                                                                                                                ;
;  DMA_TEST_DATA[2] ; clock                                                                                                                                ; 4.433 ; 4.294 ; Rise       ; clock                                                                                                                                ;
;  DMA_TEST_DATA[3] ; clock                                                                                                                                ; 5.489 ; 5.378 ; Rise       ; clock                                                                                                                                ;
;  DMA_TEST_DATA[4] ; clock                                                                                                                                ; 4.219 ; 4.089 ; Rise       ; clock                                                                                                                                ;
;  DMA_TEST_DATA[5] ; clock                                                                                                                                ; 4.490 ; 4.293 ; Rise       ; clock                                                                                                                                ;
;  DMA_TEST_DATA[6] ; clock                                                                                                                                ; 4.028 ; 3.859 ; Rise       ; clock                                                                                                                                ;
;  DMA_TEST_DATA[7] ; clock                                                                                                                                ; 4.416 ; 4.191 ; Rise       ; clock                                                                                                                                ;
; IR_valid          ; clock                                                                                                                                ; 4.187 ; 4.027 ; Rise       ; clock                                                                                                                                ;
; dmac_read         ; clock                                                                                                                                ; 3.985 ; 3.922 ; Rise       ; clock                                                                                                                                ;
; reset             ; clock                                                                                                                                ; 6.332 ; 6.197 ; Rise       ; clock                                                                                                                                ;
; DMA_TEST_DATA[*]  ; dmac_controller:inst46|fsm_rom:inst22|altsyncram:altsyncram_component|altsyncram_n5h1:auto_generated|ram_block1a0~porta_address_reg0 ; 2.448 ; 2.319 ; Fall       ; dmac_controller:inst46|fsm_rom:inst22|altsyncram:altsyncram_component|altsyncram_n5h1:auto_generated|ram_block1a0~porta_address_reg0 ;
;  DMA_TEST_DATA[0] ; dmac_controller:inst46|fsm_rom:inst22|altsyncram:altsyncram_component|altsyncram_n5h1:auto_generated|ram_block1a0~porta_address_reg0 ; 1.767 ; 1.627 ; Fall       ; dmac_controller:inst46|fsm_rom:inst22|altsyncram:altsyncram_component|altsyncram_n5h1:auto_generated|ram_block1a0~porta_address_reg0 ;
;  DMA_TEST_DATA[1] ; dmac_controller:inst46|fsm_rom:inst22|altsyncram:altsyncram_component|altsyncram_n5h1:auto_generated|ram_block1a0~porta_address_reg0 ; 1.713 ; 1.535 ; Fall       ; dmac_controller:inst46|fsm_rom:inst22|altsyncram:altsyncram_component|altsyncram_n5h1:auto_generated|ram_block1a0~porta_address_reg0 ;
;  DMA_TEST_DATA[2] ; dmac_controller:inst46|fsm_rom:inst22|altsyncram:altsyncram_component|altsyncram_n5h1:auto_generated|ram_block1a0~porta_address_reg0 ; 1.459 ; 1.305 ; Fall       ; dmac_controller:inst46|fsm_rom:inst22|altsyncram:altsyncram_component|altsyncram_n5h1:auto_generated|ram_block1a0~porta_address_reg0 ;
;  DMA_TEST_DATA[3] ; dmac_controller:inst46|fsm_rom:inst22|altsyncram:altsyncram_component|altsyncram_n5h1:auto_generated|ram_block1a0~porta_address_reg0 ; 2.448 ; 2.319 ; Fall       ; dmac_controller:inst46|fsm_rom:inst22|altsyncram:altsyncram_component|altsyncram_n5h1:auto_generated|ram_block1a0~porta_address_reg0 ;
;  DMA_TEST_DATA[4] ; dmac_controller:inst46|fsm_rom:inst22|altsyncram:altsyncram_component|altsyncram_n5h1:auto_generated|ram_block1a0~porta_address_reg0 ; 1.077 ; 0.915 ; Fall       ; dmac_controller:inst46|fsm_rom:inst22|altsyncram:altsyncram_component|altsyncram_n5h1:auto_generated|ram_block1a0~porta_address_reg0 ;
;  DMA_TEST_DATA[5] ; dmac_controller:inst46|fsm_rom:inst22|altsyncram:altsyncram_component|altsyncram_n5h1:auto_generated|ram_block1a0~porta_address_reg0 ; 1.499 ; 1.342 ; Fall       ; dmac_controller:inst46|fsm_rom:inst22|altsyncram:altsyncram_component|altsyncram_n5h1:auto_generated|ram_block1a0~porta_address_reg0 ;
;  DMA_TEST_DATA[6] ; dmac_controller:inst46|fsm_rom:inst22|altsyncram:altsyncram_component|altsyncram_n5h1:auto_generated|ram_block1a0~porta_address_reg0 ; 1.212 ; 1.079 ; Fall       ; dmac_controller:inst46|fsm_rom:inst22|altsyncram:altsyncram_component|altsyncram_n5h1:auto_generated|ram_block1a0~porta_address_reg0 ;
;  DMA_TEST_DATA[7] ; dmac_controller:inst46|fsm_rom:inst22|altsyncram:altsyncram_component|altsyncram_n5h1:auto_generated|ram_block1a0~porta_address_reg0 ; 1.554 ; 1.390 ; Fall       ; dmac_controller:inst46|fsm_rom:inst22|altsyncram:altsyncram_component|altsyncram_n5h1:auto_generated|ram_block1a0~porta_address_reg0 ;
+-------------------+--------------------------------------------------------------------------------------------------------------------------------------+-------+-------+------------+--------------------------------------------------------------------------------------------------------------------------------------+


+--------------------------------------------------------------------------------------------------------------------------------------------------------------------------------------------------------------------------------------------------------------------------------------------------------------------------------+
; Hold Times                                                                                                                                                                                                                                                                                                                     ;
+-------------------+--------------------------------------------------------------------------------------------------------------------------------------+--------+--------+------------+--------------------------------------------------------------------------------------------------------------------------------------+
; Data Port         ; Clock Port                                                                                                                           ; Rise   ; Fall   ; Clock Edge ; Clock Reference                                                                                                                      ;
+-------------------+--------------------------------------------------------------------------------------------------------------------------------------+--------+--------+------------+--------------------------------------------------------------------------------------------------------------------------------------+
; DMA_START         ; clock                                                                                                                                ; -2.400 ; -2.224 ; Rise       ; clock                                                                                                                                ;
; DMA_TEST_DATA[*]  ; clock                                                                                                                                ; -2.191 ; -2.051 ; Rise       ; clock                                                                                                                                ;
;  DMA_TEST_DATA[0] ; clock                                                                                                                                ; -2.308 ; -2.157 ; Rise       ; clock                                                                                                                                ;
;  DMA_TEST_DATA[1] ; clock                                                                                                                                ; -2.493 ; -2.323 ; Rise       ; clock                                                                                                                                ;
;  DMA_TEST_DATA[2] ; clock                                                                                                                                ; -2.639 ; -2.475 ; Rise       ; clock                                                                                                                                ;
;  DMA_TEST_DATA[3] ; clock                                                                                                                                ; -3.111 ; -3.013 ; Rise       ; clock                                                                                                                                ;
;  DMA_TEST_DATA[4] ; clock                                                                                                                                ; -2.217 ; -2.073 ; Rise       ; clock                                                                                                                                ;
;  DMA_TEST_DATA[5] ; clock                                                                                                                                ; -2.512 ; -2.357 ; Rise       ; clock                                                                                                                                ;
;  DMA_TEST_DATA[6] ; clock                                                                                                                                ; -2.191 ; -2.051 ; Rise       ; clock                                                                                                                                ;
;  DMA_TEST_DATA[7] ; clock                                                                                                                                ; -2.649 ; -2.484 ; Rise       ; clock                                                                                                                                ;
; IR_valid          ; clock                                                                                                                                ; -3.558 ; -3.360 ; Rise       ; clock                                                                                                                                ;
; dmac_read         ; clock                                                                                                                                ; -3.066 ; -2.977 ; Rise       ; clock                                                                                                                                ;
; reset             ; clock                                                                                                                                ; -2.623 ; -2.540 ; Rise       ; clock                                                                                                                                ;
; DMA_TEST_DATA[*]  ; dmac_controller:inst46|fsm_rom:inst22|altsyncram:altsyncram_component|altsyncram_n5h1:auto_generated|ram_block1a0~porta_address_reg0 ; -0.091 ; 0.061  ; Fall       ; dmac_controller:inst46|fsm_rom:inst22|altsyncram:altsyncram_component|altsyncram_n5h1:auto_generated|ram_block1a0~porta_address_reg0 ;
;  DMA_TEST_DATA[0] ; dmac_controller:inst46|fsm_rom:inst22|altsyncram:altsyncram_component|altsyncram_n5h1:auto_generated|ram_block1a0~porta_address_reg0 ; -0.627 ; -0.495 ; Fall       ; dmac_controller:inst46|fsm_rom:inst22|altsyncram:altsyncram_component|altsyncram_n5h1:auto_generated|ram_block1a0~porta_address_reg0 ;
;  DMA_TEST_DATA[1] ; dmac_controller:inst46|fsm_rom:inst22|altsyncram:altsyncram_component|altsyncram_n5h1:auto_generated|ram_block1a0~porta_address_reg0 ; -0.726 ; -0.543 ; Fall       ; dmac_controller:inst46|fsm_rom:inst22|altsyncram:altsyncram_component|altsyncram_n5h1:auto_generated|ram_block1a0~porta_address_reg0 ;
;  DMA_TEST_DATA[2] ; dmac_controller:inst46|fsm_rom:inst22|altsyncram:altsyncram_component|altsyncram_n5h1:auto_generated|ram_block1a0~porta_address_reg0 ; -0.438 ; -0.278 ; Fall       ; dmac_controller:inst46|fsm_rom:inst22|altsyncram:altsyncram_component|altsyncram_n5h1:auto_generated|ram_block1a0~porta_address_reg0 ;
;  DMA_TEST_DATA[3] ; dmac_controller:inst46|fsm_rom:inst22|altsyncram:altsyncram_component|altsyncram_n5h1:auto_generated|ram_block1a0~porta_address_reg0 ; -1.434 ; -1.313 ; Fall       ; dmac_controller:inst46|fsm_rom:inst22|altsyncram:altsyncram_component|altsyncram_n5h1:auto_generated|ram_block1a0~porta_address_reg0 ;
;  DMA_TEST_DATA[4] ; dmac_controller:inst46|fsm_rom:inst22|altsyncram:altsyncram_component|altsyncram_n5h1:auto_generated|ram_block1a0~porta_address_reg0 ; -0.091 ; 0.061  ; Fall       ; dmac_controller:inst46|fsm_rom:inst22|altsyncram:altsyncram_component|altsyncram_n5h1:auto_generated|ram_block1a0~porta_address_reg0 ;
;  DMA_TEST_DATA[5] ; dmac_controller:inst46|fsm_rom:inst22|altsyncram:altsyncram_component|altsyncram_n5h1:auto_generated|ram_block1a0~porta_address_reg0 ; -0.492 ; -0.328 ; Fall       ; dmac_controller:inst46|fsm_rom:inst22|altsyncram:altsyncram_component|altsyncram_n5h1:auto_generated|ram_block1a0~porta_address_reg0 ;
;  DMA_TEST_DATA[6] ; dmac_controller:inst46|fsm_rom:inst22|altsyncram:altsyncram_component|altsyncram_n5h1:auto_generated|ram_block1a0~porta_address_reg0 ; -0.207 ; -0.064 ; Fall       ; dmac_controller:inst46|fsm_rom:inst22|altsyncram:altsyncram_component|altsyncram_n5h1:auto_generated|ram_block1a0~porta_address_reg0 ;
;  DMA_TEST_DATA[7] ; dmac_controller:inst46|fsm_rom:inst22|altsyncram:altsyncram_component|altsyncram_n5h1:auto_generated|ram_block1a0~porta_address_reg0 ; -0.517 ; -0.362 ; Fall       ; dmac_controller:inst46|fsm_rom:inst22|altsyncram:altsyncram_component|altsyncram_n5h1:auto_generated|ram_block1a0~porta_address_reg0 ;
+-------------------+--------------------------------------------------------------------------------------------------------------------------------------+--------+--------+------------+--------------------------------------------------------------------------------------------------------------------------------------+


+----------------------------------------------------------------------------------------------------------------------------------------------------------------------------------------------------------------------------------------------------------------------------------------------------------------------------+
; Clock to Output Times                                                                                                                                                                                                                                                                                                      ;
+-----------------+--------------------------------------------------------------------------------------------------------------------------------------+-------+-------+------------+--------------------------------------------------------------------------------------------------------------------------------------+
; Data Port       ; Clock Port                                                                                                                           ; Rise  ; Fall  ; Clock Edge ; Clock Reference                                                                                                                      ;
+-----------------+--------------------------------------------------------------------------------------------------------------------------------------+-------+-------+------------+--------------------------------------------------------------------------------------------------------------------------------------+
; CPU_HALT        ; clock                                                                                                                                ; 7.081 ; 7.138 ; Rise       ; clock                                                                                                                                ;
; DBG_BUS_BUSY    ; clock                                                                                                                                ; 7.608 ; 7.641 ; Rise       ; clock                                                                                                                                ;
; DBG_CF          ; clock                                                                                                                                ; 8.877 ; 8.755 ; Rise       ; clock                                                                                                                                ;
; DBG_GHR[*]      ; clock                                                                                                                                ; 6.408 ; 6.306 ; Rise       ; clock                                                                                                                                ;
;  DBG_GHR[0]     ; clock                                                                                                                                ; 5.827 ; 5.765 ; Rise       ; clock                                                                                                                                ;
;  DBG_GHR[1]     ; clock                                                                                                                                ; 6.076 ; 6.081 ; Rise       ; clock                                                                                                                                ;
;  DBG_GHR[2]     ; clock                                                                                                                                ; 6.108 ; 6.066 ; Rise       ; clock                                                                                                                                ;
;  DBG_GHR[3]     ; clock                                                                                                                                ; 6.408 ; 6.306 ; Rise       ; clock                                                                                                                                ;
; DBG_HIT         ; clock                                                                                                                                ; 8.763 ; 8.676 ; Rise       ; clock                                                                                                                                ;
; DBG_MISS        ; clock                                                                                                                                ; 8.688 ; 8.770 ; Rise       ; clock                                                                                                                                ;
; DBG_S           ; clock                                                                                                                                ; 9.081 ; 8.942 ; Rise       ; clock                                                                                                                                ;
; DBG_STACK_EMPTY ; clock                                                                                                                                ; 8.955 ; 8.871 ; Rise       ; clock                                                                                                                                ;
; DBG_STACK_FULL  ; clock                                                                                                                                ; 8.127 ; 8.139 ; Rise       ; clock                                                                                                                                ;
; IP_out[*]       ; clock                                                                                                                                ; 6.930 ; 6.901 ; Rise       ; clock                                                                                                                                ;
;  IP_out[0]      ; clock                                                                                                                                ; 6.589 ; 6.657 ; Rise       ; clock                                                                                                                                ;
;  IP_out[1]      ; clock                                                                                                                                ; 6.578 ; 6.525 ; Rise       ; clock                                                                                                                                ;
;  IP_out[2]      ; clock                                                                                                                                ; 6.355 ; 6.330 ; Rise       ; clock                                                                                                                                ;
;  IP_out[3]      ; clock                                                                                                                                ; 5.998 ; 5.982 ; Rise       ; clock                                                                                                                                ;
;  IP_out[4]      ; clock                                                                                                                                ; 6.085 ; 5.947 ; Rise       ; clock                                                                                                                                ;
;  IP_out[5]      ; clock                                                                                                                                ; 5.948 ; 5.902 ; Rise       ; clock                                                                                                                                ;
;  IP_out[6]      ; clock                                                                                                                                ; 6.138 ; 6.103 ; Rise       ; clock                                                                                                                                ;
;  IP_out[7]      ; clock                                                                                                                                ; 6.097 ; 6.083 ; Rise       ; clock                                                                                                                                ;
;  IP_out[8]      ; clock                                                                                                                                ; 6.110 ; 6.006 ; Rise       ; clock                                                                                                                                ;
;  IP_out[9]      ; clock                                                                                                                                ; 6.787 ; 6.877 ; Rise       ; clock                                                                                                                                ;
;  IP_out[10]     ; clock                                                                                                                                ; 6.527 ; 6.512 ; Rise       ; clock                                                                                                                                ;
;  IP_out[11]     ; clock                                                                                                                                ; 6.930 ; 6.901 ; Rise       ; clock                                                                                                                                ;
;  IP_out[12]     ; clock                                                                                                                                ; 5.789 ; 5.790 ; Rise       ; clock                                                                                                                                ;
;  IP_out[13]     ; clock                                                                                                                                ; 6.204 ; 6.138 ; Rise       ; clock                                                                                                                                ;
;  IP_out[14]     ; clock                                                                                                                                ; 6.104 ; 6.091 ; Rise       ; clock                                                                                                                                ;
;  IP_out[15]     ; clock                                                                                                                                ; 6.573 ; 6.564 ; Rise       ; clock                                                                                                                                ;
; IR_out[*]       ; clock                                                                                                                                ; 7.116 ; 7.074 ; Rise       ; clock                                                                                                                                ;
;  IR_out[0]      ; clock                                                                                                                                ; 6.122 ; 6.034 ; Rise       ; clock                                                                                                                                ;
;  IR_out[1]      ; clock                                                                                                                                ; 7.116 ; 7.074 ; Rise       ; clock                                                                                                                                ;
;  IR_out[2]      ; clock                                                                                                                                ; 6.381 ; 6.306 ; Rise       ; clock                                                                                                                                ;
;  IR_out[3]      ; clock                                                                                                                                ; 6.413 ; 6.358 ; Rise       ; clock                                                                                                                                ;
;  IR_out[4]      ; clock                                                                                                                                ; 6.674 ; 6.632 ; Rise       ; clock                                                                                                                                ;
;  IR_out[5]      ; clock                                                                                                                                ; 6.097 ; 6.077 ; Rise       ; clock                                                                                                                                ;
;  IR_out[6]      ; clock                                                                                                                                ; 6.029 ; 6.015 ; Rise       ; clock                                                                                                                                ;
;  IR_out[7]      ; clock                                                                                                                                ; 6.438 ; 6.362 ; Rise       ; clock                                                                                                                                ;
; NOTZ_en         ; clock                                                                                                                                ; 7.342 ; 7.264 ; Rise       ; clock                                                                                                                                ;
; DBG_DMA_BUSY    ; dmac_controller:inst46|fsm_rom:inst22|altsyncram:altsyncram_component|altsyncram_n5h1:auto_generated|ram_block1a0~porta_address_reg0 ; 5.812 ; 5.742 ; Rise       ; dmac_controller:inst46|fsm_rom:inst22|altsyncram:altsyncram_component|altsyncram_n5h1:auto_generated|ram_block1a0~porta_address_reg0 ;
; DBG_DMA_DONE    ; dmac_controller:inst46|fsm_rom:inst22|altsyncram:altsyncram_component|altsyncram_n5h1:auto_generated|ram_block1a0~porta_address_reg0 ; 5.740 ; 5.800 ; Rise       ; dmac_controller:inst46|fsm_rom:inst22|altsyncram:altsyncram_component|altsyncram_n5h1:auto_generated|ram_block1a0~porta_address_reg0 ;
; DBG_DMA_BUSY    ; dmac_controller:inst46|fsm_rom:inst22|altsyncram:altsyncram_component|altsyncram_n5h1:auto_generated|ram_block1a0~porta_address_reg0 ; 5.812 ; 5.739 ; Fall       ; dmac_controller:inst46|fsm_rom:inst22|altsyncram:altsyncram_component|altsyncram_n5h1:auto_generated|ram_block1a0~porta_address_reg0 ;
; DBG_DMA_DONE    ; dmac_controller:inst46|fsm_rom:inst22|altsyncram:altsyncram_component|altsyncram_n5h1:auto_generated|ram_block1a0~porta_address_reg0 ; 5.737 ; 5.800 ; Fall       ; dmac_controller:inst46|fsm_rom:inst22|altsyncram:altsyncram_component|altsyncram_n5h1:auto_generated|ram_block1a0~porta_address_reg0 ;
+-----------------+--------------------------------------------------------------------------------------------------------------------------------------+-------+-------+------------+--------------------------------------------------------------------------------------------------------------------------------------+


+----------------------------------------------------------------------------------------------------------------------------------------------------------------------------------------------------------------------------------------------------------------------------------------------------------------------------+
; Minimum Clock to Output Times                                                                                                                                                                                                                                                                                              ;
+-----------------+--------------------------------------------------------------------------------------------------------------------------------------+-------+-------+------------+--------------------------------------------------------------------------------------------------------------------------------------+
; Data Port       ; Clock Port                                                                                                                           ; Rise  ; Fall  ; Clock Edge ; Clock Reference                                                                                                                      ;
+-----------------+--------------------------------------------------------------------------------------------------------------------------------------+-------+-------+------------+--------------------------------------------------------------------------------------------------------------------------------------+
; CPU_HALT        ; clock                                                                                                                                ; 6.038 ; 6.093 ; Rise       ; clock                                                                                                                                ;
; DBG_BUS_BUSY    ; clock                                                                                                                                ; 7.134 ; 7.200 ; Rise       ; clock                                                                                                                                ;
; DBG_CF          ; clock                                                                                                                                ; 6.514 ; 6.436 ; Rise       ; clock                                                                                                                                ;
; DBG_GHR[*]      ; clock                                                                                                                                ; 5.553 ; 5.492 ; Rise       ; clock                                                                                                                                ;
;  DBG_GHR[0]     ; clock                                                                                                                                ; 5.553 ; 5.492 ; Rise       ; clock                                                                                                                                ;
;  DBG_GHR[1]     ; clock                                                                                                                                ; 5.789 ; 5.791 ; Rise       ; clock                                                                                                                                ;
;  DBG_GHR[2]     ; clock                                                                                                                                ; 5.821 ; 5.779 ; Rise       ; clock                                                                                                                                ;
;  DBG_GHR[3]     ; clock                                                                                                                                ; 6.109 ; 6.009 ; Rise       ; clock                                                                                                                                ;
; DBG_HIT         ; clock                                                                                                                                ; 6.806 ; 6.759 ; Rise       ; clock                                                                                                                                ;
; DBG_MISS        ; clock                                                                                                                                ; 6.773 ; 6.811 ; Rise       ; clock                                                                                                                                ;
; DBG_S           ; clock                                                                                                                                ; 7.110 ; 6.988 ; Rise       ; clock                                                                                                                                ;
; DBG_STACK_EMPTY ; clock                                                                                                                                ; 6.954 ; 6.931 ; Rise       ; clock                                                                                                                                ;
; DBG_STACK_FULL  ; clock                                                                                                                                ; 6.217 ; 6.314 ; Rise       ; clock                                                                                                                                ;
; IP_out[*]       ; clock                                                                                                                                ; 5.498 ; 5.496 ; Rise       ; clock                                                                                                                                ;
;  IP_out[0]      ; clock                                                                                                                                ; 6.278 ; 6.341 ; Rise       ; clock                                                                                                                                ;
;  IP_out[1]      ; clock                                                                                                                                ; 6.250 ; 6.196 ; Rise       ; clock                                                                                                                                ;
;  IP_out[2]      ; clock                                                                                                                                ; 6.036 ; 6.010 ; Rise       ; clock                                                                                                                                ;
;  IP_out[3]      ; clock                                                                                                                                ; 5.700 ; 5.681 ; Rise       ; clock                                                                                                                                ;
;  IP_out[4]      ; clock                                                                                                                                ; 5.781 ; 5.646 ; Rise       ; clock                                                                                                                                ;
;  IP_out[5]      ; clock                                                                                                                                ; 5.649 ; 5.602 ; Rise       ; clock                                                                                                                                ;
;  IP_out[6]      ; clock                                                                                                                                ; 5.851 ; 5.814 ; Rise       ; clock                                                                                                                                ;
;  IP_out[7]      ; clock                                                                                                                                ; 5.793 ; 5.777 ; Rise       ; clock                                                                                                                                ;
;  IP_out[8]      ; clock                                                                                                                                ; 5.824 ; 5.722 ; Rise       ; clock                                                                                                                                ;
;  IP_out[9]      ; clock                                                                                                                                ; 6.466 ; 6.549 ; Rise       ; clock                                                                                                                                ;
;  IP_out[10]     ; clock                                                                                                                                ; 6.199 ; 6.181 ; Rise       ; clock                                                                                                                                ;
;  IP_out[11]     ; clock                                                                                                                                ; 6.605 ; 6.574 ; Rise       ; clock                                                                                                                                ;
;  IP_out[12]     ; clock                                                                                                                                ; 5.498 ; 5.496 ; Rise       ; clock                                                                                                                                ;
;  IP_out[13]     ; clock                                                                                                                                ; 5.913 ; 5.847 ; Rise       ; clock                                                                                                                                ;
;  IP_out[14]     ; clock                                                                                                                                ; 5.800 ; 5.784 ; Rise       ; clock                                                                                                                                ;
;  IP_out[15]     ; clock                                                                                                                                ; 6.246 ; 6.234 ; Rise       ; clock                                                                                                                                ;
; IR_out[*]       ; clock                                                                                                                                ; 5.728 ; 5.711 ; Rise       ; clock                                                                                                                                ;
;  IR_out[0]      ; clock                                                                                                                                ; 5.817 ; 5.729 ; Rise       ; clock                                                                                                                                ;
;  IR_out[1]      ; clock                                                                                                                                ; 6.779 ; 6.736 ; Rise       ; clock                                                                                                                                ;
;  IR_out[2]      ; clock                                                                                                                                ; 6.084 ; 6.010 ; Rise       ; clock                                                                                                                                ;
;  IR_out[3]      ; clock                                                                                                                                ; 6.090 ; 6.036 ; Rise       ; clock                                                                                                                                ;
;  IR_out[4]      ; clock                                                                                                                                ; 6.342 ; 6.299 ; Rise       ; clock                                                                                                                                ;
;  IR_out[5]      ; clock                                                                                                                                ; 5.793 ; 5.770 ; Rise       ; clock                                                                                                                                ;
;  IR_out[6]      ; clock                                                                                                                                ; 5.728 ; 5.711 ; Rise       ; clock                                                                                                                                ;
;  IR_out[7]      ; clock                                                                                                                                ; 6.115 ; 6.040 ; Rise       ; clock                                                                                                                                ;
; NOTZ_en         ; clock                                                                                                                                ; 6.754 ; 6.642 ; Rise       ; clock                                                                                                                                ;
; DBG_DMA_BUSY    ; dmac_controller:inst46|fsm_rom:inst22|altsyncram:altsyncram_component|altsyncram_n5h1:auto_generated|ram_block1a0~porta_address_reg0 ; 5.063 ; 5.015 ; Rise       ; dmac_controller:inst46|fsm_rom:inst22|altsyncram:altsyncram_component|altsyncram_n5h1:auto_generated|ram_block1a0~porta_address_reg0 ;
; DBG_DMA_DONE    ; dmac_controller:inst46|fsm_rom:inst22|altsyncram:altsyncram_component|altsyncram_n5h1:auto_generated|ram_block1a0~porta_address_reg0 ; 5.015 ; 5.049 ; Rise       ; dmac_controller:inst46|fsm_rom:inst22|altsyncram:altsyncram_component|altsyncram_n5h1:auto_generated|ram_block1a0~porta_address_reg0 ;
; DBG_DMA_BUSY    ; dmac_controller:inst46|fsm_rom:inst22|altsyncram:altsyncram_component|altsyncram_n5h1:auto_generated|ram_block1a0~porta_address_reg0 ; 5.065 ; 5.015 ; Fall       ; dmac_controller:inst46|fsm_rom:inst22|altsyncram:altsyncram_component|altsyncram_n5h1:auto_generated|ram_block1a0~porta_address_reg0 ;
; DBG_DMA_DONE    ; dmac_controller:inst46|fsm_rom:inst22|altsyncram:altsyncram_component|altsyncram_n5h1:auto_generated|ram_block1a0~porta_address_reg0 ; 5.015 ; 5.051 ; Fall       ; dmac_controller:inst46|fsm_rom:inst22|altsyncram:altsyncram_component|altsyncram_n5h1:auto_generated|ram_block1a0~porta_address_reg0 ;
+-----------------+--------------------------------------------------------------------------------------------------------------------------------------+-------+-------+------------+--------------------------------------------------------------------------------------------------------------------------------------+


----------------------------------------------
; Slow 1100mV 85C Model Metastability Report ;
----------------------------------------------
No synchronizer chains to report.


+--------------------------------------------------+
; Slow 1100mV 0C Model Fmax Summary                ;
+------------+-----------------+------------+------+
; Fmax       ; Restricted Fmax ; Clock Name ; Note ;
+------------+-----------------+------------+------+
; 201.78 MHz ; 201.78 MHz      ; clock      ;      ;
+------------+-----------------+------------+------+
This panel reports FMAX for every clock in the design, regardless of the user-specified clock periods.  FMAX is only computed for paths where the source and destination registers or ports are driven by the same clock.  Paths of different clocks, including generated clocks, are ignored.  For paths between a clock and its inversion, FMAX is computed as if the rising and falling edges are scaled along with FMAX, such that the duty cycle (in terms of a percentage) is maintained. Altera recommends that you always use clock constraints and other slack reports for sign-off analysis.


+------------------------------------+
; Slow 1100mV 0C Model Setup Summary ;
+-------+--------+-------------------+
; Clock ; Slack  ; End Point TNS     ;
+-------+--------+-------------------+
; clock ; -3.956 ; -477.594          ;
+-------+--------+-------------------+


+-----------------------------------+
; Slow 1100mV 0C Model Hold Summary ;
+-------+--------+------------------+
; Clock ; Slack  ; End Point TNS    ;
+-------+--------+------------------+
; clock ; -0.934 ; -6.422           ;
+-------+--------+------------------+


+---------------------------------------+
; Slow 1100mV 0C Model Recovery Summary ;
+-------+--------+----------------------+
; Clock ; Slack  ; End Point TNS        ;
+-------+--------+----------------------+
; clock ; -0.079 ; -0.632               ;
+-------+--------+----------------------+


+--------------------------------------+
; Slow 1100mV 0C Model Removal Summary ;
+-------+-------+----------------------+
; Clock ; Slack ; End Point TNS        ;
+-------+-------+----------------------+
; clock ; 0.117 ; 0.000                ;
+-------+-------+----------------------+


+---------------------------------------------------------------------------------------------------------------------------------------------------------------+
; Slow 1100mV 0C Model Minimum Pulse Width Summary                                                                                                              ;
+--------------------------------------------------------------------------------------------------------------------------------------+--------+---------------+
; Clock                                                                                                                                ; Slack  ; End Point TNS ;
+--------------------------------------------------------------------------------------------------------------------------------------+--------+---------------+
; clock                                                                                                                                ; -1.666 ; -412.764      ;
; dmac_controller:inst46|fsm_rom:inst22|altsyncram:altsyncram_component|altsyncram_n5h1:auto_generated|ram_block1a0~porta_address_reg0 ; 0.383  ; 0.000         ;
+--------------------------------------------------------------------------------------------------------------------------------------+--------+---------------+


+------------------------------------------------------------------------------------------------------------------------------------------------------------------------------------------------------------------------------------------------------------------------------------------------------------------------------+
; Setup Times                                                                                                                                                                                                                                                                                                                  ;
+-------------------+--------------------------------------------------------------------------------------------------------------------------------------+-------+-------+------------+--------------------------------------------------------------------------------------------------------------------------------------+
; Data Port         ; Clock Port                                                                                                                           ; Rise  ; Fall  ; Clock Edge ; Clock Reference                                                                                                                      ;
+-------------------+--------------------------------------------------------------------------------------------------------------------------------------+-------+-------+------------+--------------------------------------------------------------------------------------------------------------------------------------+
; DMA_START         ; clock                                                                                                                                ; 2.723 ; 2.541 ; Rise       ; clock                                                                                                                                ;
; DMA_TEST_DATA[*]  ; clock                                                                                                                                ; 5.146 ; 5.052 ; Rise       ; clock                                                                                                                                ;
;  DMA_TEST_DATA[0] ; clock                                                                                                                                ; 4.499 ; 4.376 ; Rise       ; clock                                                                                                                                ;
;  DMA_TEST_DATA[1] ; clock                                                                                                                                ; 4.206 ; 4.034 ; Rise       ; clock                                                                                                                                ;
;  DMA_TEST_DATA[2] ; clock                                                                                                                                ; 4.149 ; 4.035 ; Rise       ; clock                                                                                                                                ;
;  DMA_TEST_DATA[3] ; clock                                                                                                                                ; 5.146 ; 5.052 ; Rise       ; clock                                                                                                                                ;
;  DMA_TEST_DATA[4] ; clock                                                                                                                                ; 3.966 ; 3.830 ; Rise       ; clock                                                                                                                                ;
;  DMA_TEST_DATA[5] ; clock                                                                                                                                ; 4.198 ; 4.009 ; Rise       ; clock                                                                                                                                ;
;  DMA_TEST_DATA[6] ; clock                                                                                                                                ; 3.754 ; 3.620 ; Rise       ; clock                                                                                                                                ;
;  DMA_TEST_DATA[7] ; clock                                                                                                                                ; 4.148 ; 3.927 ; Rise       ; clock                                                                                                                                ;
; IR_valid          ; clock                                                                                                                                ; 3.888 ; 3.754 ; Rise       ; clock                                                                                                                                ;
; dmac_read         ; clock                                                                                                                                ; 3.739 ; 3.666 ; Rise       ; clock                                                                                                                                ;
; reset             ; clock                                                                                                                                ; 5.919 ; 5.839 ; Rise       ; clock                                                                                                                                ;
; DMA_TEST_DATA[*]  ; dmac_controller:inst46|fsm_rom:inst22|altsyncram:altsyncram_component|altsyncram_n5h1:auto_generated|ram_block1a0~porta_address_reg0 ; 2.337 ; 2.217 ; Fall       ; dmac_controller:inst46|fsm_rom:inst22|altsyncram:altsyncram_component|altsyncram_n5h1:auto_generated|ram_block1a0~porta_address_reg0 ;
;  DMA_TEST_DATA[0] ; dmac_controller:inst46|fsm_rom:inst22|altsyncram:altsyncram_component|altsyncram_n5h1:auto_generated|ram_block1a0~porta_address_reg0 ; 1.685 ; 1.550 ; Fall       ; dmac_controller:inst46|fsm_rom:inst22|altsyncram:altsyncram_component|altsyncram_n5h1:auto_generated|ram_block1a0~porta_address_reg0 ;
;  DMA_TEST_DATA[1] ; dmac_controller:inst46|fsm_rom:inst22|altsyncram:altsyncram_component|altsyncram_n5h1:auto_generated|ram_block1a0~porta_address_reg0 ; 1.630 ; 1.467 ; Fall       ; dmac_controller:inst46|fsm_rom:inst22|altsyncram:altsyncram_component|altsyncram_n5h1:auto_generated|ram_block1a0~porta_address_reg0 ;
;  DMA_TEST_DATA[2] ; dmac_controller:inst46|fsm_rom:inst22|altsyncram:altsyncram_component|altsyncram_n5h1:auto_generated|ram_block1a0~porta_address_reg0 ; 1.396 ; 1.253 ; Fall       ; dmac_controller:inst46|fsm_rom:inst22|altsyncram:altsyncram_component|altsyncram_n5h1:auto_generated|ram_block1a0~porta_address_reg0 ;
;  DMA_TEST_DATA[3] ; dmac_controller:inst46|fsm_rom:inst22|altsyncram:altsyncram_component|altsyncram_n5h1:auto_generated|ram_block1a0~porta_address_reg0 ; 2.337 ; 2.217 ; Fall       ; dmac_controller:inst46|fsm_rom:inst22|altsyncram:altsyncram_component|altsyncram_n5h1:auto_generated|ram_block1a0~porta_address_reg0 ;
;  DMA_TEST_DATA[4] ; dmac_controller:inst46|fsm_rom:inst22|altsyncram:altsyncram_component|altsyncram_n5h1:auto_generated|ram_block1a0~porta_address_reg0 ; 1.037 ; 0.889 ; Fall       ; dmac_controller:inst46|fsm_rom:inst22|altsyncram:altsyncram_component|altsyncram_n5h1:auto_generated|ram_block1a0~porta_address_reg0 ;
;  DMA_TEST_DATA[5] ; dmac_controller:inst46|fsm_rom:inst22|altsyncram:altsyncram_component|altsyncram_n5h1:auto_generated|ram_block1a0~porta_address_reg0 ; 1.427 ; 1.273 ; Fall       ; dmac_controller:inst46|fsm_rom:inst22|altsyncram:altsyncram_component|altsyncram_n5h1:auto_generated|ram_block1a0~porta_address_reg0 ;
;  DMA_TEST_DATA[6] ; dmac_controller:inst46|fsm_rom:inst22|altsyncram:altsyncram_component|altsyncram_n5h1:auto_generated|ram_block1a0~porta_address_reg0 ; 1.151 ; 1.032 ; Fall       ; dmac_controller:inst46|fsm_rom:inst22|altsyncram:altsyncram_component|altsyncram_n5h1:auto_generated|ram_block1a0~porta_address_reg0 ;
;  DMA_TEST_DATA[7] ; dmac_controller:inst46|fsm_rom:inst22|altsyncram:altsyncram_component|altsyncram_n5h1:auto_generated|ram_block1a0~porta_address_reg0 ; 1.487 ; 1.329 ; Fall       ; dmac_controller:inst46|fsm_rom:inst22|altsyncram:altsyncram_component|altsyncram_n5h1:auto_generated|ram_block1a0~porta_address_reg0 ;
+-------------------+--------------------------------------------------------------------------------------------------------------------------------------+-------+-------+------------+--------------------------------------------------------------------------------------------------------------------------------------+


+--------------------------------------------------------------------------------------------------------------------------------------------------------------------------------------------------------------------------------------------------------------------------------------------------------------------------------+
; Hold Times                                                                                                                                                                                                                                                                                                                     ;
+-------------------+--------------------------------------------------------------------------------------------------------------------------------------+--------+--------+------------+--------------------------------------------------------------------------------------------------------------------------------------+
; Data Port         ; Clock Port                                                                                                                           ; Rise   ; Fall   ; Clock Edge ; Clock Reference                                                                                                                      ;
+-------------------+--------------------------------------------------------------------------------------------------------------------------------------+--------+--------+------------+--------------------------------------------------------------------------------------------------------------------------------------+
; DMA_START         ; clock                                                                                                                                ; -2.284 ; -2.108 ; Rise       ; clock                                                                                                                                ;
; DMA_TEST_DATA[*]  ; clock                                                                                                                                ; -2.068 ; -1.947 ; Rise       ; clock                                                                                                                                ;
;  DMA_TEST_DATA[0] ; clock                                                                                                                                ; -2.189 ; -2.051 ; Rise       ; clock                                                                                                                                ;
;  DMA_TEST_DATA[1] ; clock                                                                                                                                ; -2.361 ; -2.205 ; Rise       ; clock                                                                                                                                ;
;  DMA_TEST_DATA[2] ; clock                                                                                                                                ; -2.507 ; -2.355 ; Rise       ; clock                                                                                                                                ;
;  DMA_TEST_DATA[3] ; clock                                                                                                                                ; -2.960 ; -2.870 ; Rise       ; clock                                                                                                                                ;
;  DMA_TEST_DATA[4] ; clock                                                                                                                                ; -2.112 ; -1.984 ; Rise       ; clock                                                                                                                                ;
;  DMA_TEST_DATA[5] ; clock                                                                                                                                ; -2.377 ; -2.235 ; Rise       ; clock                                                                                                                                ;
;  DMA_TEST_DATA[6] ; clock                                                                                                                                ; -2.068 ; -1.947 ; Rise       ; clock                                                                                                                                ;
;  DMA_TEST_DATA[7] ; clock                                                                                                                                ; -2.520 ; -2.372 ; Rise       ; clock                                                                                                                                ;
; IR_valid          ; clock                                                                                                                                ; -3.353 ; -3.180 ; Rise       ; clock                                                                                                                                ;
; dmac_read         ; clock                                                                                                                                ; -2.914 ; -2.827 ; Rise       ; clock                                                                                                                                ;
; reset             ; clock                                                                                                                                ; -2.502 ; -2.419 ; Rise       ; clock                                                                                                                                ;
; DMA_TEST_DATA[*]  ; dmac_controller:inst46|fsm_rom:inst22|altsyncram:altsyncram_component|altsyncram_n5h1:auto_generated|ram_block1a0~porta_address_reg0 ; -0.177 ; -0.037 ; Fall       ; dmac_controller:inst46|fsm_rom:inst22|altsyncram:altsyncram_component|altsyncram_n5h1:auto_generated|ram_block1a0~porta_address_reg0 ;
;  DMA_TEST_DATA[0] ; dmac_controller:inst46|fsm_rom:inst22|altsyncram:altsyncram_component|altsyncram_n5h1:auto_generated|ram_block1a0~porta_address_reg0 ; -0.677 ; -0.549 ; Fall       ; dmac_controller:inst46|fsm_rom:inst22|altsyncram:altsyncram_component|altsyncram_n5h1:auto_generated|ram_block1a0~porta_address_reg0 ;
;  DMA_TEST_DATA[1] ; dmac_controller:inst46|fsm_rom:inst22|altsyncram:altsyncram_component|altsyncram_n5h1:auto_generated|ram_block1a0~porta_address_reg0 ; -0.770 ; -0.601 ; Fall       ; dmac_controller:inst46|fsm_rom:inst22|altsyncram:altsyncram_component|altsyncram_n5h1:auto_generated|ram_block1a0~porta_address_reg0 ;
;  DMA_TEST_DATA[2] ; dmac_controller:inst46|fsm_rom:inst22|altsyncram:altsyncram_component|altsyncram_n5h1:auto_generated|ram_block1a0~porta_address_reg0 ; -0.506 ; -0.354 ; Fall       ; dmac_controller:inst46|fsm_rom:inst22|altsyncram:altsyncram_component|altsyncram_n5h1:auto_generated|ram_block1a0~porta_address_reg0 ;
;  DMA_TEST_DATA[3] ; dmac_controller:inst46|fsm_rom:inst22|altsyncram:altsyncram_component|altsyncram_n5h1:auto_generated|ram_block1a0~porta_address_reg0 ; -1.449 ; -1.337 ; Fall       ; dmac_controller:inst46|fsm_rom:inst22|altsyncram:altsyncram_component|altsyncram_n5h1:auto_generated|ram_block1a0~porta_address_reg0 ;
;  DMA_TEST_DATA[4] ; dmac_controller:inst46|fsm_rom:inst22|altsyncram:altsyncram_component|altsyncram_n5h1:auto_generated|ram_block1a0~porta_address_reg0 ; -0.177 ; -0.037 ; Fall       ; dmac_controller:inst46|fsm_rom:inst22|altsyncram:altsyncram_component|altsyncram_n5h1:auto_generated|ram_block1a0~porta_address_reg0 ;
;  DMA_TEST_DATA[5] ; dmac_controller:inst46|fsm_rom:inst22|altsyncram:altsyncram_component|altsyncram_n5h1:auto_generated|ram_block1a0~porta_address_reg0 ; -0.549 ; -0.387 ; Fall       ; dmac_controller:inst46|fsm_rom:inst22|altsyncram:altsyncram_component|altsyncram_n5h1:auto_generated|ram_block1a0~porta_address_reg0 ;
;  DMA_TEST_DATA[6] ; dmac_controller:inst46|fsm_rom:inst22|altsyncram:altsyncram_component|altsyncram_n5h1:auto_generated|ram_block1a0~porta_address_reg0 ; -0.276 ; -0.147 ; Fall       ; dmac_controller:inst46|fsm_rom:inst22|altsyncram:altsyncram_component|altsyncram_n5h1:auto_generated|ram_block1a0~porta_address_reg0 ;
;  DMA_TEST_DATA[7] ; dmac_controller:inst46|fsm_rom:inst22|altsyncram:altsyncram_component|altsyncram_n5h1:auto_generated|ram_block1a0~porta_address_reg0 ; -0.582 ; -0.433 ; Fall       ; dmac_controller:inst46|fsm_rom:inst22|altsyncram:altsyncram_component|altsyncram_n5h1:auto_generated|ram_block1a0~porta_address_reg0 ;
+-------------------+--------------------------------------------------------------------------------------------------------------------------------------+--------+--------+------------+--------------------------------------------------------------------------------------------------------------------------------------+


+----------------------------------------------------------------------------------------------------------------------------------------------------------------------------------------------------------------------------------------------------------------------------------------------------------------------------+
; Clock to Output Times                                                                                                                                                                                                                                                                                                      ;
+-----------------+--------------------------------------------------------------------------------------------------------------------------------------+-------+-------+------------+--------------------------------------------------------------------------------------------------------------------------------------+
; Data Port       ; Clock Port                                                                                                                           ; Rise  ; Fall  ; Clock Edge ; Clock Reference                                                                                                                      ;
+-----------------+--------------------------------------------------------------------------------------------------------------------------------------+-------+-------+------------+--------------------------------------------------------------------------------------------------------------------------------------+
; CPU_HALT        ; clock                                                                                                                                ; 6.693 ; 6.735 ; Rise       ; clock                                                                                                                                ;
; DBG_BUS_BUSY    ; clock                                                                                                                                ; 7.190 ; 7.242 ; Rise       ; clock                                                                                                                                ;
; DBG_CF          ; clock                                                                                                                                ; 8.341 ; 8.237 ; Rise       ; clock                                                                                                                                ;
; DBG_GHR[*]      ; clock                                                                                                                                ; 6.040 ; 5.968 ; Rise       ; clock                                                                                                                                ;
;  DBG_GHR[0]     ; clock                                                                                                                                ; 5.504 ; 5.447 ; Rise       ; clock                                                                                                                                ;
;  DBG_GHR[1]     ; clock                                                                                                                                ; 5.751 ; 5.742 ; Rise       ; clock                                                                                                                                ;
;  DBG_GHR[2]     ; clock                                                                                                                                ; 5.776 ; 5.738 ; Rise       ; clock                                                                                                                                ;
;  DBG_GHR[3]     ; clock                                                                                                                                ; 6.040 ; 5.968 ; Rise       ; clock                                                                                                                                ;
; DBG_HIT         ; clock                                                                                                                                ; 8.209 ; 8.143 ; Rise       ; clock                                                                                                                                ;
; DBG_MISS        ; clock                                                                                                                                ; 8.156 ; 8.215 ; Rise       ; clock                                                                                                                                ;
; DBG_S           ; clock                                                                                                                                ; 8.539 ; 8.418 ; Rise       ; clock                                                                                                                                ;
; DBG_STACK_EMPTY ; clock                                                                                                                                ; 8.452 ; 8.357 ; Rise       ; clock                                                                                                                                ;
; DBG_STACK_FULL  ; clock                                                                                                                                ; 7.670 ; 7.656 ; Rise       ; clock                                                                                                                                ;
; IP_out[*]       ; clock                                                                                                                                ; 6.546 ; 6.541 ; Rise       ; clock                                                                                                                                ;
;  IP_out[0]      ; clock                                                                                                                                ; 6.253 ; 6.333 ; Rise       ; clock                                                                                                                                ;
;  IP_out[1]      ; clock                                                                                                                                ; 6.214 ; 6.172 ; Rise       ; clock                                                                                                                                ;
;  IP_out[2]      ; clock                                                                                                                                ; 6.006 ; 5.975 ; Rise       ; clock                                                                                                                                ;
;  IP_out[3]      ; clock                                                                                                                                ; 5.678 ; 5.647 ; Rise       ; clock                                                                                                                                ;
;  IP_out[4]      ; clock                                                                                                                                ; 5.761 ; 5.668 ; Rise       ; clock                                                                                                                                ;
;  IP_out[5]      ; clock                                                                                                                                ; 5.617 ; 5.576 ; Rise       ; clock                                                                                                                                ;
;  IP_out[6]      ; clock                                                                                                                                ; 5.789 ; 5.764 ; Rise       ; clock                                                                                                                                ;
;  IP_out[7]      ; clock                                                                                                                                ; 5.769 ; 5.751 ; Rise       ; clock                                                                                                                                ;
;  IP_out[8]      ; clock                                                                                                                                ; 5.769 ; 5.681 ; Rise       ; clock                                                                                                                                ;
;  IP_out[9]      ; clock                                                                                                                                ; 6.429 ; 6.541 ; Rise       ; clock                                                                                                                                ;
;  IP_out[10]     ; clock                                                                                                                                ; 6.171 ; 6.166 ; Rise       ; clock                                                                                                                                ;
;  IP_out[11]     ; clock                                                                                                                                ; 6.546 ; 6.503 ; Rise       ; clock                                                                                                                                ;
;  IP_out[12]     ; clock                                                                                                                                ; 5.481 ; 5.488 ; Rise       ; clock                                                                                                                                ;
;  IP_out[13]     ; clock                                                                                                                                ; 5.861 ; 5.801 ; Rise       ; clock                                                                                                                                ;
;  IP_out[14]     ; clock                                                                                                                                ; 5.775 ; 5.759 ; Rise       ; clock                                                                                                                                ;
;  IP_out[15]     ; clock                                                                                                                                ; 6.226 ; 6.221 ; Rise       ; clock                                                                                                                                ;
; IR_out[*]       ; clock                                                                                                                                ; 6.752 ; 6.730 ; Rise       ; clock                                                                                                                                ;
;  IR_out[0]      ; clock                                                                                                                                ; 5.784 ; 5.703 ; Rise       ; clock                                                                                                                                ;
;  IR_out[1]      ; clock                                                                                                                                ; 6.752 ; 6.730 ; Rise       ; clock                                                                                                                                ;
;  IR_out[2]      ; clock                                                                                                                                ; 6.037 ; 5.967 ; Rise       ; clock                                                                                                                                ;
;  IR_out[3]      ; clock                                                                                                                                ; 6.053 ; 6.028 ; Rise       ; clock                                                                                                                                ;
;  IR_out[4]      ; clock                                                                                                                                ; 6.310 ; 6.261 ; Rise       ; clock                                                                                                                                ;
;  IR_out[5]      ; clock                                                                                                                                ; 5.765 ; 5.726 ; Rise       ; clock                                                                                                                                ;
;  IR_out[6]      ; clock                                                                                                                                ; 5.696 ; 5.680 ; Rise       ; clock                                                                                                                                ;
;  IR_out[7]      ; clock                                                                                                                                ; 6.078 ; 6.026 ; Rise       ; clock                                                                                                                                ;
; NOTZ_en         ; clock                                                                                                                                ; 6.952 ; 6.877 ; Rise       ; clock                                                                                                                                ;
; DBG_DMA_BUSY    ; dmac_controller:inst46|fsm_rom:inst22|altsyncram:altsyncram_component|altsyncram_n5h1:auto_generated|ram_block1a0~porta_address_reg0 ; 5.545 ; 5.483 ; Rise       ; dmac_controller:inst46|fsm_rom:inst22|altsyncram:altsyncram_component|altsyncram_n5h1:auto_generated|ram_block1a0~porta_address_reg0 ;
; DBG_DMA_DONE    ; dmac_controller:inst46|fsm_rom:inst22|altsyncram:altsyncram_component|altsyncram_n5h1:auto_generated|ram_block1a0~porta_address_reg0 ; 5.482 ; 5.532 ; Rise       ; dmac_controller:inst46|fsm_rom:inst22|altsyncram:altsyncram_component|altsyncram_n5h1:auto_generated|ram_block1a0~porta_address_reg0 ;
; DBG_DMA_BUSY    ; dmac_controller:inst46|fsm_rom:inst22|altsyncram:altsyncram_component|altsyncram_n5h1:auto_generated|ram_block1a0~porta_address_reg0 ; 5.545 ; 5.458 ; Fall       ; dmac_controller:inst46|fsm_rom:inst22|altsyncram:altsyncram_component|altsyncram_n5h1:auto_generated|ram_block1a0~porta_address_reg0 ;
; DBG_DMA_DONE    ; dmac_controller:inst46|fsm_rom:inst22|altsyncram:altsyncram_component|altsyncram_n5h1:auto_generated|ram_block1a0~porta_address_reg0 ; 5.457 ; 5.532 ; Fall       ; dmac_controller:inst46|fsm_rom:inst22|altsyncram:altsyncram_component|altsyncram_n5h1:auto_generated|ram_block1a0~porta_address_reg0 ;
+-----------------+--------------------------------------------------------------------------------------------------------------------------------------+-------+-------+------------+--------------------------------------------------------------------------------------------------------------------------------------+


+----------------------------------------------------------------------------------------------------------------------------------------------------------------------------------------------------------------------------------------------------------------------------------------------------------------------------+
; Minimum Clock to Output Times                                                                                                                                                                                                                                                                                              ;
+-----------------+--------------------------------------------------------------------------------------------------------------------------------------+-------+-------+------------+--------------------------------------------------------------------------------------------------------------------------------------+
; Data Port       ; Clock Port                                                                                                                           ; Rise  ; Fall  ; Clock Edge ; Clock Reference                                                                                                                      ;
+-----------------+--------------------------------------------------------------------------------------------------------------------------------------+-------+-------+------------+--------------------------------------------------------------------------------------------------------------------------------------+
; CPU_HALT        ; clock                                                                                                                                ; 5.717 ; 5.765 ; Rise       ; clock                                                                                                                                ;
; DBG_BUS_BUSY    ; clock                                                                                                                                ; 6.758 ; 6.830 ; Rise       ; clock                                                                                                                                ;
; DBG_CF          ; clock                                                                                                                                ; 6.160 ; 6.089 ; Rise       ; clock                                                                                                                                ;
; DBG_GHR[*]      ; clock                                                                                                                                ; 5.254 ; 5.200 ; Rise       ; clock                                                                                                                                ;
;  DBG_GHR[0]     ; clock                                                                                                                                ; 5.254 ; 5.200 ; Rise       ; clock                                                                                                                                ;
;  DBG_GHR[1]     ; clock                                                                                                                                ; 5.488 ; 5.479 ; Rise       ; clock                                                                                                                                ;
;  DBG_GHR[2]     ; clock                                                                                                                                ; 5.513 ; 5.477 ; Rise       ; clock                                                                                                                                ;
;  DBG_GHR[3]     ; clock                                                                                                                                ; 5.767 ; 5.698 ; Rise       ; clock                                                                                                                                ;
; DBG_HIT         ; clock                                                                                                                                ; 6.425 ; 6.382 ; Rise       ; clock                                                                                                                                ;
; DBG_MISS        ; clock                                                                                                                                ; 6.394 ; 6.432 ; Rise       ; clock                                                                                                                                ;
; DBG_S           ; clock                                                                                                                                ; 6.721 ; 6.619 ; Rise       ; clock                                                                                                                                ;
; DBG_STACK_EMPTY ; clock                                                                                                                                ; 6.578 ; 6.563 ; Rise       ; clock                                                                                                                                ;
; DBG_STACK_FULL  ; clock                                                                                                                                ; 5.899 ; 5.976 ; Rise       ; clock                                                                                                                                ;
; IP_out[*]       ; clock                                                                                                                                ; 5.212 ; 5.219 ; Rise       ; clock                                                                                                                                ;
;  IP_out[0]      ; clock                                                                                                                                ; 5.967 ; 6.043 ; Rise       ; clock                                                                                                                                ;
;  IP_out[1]      ; clock                                                                                                                                ; 5.912 ; 5.871 ; Rise       ; clock                                                                                                                                ;
;  IP_out[2]      ; clock                                                                                                                                ; 5.712 ; 5.682 ; Rise       ; clock                                                                                                                                ;
;  IP_out[3]      ; clock                                                                                                                                ; 5.403 ; 5.373 ; Rise       ; clock                                                                                                                                ;
;  IP_out[4]      ; clock                                                                                                                                ; 5.480 ; 5.391 ; Rise       ; clock                                                                                                                                ;
;  IP_out[5]      ; clock                                                                                                                                ; 5.342 ; 5.303 ; Rise       ; clock                                                                                                                                ;
;  IP_out[6]      ; clock                                                                                                                                ; 5.526 ; 5.503 ; Rise       ; clock                                                                                                                                ;
;  IP_out[7]      ; clock                                                                                                                                ; 5.488 ; 5.471 ; Rise       ; clock                                                                                                                                ;
;  IP_out[8]      ; clock                                                                                                                                ; 5.507 ; 5.423 ; Rise       ; clock                                                                                                                                ;
;  IP_out[9]      ; clock                                                                                                                                ; 6.133 ; 6.240 ; Rise       ; clock                                                                                                                                ;
;  IP_out[10]     ; clock                                                                                                                                ; 5.868 ; 5.863 ; Rise       ; clock                                                                                                                                ;
;  IP_out[11]     ; clock                                                                                                                                ; 6.248 ; 6.206 ; Rise       ; clock                                                                                                                                ;
;  IP_out[12]     ; clock                                                                                                                                ; 5.212 ; 5.219 ; Rise       ; clock                                                                                                                                ;
;  IP_out[13]     ; clock                                                                                                                                ; 5.594 ; 5.538 ; Rise       ; clock                                                                                                                                ;
;  IP_out[14]     ; clock                                                                                                                                ; 5.494 ; 5.479 ; Rise       ; clock                                                                                                                                ;
;  IP_out[15]     ; clock                                                                                                                                ; 5.923 ; 5.919 ; Rise       ; clock                                                                                                                                ;
; IR_out[*]       ; clock                                                                                                                                ; 5.419 ; 5.404 ; Rise       ; clock                                                                                                                                ;
;  IR_out[0]      ; clock                                                                                                                                ; 5.503 ; 5.425 ; Rise       ; clock                                                                                                                                ;
;  IR_out[1]      ; clock                                                                                                                                ; 6.440 ; 6.420 ; Rise       ; clock                                                                                                                                ;
;  IR_out[2]      ; clock                                                                                                                                ; 5.765 ; 5.698 ; Rise       ; clock                                                                                                                                ;
;  IR_out[3]      ; clock                                                                                                                                ; 5.755 ; 5.732 ; Rise       ; clock                                                                                                                                ;
;  IR_out[4]      ; clock                                                                                                                                ; 6.002 ; 5.955 ; Rise       ; clock                                                                                                                                ;
;  IR_out[5]      ; clock                                                                                                                                ; 5.484 ; 5.447 ; Rise       ; clock                                                                                                                                ;
;  IR_out[6]      ; clock                                                                                                                                ; 5.419 ; 5.404 ; Rise       ; clock                                                                                                                                ;
;  IR_out[7]      ; clock                                                                                                                                ; 5.779 ; 5.730 ; Rise       ; clock                                                                                                                                ;
; NOTZ_en         ; clock                                                                                                                                ; 6.415 ; 6.320 ; Rise       ; clock                                                                                                                                ;
; DBG_DMA_BUSY    ; dmac_controller:inst46|fsm_rom:inst22|altsyncram:altsyncram_component|altsyncram_n5h1:auto_generated|ram_block1a0~porta_address_reg0 ; 4.833 ; 4.795 ; Rise       ; dmac_controller:inst46|fsm_rom:inst22|altsyncram:altsyncram_component|altsyncram_n5h1:auto_generated|ram_block1a0~porta_address_reg0 ;
; DBG_DMA_DONE    ; dmac_controller:inst46|fsm_rom:inst22|altsyncram:altsyncram_component|altsyncram_n5h1:auto_generated|ram_block1a0~porta_address_reg0 ; 4.793 ; 4.821 ; Rise       ; dmac_controller:inst46|fsm_rom:inst22|altsyncram:altsyncram_component|altsyncram_n5h1:auto_generated|ram_block1a0~porta_address_reg0 ;
; DBG_DMA_BUSY    ; dmac_controller:inst46|fsm_rom:inst22|altsyncram:altsyncram_component|altsyncram_n5h1:auto_generated|ram_block1a0~porta_address_reg0 ; 4.857 ; 4.795 ; Fall       ; dmac_controller:inst46|fsm_rom:inst22|altsyncram:altsyncram_component|altsyncram_n5h1:auto_generated|ram_block1a0~porta_address_reg0 ;
; DBG_DMA_DONE    ; dmac_controller:inst46|fsm_rom:inst22|altsyncram:altsyncram_component|altsyncram_n5h1:auto_generated|ram_block1a0~porta_address_reg0 ; 4.793 ; 4.845 ; Fall       ; dmac_controller:inst46|fsm_rom:inst22|altsyncram:altsyncram_component|altsyncram_n5h1:auto_generated|ram_block1a0~porta_address_reg0 ;
+-----------------+--------------------------------------------------------------------------------------------------------------------------------------+-------+-------+------------+--------------------------------------------------------------------------------------------------------------------------------------+


---------------------------------------------
; Slow 1100mV 0C Model Metastability Report ;
---------------------------------------------
No synchronizer chains to report.


+------------------------------------+
; Fast 1100mV 0C Model Setup Summary ;
+-------+--------+-------------------+
; Clock ; Slack  ; End Point TNS     ;
+-------+--------+-------------------+
; clock ; -2.771 ; -278.855          ;
+-------+--------+-------------------+


+-----------------------------------+
; Fast 1100mV 0C Model Hold Summary ;
+-------+--------+------------------+
; Clock ; Slack  ; End Point TNS    ;
+-------+--------+------------------+
; clock ; -0.839 ; -6.081           ;
+-------+--------+------------------+


+---------------------------------------+
; Fast 1100mV 0C Model Recovery Summary ;
+-------+-------+-----------------------+
; Clock ; Slack ; End Point TNS         ;
+-------+-------+-----------------------+
; clock ; 0.222 ; 0.000                 ;
+-------+-------+-----------------------+


+--------------------------------------+
; Fast 1100mV 0C Model Removal Summary ;
+-------+--------+---------------------+
; Clock ; Slack  ; End Point TNS       ;
+-------+--------+---------------------+
; clock ; -0.038 ; -0.304              ;
+-------+--------+---------------------+


+---------------------------------------------------------------------------------------------------------------------------------------------------------------+
; Fast 1100mV 0C Model Minimum Pulse Width Summary                                                                                                              ;
+--------------------------------------------------------------------------------------------------------------------------------------+--------+---------------+
; Clock                                                                                                                                ; Slack  ; End Point TNS ;
+--------------------------------------------------------------------------------------------------------------------------------------+--------+---------------+
; clock                                                                                                                                ; -0.600 ; -200.167      ;
; dmac_controller:inst46|fsm_rom:inst22|altsyncram:altsyncram_component|altsyncram_n5h1:auto_generated|ram_block1a0~porta_address_reg0 ; 0.421  ; 0.000         ;
+--------------------------------------------------------------------------------------------------------------------------------------+--------+---------------+


+------------------------------------------------------------------------------------------------------------------------------------------------------------------------------------------------------------------------------------------------------------------------------------------------------------------------------+
; Setup Times                                                                                                                                                                                                                                                                                                                  ;
+-------------------+--------------------------------------------------------------------------------------------------------------------------------------+-------+-------+------------+--------------------------------------------------------------------------------------------------------------------------------------+
; Data Port         ; Clock Port                                                                                                                           ; Rise  ; Fall  ; Clock Edge ; Clock Reference                                                                                                                      ;
+-------------------+--------------------------------------------------------------------------------------------------------------------------------------+-------+-------+------------+--------------------------------------------------------------------------------------------------------------------------------------+
; DMA_START         ; clock                                                                                                                                ; 1.885 ; 1.851 ; Rise       ; clock                                                                                                                                ;
; DMA_TEST_DATA[*]  ; clock                                                                                                                                ; 3.850 ; 3.879 ; Rise       ; clock                                                                                                                                ;
;  DMA_TEST_DATA[0] ; clock                                                                                                                                ; 3.292 ; 3.295 ; Rise       ; clock                                                                                                                                ;
;  DMA_TEST_DATA[1] ; clock                                                                                                                                ; 3.030 ; 2.989 ; Rise       ; clock                                                                                                                                ;
;  DMA_TEST_DATA[2] ; clock                                                                                                                                ; 2.990 ; 2.991 ; Rise       ; clock                                                                                                                                ;
;  DMA_TEST_DATA[3] ; clock                                                                                                                                ; 3.850 ; 3.879 ; Rise       ; clock                                                                                                                                ;
;  DMA_TEST_DATA[4] ; clock                                                                                                                                ; 2.875 ; 2.865 ; Rise       ; clock                                                                                                                                ;
;  DMA_TEST_DATA[5] ; clock                                                                                                                                ; 2.999 ; 2.967 ; Rise       ; clock                                                                                                                                ;
;  DMA_TEST_DATA[6] ; clock                                                                                                                                ; 2.713 ; 2.689 ; Rise       ; clock                                                                                                                                ;
;  DMA_TEST_DATA[7] ; clock                                                                                                                                ; 3.040 ; 2.964 ; Rise       ; clock                                                                                                                                ;
; IR_valid          ; clock                                                                                                                                ; 2.785 ; 2.758 ; Rise       ; clock                                                                                                                                ;
; dmac_read         ; clock                                                                                                                                ; 2.714 ; 2.733 ; Rise       ; clock                                                                                                                                ;
; reset             ; clock                                                                                                                                ; 4.540 ; 4.516 ; Rise       ; clock                                                                                                                                ;
; DMA_TEST_DATA[*]  ; dmac_controller:inst46|fsm_rom:inst22|altsyncram:altsyncram_component|altsyncram_n5h1:auto_generated|ram_block1a0~porta_address_reg0 ; 1.752 ; 1.773 ; Fall       ; dmac_controller:inst46|fsm_rom:inst22|altsyncram:altsyncram_component|altsyncram_n5h1:auto_generated|ram_block1a0~porta_address_reg0 ;
;  DMA_TEST_DATA[0] ; dmac_controller:inst46|fsm_rom:inst22|altsyncram:altsyncram_component|altsyncram_n5h1:auto_generated|ram_block1a0~porta_address_reg0 ; 1.183 ; 1.164 ; Fall       ; dmac_controller:inst46|fsm_rom:inst22|altsyncram:altsyncram_component|altsyncram_n5h1:auto_generated|ram_block1a0~porta_address_reg0 ;
;  DMA_TEST_DATA[1] ; dmac_controller:inst46|fsm_rom:inst22|altsyncram:altsyncram_component|altsyncram_n5h1:auto_generated|ram_block1a0~porta_address_reg0 ; 1.116 ; 1.073 ; Fall       ; dmac_controller:inst46|fsm_rom:inst22|altsyncram:altsyncram_component|altsyncram_n5h1:auto_generated|ram_block1a0~porta_address_reg0 ;
;  DMA_TEST_DATA[2] ; dmac_controller:inst46|fsm_rom:inst22|altsyncram:altsyncram_component|altsyncram_n5h1:auto_generated|ram_block1a0~porta_address_reg0 ; 0.964 ; 0.918 ; Fall       ; dmac_controller:inst46|fsm_rom:inst22|altsyncram:altsyncram_component|altsyncram_n5h1:auto_generated|ram_block1a0~porta_address_reg0 ;
;  DMA_TEST_DATA[3] ; dmac_controller:inst46|fsm_rom:inst22|altsyncram:altsyncram_component|altsyncram_n5h1:auto_generated|ram_block1a0~porta_address_reg0 ; 1.752 ; 1.773 ; Fall       ; dmac_controller:inst46|fsm_rom:inst22|altsyncram:altsyncram_component|altsyncram_n5h1:auto_generated|ram_block1a0~porta_address_reg0 ;
;  DMA_TEST_DATA[4] ; dmac_controller:inst46|fsm_rom:inst22|altsyncram:altsyncram_component|altsyncram_n5h1:auto_generated|ram_block1a0~porta_address_reg0 ; 0.691 ; 0.650 ; Fall       ; dmac_controller:inst46|fsm_rom:inst22|altsyncram:altsyncram_component|altsyncram_n5h1:auto_generated|ram_block1a0~porta_address_reg0 ;
;  DMA_TEST_DATA[5] ; dmac_controller:inst46|fsm_rom:inst22|altsyncram:altsyncram_component|altsyncram_n5h1:auto_generated|ram_block1a0~porta_address_reg0 ; 0.939 ; 0.907 ; Fall       ; dmac_controller:inst46|fsm_rom:inst22|altsyncram:altsyncram_component|altsyncram_n5h1:auto_generated|ram_block1a0~porta_address_reg0 ;
;  DMA_TEST_DATA[6] ; dmac_controller:inst46|fsm_rom:inst22|altsyncram:altsyncram_component|altsyncram_n5h1:auto_generated|ram_block1a0~porta_address_reg0 ; 0.717 ; 0.718 ; Fall       ; dmac_controller:inst46|fsm_rom:inst22|altsyncram:altsyncram_component|altsyncram_n5h1:auto_generated|ram_block1a0~porta_address_reg0 ;
;  DMA_TEST_DATA[7] ; dmac_controller:inst46|fsm_rom:inst22|altsyncram:altsyncram_component|altsyncram_n5h1:auto_generated|ram_block1a0~porta_address_reg0 ; 1.059 ; 1.021 ; Fall       ; dmac_controller:inst46|fsm_rom:inst22|altsyncram:altsyncram_component|altsyncram_n5h1:auto_generated|ram_block1a0~porta_address_reg0 ;
+-------------------+--------------------------------------------------------------------------------------------------------------------------------------+-------+-------+------------+--------------------------------------------------------------------------------------------------------------------------------------+


+--------------------------------------------------------------------------------------------------------------------------------------------------------------------------------------------------------------------------------------------------------------------------------------------------------------------------------+
; Hold Times                                                                                                                                                                                                                                                                                                                     ;
+-------------------+--------------------------------------------------------------------------------------------------------------------------------------+--------+--------+------------+--------------------------------------------------------------------------------------------------------------------------------------+
; Data Port         ; Clock Port                                                                                                                           ; Rise   ; Fall   ; Clock Edge ; Clock Reference                                                                                                                      ;
+-------------------+--------------------------------------------------------------------------------------------------------------------------------------+--------+--------+------------+--------------------------------------------------------------------------------------------------------------------------------------+
; DMA_START         ; clock                                                                                                                                ; -1.568 ; -1.537 ; Rise       ; clock                                                                                                                                ;
; DMA_TEST_DATA[*]  ; clock                                                                                                                                ; -1.394 ; -1.379 ; Rise       ; clock                                                                                                                                ;
;  DMA_TEST_DATA[0] ; clock                                                                                                                                ; -1.543 ; -1.517 ; Rise       ; clock                                                                                                                                ;
;  DMA_TEST_DATA[1] ; clock                                                                                                                                ; -1.672 ; -1.638 ; Rise       ; clock                                                                                                                                ;
;  DMA_TEST_DATA[2] ; clock                                                                                                                                ; -1.798 ; -1.756 ; Rise       ; clock                                                                                                                                ;
;  DMA_TEST_DATA[3] ; clock                                                                                                                                ; -2.216 ; -2.234 ; Rise       ; clock                                                                                                                                ;
;  DMA_TEST_DATA[4] ; clock                                                                                                                                ; -1.502 ; -1.473 ; Rise       ; clock                                                                                                                                ;
;  DMA_TEST_DATA[5] ; clock                                                                                                                                ; -1.675 ; -1.634 ; Rise       ; clock                                                                                                                                ;
;  DMA_TEST_DATA[6] ; clock                                                                                                                                ; -1.394 ; -1.379 ; Rise       ; clock                                                                                                                                ;
;  DMA_TEST_DATA[7] ; clock                                                                                                                                ; -1.855 ; -1.806 ; Rise       ; clock                                                                                                                                ;
; IR_valid          ; clock                                                                                                                                ; -2.400 ; -2.351 ; Rise       ; clock                                                                                                                                ;
; dmac_read         ; clock                                                                                                                                ; -2.090 ; -2.081 ; Rise       ; clock                                                                                                                                ;
; reset             ; clock                                                                                                                                ; -1.790 ; -1.811 ; Rise       ; clock                                                                                                                                ;
; DMA_TEST_DATA[*]  ; dmac_controller:inst46|fsm_rom:inst22|altsyncram:altsyncram_component|altsyncram_n5h1:auto_generated|ram_block1a0~porta_address_reg0 ; -0.071 ; -0.035 ; Fall       ; dmac_controller:inst46|fsm_rom:inst22|altsyncram:altsyncram_component|altsyncram_n5h1:auto_generated|ram_block1a0~porta_address_reg0 ;
;  DMA_TEST_DATA[0] ; dmac_controller:inst46|fsm_rom:inst22|altsyncram:altsyncram_component|altsyncram_n5h1:auto_generated|ram_block1a0~porta_address_reg0 ; -0.475 ; -0.460 ; Fall       ; dmac_controller:inst46|fsm_rom:inst22|altsyncram:altsyncram_component|altsyncram_n5h1:auto_generated|ram_block1a0~porta_address_reg0 ;
;  DMA_TEST_DATA[1] ; dmac_controller:inst46|fsm_rom:inst22|altsyncram:altsyncram_component|altsyncram_n5h1:auto_generated|ram_block1a0~porta_address_reg0 ; -0.495 ; -0.446 ; Fall       ; dmac_controller:inst46|fsm_rom:inst22|altsyncram:altsyncram_component|altsyncram_n5h1:auto_generated|ram_block1a0~porta_address_reg0 ;
;  DMA_TEST_DATA[2] ; dmac_controller:inst46|fsm_rom:inst22|altsyncram:altsyncram_component|altsyncram_n5h1:auto_generated|ram_block1a0~porta_address_reg0 ; -0.325 ; -0.273 ; Fall       ; dmac_controller:inst46|fsm_rom:inst22|altsyncram:altsyncram_component|altsyncram_n5h1:auto_generated|ram_block1a0~porta_address_reg0 ;
;  DMA_TEST_DATA[3] ; dmac_controller:inst46|fsm_rom:inst22|altsyncram:altsyncram_component|altsyncram_n5h1:auto_generated|ram_block1a0~porta_address_reg0 ; -1.105 ; -1.127 ; Fall       ; dmac_controller:inst46|fsm_rom:inst22|altsyncram:altsyncram_component|altsyncram_n5h1:auto_generated|ram_block1a0~porta_address_reg0 ;
;  DMA_TEST_DATA[4] ; dmac_controller:inst46|fsm_rom:inst22|altsyncram:altsyncram_component|altsyncram_n5h1:auto_generated|ram_block1a0~porta_address_reg0 ; -0.071 ; -0.035 ; Fall       ; dmac_controller:inst46|fsm_rom:inst22|altsyncram:altsyncram_component|altsyncram_n5h1:auto_generated|ram_block1a0~porta_address_reg0 ;
;  DMA_TEST_DATA[5] ; dmac_controller:inst46|fsm_rom:inst22|altsyncram:altsyncram_component|altsyncram_n5h1:auto_generated|ram_block1a0~porta_address_reg0 ; -0.304 ; -0.265 ; Fall       ; dmac_controller:inst46|fsm_rom:inst22|altsyncram:altsyncram_component|altsyncram_n5h1:auto_generated|ram_block1a0~porta_address_reg0 ;
;  DMA_TEST_DATA[6] ; dmac_controller:inst46|fsm_rom:inst22|altsyncram:altsyncram_component|altsyncram_n5h1:auto_generated|ram_block1a0~porta_address_reg0 ; -0.091 ; -0.084 ; Fall       ; dmac_controller:inst46|fsm_rom:inst22|altsyncram:altsyncram_component|altsyncram_n5h1:auto_generated|ram_block1a0~porta_address_reg0 ;
;  DMA_TEST_DATA[7] ; dmac_controller:inst46|fsm_rom:inst22|altsyncram:altsyncram_component|altsyncram_n5h1:auto_generated|ram_block1a0~porta_address_reg0 ; -0.395 ; -0.361 ; Fall       ; dmac_controller:inst46|fsm_rom:inst22|altsyncram:altsyncram_component|altsyncram_n5h1:auto_generated|ram_block1a0~porta_address_reg0 ;
+-------------------+--------------------------------------------------------------------------------------------------------------------------------------+--------+--------+------------+--------------------------------------------------------------------------------------------------------------------------------------+


+----------------------------------------------------------------------------------------------------------------------------------------------------------------------------------------------------------------------------------------------------------------------------------------------------------------------------+
; Clock to Output Times                                                                                                                                                                                                                                                                                                      ;
+-----------------+--------------------------------------------------------------------------------------------------------------------------------------+-------+-------+------------+--------------------------------------------------------------------------------------------------------------------------------------+
; Data Port       ; Clock Port                                                                                                                           ; Rise  ; Fall  ; Clock Edge ; Clock Reference                                                                                                                      ;
+-----------------+--------------------------------------------------------------------------------------------------------------------------------------+-------+-------+------------+--------------------------------------------------------------------------------------------------------------------------------------+
; CPU_HALT        ; clock                                                                                                                                ; 4.998 ; 5.016 ; Rise       ; clock                                                                                                                                ;
; DBG_BUS_BUSY    ; clock                                                                                                                                ; 5.551 ; 5.589 ; Rise       ; clock                                                                                                                                ;
; DBG_CF          ; clock                                                                                                                                ; 6.230 ; 6.212 ; Rise       ; clock                                                                                                                                ;
; DBG_GHR[*]      ; clock                                                                                                                                ; 4.503 ; 4.485 ; Rise       ; clock                                                                                                                                ;
;  DBG_GHR[0]     ; clock                                                                                                                                ; 4.093 ; 4.081 ; Rise       ; clock                                                                                                                                ;
;  DBG_GHR[1]     ; clock                                                                                                                                ; 4.300 ; 4.305 ; Rise       ; clock                                                                                                                                ;
;  DBG_GHR[2]     ; clock                                                                                                                                ; 4.322 ; 4.319 ; Rise       ; clock                                                                                                                                ;
;  DBG_GHR[3]     ; clock                                                                                                                                ; 4.503 ; 4.485 ; Rise       ; clock                                                                                                                                ;
; DBG_HIT         ; clock                                                                                                                                ; 6.112 ; 6.095 ; Rise       ; clock                                                                                                                                ;
; DBG_MISS        ; clock                                                                                                                                ; 6.078 ; 6.077 ; Rise       ; clock                                                                                                                                ;
; DBG_S           ; clock                                                                                                                                ; 6.442 ; 6.375 ; Rise       ; clock                                                                                                                                ;
; DBG_STACK_EMPTY ; clock                                                                                                                                ; 6.375 ; 6.345 ; Rise       ; clock                                                                                                                                ;
; DBG_STACK_FULL  ; clock                                                                                                                                ; 5.708 ; 5.729 ; Rise       ; clock                                                                                                                                ;
; IP_out[*]       ; clock                                                                                                                                ; 4.969 ; 5.016 ; Rise       ; clock                                                                                                                                ;
;  IP_out[0]      ; clock                                                                                                                                ; 4.826 ; 4.881 ; Rise       ; clock                                                                                                                                ;
;  IP_out[1]      ; clock                                                                                                                                ; 4.678 ; 4.684 ; Rise       ; clock                                                                                                                                ;
;  IP_out[2]      ; clock                                                                                                                                ; 4.539 ; 4.567 ; Rise       ; clock                                                                                                                                ;
;  IP_out[3]      ; clock                                                                                                                                ; 4.225 ; 4.227 ; Rise       ; clock                                                                                                                                ;
;  IP_out[4]      ; clock                                                                                                                                ; 4.297 ; 4.248 ; Rise       ; clock                                                                                                                                ;
;  IP_out[5]      ; clock                                                                                                                                ; 4.215 ; 4.182 ; Rise       ; clock                                                                                                                                ;
;  IP_out[6]      ; clock                                                                                                                                ; 4.340 ; 4.340 ; Rise       ; clock                                                                                                                                ;
;  IP_out[7]      ; clock                                                                                                                                ; 4.291 ; 4.307 ; Rise       ; clock                                                                                                                                ;
;  IP_out[8]      ; clock                                                                                                                                ; 4.325 ; 4.304 ; Rise       ; clock                                                                                                                                ;
;  IP_out[9]      ; clock                                                                                                                                ; 4.969 ; 5.016 ; Rise       ; clock                                                                                                                                ;
;  IP_out[10]     ; clock                                                                                                                                ; 4.607 ; 4.653 ; Rise       ; clock                                                                                                                                ;
;  IP_out[11]     ; clock                                                                                                                                ; 4.891 ; 4.946 ; Rise       ; clock                                                                                                                                ;
;  IP_out[12]     ; clock                                                                                                                                ; 4.134 ; 4.126 ; Rise       ; clock                                                                                                                                ;
;  IP_out[13]     ; clock                                                                                                                                ; 4.424 ; 4.392 ; Rise       ; clock                                                                                                                                ;
;  IP_out[14]     ; clock                                                                                                                                ; 4.303 ; 4.327 ; Rise       ; clock                                                                                                                                ;
;  IP_out[15]     ; clock                                                                                                                                ; 4.697 ; 4.704 ; Rise       ; clock                                                                                                                                ;
; IR_out[*]       ; clock                                                                                                                                ; 5.137 ; 5.180 ; Rise       ; clock                                                                                                                                ;
;  IR_out[0]      ; clock                                                                                                                                ; 4.315 ; 4.300 ; Rise       ; clock                                                                                                                                ;
;  IR_out[1]      ; clock                                                                                                                                ; 5.137 ; 5.180 ; Rise       ; clock                                                                                                                                ;
;  IR_out[2]      ; clock                                                                                                                                ; 4.473 ; 4.493 ; Rise       ; clock                                                                                                                                ;
;  IR_out[3]      ; clock                                                                                                                                ; 4.573 ; 4.549 ; Rise       ; clock                                                                                                                                ;
;  IR_out[4]      ; clock                                                                                                                                ; 4.734 ; 4.717 ; Rise       ; clock                                                                                                                                ;
;  IR_out[5]      ; clock                                                                                                                                ; 4.277 ; 4.301 ; Rise       ; clock                                                                                                                                ;
;  IR_out[6]      ; clock                                                                                                                                ; 4.232 ; 4.245 ; Rise       ; clock                                                                                                                                ;
;  IR_out[7]      ; clock                                                                                                                                ; 4.572 ; 4.522 ; Rise       ; clock                                                                                                                                ;
; NOTZ_en         ; clock                                                                                                                                ; 5.322 ; 5.272 ; Rise       ; clock                                                                                                                                ;
; DBG_DMA_BUSY    ; dmac_controller:inst46|fsm_rom:inst22|altsyncram:altsyncram_component|altsyncram_n5h1:auto_generated|ram_block1a0~porta_address_reg0 ; 4.032 ; 4.051 ; Rise       ; dmac_controller:inst46|fsm_rom:inst22|altsyncram:altsyncram_component|altsyncram_n5h1:auto_generated|ram_block1a0~porta_address_reg0 ;
; DBG_DMA_DONE    ; dmac_controller:inst46|fsm_rom:inst22|altsyncram:altsyncram_component|altsyncram_n5h1:auto_generated|ram_block1a0~porta_address_reg0 ; 4.048 ; 4.021 ; Rise       ; dmac_controller:inst46|fsm_rom:inst22|altsyncram:altsyncram_component|altsyncram_n5h1:auto_generated|ram_block1a0~porta_address_reg0 ;
; DBG_DMA_BUSY    ; dmac_controller:inst46|fsm_rom:inst22|altsyncram:altsyncram_component|altsyncram_n5h1:auto_generated|ram_block1a0~porta_address_reg0 ; 4.026 ; 4.051 ; Fall       ; dmac_controller:inst46|fsm_rom:inst22|altsyncram:altsyncram_component|altsyncram_n5h1:auto_generated|ram_block1a0~porta_address_reg0 ;
; DBG_DMA_DONE    ; dmac_controller:inst46|fsm_rom:inst22|altsyncram:altsyncram_component|altsyncram_n5h1:auto_generated|ram_block1a0~porta_address_reg0 ; 4.048 ; 4.015 ; Fall       ; dmac_controller:inst46|fsm_rom:inst22|altsyncram:altsyncram_component|altsyncram_n5h1:auto_generated|ram_block1a0~porta_address_reg0 ;
+-----------------+--------------------------------------------------------------------------------------------------------------------------------------+-------+-------+------------+--------------------------------------------------------------------------------------------------------------------------------------+


+----------------------------------------------------------------------------------------------------------------------------------------------------------------------------------------------------------------------------------------------------------------------------------------------------------------------------+
; Minimum Clock to Output Times                                                                                                                                                                                                                                                                                              ;
+-----------------+--------------------------------------------------------------------------------------------------------------------------------------+-------+-------+------------+--------------------------------------------------------------------------------------------------------------------------------------+
; Data Port       ; Clock Port                                                                                                                           ; Rise  ; Fall  ; Clock Edge ; Clock Reference                                                                                                                      ;
+-----------------+--------------------------------------------------------------------------------------------------------------------------------------+-------+-------+------------+--------------------------------------------------------------------------------------------------------------------------------------+
; CPU_HALT        ; clock                                                                                                                                ; 4.256 ; 4.266 ; Rise       ; clock                                                                                                                                ;
; DBG_BUS_BUSY    ; clock                                                                                                                                ; 5.215 ; 5.276 ; Rise       ; clock                                                                                                                                ;
; DBG_CF          ; clock                                                                                                                                ; 4.582 ; 4.577 ; Rise       ; clock                                                                                                                                ;
; DBG_GHR[*]      ; clock                                                                                                                                ; 3.904 ; 3.892 ; Rise       ; clock                                                                                                                                ;
;  DBG_GHR[0]     ; clock                                                                                                                                ; 3.904 ; 3.892 ; Rise       ; clock                                                                                                                                ;
;  DBG_GHR[1]     ; clock                                                                                                                                ; 4.100 ; 4.104 ; Rise       ; clock                                                                                                                                ;
;  DBG_GHR[2]     ; clock                                                                                                                                ; 4.123 ; 4.119 ; Rise       ; clock                                                                                                                                ;
;  DBG_GHR[3]     ; clock                                                                                                                                ; 4.296 ; 4.278 ; Rise       ; clock                                                                                                                                ;
; DBG_HIT         ; clock                                                                                                                                ; 4.806 ; 4.779 ; Rise       ; clock                                                                                                                                ;
; DBG_MISS        ; clock                                                                                                                                ; 4.762 ; 4.771 ; Rise       ; clock                                                                                                                                ;
; DBG_S           ; clock                                                                                                                                ; 5.057 ; 4.999 ; Rise       ; clock                                                                                                                                ;
; DBG_STACK_EMPTY ; clock                                                                                                                                ; 5.015 ; 5.004 ; Rise       ; clock                                                                                                                                ;
; DBG_STACK_FULL  ; clock                                                                                                                                ; 4.424 ; 4.472 ; Rise       ; clock                                                                                                                                ;
; IP_out[*]       ; clock                                                                                                                                ; 3.927 ; 3.917 ; Rise       ; clock                                                                                                                                ;
;  IP_out[0]      ; clock                                                                                                                                ; 4.601 ; 4.653 ; Rise       ; clock                                                                                                                                ;
;  IP_out[1]      ; clock                                                                                                                                ; 4.444 ; 4.449 ; Rise       ; clock                                                                                                                                ;
;  IP_out[2]      ; clock                                                                                                                                ; 4.312 ; 4.337 ; Rise       ; clock                                                                                                                                ;
;  IP_out[3]      ; clock                                                                                                                                ; 4.014 ; 4.014 ; Rise       ; clock                                                                                                                                ;
;  IP_out[4]      ; clock                                                                                                                                ; 4.082 ; 4.034 ; Rise       ; clock                                                                                                                                ;
;  IP_out[5]      ; clock                                                                                                                                ; 4.003 ; 3.970 ; Rise       ; clock                                                                                                                                ;
;  IP_out[6]      ; clock                                                                                                                                ; 4.139 ; 4.137 ; Rise       ; clock                                                                                                                                ;
;  IP_out[7]      ; clock                                                                                                                                ; 4.076 ; 4.090 ; Rise       ; clock                                                                                                                                ;
;  IP_out[8]      ; clock                                                                                                                                ; 4.125 ; 4.104 ; Rise       ; clock                                                                                                                                ;
;  IP_out[9]      ; clock                                                                                                                                ; 4.737 ; 4.781 ; Rise       ; clock                                                                                                                                ;
;  IP_out[10]     ; clock                                                                                                                                ; 4.376 ; 4.418 ; Rise       ; clock                                                                                                                                ;
;  IP_out[11]     ; clock                                                                                                                                ; 4.664 ; 4.715 ; Rise       ; clock                                                                                                                                ;
;  IP_out[12]     ; clock                                                                                                                                ; 3.927 ; 3.917 ; Rise       ; clock                                                                                                                                ;
;  IP_out[13]     ; clock                                                                                                                                ; 4.218 ; 4.187 ; Rise       ; clock                                                                                                                                ;
;  IP_out[14]     ; clock                                                                                                                                ; 4.087 ; 4.109 ; Rise       ; clock                                                                                                                                ;
;  IP_out[15]     ; clock                                                                                                                                ; 4.463 ; 4.468 ; Rise       ; clock                                                                                                                                ;
; IR_out[*]       ; clock                                                                                                                                ; 4.020 ; 4.031 ; Rise       ; clock                                                                                                                                ;
;  IR_out[0]      ; clock                                                                                                                                ; 4.100 ; 4.085 ; Rise       ; clock                                                                                                                                ;
;  IR_out[1]      ; clock                                                                                                                                ; 4.898 ; 4.938 ; Rise       ; clock                                                                                                                                ;
;  IR_out[2]      ; clock                                                                                                                                ; 4.266 ; 4.284 ; Rise       ; clock                                                                                                                                ;
;  IR_out[3]      ; clock                                                                                                                                ; 4.344 ; 4.320 ; Rise       ; clock                                                                                                                                ;
;  IR_out[4]      ; clock                                                                                                                                ; 4.498 ; 4.481 ; Rise       ; clock                                                                                                                                ;
;  IR_out[5]      ; clock                                                                                                                                ; 4.063 ; 4.085 ; Rise       ; clock                                                                                                                                ;
;  IR_out[6]      ; clock                                                                                                                                ; 4.020 ; 4.031 ; Rise       ; clock                                                                                                                                ;
;  IR_out[7]      ; clock                                                                                                                                ; 4.343 ; 4.294 ; Rise       ; clock                                                                                                                                ;
; NOTZ_en         ; clock                                                                                                                                ; 4.922 ; 4.873 ; Rise       ; clock                                                                                                                                ;
; DBG_DMA_BUSY    ; dmac_controller:inst46|fsm_rom:inst22|altsyncram:altsyncram_component|altsyncram_n5h1:auto_generated|ram_block1a0~porta_address_reg0 ; 3.542 ; 3.555 ; Rise       ; dmac_controller:inst46|fsm_rom:inst22|altsyncram:altsyncram_component|altsyncram_n5h1:auto_generated|ram_block1a0~porta_address_reg0 ;
; DBG_DMA_DONE    ; dmac_controller:inst46|fsm_rom:inst22|altsyncram:altsyncram_component|altsyncram_n5h1:auto_generated|ram_block1a0~porta_address_reg0 ; 3.552 ; 3.531 ; Rise       ; dmac_controller:inst46|fsm_rom:inst22|altsyncram:altsyncram_component|altsyncram_n5h1:auto_generated|ram_block1a0~porta_address_reg0 ;
; DBG_DMA_BUSY    ; dmac_controller:inst46|fsm_rom:inst22|altsyncram:altsyncram_component|altsyncram_n5h1:auto_generated|ram_block1a0~porta_address_reg0 ; 3.542 ; 3.561 ; Fall       ; dmac_controller:inst46|fsm_rom:inst22|altsyncram:altsyncram_component|altsyncram_n5h1:auto_generated|ram_block1a0~porta_address_reg0 ;
; DBG_DMA_DONE    ; dmac_controller:inst46|fsm_rom:inst22|altsyncram:altsyncram_component|altsyncram_n5h1:auto_generated|ram_block1a0~porta_address_reg0 ; 3.558 ; 3.531 ; Fall       ; dmac_controller:inst46|fsm_rom:inst22|altsyncram:altsyncram_component|altsyncram_n5h1:auto_generated|ram_block1a0~porta_address_reg0 ;
+-----------------+--------------------------------------------------------------------------------------------------------------------------------------+-------+-------+------------+--------------------------------------------------------------------------------------------------------------------------------------+


---------------------------------------------
; Fast 1100mV 0C Model Metastability Report ;
---------------------------------------------
No synchronizer chains to report.


+------------------------------------------------------------------------------------------------------------------------------------------------------------------------------------------------------+
; Multicorner Timing Analysis Summary                                                                                                                                                                  ;
+---------------------------------------------------------------------------------------------------------------------------------------+----------+--------+----------+---------+---------------------+
; Clock                                                                                                                                 ; Setup    ; Hold   ; Recovery ; Removal ; Minimum Pulse Width ;
+---------------------------------------------------------------------------------------------------------------------------------------+----------+--------+----------+---------+---------------------+
; Worst-case Slack                                                                                                                      ; -4.360   ; -1.012 ; -0.128   ; -0.038  ; -1.666              ;
;  clock                                                                                                                                ; -4.360   ; -1.012 ; -0.128   ; -0.038  ; -1.666              ;
;  dmac_controller:inst46|fsm_rom:inst22|altsyncram:altsyncram_component|altsyncram_n5h1:auto_generated|ram_block1a0~porta_address_reg0 ; N/A      ; N/A    ; N/A      ; N/A     ; 0.383               ;
; Design-wide TNS                                                                                                                       ; -544.56  ; -6.915 ; -1.024   ; -0.304  ; -412.764            ;
;  clock                                                                                                                                ; -544.560 ; -6.915 ; -1.024   ; -0.304  ; -412.764            ;
;  dmac_controller:inst46|fsm_rom:inst22|altsyncram:altsyncram_component|altsyncram_n5h1:auto_generated|ram_block1a0~porta_address_reg0 ; N/A      ; N/A    ; N/A      ; N/A     ; 0.000               ;
+---------------------------------------------------------------------------------------------------------------------------------------+----------+--------+----------+---------+---------------------+


+------------------------------------------------------------------------------------------------------------------------------------------------------------------------------------------------------------------------------------------------------------------------------------------------------------------------------+
; Setup Times                                                                                                                                                                                                                                                                                                                  ;
+-------------------+--------------------------------------------------------------------------------------------------------------------------------------+-------+-------+------------+--------------------------------------------------------------------------------------------------------------------------------------+
; Data Port         ; Clock Port                                                                                                                           ; Rise  ; Fall  ; Clock Edge ; Clock Reference                                                                                                                      ;
+-------------------+--------------------------------------------------------------------------------------------------------------------------------------+-------+-------+------------+--------------------------------------------------------------------------------------------------------------------------------------+
; DMA_START         ; clock                                                                                                                                ; 2.913 ; 2.730 ; Rise       ; clock                                                                                                                                ;
; DMA_TEST_DATA[*]  ; clock                                                                                                                                ; 5.489 ; 5.378 ; Rise       ; clock                                                                                                                                ;
;  DMA_TEST_DATA[0] ; clock                                                                                                                                ; 4.804 ; 4.662 ; Rise       ; clock                                                                                                                                ;
;  DMA_TEST_DATA[1] ; clock                                                                                                                                ; 4.489 ; 4.329 ; Rise       ; clock                                                                                                                                ;
;  DMA_TEST_DATA[2] ; clock                                                                                                                                ; 4.433 ; 4.294 ; Rise       ; clock                                                                                                                                ;
;  DMA_TEST_DATA[3] ; clock                                                                                                                                ; 5.489 ; 5.378 ; Rise       ; clock                                                                                                                                ;
;  DMA_TEST_DATA[4] ; clock                                                                                                                                ; 4.219 ; 4.089 ; Rise       ; clock                                                                                                                                ;
;  DMA_TEST_DATA[5] ; clock                                                                                                                                ; 4.490 ; 4.293 ; Rise       ; clock                                                                                                                                ;
;  DMA_TEST_DATA[6] ; clock                                                                                                                                ; 4.028 ; 3.859 ; Rise       ; clock                                                                                                                                ;
;  DMA_TEST_DATA[7] ; clock                                                                                                                                ; 4.416 ; 4.191 ; Rise       ; clock                                                                                                                                ;
; IR_valid          ; clock                                                                                                                                ; 4.187 ; 4.027 ; Rise       ; clock                                                                                                                                ;
; dmac_read         ; clock                                                                                                                                ; 3.985 ; 3.922 ; Rise       ; clock                                                                                                                                ;
; reset             ; clock                                                                                                                                ; 6.332 ; 6.197 ; Rise       ; clock                                                                                                                                ;
; DMA_TEST_DATA[*]  ; dmac_controller:inst46|fsm_rom:inst22|altsyncram:altsyncram_component|altsyncram_n5h1:auto_generated|ram_block1a0~porta_address_reg0 ; 2.448 ; 2.319 ; Fall       ; dmac_controller:inst46|fsm_rom:inst22|altsyncram:altsyncram_component|altsyncram_n5h1:auto_generated|ram_block1a0~porta_address_reg0 ;
;  DMA_TEST_DATA[0] ; dmac_controller:inst46|fsm_rom:inst22|altsyncram:altsyncram_component|altsyncram_n5h1:auto_generated|ram_block1a0~porta_address_reg0 ; 1.767 ; 1.627 ; Fall       ; dmac_controller:inst46|fsm_rom:inst22|altsyncram:altsyncram_component|altsyncram_n5h1:auto_generated|ram_block1a0~porta_address_reg0 ;
;  DMA_TEST_DATA[1] ; dmac_controller:inst46|fsm_rom:inst22|altsyncram:altsyncram_component|altsyncram_n5h1:auto_generated|ram_block1a0~porta_address_reg0 ; 1.713 ; 1.535 ; Fall       ; dmac_controller:inst46|fsm_rom:inst22|altsyncram:altsyncram_component|altsyncram_n5h1:auto_generated|ram_block1a0~porta_address_reg0 ;
;  DMA_TEST_DATA[2] ; dmac_controller:inst46|fsm_rom:inst22|altsyncram:altsyncram_component|altsyncram_n5h1:auto_generated|ram_block1a0~porta_address_reg0 ; 1.459 ; 1.305 ; Fall       ; dmac_controller:inst46|fsm_rom:inst22|altsyncram:altsyncram_component|altsyncram_n5h1:auto_generated|ram_block1a0~porta_address_reg0 ;
;  DMA_TEST_DATA[3] ; dmac_controller:inst46|fsm_rom:inst22|altsyncram:altsyncram_component|altsyncram_n5h1:auto_generated|ram_block1a0~porta_address_reg0 ; 2.448 ; 2.319 ; Fall       ; dmac_controller:inst46|fsm_rom:inst22|altsyncram:altsyncram_component|altsyncram_n5h1:auto_generated|ram_block1a0~porta_address_reg0 ;
;  DMA_TEST_DATA[4] ; dmac_controller:inst46|fsm_rom:inst22|altsyncram:altsyncram_component|altsyncram_n5h1:auto_generated|ram_block1a0~porta_address_reg0 ; 1.077 ; 0.915 ; Fall       ; dmac_controller:inst46|fsm_rom:inst22|altsyncram:altsyncram_component|altsyncram_n5h1:auto_generated|ram_block1a0~porta_address_reg0 ;
;  DMA_TEST_DATA[5] ; dmac_controller:inst46|fsm_rom:inst22|altsyncram:altsyncram_component|altsyncram_n5h1:auto_generated|ram_block1a0~porta_address_reg0 ; 1.499 ; 1.342 ; Fall       ; dmac_controller:inst46|fsm_rom:inst22|altsyncram:altsyncram_component|altsyncram_n5h1:auto_generated|ram_block1a0~porta_address_reg0 ;
;  DMA_TEST_DATA[6] ; dmac_controller:inst46|fsm_rom:inst22|altsyncram:altsyncram_component|altsyncram_n5h1:auto_generated|ram_block1a0~porta_address_reg0 ; 1.212 ; 1.079 ; Fall       ; dmac_controller:inst46|fsm_rom:inst22|altsyncram:altsyncram_component|altsyncram_n5h1:auto_generated|ram_block1a0~porta_address_reg0 ;
;  DMA_TEST_DATA[7] ; dmac_controller:inst46|fsm_rom:inst22|altsyncram:altsyncram_component|altsyncram_n5h1:auto_generated|ram_block1a0~porta_address_reg0 ; 1.554 ; 1.390 ; Fall       ; dmac_controller:inst46|fsm_rom:inst22|altsyncram:altsyncram_component|altsyncram_n5h1:auto_generated|ram_block1a0~porta_address_reg0 ;
+-------------------+--------------------------------------------------------------------------------------------------------------------------------------+-------+-------+------------+--------------------------------------------------------------------------------------------------------------------------------------+


+--------------------------------------------------------------------------------------------------------------------------------------------------------------------------------------------------------------------------------------------------------------------------------------------------------------------------------+
; Hold Times                                                                                                                                                                                                                                                                                                                     ;
+-------------------+--------------------------------------------------------------------------------------------------------------------------------------+--------+--------+------------+--------------------------------------------------------------------------------------------------------------------------------------+
; Data Port         ; Clock Port                                                                                                                           ; Rise   ; Fall   ; Clock Edge ; Clock Reference                                                                                                                      ;
+-------------------+--------------------------------------------------------------------------------------------------------------------------------------+--------+--------+------------+--------------------------------------------------------------------------------------------------------------------------------------+
; DMA_START         ; clock                                                                                                                                ; -1.568 ; -1.537 ; Rise       ; clock                                                                                                                                ;
; DMA_TEST_DATA[*]  ; clock                                                                                                                                ; -1.394 ; -1.379 ; Rise       ; clock                                                                                                                                ;
;  DMA_TEST_DATA[0] ; clock                                                                                                                                ; -1.543 ; -1.517 ; Rise       ; clock                                                                                                                                ;
;  DMA_TEST_DATA[1] ; clock                                                                                                                                ; -1.672 ; -1.638 ; Rise       ; clock                                                                                                                                ;
;  DMA_TEST_DATA[2] ; clock                                                                                                                                ; -1.798 ; -1.756 ; Rise       ; clock                                                                                                                                ;
;  DMA_TEST_DATA[3] ; clock                                                                                                                                ; -2.216 ; -2.234 ; Rise       ; clock                                                                                                                                ;
;  DMA_TEST_DATA[4] ; clock                                                                                                                                ; -1.502 ; -1.473 ; Rise       ; clock                                                                                                                                ;
;  DMA_TEST_DATA[5] ; clock                                                                                                                                ; -1.675 ; -1.634 ; Rise       ; clock                                                                                                                                ;
;  DMA_TEST_DATA[6] ; clock                                                                                                                                ; -1.394 ; -1.379 ; Rise       ; clock                                                                                                                                ;
;  DMA_TEST_DATA[7] ; clock                                                                                                                                ; -1.855 ; -1.806 ; Rise       ; clock                                                                                                                                ;
; IR_valid          ; clock                                                                                                                                ; -2.400 ; -2.351 ; Rise       ; clock                                                                                                                                ;
; dmac_read         ; clock                                                                                                                                ; -2.090 ; -2.081 ; Rise       ; clock                                                                                                                                ;
; reset             ; clock                                                                                                                                ; -1.790 ; -1.811 ; Rise       ; clock                                                                                                                                ;
; DMA_TEST_DATA[*]  ; dmac_controller:inst46|fsm_rom:inst22|altsyncram:altsyncram_component|altsyncram_n5h1:auto_generated|ram_block1a0~porta_address_reg0 ; -0.071 ; 0.061  ; Fall       ; dmac_controller:inst46|fsm_rom:inst22|altsyncram:altsyncram_component|altsyncram_n5h1:auto_generated|ram_block1a0~porta_address_reg0 ;
;  DMA_TEST_DATA[0] ; dmac_controller:inst46|fsm_rom:inst22|altsyncram:altsyncram_component|altsyncram_n5h1:auto_generated|ram_block1a0~porta_address_reg0 ; -0.475 ; -0.460 ; Fall       ; dmac_controller:inst46|fsm_rom:inst22|altsyncram:altsyncram_component|altsyncram_n5h1:auto_generated|ram_block1a0~porta_address_reg0 ;
;  DMA_TEST_DATA[1] ; dmac_controller:inst46|fsm_rom:inst22|altsyncram:altsyncram_component|altsyncram_n5h1:auto_generated|ram_block1a0~porta_address_reg0 ; -0.495 ; -0.446 ; Fall       ; dmac_controller:inst46|fsm_rom:inst22|altsyncram:altsyncram_component|altsyncram_n5h1:auto_generated|ram_block1a0~porta_address_reg0 ;
;  DMA_TEST_DATA[2] ; dmac_controller:inst46|fsm_rom:inst22|altsyncram:altsyncram_component|altsyncram_n5h1:auto_generated|ram_block1a0~porta_address_reg0 ; -0.325 ; -0.273 ; Fall       ; dmac_controller:inst46|fsm_rom:inst22|altsyncram:altsyncram_component|altsyncram_n5h1:auto_generated|ram_block1a0~porta_address_reg0 ;
;  DMA_TEST_DATA[3] ; dmac_controller:inst46|fsm_rom:inst22|altsyncram:altsyncram_component|altsyncram_n5h1:auto_generated|ram_block1a0~porta_address_reg0 ; -1.105 ; -1.127 ; Fall       ; dmac_controller:inst46|fsm_rom:inst22|altsyncram:altsyncram_component|altsyncram_n5h1:auto_generated|ram_block1a0~porta_address_reg0 ;
;  DMA_TEST_DATA[4] ; dmac_controller:inst46|fsm_rom:inst22|altsyncram:altsyncram_component|altsyncram_n5h1:auto_generated|ram_block1a0~porta_address_reg0 ; -0.071 ; 0.061  ; Fall       ; dmac_controller:inst46|fsm_rom:inst22|altsyncram:altsyncram_component|altsyncram_n5h1:auto_generated|ram_block1a0~porta_address_reg0 ;
;  DMA_TEST_DATA[5] ; dmac_controller:inst46|fsm_rom:inst22|altsyncram:altsyncram_component|altsyncram_n5h1:auto_generated|ram_block1a0~porta_address_reg0 ; -0.304 ; -0.265 ; Fall       ; dmac_controller:inst46|fsm_rom:inst22|altsyncram:altsyncram_component|altsyncram_n5h1:auto_generated|ram_block1a0~porta_address_reg0 ;
;  DMA_TEST_DATA[6] ; dmac_controller:inst46|fsm_rom:inst22|altsyncram:altsyncram_component|altsyncram_n5h1:auto_generated|ram_block1a0~porta_address_reg0 ; -0.091 ; -0.064 ; Fall       ; dmac_controller:inst46|fsm_rom:inst22|altsyncram:altsyncram_component|altsyncram_n5h1:auto_generated|ram_block1a0~porta_address_reg0 ;
;  DMA_TEST_DATA[7] ; dmac_controller:inst46|fsm_rom:inst22|altsyncram:altsyncram_component|altsyncram_n5h1:auto_generated|ram_block1a0~porta_address_reg0 ; -0.395 ; -0.361 ; Fall       ; dmac_controller:inst46|fsm_rom:inst22|altsyncram:altsyncram_component|altsyncram_n5h1:auto_generated|ram_block1a0~porta_address_reg0 ;
+-------------------+--------------------------------------------------------------------------------------------------------------------------------------+--------+--------+------------+--------------------------------------------------------------------------------------------------------------------------------------+


+----------------------------------------------------------------------------------------------------------------------------------------------------------------------------------------------------------------------------------------------------------------------------------------------------------------------------+
; Clock to Output Times                                                                                                                                                                                                                                                                                                      ;
+-----------------+--------------------------------------------------------------------------------------------------------------------------------------+-------+-------+------------+--------------------------------------------------------------------------------------------------------------------------------------+
; Data Port       ; Clock Port                                                                                                                           ; Rise  ; Fall  ; Clock Edge ; Clock Reference                                                                                                                      ;
+-----------------+--------------------------------------------------------------------------------------------------------------------------------------+-------+-------+------------+--------------------------------------------------------------------------------------------------------------------------------------+
; CPU_HALT        ; clock                                                                                                                                ; 7.081 ; 7.138 ; Rise       ; clock                                                                                                                                ;
; DBG_BUS_BUSY    ; clock                                                                                                                                ; 7.608 ; 7.641 ; Rise       ; clock                                                                                                                                ;
; DBG_CF          ; clock                                                                                                                                ; 8.877 ; 8.755 ; Rise       ; clock                                                                                                                                ;
; DBG_GHR[*]      ; clock                                                                                                                                ; 6.408 ; 6.306 ; Rise       ; clock                                                                                                                                ;
;  DBG_GHR[0]     ; clock                                                                                                                                ; 5.827 ; 5.765 ; Rise       ; clock                                                                                                                                ;
;  DBG_GHR[1]     ; clock                                                                                                                                ; 6.076 ; 6.081 ; Rise       ; clock                                                                                                                                ;
;  DBG_GHR[2]     ; clock                                                                                                                                ; 6.108 ; 6.066 ; Rise       ; clock                                                                                                                                ;
;  DBG_GHR[3]     ; clock                                                                                                                                ; 6.408 ; 6.306 ; Rise       ; clock                                                                                                                                ;
; DBG_HIT         ; clock                                                                                                                                ; 8.763 ; 8.676 ; Rise       ; clock                                                                                                                                ;
; DBG_MISS        ; clock                                                                                                                                ; 8.688 ; 8.770 ; Rise       ; clock                                                                                                                                ;
; DBG_S           ; clock                                                                                                                                ; 9.081 ; 8.942 ; Rise       ; clock                                                                                                                                ;
; DBG_STACK_EMPTY ; clock                                                                                                                                ; 8.955 ; 8.871 ; Rise       ; clock                                                                                                                                ;
; DBG_STACK_FULL  ; clock                                                                                                                                ; 8.127 ; 8.139 ; Rise       ; clock                                                                                                                                ;
; IP_out[*]       ; clock                                                                                                                                ; 6.930 ; 6.901 ; Rise       ; clock                                                                                                                                ;
;  IP_out[0]      ; clock                                                                                                                                ; 6.589 ; 6.657 ; Rise       ; clock                                                                                                                                ;
;  IP_out[1]      ; clock                                                                                                                                ; 6.578 ; 6.525 ; Rise       ; clock                                                                                                                                ;
;  IP_out[2]      ; clock                                                                                                                                ; 6.355 ; 6.330 ; Rise       ; clock                                                                                                                                ;
;  IP_out[3]      ; clock                                                                                                                                ; 5.998 ; 5.982 ; Rise       ; clock                                                                                                                                ;
;  IP_out[4]      ; clock                                                                                                                                ; 6.085 ; 5.947 ; Rise       ; clock                                                                                                                                ;
;  IP_out[5]      ; clock                                                                                                                                ; 5.948 ; 5.902 ; Rise       ; clock                                                                                                                                ;
;  IP_out[6]      ; clock                                                                                                                                ; 6.138 ; 6.103 ; Rise       ; clock                                                                                                                                ;
;  IP_out[7]      ; clock                                                                                                                                ; 6.097 ; 6.083 ; Rise       ; clock                                                                                                                                ;
;  IP_out[8]      ; clock                                                                                                                                ; 6.110 ; 6.006 ; Rise       ; clock                                                                                                                                ;
;  IP_out[9]      ; clock                                                                                                                                ; 6.787 ; 6.877 ; Rise       ; clock                                                                                                                                ;
;  IP_out[10]     ; clock                                                                                                                                ; 6.527 ; 6.512 ; Rise       ; clock                                                                                                                                ;
;  IP_out[11]     ; clock                                                                                                                                ; 6.930 ; 6.901 ; Rise       ; clock                                                                                                                                ;
;  IP_out[12]     ; clock                                                                                                                                ; 5.789 ; 5.790 ; Rise       ; clock                                                                                                                                ;
;  IP_out[13]     ; clock                                                                                                                                ; 6.204 ; 6.138 ; Rise       ; clock                                                                                                                                ;
;  IP_out[14]     ; clock                                                                                                                                ; 6.104 ; 6.091 ; Rise       ; clock                                                                                                                                ;
;  IP_out[15]     ; clock                                                                                                                                ; 6.573 ; 6.564 ; Rise       ; clock                                                                                                                                ;
; IR_out[*]       ; clock                                                                                                                                ; 7.116 ; 7.074 ; Rise       ; clock                                                                                                                                ;
;  IR_out[0]      ; clock                                                                                                                                ; 6.122 ; 6.034 ; Rise       ; clock                                                                                                                                ;
;  IR_out[1]      ; clock                                                                                                                                ; 7.116 ; 7.074 ; Rise       ; clock                                                                                                                                ;
;  IR_out[2]      ; clock                                                                                                                                ; 6.381 ; 6.306 ; Rise       ; clock                                                                                                                                ;
;  IR_out[3]      ; clock                                                                                                                                ; 6.413 ; 6.358 ; Rise       ; clock                                                                                                                                ;
;  IR_out[4]      ; clock                                                                                                                                ; 6.674 ; 6.632 ; Rise       ; clock                                                                                                                                ;
;  IR_out[5]      ; clock                                                                                                                                ; 6.097 ; 6.077 ; Rise       ; clock                                                                                                                                ;
;  IR_out[6]      ; clock                                                                                                                                ; 6.029 ; 6.015 ; Rise       ; clock                                                                                                                                ;
;  IR_out[7]      ; clock                                                                                                                                ; 6.438 ; 6.362 ; Rise       ; clock                                                                                                                                ;
; NOTZ_en         ; clock                                                                                                                                ; 7.342 ; 7.264 ; Rise       ; clock                                                                                                                                ;
; DBG_DMA_BUSY    ; dmac_controller:inst46|fsm_rom:inst22|altsyncram:altsyncram_component|altsyncram_n5h1:auto_generated|ram_block1a0~porta_address_reg0 ; 5.812 ; 5.742 ; Rise       ; dmac_controller:inst46|fsm_rom:inst22|altsyncram:altsyncram_component|altsyncram_n5h1:auto_generated|ram_block1a0~porta_address_reg0 ;
; DBG_DMA_DONE    ; dmac_controller:inst46|fsm_rom:inst22|altsyncram:altsyncram_component|altsyncram_n5h1:auto_generated|ram_block1a0~porta_address_reg0 ; 5.740 ; 5.800 ; Rise       ; dmac_controller:inst46|fsm_rom:inst22|altsyncram:altsyncram_component|altsyncram_n5h1:auto_generated|ram_block1a0~porta_address_reg0 ;
; DBG_DMA_BUSY    ; dmac_controller:inst46|fsm_rom:inst22|altsyncram:altsyncram_component|altsyncram_n5h1:auto_generated|ram_block1a0~porta_address_reg0 ; 5.812 ; 5.739 ; Fall       ; dmac_controller:inst46|fsm_rom:inst22|altsyncram:altsyncram_component|altsyncram_n5h1:auto_generated|ram_block1a0~porta_address_reg0 ;
; DBG_DMA_DONE    ; dmac_controller:inst46|fsm_rom:inst22|altsyncram:altsyncram_component|altsyncram_n5h1:auto_generated|ram_block1a0~porta_address_reg0 ; 5.737 ; 5.800 ; Fall       ; dmac_controller:inst46|fsm_rom:inst22|altsyncram:altsyncram_component|altsyncram_n5h1:auto_generated|ram_block1a0~porta_address_reg0 ;
+-----------------+--------------------------------------------------------------------------------------------------------------------------------------+-------+-------+------------+--------------------------------------------------------------------------------------------------------------------------------------+


+----------------------------------------------------------------------------------------------------------------------------------------------------------------------------------------------------------------------------------------------------------------------------------------------------------------------------+
; Minimum Clock to Output Times                                                                                                                                                                                                                                                                                              ;
+-----------------+--------------------------------------------------------------------------------------------------------------------------------------+-------+-------+------------+--------------------------------------------------------------------------------------------------------------------------------------+
; Data Port       ; Clock Port                                                                                                                           ; Rise  ; Fall  ; Clock Edge ; Clock Reference                                                                                                                      ;
+-----------------+--------------------------------------------------------------------------------------------------------------------------------------+-------+-------+------------+--------------------------------------------------------------------------------------------------------------------------------------+
; CPU_HALT        ; clock                                                                                                                                ; 4.256 ; 4.266 ; Rise       ; clock                                                                                                                                ;
; DBG_BUS_BUSY    ; clock                                                                                                                                ; 5.215 ; 5.276 ; Rise       ; clock                                                                                                                                ;
; DBG_CF          ; clock                                                                                                                                ; 4.582 ; 4.577 ; Rise       ; clock                                                                                                                                ;
; DBG_GHR[*]      ; clock                                                                                                                                ; 3.904 ; 3.892 ; Rise       ; clock                                                                                                                                ;
;  DBG_GHR[0]     ; clock                                                                                                                                ; 3.904 ; 3.892 ; Rise       ; clock                                                                                                                                ;
;  DBG_GHR[1]     ; clock                                                                                                                                ; 4.100 ; 4.104 ; Rise       ; clock                                                                                                                                ;
;  DBG_GHR[2]     ; clock                                                                                                                                ; 4.123 ; 4.119 ; Rise       ; clock                                                                                                                                ;
;  DBG_GHR[3]     ; clock                                                                                                                                ; 4.296 ; 4.278 ; Rise       ; clock                                                                                                                                ;
; DBG_HIT         ; clock                                                                                                                                ; 4.806 ; 4.779 ; Rise       ; clock                                                                                                                                ;
; DBG_MISS        ; clock                                                                                                                                ; 4.762 ; 4.771 ; Rise       ; clock                                                                                                                                ;
; DBG_S           ; clock                                                                                                                                ; 5.057 ; 4.999 ; Rise       ; clock                                                                                                                                ;
; DBG_STACK_EMPTY ; clock                                                                                                                                ; 5.015 ; 5.004 ; Rise       ; clock                                                                                                                                ;
; DBG_STACK_FULL  ; clock                                                                                                                                ; 4.424 ; 4.472 ; Rise       ; clock                                                                                                                                ;
; IP_out[*]       ; clock                                                                                                                                ; 3.927 ; 3.917 ; Rise       ; clock                                                                                                                                ;
;  IP_out[0]      ; clock                                                                                                                                ; 4.601 ; 4.653 ; Rise       ; clock                                                                                                                                ;
;  IP_out[1]      ; clock                                                                                                                                ; 4.444 ; 4.449 ; Rise       ; clock                                                                                                                                ;
;  IP_out[2]      ; clock                                                                                                                                ; 4.312 ; 4.337 ; Rise       ; clock                                                                                                                                ;
;  IP_out[3]      ; clock                                                                                                                                ; 4.014 ; 4.014 ; Rise       ; clock                                                                                                                                ;
;  IP_out[4]      ; clock                                                                                                                                ; 4.082 ; 4.034 ; Rise       ; clock                                                                                                                                ;
;  IP_out[5]      ; clock                                                                                                                                ; 4.003 ; 3.970 ; Rise       ; clock                                                                                                                                ;
;  IP_out[6]      ; clock                                                                                                                                ; 4.139 ; 4.137 ; Rise       ; clock                                                                                                                                ;
;  IP_out[7]      ; clock                                                                                                                                ; 4.076 ; 4.090 ; Rise       ; clock                                                                                                                                ;
;  IP_out[8]      ; clock                                                                                                                                ; 4.125 ; 4.104 ; Rise       ; clock                                                                                                                                ;
;  IP_out[9]      ; clock                                                                                                                                ; 4.737 ; 4.781 ; Rise       ; clock                                                                                                                                ;
;  IP_out[10]     ; clock                                                                                                                                ; 4.376 ; 4.418 ; Rise       ; clock                                                                                                                                ;
;  IP_out[11]     ; clock                                                                                                                                ; 4.664 ; 4.715 ; Rise       ; clock                                                                                                                                ;
;  IP_out[12]     ; clock                                                                                                                                ; 3.927 ; 3.917 ; Rise       ; clock                                                                                                                                ;
;  IP_out[13]     ; clock                                                                                                                                ; 4.218 ; 4.187 ; Rise       ; clock                                                                                                                                ;
;  IP_out[14]     ; clock                                                                                                                                ; 4.087 ; 4.109 ; Rise       ; clock                                                                                                                                ;
;  IP_out[15]     ; clock                                                                                                                                ; 4.463 ; 4.468 ; Rise       ; clock                                                                                                                                ;
; IR_out[*]       ; clock                                                                                                                                ; 4.020 ; 4.031 ; Rise       ; clock                                                                                                                                ;
;  IR_out[0]      ; clock                                                                                                                                ; 4.100 ; 4.085 ; Rise       ; clock                                                                                                                                ;
;  IR_out[1]      ; clock                                                                                                                                ; 4.898 ; 4.938 ; Rise       ; clock                                                                                                                                ;
;  IR_out[2]      ; clock                                                                                                                                ; 4.266 ; 4.284 ; Rise       ; clock                                                                                                                                ;
;  IR_out[3]      ; clock                                                                                                                                ; 4.344 ; 4.320 ; Rise       ; clock                                                                                                                                ;
;  IR_out[4]      ; clock                                                                                                                                ; 4.498 ; 4.481 ; Rise       ; clock                                                                                                                                ;
;  IR_out[5]      ; clock                                                                                                                                ; 4.063 ; 4.085 ; Rise       ; clock                                                                                                                                ;
;  IR_out[6]      ; clock                                                                                                                                ; 4.020 ; 4.031 ; Rise       ; clock                                                                                                                                ;
;  IR_out[7]      ; clock                                                                                                                                ; 4.343 ; 4.294 ; Rise       ; clock                                                                                                                                ;
; NOTZ_en         ; clock                                                                                                                                ; 4.922 ; 4.873 ; Rise       ; clock                                                                                                                                ;
; DBG_DMA_BUSY    ; dmac_controller:inst46|fsm_rom:inst22|altsyncram:altsyncram_component|altsyncram_n5h1:auto_generated|ram_block1a0~porta_address_reg0 ; 3.542 ; 3.555 ; Rise       ; dmac_controller:inst46|fsm_rom:inst22|altsyncram:altsyncram_component|altsyncram_n5h1:auto_generated|ram_block1a0~porta_address_reg0 ;
; DBG_DMA_DONE    ; dmac_controller:inst46|fsm_rom:inst22|altsyncram:altsyncram_component|altsyncram_n5h1:auto_generated|ram_block1a0~porta_address_reg0 ; 3.552 ; 3.531 ; Rise       ; dmac_controller:inst46|fsm_rom:inst22|altsyncram:altsyncram_component|altsyncram_n5h1:auto_generated|ram_block1a0~porta_address_reg0 ;
; DBG_DMA_BUSY    ; dmac_controller:inst46|fsm_rom:inst22|altsyncram:altsyncram_component|altsyncram_n5h1:auto_generated|ram_block1a0~porta_address_reg0 ; 3.542 ; 3.561 ; Fall       ; dmac_controller:inst46|fsm_rom:inst22|altsyncram:altsyncram_component|altsyncram_n5h1:auto_generated|ram_block1a0~porta_address_reg0 ;
; DBG_DMA_DONE    ; dmac_controller:inst46|fsm_rom:inst22|altsyncram:altsyncram_component|altsyncram_n5h1:auto_generated|ram_block1a0~porta_address_reg0 ; 3.558 ; 3.531 ; Fall       ; dmac_controller:inst46|fsm_rom:inst22|altsyncram:altsyncram_component|altsyncram_n5h1:auto_generated|ram_block1a0~porta_address_reg0 ;
+-----------------+--------------------------------------------------------------------------------------------------------------------------------------+-------+-------+------------+--------------------------------------------------------------------------------------------------------------------------------------+


+--------------------------------------------------------------------------------------------------------------------------------------------------------------------------------------------------------------------------------------------------------------------------------------------------------------------------------------------------------------------+
; Board Trace Model Assignments                                                                                                                                                                                                                                                                                                                                      ;
+-----------------+--------------+-------------------+-------------------------+-------------------------+---------------+---------------------+----------------+------------------+--------+------------------+------------------------+------------------------+--------------+---------------+-----------------+-------+---------------------+--------------------+
; Pin             ; I/O Standard ; Near Tline Length ; Near Tline L per Length ; Near Tline C per Length ; Near Series R ; Near Differential R ; Near Pull-up R ; Near Pull-down R ; Near C ; Far Tline Length ; Far Tline L per Length ; Far Tline C per Length ; Far Series R ; Far Pull-up R ; Far Pull-down R ; Far C ; Termination Voltage ; Far Differential R ;
+-----------------+--------------+-------------------+-------------------------+-------------------------+---------------+---------------------+----------------+------------------+--------+------------------+------------------------+------------------------+--------------+---------------+-----------------+-------+---------------------+--------------------+
; DBG_STACK_FULL  ; 2.5 V        ; 0 in              ; 0 H/in                  ; 0 F/in                  ; short         ; -                   ; open           ; open             ; open   ; 0 in             ; 0 H/in                 ; 0 F/in                 ; short        ; open          ; open            ; open  ; 0 V                 ; -                  ;
; IR_out[7]       ; 2.5 V        ; 0 in              ; 0 H/in                  ; 0 F/in                  ; short         ; -                   ; open           ; open             ; open   ; 0 in             ; 0 H/in                 ; 0 F/in                 ; short        ; open          ; open            ; open  ; 0 V                 ; -                  ;
; IR_out[6]       ; 2.5 V        ; 0 in              ; 0 H/in                  ; 0 F/in                  ; short         ; -                   ; open           ; open             ; open   ; 0 in             ; 0 H/in                 ; 0 F/in                 ; short        ; open          ; open            ; open  ; 0 V                 ; -                  ;
; IR_out[5]       ; 2.5 V        ; 0 in              ; 0 H/in                  ; 0 F/in                  ; short         ; -                   ; open           ; open             ; open   ; 0 in             ; 0 H/in                 ; 0 F/in                 ; short        ; open          ; open            ; open  ; 0 V                 ; -                  ;
; IR_out[4]       ; 2.5 V        ; 0 in              ; 0 H/in                  ; 0 F/in                  ; short         ; -                   ; open           ; open             ; open   ; 0 in             ; 0 H/in                 ; 0 F/in                 ; short        ; open          ; open            ; open  ; 0 V                 ; -                  ;
; IR_out[3]       ; 2.5 V        ; 0 in              ; 0 H/in                  ; 0 F/in                  ; short         ; -                   ; open           ; open             ; open   ; 0 in             ; 0 H/in                 ; 0 F/in                 ; short        ; open          ; open            ; open  ; 0 V                 ; -                  ;
; IR_out[2]       ; 2.5 V        ; 0 in              ; 0 H/in                  ; 0 F/in                  ; short         ; -                   ; open           ; open             ; open   ; 0 in             ; 0 H/in                 ; 0 F/in                 ; short        ; open          ; open            ; open  ; 0 V                 ; -                  ;
; IR_out[1]       ; 2.5 V        ; 0 in              ; 0 H/in                  ; 0 F/in                  ; short         ; -                   ; open           ; open             ; open   ; 0 in             ; 0 H/in                 ; 0 F/in                 ; short        ; open          ; open            ; open  ; 0 V                 ; -                  ;
; IR_out[0]       ; 2.5 V        ; 0 in              ; 0 H/in                  ; 0 F/in                  ; short         ; -                   ; open           ; open             ; open   ; 0 in             ; 0 H/in                 ; 0 F/in                 ; short        ; open          ; open            ; open  ; 0 V                 ; -                  ;
; NOTZ_en         ; 2.5 V        ; 0 in              ; 0 H/in                  ; 0 F/in                  ; short         ; -                   ; open           ; open             ; open   ; 0 in             ; 0 H/in                 ; 0 F/in                 ; short        ; open          ; open            ; open  ; 0 V                 ; -                  ;
; DBG_STACK_EMPTY ; 2.5 V        ; 0 in              ; 0 H/in                  ; 0 F/in                  ; short         ; -                   ; open           ; open             ; open   ; 0 in             ; 0 H/in                 ; 0 F/in                 ; short        ; open          ; open            ; open  ; 0 V                 ; -                  ;
; DBG_S           ; 2.5 V        ; 0 in              ; 0 H/in                  ; 0 F/in                  ; short         ; -                   ; open           ; open             ; open   ; 0 in             ; 0 H/in                 ; 0 F/in                 ; short        ; open          ; open            ; open  ; 0 V                 ; -                  ;
; DBG_CF          ; 2.5 V        ; 0 in              ; 0 H/in                  ; 0 F/in                  ; short         ; -                   ; open           ; open             ; open   ; 0 in             ; 0 H/in                 ; 0 F/in                 ; short        ; open          ; open            ; open  ; 0 V                 ; -                  ;
; CPU_HALT        ; 2.5 V        ; 0 in              ; 0 H/in                  ; 0 F/in                  ; short         ; -                   ; open           ; open             ; open   ; 0 in             ; 0 H/in                 ; 0 F/in                 ; short        ; open          ; open            ; open  ; 0 V                 ; -                  ;
; DBG_DMA_BUSY    ; 2.5 V        ; 0 in              ; 0 H/in                  ; 0 F/in                  ; short         ; -                   ; open           ; open             ; open   ; 0 in             ; 0 H/in                 ; 0 F/in                 ; short        ; open          ; open            ; open  ; 0 V                 ; -                  ;
; DBG_DMA_DONE    ; 2.5 V        ; 0 in              ; 0 H/in                  ; 0 F/in                  ; short         ; -                   ; open           ; open             ; open   ; 0 in             ; 0 H/in                 ; 0 F/in                 ; short        ; open          ; open            ; open  ; 0 V                 ; -                  ;
; DBG_HIT         ; 2.5 V        ; 0 in              ; 0 H/in                  ; 0 F/in                  ; short         ; -                   ; open           ; open             ; open   ; 0 in             ; 0 H/in                 ; 0 F/in                 ; short        ; open          ; open            ; open  ; 0 V                 ; -                  ;
; DBG_MISS        ; 2.5 V        ; 0 in              ; 0 H/in                  ; 0 F/in                  ; short         ; -                   ; open           ; open             ; open   ; 0 in             ; 0 H/in                 ; 0 F/in                 ; short        ; open          ; open            ; open  ; 0 V                 ; -                  ;
; DBG_BUS_BUSY    ; 2.5 V        ; 0 in              ; 0 H/in                  ; 0 F/in                  ; short         ; -                   ; open           ; open             ; open   ; 0 in             ; 0 H/in                 ; 0 F/in                 ; short        ; open          ; open            ; open  ; 0 V                 ; -                  ;
; DBG_GHR[3]      ; 2.5 V        ; 0 in              ; 0 H/in                  ; 0 F/in                  ; short         ; -                   ; open           ; open             ; open   ; 0 in             ; 0 H/in                 ; 0 F/in                 ; short        ; open          ; open            ; open  ; 0 V                 ; -                  ;
; DBG_GHR[2]      ; 2.5 V        ; 0 in              ; 0 H/in                  ; 0 F/in                  ; short         ; -                   ; open           ; open             ; open   ; 0 in             ; 0 H/in                 ; 0 F/in                 ; short        ; open          ; open            ; open  ; 0 V                 ; -                  ;
; DBG_GHR[1]      ; 2.5 V        ; 0 in              ; 0 H/in                  ; 0 F/in                  ; short         ; -                   ; open           ; open             ; open   ; 0 in             ; 0 H/in                 ; 0 F/in                 ; short        ; open          ; open            ; open  ; 0 V                 ; -                  ;
; DBG_GHR[0]      ; 2.5 V        ; 0 in              ; 0 H/in                  ; 0 F/in                  ; short         ; -                   ; open           ; open             ; open   ; 0 in             ; 0 H/in                 ; 0 F/in                 ; short        ; open          ; open            ; open  ; 0 V                 ; -                  ;
; IP_out[15]      ; 2.5 V        ; 0 in              ; 0 H/in                  ; 0 F/in                  ; short         ; -                   ; open           ; open             ; open   ; 0 in             ; 0 H/in                 ; 0 F/in                 ; short        ; open          ; open            ; open  ; 0 V                 ; -                  ;
; IP_out[14]      ; 2.5 V        ; 0 in              ; 0 H/in                  ; 0 F/in                  ; short         ; -                   ; open           ; open             ; open   ; 0 in             ; 0 H/in                 ; 0 F/in                 ; short        ; open          ; open            ; open  ; 0 V                 ; -                  ;
; IP_out[13]      ; 2.5 V        ; 0 in              ; 0 H/in                  ; 0 F/in                  ; short         ; -                   ; open           ; open             ; open   ; 0 in             ; 0 H/in                 ; 0 F/in                 ; short        ; open          ; open            ; open  ; 0 V                 ; -                  ;
; IP_out[12]      ; 2.5 V        ; 0 in              ; 0 H/in                  ; 0 F/in                  ; short         ; -                   ; open           ; open             ; open   ; 0 in             ; 0 H/in                 ; 0 F/in                 ; short        ; open          ; open            ; open  ; 0 V                 ; -                  ;
; IP_out[11]      ; 2.5 V        ; 0 in              ; 0 H/in                  ; 0 F/in                  ; short         ; -                   ; open           ; open             ; open   ; 0 in             ; 0 H/in                 ; 0 F/in                 ; short        ; open          ; open            ; open  ; 0 V                 ; -                  ;
; IP_out[10]      ; 2.5 V        ; 0 in              ; 0 H/in                  ; 0 F/in                  ; short         ; -                   ; open           ; open             ; open   ; 0 in             ; 0 H/in                 ; 0 F/in                 ; short        ; open          ; open            ; open  ; 0 V                 ; -                  ;
; IP_out[9]       ; 2.5 V        ; 0 in              ; 0 H/in                  ; 0 F/in                  ; short         ; -                   ; open           ; open             ; open   ; 0 in             ; 0 H/in                 ; 0 F/in                 ; short        ; open          ; open            ; open  ; 0 V                 ; -                  ;
; IP_out[8]       ; 2.5 V        ; 0 in              ; 0 H/in                  ; 0 F/in                  ; short         ; -                   ; open           ; open             ; open   ; 0 in             ; 0 H/in                 ; 0 F/in                 ; short        ; open          ; open            ; open  ; 0 V                 ; -                  ;
; IP_out[7]       ; 2.5 V        ; 0 in              ; 0 H/in                  ; 0 F/in                  ; short         ; -                   ; open           ; open             ; open   ; 0 in             ; 0 H/in                 ; 0 F/in                 ; short        ; open          ; open            ; open  ; 0 V                 ; -                  ;
; IP_out[6]       ; 2.5 V        ; 0 in              ; 0 H/in                  ; 0 F/in                  ; short         ; -                   ; open           ; open             ; open   ; 0 in             ; 0 H/in                 ; 0 F/in                 ; short        ; open          ; open            ; open  ; 0 V                 ; -                  ;
; IP_out[5]       ; 2.5 V        ; 0 in              ; 0 H/in                  ; 0 F/in                  ; short         ; -                   ; open           ; open             ; open   ; 0 in             ; 0 H/in                 ; 0 F/in                 ; short        ; open          ; open            ; open  ; 0 V                 ; -                  ;
; IP_out[4]       ; 2.5 V        ; 0 in              ; 0 H/in                  ; 0 F/in                  ; short         ; -                   ; open           ; open             ; open   ; 0 in             ; 0 H/in                 ; 0 F/in                 ; short        ; open          ; open            ; open  ; 0 V                 ; -                  ;
; IP_out[3]       ; 2.5 V        ; 0 in              ; 0 H/in                  ; 0 F/in                  ; short         ; -                   ; open           ; open             ; open   ; 0 in             ; 0 H/in                 ; 0 F/in                 ; short        ; open          ; open            ; open  ; 0 V                 ; -                  ;
; IP_out[2]       ; 2.5 V        ; 0 in              ; 0 H/in                  ; 0 F/in                  ; short         ; -                   ; open           ; open             ; open   ; 0 in             ; 0 H/in                 ; 0 F/in                 ; short        ; open          ; open            ; open  ; 0 V                 ; -                  ;
; IP_out[1]       ; 2.5 V        ; 0 in              ; 0 H/in                  ; 0 F/in                  ; short         ; -                   ; open           ; open             ; open   ; 0 in             ; 0 H/in                 ; 0 F/in                 ; short        ; open          ; open            ; open  ; 0 V                 ; -                  ;
; IP_out[0]       ; 2.5 V        ; 0 in              ; 0 H/in                  ; 0 F/in                  ; short         ; -                   ; open           ; open             ; open   ; 0 in             ; 0 H/in                 ; 0 F/in                 ; short        ; open          ; open            ; open  ; 0 V                 ; -                  ;
+-----------------+--------------+-------------------+-------------------------+-------------------------+---------------+---------------------+----------------+------------------+--------+------------------+------------------------+------------------------+--------------+---------------+-----------------+-------+---------------------+--------------------+


+---------------------------------------------------------------------+
; Input Transition Times                                              ;
+------------------+--------------+-----------------+-----------------+
; Pin              ; I/O Standard ; 10-90 Rise Time ; 90-10 Fall Time ;
+------------------+--------------+-----------------+-----------------+
; clock            ; 2.5 V        ; 2000 ps         ; 2000 ps         ;
; reset            ; 2.5 V        ; 2000 ps         ; 2000 ps         ;
; DMA_START        ; 2.5 V        ; 2000 ps         ; 2000 ps         ;
; IR_valid         ; 2.5 V        ; 2000 ps         ; 2000 ps         ;
; dmac_read        ; 2.5 V        ; 2000 ps         ; 2000 ps         ;
; DMA_TEST_DATA[7] ; 2.5 V        ; 2000 ps         ; 2000 ps         ;
; DMA_TEST_DATA[6] ; 2.5 V        ; 2000 ps         ; 2000 ps         ;
; DMA_TEST_DATA[5] ; 2.5 V        ; 2000 ps         ; 2000 ps         ;
; DMA_TEST_DATA[4] ; 2.5 V        ; 2000 ps         ; 2000 ps         ;
; DMA_TEST_DATA[3] ; 2.5 V        ; 2000 ps         ; 2000 ps         ;
; DMA_TEST_DATA[2] ; 2.5 V        ; 2000 ps         ; 2000 ps         ;
; DMA_TEST_DATA[1] ; 2.5 V        ; 2000 ps         ; 2000 ps         ;
; DMA_TEST_DATA[0] ; 2.5 V        ; 2000 ps         ; 2000 ps         ;
; ~ALTERA_DATA0~   ; 1.8 V        ; 1440 ps         ; 1440 ps         ;
+------------------+--------------+-----------------+-----------------+


+----------------------------------------------------------------------------------------------------------------------------------------------------------------------------------------------------------------------------------------------------------------------------------------------------------------------------------------------------------------------------------------------------------------------------------------------------------------------------------------------------------------------------------------------------------------------------------------------------------------------------------------------------------------------------------------------+
; Slow Corner Signal Integrity Metrics                                                                                                                                                                                                                                                                                                                                                                                                                                                                                                                                                                                                                                                         ;
+-----------------+--------------+---------------------+---------------------+------------------------------+------------------------------+---------------------+---------------------+--------------------------------------+--------------------------------------+-----------------------------+-----------------------------+----------------------------+----------------------------+-----------------------------+-----------------------------+--------------------+--------------------+-------------------------------------+-------------------------------------+----------------------------+----------------------------+---------------------------+---------------------------+
; Pin             ; I/O Standard ; Board Delay on Rise ; Board Delay on Fall ; Steady State Voh at FPGA Pin ; Steady State Vol at FPGA Pin ; Voh Max at FPGA Pin ; Vol Min at FPGA Pin ; Ringback Voltage on Rise at FPGA Pin ; Ringback Voltage on Fall at FPGA Pin ; 10-90 Rise Time at FPGA Pin ; 90-10 Fall Time at FPGA Pin ; Monotonic Rise at FPGA Pin ; Monotonic Fall at FPGA Pin ; Steady State Voh at Far-end ; Steady State Vol at Far-end ; Voh Max at Far-end ; Vol Min at Far-end ; Ringback Voltage on Rise at Far-end ; Ringback Voltage on Fall at Far-end ; 10-90 Rise Time at Far-end ; 90-10 Fall Time at Far-end ; Monotonic Rise at Far-end ; Monotonic Fall at Far-end ;
+-----------------+--------------+---------------------+---------------------+------------------------------+------------------------------+---------------------+---------------------+--------------------------------------+--------------------------------------+-----------------------------+-----------------------------+----------------------------+----------------------------+-----------------------------+-----------------------------+--------------------+--------------------+-------------------------------------+-------------------------------------+----------------------------+----------------------------+---------------------------+---------------------------+
; DBG_STACK_FULL  ; 2.5 V        ; 0 s                 ; 0 s                 ; 2.37 V                       ; 2.2e-006 V                   ; 2.38 V              ; -0.0035 V           ; 0.163 V                              ; 0.052 V                              ; 4.72e-010 s                 ; 4.46e-010 s                 ; Yes                        ; Yes                        ; 2.37 V                      ; 2.2e-006 V                  ; 2.38 V             ; -0.0035 V          ; 0.163 V                             ; 0.052 V                             ; 4.72e-010 s                ; 4.46e-010 s                ; Yes                       ; Yes                       ;
; IR_out[7]       ; 2.5 V        ; 0 s                 ; 0 s                 ; 2.37 V                       ; 2.2e-006 V                   ; 2.38 V              ; -0.0035 V           ; 0.163 V                              ; 0.052 V                              ; 4.72e-010 s                 ; 4.46e-010 s                 ; Yes                        ; Yes                        ; 2.37 V                      ; 2.2e-006 V                  ; 2.38 V             ; -0.0035 V          ; 0.163 V                             ; 0.052 V                             ; 4.72e-010 s                ; 4.46e-010 s                ; Yes                       ; Yes                       ;
; IR_out[6]       ; 2.5 V        ; 0 s                 ; 0 s                 ; 2.37 V                       ; 2.21e-006 V                  ; 2.38 V              ; -0.00609 V          ; 0.177 V                              ; 0.064 V                              ; 6.08e-010 s                 ; 5.69e-010 s                 ; Yes                        ; Yes                        ; 2.37 V                      ; 2.21e-006 V                 ; 2.38 V             ; -0.00609 V         ; 0.177 V                             ; 0.064 V                             ; 6.08e-010 s                ; 5.69e-010 s                ; Yes                       ; Yes                       ;
; IR_out[5]       ; 2.5 V        ; 0 s                 ; 0 s                 ; 2.37 V                       ; 2.21e-006 V                  ; 2.38 V              ; -0.00609 V          ; 0.177 V                              ; 0.064 V                              ; 6.08e-010 s                 ; 5.69e-010 s                 ; Yes                        ; Yes                        ; 2.37 V                      ; 2.21e-006 V                 ; 2.38 V             ; -0.00609 V         ; 0.177 V                             ; 0.064 V                             ; 6.08e-010 s                ; 5.69e-010 s                ; Yes                       ; Yes                       ;
; IR_out[4]       ; 2.5 V        ; 0 s                 ; 0 s                 ; 2.37 V                       ; 2.21e-006 V                  ; 2.38 V              ; -0.00609 V          ; 0.177 V                              ; 0.064 V                              ; 6.08e-010 s                 ; 5.69e-010 s                 ; Yes                        ; Yes                        ; 2.37 V                      ; 2.21e-006 V                 ; 2.38 V             ; -0.00609 V         ; 0.177 V                             ; 0.064 V                             ; 6.08e-010 s                ; 5.69e-010 s                ; Yes                       ; Yes                       ;
; IR_out[3]       ; 2.5 V        ; 0 s                 ; 0 s                 ; 2.37 V                       ; 2.2e-006 V                   ; 2.38 V              ; -0.0035 V           ; 0.163 V                              ; 0.052 V                              ; 4.72e-010 s                 ; 4.46e-010 s                 ; Yes                        ; Yes                        ; 2.37 V                      ; 2.2e-006 V                  ; 2.38 V             ; -0.0035 V          ; 0.163 V                             ; 0.052 V                             ; 4.72e-010 s                ; 4.46e-010 s                ; Yes                       ; Yes                       ;
; IR_out[2]       ; 2.5 V        ; 0 s                 ; 0 s                 ; 2.37 V                       ; 2.21e-006 V                  ; 2.38 V              ; -0.00609 V          ; 0.177 V                              ; 0.064 V                              ; 6.08e-010 s                 ; 5.69e-010 s                 ; Yes                        ; Yes                        ; 2.37 V                      ; 2.21e-006 V                 ; 2.38 V             ; -0.00609 V         ; 0.177 V                             ; 0.064 V                             ; 6.08e-010 s                ; 5.69e-010 s                ; Yes                       ; Yes                       ;
; IR_out[1]       ; 2.5 V        ; 0 s                 ; 0 s                 ; 2.37 V                       ; 4.13e-006 V                  ; 2.38 V              ; -0.00293 V          ; 0.163 V                              ; 0.05 V                               ; 4.73e-010 s                 ; 4.44e-010 s                 ; Yes                        ; Yes                        ; 2.37 V                      ; 4.13e-006 V                 ; 2.38 V             ; -0.00293 V         ; 0.163 V                             ; 0.05 V                              ; 4.73e-010 s                ; 4.44e-010 s                ; Yes                       ; Yes                       ;
; IR_out[0]       ; 2.5 V        ; 0 s                 ; 0 s                 ; 2.37 V                       ; 2.21e-006 V                  ; 2.38 V              ; -0.00609 V          ; 0.177 V                              ; 0.064 V                              ; 6.08e-010 s                 ; 5.69e-010 s                 ; Yes                        ; Yes                        ; 2.37 V                      ; 2.21e-006 V                 ; 2.38 V             ; -0.00609 V         ; 0.177 V                             ; 0.064 V                             ; 6.08e-010 s                ; 5.69e-010 s                ; Yes                       ; Yes                       ;
; NOTZ_en         ; 2.5 V        ; 0 s                 ; 0 s                 ; 2.37 V                       ; 4.13e-006 V                  ; 2.38 V              ; -0.00293 V          ; 0.163 V                              ; 0.05 V                               ; 4.73e-010 s                 ; 4.44e-010 s                 ; Yes                        ; Yes                        ; 2.37 V                      ; 4.13e-006 V                 ; 2.38 V             ; -0.00293 V         ; 0.163 V                             ; 0.05 V                              ; 4.73e-010 s                ; 4.44e-010 s                ; Yes                       ; Yes                       ;
; DBG_STACK_EMPTY ; 2.5 V        ; 0 s                 ; 0 s                 ; 2.37 V                       ; 2.2e-006 V                   ; 2.38 V              ; -0.0035 V           ; 0.163 V                              ; 0.052 V                              ; 4.72e-010 s                 ; 4.46e-010 s                 ; Yes                        ; Yes                        ; 2.37 V                      ; 2.2e-006 V                  ; 2.38 V             ; -0.0035 V          ; 0.163 V                             ; 0.052 V                             ; 4.72e-010 s                ; 4.46e-010 s                ; Yes                       ; Yes                       ;
; DBG_S           ; 2.5 V        ; 0 s                 ; 0 s                 ; 2.37 V                       ; 2.2e-006 V                   ; 2.38 V              ; -0.0035 V           ; 0.163 V                              ; 0.052 V                              ; 4.72e-010 s                 ; 4.46e-010 s                 ; Yes                        ; Yes                        ; 2.37 V                      ; 2.2e-006 V                  ; 2.38 V             ; -0.0035 V          ; 0.163 V                             ; 0.052 V                             ; 4.72e-010 s                ; 4.46e-010 s                ; Yes                       ; Yes                       ;
; DBG_CF          ; 2.5 V        ; 0 s                 ; 0 s                 ; 2.37 V                       ; 2.2e-006 V                   ; 2.38 V              ; -0.0035 V           ; 0.163 V                              ; 0.052 V                              ; 4.72e-010 s                 ; 4.46e-010 s                 ; Yes                        ; Yes                        ; 2.37 V                      ; 2.2e-006 V                  ; 2.38 V             ; -0.0035 V          ; 0.163 V                             ; 0.052 V                             ; 4.72e-010 s                ; 4.46e-010 s                ; Yes                       ; Yes                       ;
; CPU_HALT        ; 2.5 V        ; 0 s                 ; 0 s                 ; 2.37 V                       ; 2.21e-006 V                  ; 2.38 V              ; -0.00609 V          ; 0.177 V                              ; 0.064 V                              ; 6.08e-010 s                 ; 5.69e-010 s                 ; Yes                        ; Yes                        ; 2.37 V                      ; 2.21e-006 V                 ; 2.38 V             ; -0.00609 V         ; 0.177 V                             ; 0.064 V                             ; 6.08e-010 s                ; 5.69e-010 s                ; Yes                       ; Yes                       ;
; DBG_DMA_BUSY    ; 2.5 V        ; 0 s                 ; 0 s                 ; 2.37 V                       ; 4.13e-006 V                  ; 2.38 V              ; -0.00293 V          ; 0.163 V                              ; 0.05 V                               ; 4.73e-010 s                 ; 4.44e-010 s                 ; Yes                        ; Yes                        ; 2.37 V                      ; 4.13e-006 V                 ; 2.38 V             ; -0.00293 V         ; 0.163 V                             ; 0.05 V                              ; 4.73e-010 s                ; 4.44e-010 s                ; Yes                       ; Yes                       ;
; DBG_DMA_DONE    ; 2.5 V        ; 0 s                 ; 0 s                 ; 2.37 V                       ; 4.13e-006 V                  ; 2.38 V              ; -0.00293 V          ; 0.163 V                              ; 0.05 V                               ; 4.73e-010 s                 ; 4.44e-010 s                 ; Yes                        ; Yes                        ; 2.37 V                      ; 4.13e-006 V                 ; 2.38 V             ; -0.00293 V         ; 0.163 V                             ; 0.05 V                              ; 4.73e-010 s                ; 4.44e-010 s                ; Yes                       ; Yes                       ;
; DBG_HIT         ; 2.5 V        ; 0 s                 ; 0 s                 ; 2.37 V                       ; 2.2e-006 V                   ; 2.38 V              ; -0.0035 V           ; 0.163 V                              ; 0.052 V                              ; 4.72e-010 s                 ; 4.46e-010 s                 ; Yes                        ; Yes                        ; 2.37 V                      ; 2.2e-006 V                  ; 2.38 V             ; -0.0035 V          ; 0.163 V                             ; 0.052 V                             ; 4.72e-010 s                ; 4.46e-010 s                ; Yes                       ; Yes                       ;
; DBG_MISS        ; 2.5 V        ; 0 s                 ; 0 s                 ; 2.37 V                       ; 2.21e-006 V                  ; 2.38 V              ; -0.00609 V          ; 0.177 V                              ; 0.064 V                              ; 6.08e-010 s                 ; 5.69e-010 s                 ; Yes                        ; Yes                        ; 2.37 V                      ; 2.21e-006 V                 ; 2.38 V             ; -0.00609 V         ; 0.177 V                             ; 0.064 V                             ; 6.08e-010 s                ; 5.69e-010 s                ; Yes                       ; Yes                       ;
; DBG_BUS_BUSY    ; 2.5 V        ; 0 s                 ; 0 s                 ; 2.37 V                       ; 4.13e-006 V                  ; 2.38 V              ; -0.00293 V          ; 0.163 V                              ; 0.05 V                               ; 4.73e-010 s                 ; 4.44e-010 s                 ; Yes                        ; Yes                        ; 2.37 V                      ; 4.13e-006 V                 ; 2.38 V             ; -0.00293 V         ; 0.163 V                             ; 0.05 V                              ; 4.73e-010 s                ; 4.44e-010 s                ; Yes                       ; Yes                       ;
; DBG_GHR[3]      ; 2.5 V        ; 0 s                 ; 0 s                 ; 2.37 V                       ; 2.21e-006 V                  ; 2.38 V              ; -0.00609 V          ; 0.177 V                              ; 0.064 V                              ; 6.08e-010 s                 ; 5.69e-010 s                 ; Yes                        ; Yes                        ; 2.37 V                      ; 2.21e-006 V                 ; 2.38 V             ; -0.00609 V         ; 0.177 V                             ; 0.064 V                             ; 6.08e-010 s                ; 5.69e-010 s                ; Yes                       ; Yes                       ;
; DBG_GHR[2]      ; 2.5 V        ; 0 s                 ; 0 s                 ; 2.37 V                       ; 2.2e-006 V                   ; 2.38 V              ; -0.0035 V           ; 0.163 V                              ; 0.052 V                              ; 4.72e-010 s                 ; 4.46e-010 s                 ; Yes                        ; Yes                        ; 2.37 V                      ; 2.2e-006 V                  ; 2.38 V             ; -0.0035 V          ; 0.163 V                             ; 0.052 V                             ; 4.72e-010 s                ; 4.46e-010 s                ; Yes                       ; Yes                       ;
; DBG_GHR[1]      ; 2.5 V        ; 0 s                 ; 0 s                 ; 2.37 V                       ; 4.13e-006 V                  ; 2.38 V              ; -0.00293 V          ; 0.163 V                              ; 0.05 V                               ; 4.73e-010 s                 ; 4.44e-010 s                 ; Yes                        ; Yes                        ; 2.37 V                      ; 4.13e-006 V                 ; 2.38 V             ; -0.00293 V         ; 0.163 V                             ; 0.05 V                              ; 4.73e-010 s                ; 4.44e-010 s                ; Yes                       ; Yes                       ;
; DBG_GHR[0]      ; 2.5 V        ; 0 s                 ; 0 s                 ; 2.37 V                       ; 2.2e-006 V                   ; 2.38 V              ; -0.0035 V           ; 0.163 V                              ; 0.052 V                              ; 4.72e-010 s                 ; 4.46e-010 s                 ; Yes                        ; Yes                        ; 2.37 V                      ; 2.2e-006 V                  ; 2.38 V             ; -0.0035 V          ; 0.163 V                             ; 0.052 V                             ; 4.72e-010 s                ; 4.46e-010 s                ; Yes                       ; Yes                       ;
; IP_out[15]      ; 2.5 V        ; 0 s                 ; 0 s                 ; 2.37 V                       ; 2.21e-006 V                  ; 2.38 V              ; -0.00609 V          ; 0.177 V                              ; 0.064 V                              ; 6.08e-010 s                 ; 5.69e-010 s                 ; Yes                        ; Yes                        ; 2.37 V                      ; 2.21e-006 V                 ; 2.38 V             ; -0.00609 V         ; 0.177 V                             ; 0.064 V                             ; 6.08e-010 s                ; 5.69e-010 s                ; Yes                       ; Yes                       ;
; IP_out[14]      ; 2.5 V        ; 0 s                 ; 0 s                 ; 2.37 V                       ; 2.21e-006 V                  ; 2.38 V              ; -0.00609 V          ; 0.177 V                              ; 0.064 V                              ; 6.08e-010 s                 ; 5.69e-010 s                 ; Yes                        ; Yes                        ; 2.37 V                      ; 2.21e-006 V                 ; 2.38 V             ; -0.00609 V         ; 0.177 V                             ; 0.064 V                             ; 6.08e-010 s                ; 5.69e-010 s                ; Yes                       ; Yes                       ;
; IP_out[13]      ; 2.5 V        ; 0 s                 ; 0 s                 ; 2.37 V                       ; 2.2e-006 V                   ; 2.38 V              ; -0.0035 V           ; 0.163 V                              ; 0.052 V                              ; 4.72e-010 s                 ; 4.46e-010 s                 ; Yes                        ; Yes                        ; 2.37 V                      ; 2.2e-006 V                  ; 2.38 V             ; -0.0035 V          ; 0.163 V                             ; 0.052 V                             ; 4.72e-010 s                ; 4.46e-010 s                ; Yes                       ; Yes                       ;
; IP_out[12]      ; 2.5 V        ; 0 s                 ; 0 s                 ; 2.37 V                       ; 2.2e-006 V                   ; 2.38 V              ; -0.0035 V           ; 0.163 V                              ; 0.052 V                              ; 4.72e-010 s                 ; 4.46e-010 s                 ; Yes                        ; Yes                        ; 2.37 V                      ; 2.2e-006 V                  ; 2.38 V             ; -0.0035 V          ; 0.163 V                             ; 0.052 V                             ; 4.72e-010 s                ; 4.46e-010 s                ; Yes                       ; Yes                       ;
; IP_out[11]      ; 2.5 V        ; 0 s                 ; 0 s                 ; 2.37 V                       ; 2.21e-006 V                  ; 2.38 V              ; -0.00609 V          ; 0.177 V                              ; 0.064 V                              ; 6.08e-010 s                 ; 5.69e-010 s                 ; Yes                        ; Yes                        ; 2.37 V                      ; 2.21e-006 V                 ; 2.38 V             ; -0.00609 V         ; 0.177 V                             ; 0.064 V                             ; 6.08e-010 s                ; 5.69e-010 s                ; Yes                       ; Yes                       ;
; IP_out[10]      ; 2.5 V        ; 0 s                 ; 0 s                 ; 2.37 V                       ; 2.2e-006 V                   ; 2.38 V              ; -0.0035 V           ; 0.163 V                              ; 0.052 V                              ; 4.72e-010 s                 ; 4.46e-010 s                 ; Yes                        ; Yes                        ; 2.37 V                      ; 2.2e-006 V                  ; 2.38 V             ; -0.0035 V          ; 0.163 V                             ; 0.052 V                             ; 4.72e-010 s                ; 4.46e-010 s                ; Yes                       ; Yes                       ;
; IP_out[9]       ; 2.5 V        ; 0 s                 ; 0 s                 ; 2.37 V                       ; 4.13e-006 V                  ; 2.38 V              ; -0.00293 V          ; 0.163 V                              ; 0.05 V                               ; 4.73e-010 s                 ; 4.44e-010 s                 ; Yes                        ; Yes                        ; 2.37 V                      ; 4.13e-006 V                 ; 2.38 V             ; -0.00293 V         ; 0.163 V                             ; 0.05 V                              ; 4.73e-010 s                ; 4.44e-010 s                ; Yes                       ; Yes                       ;
; IP_out[8]       ; 2.5 V        ; 0 s                 ; 0 s                 ; 2.37 V                       ; 2.2e-006 V                   ; 2.38 V              ; -0.0035 V           ; 0.163 V                              ; 0.052 V                              ; 4.72e-010 s                 ; 4.46e-010 s                 ; Yes                        ; Yes                        ; 2.37 V                      ; 2.2e-006 V                  ; 2.38 V             ; -0.0035 V          ; 0.163 V                             ; 0.052 V                             ; 4.72e-010 s                ; 4.46e-010 s                ; Yes                       ; Yes                       ;
; IP_out[7]       ; 2.5 V        ; 0 s                 ; 0 s                 ; 2.37 V                       ; 2.21e-006 V                  ; 2.38 V              ; -0.00609 V          ; 0.177 V                              ; 0.064 V                              ; 6.08e-010 s                 ; 5.69e-010 s                 ; Yes                        ; Yes                        ; 2.37 V                      ; 2.21e-006 V                 ; 2.38 V             ; -0.00609 V         ; 0.177 V                             ; 0.064 V                             ; 6.08e-010 s                ; 5.69e-010 s                ; Yes                       ; Yes                       ;
; IP_out[6]       ; 2.5 V        ; 0 s                 ; 0 s                 ; 2.37 V                       ; 2.2e-006 V                   ; 2.38 V              ; -0.0035 V           ; 0.163 V                              ; 0.052 V                              ; 4.72e-010 s                 ; 4.46e-010 s                 ; Yes                        ; Yes                        ; 2.37 V                      ; 2.2e-006 V                  ; 2.38 V             ; -0.0035 V          ; 0.163 V                             ; 0.052 V                             ; 4.72e-010 s                ; 4.46e-010 s                ; Yes                       ; Yes                       ;
; IP_out[5]       ; 2.5 V        ; 0 s                 ; 0 s                 ; 2.37 V                       ; 2.2e-006 V                   ; 2.38 V              ; -0.0035 V           ; 0.163 V                              ; 0.052 V                              ; 4.72e-010 s                 ; 4.46e-010 s                 ; Yes                        ; Yes                        ; 2.37 V                      ; 2.2e-006 V                  ; 2.38 V             ; -0.0035 V          ; 0.163 V                             ; 0.052 V                             ; 4.72e-010 s                ; 4.46e-010 s                ; Yes                       ; Yes                       ;
; IP_out[4]       ; 2.5 V        ; 0 s                 ; 0 s                 ; 2.37 V                       ; 2.2e-006 V                   ; 2.38 V              ; -0.0035 V           ; 0.163 V                              ; 0.052 V                              ; 4.72e-010 s                 ; 4.46e-010 s                 ; Yes                        ; Yes                        ; 2.37 V                      ; 2.2e-006 V                  ; 2.38 V             ; -0.0035 V          ; 0.163 V                             ; 0.052 V                             ; 4.72e-010 s                ; 4.46e-010 s                ; Yes                       ; Yes                       ;
; IP_out[3]       ; 2.5 V        ; 0 s                 ; 0 s                 ; 2.37 V                       ; 2.21e-006 V                  ; 2.38 V              ; -0.00609 V          ; 0.177 V                              ; 0.064 V                              ; 6.08e-010 s                 ; 5.69e-010 s                 ; Yes                        ; Yes                        ; 2.37 V                      ; 2.21e-006 V                 ; 2.38 V             ; -0.00609 V         ; 0.177 V                             ; 0.064 V                             ; 6.08e-010 s                ; 5.69e-010 s                ; Yes                       ; Yes                       ;
; IP_out[2]       ; 2.5 V        ; 0 s                 ; 0 s                 ; 2.37 V                       ; 2.2e-006 V                   ; 2.38 V              ; -0.0035 V           ; 0.163 V                              ; 0.052 V                              ; 4.72e-010 s                 ; 4.46e-010 s                 ; Yes                        ; Yes                        ; 2.37 V                      ; 2.2e-006 V                  ; 2.38 V             ; -0.0035 V          ; 0.163 V                             ; 0.052 V                             ; 4.72e-010 s                ; 4.46e-010 s                ; Yes                       ; Yes                       ;
; IP_out[1]       ; 2.5 V        ; 0 s                 ; 0 s                 ; 2.37 V                       ; 2.21e-006 V                  ; 2.38 V              ; -0.00609 V          ; 0.177 V                              ; 0.064 V                              ; 6.08e-010 s                 ; 5.69e-010 s                 ; Yes                        ; Yes                        ; 2.37 V                      ; 2.21e-006 V                 ; 2.38 V             ; -0.00609 V         ; 0.177 V                             ; 0.064 V                             ; 6.08e-010 s                ; 5.69e-010 s                ; Yes                       ; Yes                       ;
; IP_out[0]       ; 2.5 V        ; 0 s                 ; 0 s                 ; 2.37 V                       ; 4.13e-006 V                  ; 2.38 V              ; -0.00293 V          ; 0.163 V                              ; 0.05 V                               ; 4.73e-010 s                 ; 4.44e-010 s                 ; Yes                        ; Yes                        ; 2.37 V                      ; 4.13e-006 V                 ; 2.38 V             ; -0.00293 V         ; 0.163 V                             ; 0.05 V                              ; 4.73e-010 s                ; 4.44e-010 s                ; Yes                       ; Yes                       ;
+-----------------+--------------+---------------------+---------------------+------------------------------+------------------------------+---------------------+---------------------+--------------------------------------+--------------------------------------+-----------------------------+-----------------------------+----------------------------+----------------------------+-----------------------------+-----------------------------+--------------------+--------------------+-------------------------------------+-------------------------------------+----------------------------+----------------------------+---------------------------+---------------------------+


+----------------------------------------------------------------------------------------------------------------------------------------------------------------------------------------------------------------------------------------------------------------------------------------------------------------------------------------------------------------------------------------------------------------------------------------------------------------------------------------------------------------------------------------------------------------------------------------------------------------------------------------------------------------------------------------------+
; Fast Corner Signal Integrity Metrics                                                                                                                                                                                                                                                                                                                                                                                                                                                                                                                                                                                                                                                         ;
+-----------------+--------------+---------------------+---------------------+------------------------------+------------------------------+---------------------+---------------------+--------------------------------------+--------------------------------------+-----------------------------+-----------------------------+----------------------------+----------------------------+-----------------------------+-----------------------------+--------------------+--------------------+-------------------------------------+-------------------------------------+----------------------------+----------------------------+---------------------------+---------------------------+
; Pin             ; I/O Standard ; Board Delay on Rise ; Board Delay on Fall ; Steady State Voh at FPGA Pin ; Steady State Vol at FPGA Pin ; Voh Max at FPGA Pin ; Vol Min at FPGA Pin ; Ringback Voltage on Rise at FPGA Pin ; Ringback Voltage on Fall at FPGA Pin ; 10-90 Rise Time at FPGA Pin ; 90-10 Fall Time at FPGA Pin ; Monotonic Rise at FPGA Pin ; Monotonic Fall at FPGA Pin ; Steady State Voh at Far-end ; Steady State Vol at Far-end ; Voh Max at Far-end ; Vol Min at Far-end ; Ringback Voltage on Rise at Far-end ; Ringback Voltage on Fall at Far-end ; 10-90 Rise Time at Far-end ; 90-10 Fall Time at Far-end ; Monotonic Rise at Far-end ; Monotonic Fall at Far-end ;
+-----------------+--------------+---------------------+---------------------+------------------------------+------------------------------+---------------------+---------------------+--------------------------------------+--------------------------------------+-----------------------------+-----------------------------+----------------------------+----------------------------+-----------------------------+-----------------------------+--------------------+--------------------+-------------------------------------+-------------------------------------+----------------------------+----------------------------+---------------------------+---------------------------+
; DBG_STACK_FULL  ; 2.5 V        ; 0 s                 ; 0 s                 ; 2.62 V                       ; 5.38e-007 V                  ; 2.64 V              ; -0.0186 V           ; 0.148 V                              ; 0.266 V                              ; 3.49e-010 s                 ; 2.78e-010 s                 ; No                         ; No                         ; 2.62 V                      ; 5.38e-007 V                 ; 2.64 V             ; -0.0186 V          ; 0.148 V                             ; 0.266 V                             ; 3.49e-010 s                ; 2.78e-010 s                ; No                        ; No                        ;
; IR_out[7]       ; 2.5 V        ; 0 s                 ; 0 s                 ; 2.62 V                       ; 5.38e-007 V                  ; 2.64 V              ; -0.0186 V           ; 0.148 V                              ; 0.266 V                              ; 3.49e-010 s                 ; 2.78e-010 s                 ; No                         ; No                         ; 2.62 V                      ; 5.38e-007 V                 ; 2.64 V             ; -0.0186 V          ; 0.148 V                             ; 0.266 V                             ; 3.49e-010 s                ; 2.78e-010 s                ; No                        ; No                        ;
; IR_out[6]       ; 2.5 V        ; 0 s                 ; 0 s                 ; 2.62 V                       ; 5.4e-007 V                   ; 2.66 V              ; -0.0252 V           ; 0.259 V                              ; 0.202 V                              ; 3.9e-010 s                  ; 3.75e-010 s                 ; No                         ; Yes                        ; 2.62 V                      ; 5.4e-007 V                  ; 2.66 V             ; -0.0252 V          ; 0.259 V                             ; 0.202 V                             ; 3.9e-010 s                 ; 3.75e-010 s                ; No                        ; Yes                       ;
; IR_out[5]       ; 2.5 V        ; 0 s                 ; 0 s                 ; 2.62 V                       ; 5.4e-007 V                   ; 2.66 V              ; -0.0252 V           ; 0.259 V                              ; 0.202 V                              ; 3.9e-010 s                  ; 3.75e-010 s                 ; No                         ; Yes                        ; 2.62 V                      ; 5.4e-007 V                  ; 2.66 V             ; -0.0252 V          ; 0.259 V                             ; 0.202 V                             ; 3.9e-010 s                 ; 3.75e-010 s                ; No                        ; Yes                       ;
; IR_out[4]       ; 2.5 V        ; 0 s                 ; 0 s                 ; 2.62 V                       ; 5.4e-007 V                   ; 2.66 V              ; -0.0252 V           ; 0.259 V                              ; 0.202 V                              ; 3.9e-010 s                  ; 3.75e-010 s                 ; No                         ; Yes                        ; 2.62 V                      ; 5.4e-007 V                  ; 2.66 V             ; -0.0252 V          ; 0.259 V                             ; 0.202 V                             ; 3.9e-010 s                 ; 3.75e-010 s                ; No                        ; Yes                       ;
; IR_out[3]       ; 2.5 V        ; 0 s                 ; 0 s                 ; 2.62 V                       ; 5.38e-007 V                  ; 2.64 V              ; -0.0186 V           ; 0.148 V                              ; 0.266 V                              ; 3.49e-010 s                 ; 2.78e-010 s                 ; No                         ; No                         ; 2.62 V                      ; 5.38e-007 V                 ; 2.64 V             ; -0.0186 V          ; 0.148 V                             ; 0.266 V                             ; 3.49e-010 s                ; 2.78e-010 s                ; No                        ; No                        ;
; IR_out[2]       ; 2.5 V        ; 0 s                 ; 0 s                 ; 2.62 V                       ; 5.4e-007 V                   ; 2.66 V              ; -0.0252 V           ; 0.259 V                              ; 0.202 V                              ; 3.9e-010 s                  ; 3.75e-010 s                 ; No                         ; Yes                        ; 2.62 V                      ; 5.4e-007 V                  ; 2.66 V             ; -0.0252 V          ; 0.259 V                             ; 0.202 V                             ; 3.9e-010 s                 ; 3.75e-010 s                ; No                        ; Yes                       ;
; IR_out[1]       ; 2.5 V        ; 0 s                 ; 0 s                 ; 2.62 V                       ; 8.9e-007 V                   ; 2.64 V              ; -0.0168 V           ; 0.147 V                              ; 0.259 V                              ; 3.49e-010 s                 ; 2.78e-010 s                 ; No                         ; Yes                        ; 2.62 V                      ; 8.9e-007 V                  ; 2.64 V             ; -0.0168 V          ; 0.147 V                             ; 0.259 V                             ; 3.49e-010 s                ; 2.78e-010 s                ; No                        ; Yes                       ;
; IR_out[0]       ; 2.5 V        ; 0 s                 ; 0 s                 ; 2.62 V                       ; 5.4e-007 V                   ; 2.66 V              ; -0.0252 V           ; 0.259 V                              ; 0.202 V                              ; 3.9e-010 s                  ; 3.75e-010 s                 ; No                         ; Yes                        ; 2.62 V                      ; 5.4e-007 V                  ; 2.66 V             ; -0.0252 V          ; 0.259 V                             ; 0.202 V                             ; 3.9e-010 s                 ; 3.75e-010 s                ; No                        ; Yes                       ;
; NOTZ_en         ; 2.5 V        ; 0 s                 ; 0 s                 ; 2.62 V                       ; 8.9e-007 V                   ; 2.64 V              ; -0.0168 V           ; 0.147 V                              ; 0.259 V                              ; 3.49e-010 s                 ; 2.78e-010 s                 ; No                         ; Yes                        ; 2.62 V                      ; 8.9e-007 V                  ; 2.64 V             ; -0.0168 V          ; 0.147 V                             ; 0.259 V                             ; 3.49e-010 s                ; 2.78e-010 s                ; No                        ; Yes                       ;
; DBG_STACK_EMPTY ; 2.5 V        ; 0 s                 ; 0 s                 ; 2.62 V                       ; 5.38e-007 V                  ; 2.64 V              ; -0.0186 V           ; 0.148 V                              ; 0.266 V                              ; 3.49e-010 s                 ; 2.78e-010 s                 ; No                         ; No                         ; 2.62 V                      ; 5.38e-007 V                 ; 2.64 V             ; -0.0186 V          ; 0.148 V                             ; 0.266 V                             ; 3.49e-010 s                ; 2.78e-010 s                ; No                        ; No                        ;
; DBG_S           ; 2.5 V        ; 0 s                 ; 0 s                 ; 2.62 V                       ; 5.38e-007 V                  ; 2.64 V              ; -0.0186 V           ; 0.148 V                              ; 0.266 V                              ; 3.49e-010 s                 ; 2.78e-010 s                 ; No                         ; No                         ; 2.62 V                      ; 5.38e-007 V                 ; 2.64 V             ; -0.0186 V          ; 0.148 V                             ; 0.266 V                             ; 3.49e-010 s                ; 2.78e-010 s                ; No                        ; No                        ;
; DBG_CF          ; 2.5 V        ; 0 s                 ; 0 s                 ; 2.62 V                       ; 5.38e-007 V                  ; 2.64 V              ; -0.0186 V           ; 0.148 V                              ; 0.266 V                              ; 3.49e-010 s                 ; 2.78e-010 s                 ; No                         ; No                         ; 2.62 V                      ; 5.38e-007 V                 ; 2.64 V             ; -0.0186 V          ; 0.148 V                             ; 0.266 V                             ; 3.49e-010 s                ; 2.78e-010 s                ; No                        ; No                        ;
; CPU_HALT        ; 2.5 V        ; 0 s                 ; 0 s                 ; 2.62 V                       ; 5.4e-007 V                   ; 2.66 V              ; -0.0252 V           ; 0.259 V                              ; 0.202 V                              ; 3.9e-010 s                  ; 3.75e-010 s                 ; No                         ; Yes                        ; 2.62 V                      ; 5.4e-007 V                  ; 2.66 V             ; -0.0252 V          ; 0.259 V                             ; 0.202 V                             ; 3.9e-010 s                 ; 3.75e-010 s                ; No                        ; Yes                       ;
; DBG_DMA_BUSY    ; 2.5 V        ; 0 s                 ; 0 s                 ; 2.62 V                       ; 8.9e-007 V                   ; 2.64 V              ; -0.0168 V           ; 0.147 V                              ; 0.259 V                              ; 3.49e-010 s                 ; 2.78e-010 s                 ; No                         ; Yes                        ; 2.62 V                      ; 8.9e-007 V                  ; 2.64 V             ; -0.0168 V          ; 0.147 V                             ; 0.259 V                             ; 3.49e-010 s                ; 2.78e-010 s                ; No                        ; Yes                       ;
; DBG_DMA_DONE    ; 2.5 V        ; 0 s                 ; 0 s                 ; 2.62 V                       ; 8.9e-007 V                   ; 2.64 V              ; -0.0168 V           ; 0.147 V                              ; 0.259 V                              ; 3.49e-010 s                 ; 2.78e-010 s                 ; No                         ; Yes                        ; 2.62 V                      ; 8.9e-007 V                  ; 2.64 V             ; -0.0168 V          ; 0.147 V                             ; 0.259 V                             ; 3.49e-010 s                ; 2.78e-010 s                ; No                        ; Yes                       ;
; DBG_HIT         ; 2.5 V        ; 0 s                 ; 0 s                 ; 2.62 V                       ; 5.38e-007 V                  ; 2.64 V              ; -0.0186 V           ; 0.148 V                              ; 0.266 V                              ; 3.49e-010 s                 ; 2.78e-010 s                 ; No                         ; No                         ; 2.62 V                      ; 5.38e-007 V                 ; 2.64 V             ; -0.0186 V          ; 0.148 V                             ; 0.266 V                             ; 3.49e-010 s                ; 2.78e-010 s                ; No                        ; No                        ;
; DBG_MISS        ; 2.5 V        ; 0 s                 ; 0 s                 ; 2.62 V                       ; 5.4e-007 V                   ; 2.66 V              ; -0.0252 V           ; 0.259 V                              ; 0.202 V                              ; 3.9e-010 s                  ; 3.75e-010 s                 ; No                         ; Yes                        ; 2.62 V                      ; 5.4e-007 V                  ; 2.66 V             ; -0.0252 V          ; 0.259 V                             ; 0.202 V                             ; 3.9e-010 s                 ; 3.75e-010 s                ; No                        ; Yes                       ;
; DBG_BUS_BUSY    ; 2.5 V        ; 0 s                 ; 0 s                 ; 2.62 V                       ; 8.9e-007 V                   ; 2.64 V              ; -0.0168 V           ; 0.147 V                              ; 0.259 V                              ; 3.49e-010 s                 ; 2.78e-010 s                 ; No                         ; Yes                        ; 2.62 V                      ; 8.9e-007 V                  ; 2.64 V             ; -0.0168 V          ; 0.147 V                             ; 0.259 V                             ; 3.49e-010 s                ; 2.78e-010 s                ; No                        ; Yes                       ;
; DBG_GHR[3]      ; 2.5 V        ; 0 s                 ; 0 s                 ; 2.62 V                       ; 5.4e-007 V                   ; 2.66 V              ; -0.0252 V           ; 0.259 V                              ; 0.202 V                              ; 3.9e-010 s                  ; 3.75e-010 s                 ; No                         ; Yes                        ; 2.62 V                      ; 5.4e-007 V                  ; 2.66 V             ; -0.0252 V          ; 0.259 V                             ; 0.202 V                             ; 3.9e-010 s                 ; 3.75e-010 s                ; No                        ; Yes                       ;
; DBG_GHR[2]      ; 2.5 V        ; 0 s                 ; 0 s                 ; 2.62 V                       ; 5.38e-007 V                  ; 2.64 V              ; -0.0186 V           ; 0.148 V                              ; 0.266 V                              ; 3.49e-010 s                 ; 2.78e-010 s                 ; No                         ; No                         ; 2.62 V                      ; 5.38e-007 V                 ; 2.64 V             ; -0.0186 V          ; 0.148 V                             ; 0.266 V                             ; 3.49e-010 s                ; 2.78e-010 s                ; No                        ; No                        ;
; DBG_GHR[1]      ; 2.5 V        ; 0 s                 ; 0 s                 ; 2.62 V                       ; 8.9e-007 V                   ; 2.64 V              ; -0.0168 V           ; 0.147 V                              ; 0.259 V                              ; 3.49e-010 s                 ; 2.78e-010 s                 ; No                         ; Yes                        ; 2.62 V                      ; 8.9e-007 V                  ; 2.64 V             ; -0.0168 V          ; 0.147 V                             ; 0.259 V                             ; 3.49e-010 s                ; 2.78e-010 s                ; No                        ; Yes                       ;
; DBG_GHR[0]      ; 2.5 V        ; 0 s                 ; 0 s                 ; 2.62 V                       ; 5.38e-007 V                  ; 2.64 V              ; -0.0186 V           ; 0.148 V                              ; 0.266 V                              ; 3.49e-010 s                 ; 2.78e-010 s                 ; No                         ; No                         ; 2.62 V                      ; 5.38e-007 V                 ; 2.64 V             ; -0.0186 V          ; 0.148 V                             ; 0.266 V                             ; 3.49e-010 s                ; 2.78e-010 s                ; No                        ; No                        ;
; IP_out[15]      ; 2.5 V        ; 0 s                 ; 0 s                 ; 2.62 V                       ; 5.4e-007 V                   ; 2.66 V              ; -0.0252 V           ; 0.259 V                              ; 0.202 V                              ; 3.9e-010 s                  ; 3.75e-010 s                 ; No                         ; Yes                        ; 2.62 V                      ; 5.4e-007 V                  ; 2.66 V             ; -0.0252 V          ; 0.259 V                             ; 0.202 V                             ; 3.9e-010 s                 ; 3.75e-010 s                ; No                        ; Yes                       ;
; IP_out[14]      ; 2.5 V        ; 0 s                 ; 0 s                 ; 2.62 V                       ; 5.4e-007 V                   ; 2.66 V              ; -0.0252 V           ; 0.259 V                              ; 0.202 V                              ; 3.9e-010 s                  ; 3.75e-010 s                 ; No                         ; Yes                        ; 2.62 V                      ; 5.4e-007 V                  ; 2.66 V             ; -0.0252 V          ; 0.259 V                             ; 0.202 V                             ; 3.9e-010 s                 ; 3.75e-010 s                ; No                        ; Yes                       ;
; IP_out[13]      ; 2.5 V        ; 0 s                 ; 0 s                 ; 2.62 V                       ; 5.38e-007 V                  ; 2.64 V              ; -0.0186 V           ; 0.148 V                              ; 0.266 V                              ; 3.49e-010 s                 ; 2.78e-010 s                 ; No                         ; No                         ; 2.62 V                      ; 5.38e-007 V                 ; 2.64 V             ; -0.0186 V          ; 0.148 V                             ; 0.266 V                             ; 3.49e-010 s                ; 2.78e-010 s                ; No                        ; No                        ;
; IP_out[12]      ; 2.5 V        ; 0 s                 ; 0 s                 ; 2.62 V                       ; 5.38e-007 V                  ; 2.64 V              ; -0.0186 V           ; 0.148 V                              ; 0.266 V                              ; 3.49e-010 s                 ; 2.78e-010 s                 ; No                         ; No                         ; 2.62 V                      ; 5.38e-007 V                 ; 2.64 V             ; -0.0186 V          ; 0.148 V                             ; 0.266 V                             ; 3.49e-010 s                ; 2.78e-010 s                ; No                        ; No                        ;
; IP_out[11]      ; 2.5 V        ; 0 s                 ; 0 s                 ; 2.62 V                       ; 5.4e-007 V                   ; 2.66 V              ; -0.0252 V           ; 0.259 V                              ; 0.202 V                              ; 3.9e-010 s                  ; 3.75e-010 s                 ; No                         ; Yes                        ; 2.62 V                      ; 5.4e-007 V                  ; 2.66 V             ; -0.0252 V          ; 0.259 V                             ; 0.202 V                             ; 3.9e-010 s                 ; 3.75e-010 s                ; No                        ; Yes                       ;
; IP_out[10]      ; 2.5 V        ; 0 s                 ; 0 s                 ; 2.62 V                       ; 5.38e-007 V                  ; 2.64 V              ; -0.0186 V           ; 0.148 V                              ; 0.266 V                              ; 3.49e-010 s                 ; 2.78e-010 s                 ; No                         ; No                         ; 2.62 V                      ; 5.38e-007 V                 ; 2.64 V             ; -0.0186 V          ; 0.148 V                             ; 0.266 V                             ; 3.49e-010 s                ; 2.78e-010 s                ; No                        ; No                        ;
; IP_out[9]       ; 2.5 V        ; 0 s                 ; 0 s                 ; 2.62 V                       ; 8.9e-007 V                   ; 2.64 V              ; -0.0168 V           ; 0.147 V                              ; 0.259 V                              ; 3.49e-010 s                 ; 2.78e-010 s                 ; No                         ; Yes                        ; 2.62 V                      ; 8.9e-007 V                  ; 2.64 V             ; -0.0168 V          ; 0.147 V                             ; 0.259 V                             ; 3.49e-010 s                ; 2.78e-010 s                ; No                        ; Yes                       ;
; IP_out[8]       ; 2.5 V        ; 0 s                 ; 0 s                 ; 2.62 V                       ; 5.38e-007 V                  ; 2.64 V              ; -0.0186 V           ; 0.148 V                              ; 0.266 V                              ; 3.49e-010 s                 ; 2.78e-010 s                 ; No                         ; No                         ; 2.62 V                      ; 5.38e-007 V                 ; 2.64 V             ; -0.0186 V          ; 0.148 V                             ; 0.266 V                             ; 3.49e-010 s                ; 2.78e-010 s                ; No                        ; No                        ;
; IP_out[7]       ; 2.5 V        ; 0 s                 ; 0 s                 ; 2.62 V                       ; 5.4e-007 V                   ; 2.66 V              ; -0.0252 V           ; 0.259 V                              ; 0.202 V                              ; 3.9e-010 s                  ; 3.75e-010 s                 ; No                         ; Yes                        ; 2.62 V                      ; 5.4e-007 V                  ; 2.66 V             ; -0.0252 V          ; 0.259 V                             ; 0.202 V                             ; 3.9e-010 s                 ; 3.75e-010 s                ; No                        ; Yes                       ;
; IP_out[6]       ; 2.5 V        ; 0 s                 ; 0 s                 ; 2.62 V                       ; 5.38e-007 V                  ; 2.64 V              ; -0.0186 V           ; 0.148 V                              ; 0.266 V                              ; 3.49e-010 s                 ; 2.78e-010 s                 ; No                         ; No                         ; 2.62 V                      ; 5.38e-007 V                 ; 2.64 V             ; -0.0186 V          ; 0.148 V                             ; 0.266 V                             ; 3.49e-010 s                ; 2.78e-010 s                ; No                        ; No                        ;
; IP_out[5]       ; 2.5 V        ; 0 s                 ; 0 s                 ; 2.62 V                       ; 5.38e-007 V                  ; 2.64 V              ; -0.0186 V           ; 0.148 V                              ; 0.266 V                              ; 3.49e-010 s                 ; 2.78e-010 s                 ; No                         ; No                         ; 2.62 V                      ; 5.38e-007 V                 ; 2.64 V             ; -0.0186 V          ; 0.148 V                             ; 0.266 V                             ; 3.49e-010 s                ; 2.78e-010 s                ; No                        ; No                        ;
; IP_out[4]       ; 2.5 V        ; 0 s                 ; 0 s                 ; 2.62 V                       ; 5.38e-007 V                  ; 2.64 V              ; -0.0186 V           ; 0.148 V                              ; 0.266 V                              ; 3.49e-010 s                 ; 2.78e-010 s                 ; No                         ; No                         ; 2.62 V                      ; 5.38e-007 V                 ; 2.64 V             ; -0.0186 V          ; 0.148 V                             ; 0.266 V                             ; 3.49e-010 s                ; 2.78e-010 s                ; No                        ; No                        ;
; IP_out[3]       ; 2.5 V        ; 0 s                 ; 0 s                 ; 2.62 V                       ; 5.4e-007 V                   ; 2.66 V              ; -0.0252 V           ; 0.259 V                              ; 0.202 V                              ; 3.9e-010 s                  ; 3.75e-010 s                 ; No                         ; Yes                        ; 2.62 V                      ; 5.4e-007 V                  ; 2.66 V             ; -0.0252 V          ; 0.259 V                             ; 0.202 V                             ; 3.9e-010 s                 ; 3.75e-010 s                ; No                        ; Yes                       ;
; IP_out[2]       ; 2.5 V        ; 0 s                 ; 0 s                 ; 2.62 V                       ; 5.38e-007 V                  ; 2.64 V              ; -0.0186 V           ; 0.148 V                              ; 0.266 V                              ; 3.49e-010 s                 ; 2.78e-010 s                 ; No                         ; No                         ; 2.62 V                      ; 5.38e-007 V                 ; 2.64 V             ; -0.0186 V          ; 0.148 V                             ; 0.266 V                             ; 3.49e-010 s                ; 2.78e-010 s                ; No                        ; No                        ;
; IP_out[1]       ; 2.5 V        ; 0 s                 ; 0 s                 ; 2.62 V                       ; 5.4e-007 V                   ; 2.66 V              ; -0.0252 V           ; 0.259 V                              ; 0.202 V                              ; 3.9e-010 s                  ; 3.75e-010 s                 ; No                         ; Yes                        ; 2.62 V                      ; 5.4e-007 V                  ; 2.66 V             ; -0.0252 V          ; 0.259 V                             ; 0.202 V                             ; 3.9e-010 s                 ; 3.75e-010 s                ; No                        ; Yes                       ;
; IP_out[0]       ; 2.5 V        ; 0 s                 ; 0 s                 ; 2.62 V                       ; 8.9e-007 V                   ; 2.64 V              ; -0.0168 V           ; 0.147 V                              ; 0.259 V                              ; 3.49e-010 s                 ; 2.78e-010 s                 ; No                         ; Yes                        ; 2.62 V                      ; 8.9e-007 V                  ; 2.64 V             ; -0.0168 V          ; 0.147 V                             ; 0.259 V                             ; 3.49e-010 s                ; 2.78e-010 s                ; No                        ; Yes                       ;
+-----------------+--------------+---------------------+---------------------+------------------------------+------------------------------+---------------------+---------------------+--------------------------------------+--------------------------------------+-----------------------------+-----------------------------+----------------------------+----------------------------+-----------------------------+-----------------------------+--------------------+--------------------+-------------------------------------+-------------------------------------+----------------------------+----------------------------+---------------------------+---------------------------+


+---------------------------------------------------------------------------------------------------------------------------------------------------------------------------------------------+
; Setup Transfers                                                                                                                                                                             ;
+--------------------------------------------------------------------------------------------------------------------------------------+----------+----------+----------+----------+----------+
; From Clock                                                                                                                           ; To Clock ; RR Paths ; FR Paths ; RF Paths ; FF Paths ;
+--------------------------------------------------------------------------------------------------------------------------------------+----------+----------+----------+----------+----------+
; clock                                                                                                                                ; clock    ; 222674   ; 0        ; 0        ; 0        ;
; dmac_controller:inst46|fsm_rom:inst22|altsyncram:altsyncram_component|altsyncram_n5h1:auto_generated|ram_block1a0~porta_address_reg0 ; clock    ; 274      ; 538      ; 0        ; 0        ;
+--------------------------------------------------------------------------------------------------------------------------------------+----------+----------+----------+----------+----------+
Entries labeled "false path" only account for clock-to-clock false paths and not path-based false paths. As a result, actual path counts may be lower than reported.


+---------------------------------------------------------------------------------------------------------------------------------------------------------------------------------------------+
; Hold Transfers                                                                                                                                                                              ;
+--------------------------------------------------------------------------------------------------------------------------------------+----------+----------+----------+----------+----------+
; From Clock                                                                                                                           ; To Clock ; RR Paths ; FR Paths ; RF Paths ; FF Paths ;
+--------------------------------------------------------------------------------------------------------------------------------------+----------+----------+----------+----------+----------+
; clock                                                                                                                                ; clock    ; 222674   ; 0        ; 0        ; 0        ;
; dmac_controller:inst46|fsm_rom:inst22|altsyncram:altsyncram_component|altsyncram_n5h1:auto_generated|ram_block1a0~porta_address_reg0 ; clock    ; 274      ; 538      ; 0        ; 0        ;
+--------------------------------------------------------------------------------------------------------------------------------------+----------+----------+----------+----------+----------+
Entries labeled "false path" only account for clock-to-clock false paths and not path-based false paths. As a result, actual path counts may be lower than reported.


+---------------------------------------------------------------------------------------------------------------------------------------------------------------------------------------------+
; Recovery Transfers                                                                                                                                                                          ;
+--------------------------------------------------------------------------------------------------------------------------------------+----------+----------+----------+----------+----------+
; From Clock                                                                                                                           ; To Clock ; RR Paths ; FR Paths ; RF Paths ; FF Paths ;
+--------------------------------------------------------------------------------------------------------------------------------------+----------+----------+----------+----------+----------+
; dmac_controller:inst46|fsm_rom:inst22|altsyncram:altsyncram_component|altsyncram_n5h1:auto_generated|ram_block1a0~porta_address_reg0 ; clock    ; 8        ; 8        ; 0        ; 0        ;
+--------------------------------------------------------------------------------------------------------------------------------------+----------+----------+----------+----------+----------+
Entries labeled "false path" only account for clock-to-clock false paths and not path-based false paths. As a result, actual path counts may be lower than reported.


+---------------------------------------------------------------------------------------------------------------------------------------------------------------------------------------------+
; Removal Transfers                                                                                                                                                                           ;
+--------------------------------------------------------------------------------------------------------------------------------------+----------+----------+----------+----------+----------+
; From Clock                                                                                                                           ; To Clock ; RR Paths ; FR Paths ; RF Paths ; FF Paths ;
+--------------------------------------------------------------------------------------------------------------------------------------+----------+----------+----------+----------+----------+
; dmac_controller:inst46|fsm_rom:inst22|altsyncram:altsyncram_component|altsyncram_n5h1:auto_generated|ram_block1a0~porta_address_reg0 ; clock    ; 8        ; 8        ; 0        ; 0        ;
+--------------------------------------------------------------------------------------------------------------------------------------+----------+----------+----------+----------+----------+
Entries labeled "false path" only account for clock-to-clock false paths and not path-based false paths. As a result, actual path counts may be lower than reported.


---------------
; Report TCCS ;
---------------
No dedicated SERDES Transmitter circuitry present in device or used in design


---------------
; Report RSKM ;
---------------
No dedicated SERDES Receiver circuitry present in device or used in design


+------------------------------------------------+
; Unconstrained Paths                            ;
+---------------------------------+-------+------+
; Property                        ; Setup ; Hold ;
+---------------------------------+-------+------+
; Illegal Clocks                  ; 0     ; 0    ;
; Unconstrained Clocks            ; 0     ; 0    ;
; Unconstrained Input Ports       ; 12    ; 12   ;
; Unconstrained Input Port Paths  ; 324   ; 324  ;
; Unconstrained Output Ports      ; 39    ; 39   ;
; Unconstrained Output Port Paths ; 350   ; 350  ;
+---------------------------------+-------+------+


+------------------------------------+
; TimeQuest Timing Analyzer Messages ;
+------------------------------------+
Warning: Tcl Script File lpm_df_Z_C_S_V.qip not found
    Info: set_global_assignment -name QIP_FILE lpm_df_Z_C_S_V.qip
Info: *******************************************************************
Info: Running Quartus II TimeQuest Timing Analyzer
    Info: Version 9.1 Build 222 10/21/2009 SJ Web Edition
    Info: Processing started: Mon Mar 16 22:44:33 2026
Info: Command: quartus_sta MicroEVM_Var8 -c MicroEVM_Var8
Info: qsta_default_script.tcl version: #2
Info: high junction temperature operating condition is not set. Assuming a default value of '85'.
Info: low junction temperature operating condition is not set. Assuming a default value of '0'.
Warning: Timing Analysis is analyzing one or more combinational loops as latches
    Warning: Node "inst46|inst43|lpm_ff_component|dffs[0]~latch|combout" is a latch
    Warning: Node "inst46|inst43|lpm_ff_component|dffs[1]~latch|combout" is a latch
    Warning: Node "inst46|inst43|lpm_ff_component|dffs[2]~latch|combout" is a latch
    Warning: Node "inst46|inst43|lpm_ff_component|dffs[3]~latch|combout" is a latch
    Warning: Node "inst46|inst43|lpm_ff_component|dffs[4]~latch|combout" is a latch
    Warning: Node "inst46|inst43|lpm_ff_component|dffs[5]~latch|combout" is a latch
    Warning: Node "inst46|inst43|lpm_ff_component|dffs[6]~latch|combout" is a latch
    Warning: Node "inst46|inst43|lpm_ff_component|dffs[7]~latch|combout" is a latch
Critical Warning: Synopsys Design Constraints File file not found: 'MicroEVM_Var8.sdc'. A Synopsys Design Constraints File is required by the TimeQuest Timing Analyzer to get proper timing constraints. Without it, the Compiler will not properly optimize the design.
Info: No user constrained base clocks found in the design. Calling "derive_clocks -period 1.0"
Info: Deriving Clocks
    Info: create_clock -period 1.000 -name clock clock
    Info: create_clock -period 1.000 -name dmac_controller:inst46|fsm_rom:inst22|altsyncram:altsyncram_component|altsyncram_n5h1:auto_generated|ram_block1a0~porta_address_reg0 dmac_controller:inst46|fsm_rom:inst22|altsyncram:altsyncram_component|altsyncram_n5h1:auto_generated|ram_block1a0~porta_address_reg0
Info: The following timing edges are non-unate.  TimeQuest will assume pos-unate behavior for these edges in the clock network.
    Info: From: dmac_controller:inst46|fsm_rom:inst22|altsyncram:altsyncram_component|altsyncram_n5h1:auto_generated|ram_block1a0~porta_address_reg0  to: inst46|inst22|altsyncram_component|auto_generated|ram_block1a0|portadataout[4]
Info: No user constrained clock uncertainty found in the design. Calling "derive_clock_uncertainty"
Info: Deriving Clock Uncertainty
    Info: set_clock_uncertainty -rise_from [get_clocks {dmac_controller:inst46|fsm_rom:inst22|altsyncram:altsyncram_component|altsyncram_n5h1:auto_generated|ram_block1a0~porta_address_reg0}] -rise_to [get_clocks {dmac_controller:inst46|fsm_rom:inst22|altsyncram:altsyncram_component|altsyncram_n5h1:auto_generated|ram_block1a0~porta_address_reg0}] -setup 0.020
    Info: set_clock_uncertainty -rise_from [get_clocks {dmac_controller:inst46|fsm_rom:inst22|altsyncram:altsyncram_component|altsyncram_n5h1:auto_generated|ram_block1a0~porta_address_reg0}] -fall_to [get_clocks {dmac_controller:inst46|fsm_rom:inst22|altsyncram:altsyncram_component|altsyncram_n5h1:auto_generated|ram_block1a0~porta_address_reg0}] -setup 0.020
    Info: set_clock_uncertainty -fall_from [get_clocks {dmac_controller:inst46|fsm_rom:inst22|altsyncram:altsyncram_component|altsyncram_n5h1:auto_generated|ram_block1a0~porta_address_reg0}] -rise_to [get_clocks {dmac_controller:inst46|fsm_rom:inst22|altsyncram:altsyncram_component|altsyncram_n5h1:auto_generated|ram_block1a0~porta_address_reg0}] -setup 0.020
    Info: set_clock_uncertainty -fall_from [get_clocks {dmac_controller:inst46|fsm_rom:inst22|altsyncram:altsyncram_component|altsyncram_n5h1:auto_generated|ram_block1a0~porta_address_reg0}] -fall_to [get_clocks {dmac_controller:inst46|fsm_rom:inst22|altsyncram:altsyncram_component|altsyncram_n5h1:auto_generated|ram_block1a0~porta_address_reg0}] -setup 0.020
    Info: set_clock_uncertainty -rise_from [get_clocks {dmac_controller:inst46|fsm_rom:inst22|altsyncram:altsyncram_component|altsyncram_n5h1:auto_generated|ram_block1a0~porta_address_reg0}] -rise_to [get_clocks {dmac_controller:inst46|fsm_rom:inst22|altsyncram:altsyncram_component|altsyncram_n5h1:auto_generated|ram_block1a0~porta_address_reg0}] -hold 0.020
    Info: set_clock_uncertainty -rise_from [get_clocks {dmac_controller:inst46|fsm_rom:inst22|altsyncram:altsyncram_component|altsyncram_n5h1:auto_generated|ram_block1a0~porta_address_reg0}] -fall_to [get_clocks {dmac_controller:inst46|fsm_rom:inst22|altsyncram:altsyncram_component|altsyncram_n5h1:auto_generated|ram_block1a0~porta_address_reg0}] -hold 0.020
    Info: set_clock_uncertainty -fall_from [get_clocks {dmac_controller:inst46|fsm_rom:inst22|altsyncram:altsyncram_component|altsyncram_n5h1:auto_generated|ram_block1a0~porta_address_reg0}] -rise_to [get_clocks {dmac_controller:inst46|fsm_rom:inst22|altsyncram:altsyncram_component|altsyncram_n5h1:auto_generated|ram_block1a0~porta_address_reg0}] -hold 0.020
    Info: set_clock_uncertainty -fall_from [get_clocks {dmac_controller:inst46|fsm_rom:inst22|altsyncram:altsyncram_component|altsyncram_n5h1:auto_generated|ram_block1a0~porta_address_reg0}] -fall_to [get_clocks {dmac_controller:inst46|fsm_rom:inst22|altsyncram:altsyncram_component|altsyncram_n5h1:auto_generated|ram_block1a0~porta_address_reg0}] -hold 0.020
    Info: set_clock_uncertainty -rise_from [get_clocks {dmac_controller:inst46|fsm_rom:inst22|altsyncram:altsyncram_component|altsyncram_n5h1:auto_generated|ram_block1a0~porta_address_reg0}] -rise_to [get_clocks {clock}] -setup 0.030
    Info: set_clock_uncertainty -rise_from [get_clocks {dmac_controller:inst46|fsm_rom:inst22|altsyncram:altsyncram_component|altsyncram_n5h1:auto_generated|ram_block1a0~porta_address_reg0}] -fall_to [get_clocks {clock}] -setup 0.030
    Info: set_clock_uncertainty -fall_from [get_clocks {dmac_controller:inst46|fsm_rom:inst22|altsyncram:altsyncram_component|altsyncram_n5h1:auto_generated|ram_block1a0~porta_address_reg0}] -rise_to [get_clocks {clock}] -setup 0.030
    Info: set_clock_uncertainty -fall_from [get_clocks {dmac_controller:inst46|fsm_rom:inst22|altsyncram:altsyncram_component|altsyncram_n5h1:auto_generated|ram_block1a0~porta_address_reg0}] -fall_to [get_clocks {clock}] -setup 0.030
    Info: set_clock_uncertainty -rise_from [get_clocks {dmac_controller:inst46|fsm_rom:inst22|altsyncram:altsyncram_component|altsyncram_n5h1:auto_generated|ram_block1a0~porta_address_reg0}] -rise_to [get_clocks {clock}] -hold 0.030
    Info: set_clock_uncertainty -rise_from [get_clocks {dmac_controller:inst46|fsm_rom:inst22|altsyncram:altsyncram_component|altsyncram_n5h1:auto_generated|ram_block1a0~porta_address_reg0}] -fall_to [get_clocks {clock}] -hold 0.030
    Info: set_clock_uncertainty -fall_from [get_clocks {dmac_controller:inst46|fsm_rom:inst22|altsyncram:altsyncram_component|altsyncram_n5h1:auto_generated|ram_block1a0~porta_address_reg0}] -rise_to [get_clocks {clock}] -hold 0.030
    Info: set_clock_uncertainty -fall_from [get_clocks {dmac_controller:inst46|fsm_rom:inst22|altsyncram:altsyncram_component|altsyncram_n5h1:auto_generated|ram_block1a0~porta_address_reg0}] -fall_to [get_clocks {clock}] -hold 0.030
    Info: set_clock_uncertainty -rise_from [get_clocks {clock}] -rise_to [get_clocks {dmac_controller:inst46|fsm_rom:inst22|altsyncram:altsyncram_component|altsyncram_n5h1:auto_generated|ram_block1a0~porta_address_reg0}] -setup 0.030
    Info: set_clock_uncertainty -rise_from [get_clocks {clock}] -fall_to [get_clocks {dmac_controller:inst46|fsm_rom:inst22|altsyncram:altsyncram_component|altsyncram_n5h1:auto_generated|ram_block1a0~porta_address_reg0}] -setup 0.030
    Info: set_clock_uncertainty -fall_from [get_clocks {clock}] -rise_to [get_clocks {dmac_controller:inst46|fsm_rom:inst22|altsyncram:altsyncram_component|altsyncram_n5h1:auto_generated|ram_block1a0~porta_address_reg0}] -setup 0.030
    Info: set_clock_uncertainty -fall_from [get_clocks {clock}] -fall_to [get_clocks {dmac_controller:inst46|fsm_rom:inst22|altsyncram:altsyncram_component|altsyncram_n5h1:auto_generated|ram_block1a0~porta_address_reg0}] -setup 0.030
    Info: set_clock_uncertainty -rise_from [get_clocks {clock}] -rise_to [get_clocks {dmac_controller:inst46|fsm_rom:inst22|altsyncram:altsyncram_component|altsyncram_n5h1:auto_generated|ram_block1a0~porta_address_reg0}] -hold 0.030
    Info: set_clock_uncertainty -rise_from [get_clocks {clock}] -fall_to [get_clocks {dmac_controller:inst46|fsm_rom:inst22|altsyncram:altsyncram_component|altsyncram_n5h1:auto_generated|ram_block1a0~porta_address_reg0}] -hold 0.030
    Info: set_clock_uncertainty -fall_from [get_clocks {clock}] -rise_to [get_clocks {dmac_controller:inst46|fsm_rom:inst22|altsyncram:altsyncram_component|altsyncram_n5h1:auto_generated|ram_block1a0~porta_address_reg0}] -hold 0.030
    Info: set_clock_uncertainty -fall_from [get_clocks {clock}] -fall_to [get_clocks {dmac_controller:inst46|fsm_rom:inst22|altsyncram:altsyncram_component|altsyncram_n5h1:auto_generated|ram_block1a0~porta_address_reg0}] -hold 0.030
    Info: set_clock_uncertainty -rise_from [get_clocks {clock}] -rise_to [get_clocks {clock}] -setup 0.020
    Info: set_clock_uncertainty -rise_from [get_clocks {clock}] -fall_to [get_clocks {clock}] -setup 0.020
    Info: set_clock_uncertainty -fall_from [get_clocks {clock}] -rise_to [get_clocks {clock}] -setup 0.020
    Info: set_clock_uncertainty -fall_from [get_clocks {clock}] -fall_to [get_clocks {clock}] -setup 0.020
    Info: set_clock_uncertainty -rise_from [get_clocks {clock}] -rise_to [get_clocks {clock}] -hold 0.020
    Info: set_clock_uncertainty -rise_from [get_clocks {clock}] -fall_to [get_clocks {clock}] -hold 0.020
    Info: set_clock_uncertainty -fall_from [get_clocks {clock}] -rise_to [get_clocks {clock}] -hold 0.020
    Info: set_clock_uncertainty -fall_from [get_clocks {clock}] -fall_to [get_clocks {clock}] -hold 0.020
Info: Analyzing Slow 1100mV 85C Model
Critical Warning: Timing requirements not met
Info: Worst-case setup slack is -4.360
    Info:     Slack End Point TNS Clock 
    Info: ========= ============= =====================
    Info:    -4.360      -544.560 clock 
Info: Worst-case hold slack is -1.012
    Info:     Slack End Point TNS Clock 
    Info: ========= ============= =====================
    Info:    -1.012        -6.915 clock 
Info: Worst-case recovery slack is -0.128
    Info:     Slack End Point TNS Clock 
    Info: ========= ============= =====================
    Info:    -0.128        -1.024 clock 
Info: Worst-case removal slack is 0.112
    Info:     Slack End Point TNS Clock 
    Info: ========= ============= =====================
    Info:     0.112         0.000 clock 
Info: Worst-case minimum pulse width slack is -1.666
    Info:     Slack End Point TNS Clock 
    Info: ========= ============= =====================
    Info:    -1.666      -410.936 clock 
    Info:     0.391         0.000 dmac_controller:inst46|fsm_rom:inst22|altsyncram:altsyncram_component|altsyncram_n5h1:auto_generated|ram_block1a0~porta_address_reg0 
Info: Analyzing Slow 1100mV 0C Model
Info: Started post-fitting delay annotation
Info: Delay annotation completed successfully
Info: The following timing edges are non-unate.  TimeQuest will assume pos-unate behavior for these edges in the clock network.
    Info: From: dmac_controller:inst46|fsm_rom:inst22|altsyncram:altsyncram_component|altsyncram_n5h1:auto_generated|ram_block1a0~porta_address_reg0  to: inst46|inst22|altsyncram_component|auto_generated|ram_block1a0|portadataout[4]
Info: Deriving Clock Uncertainty
    Info: set_clock_uncertainty -rise_from [get_clocks {dmac_controller:inst46|fsm_rom:inst22|altsyncram:altsyncram_component|altsyncram_n5h1:auto_generated|ram_block1a0~porta_address_reg0}] -rise_to [get_clocks {dmac_controller:inst46|fsm_rom:inst22|altsyncram:altsyncram_component|altsyncram_n5h1:auto_generated|ram_block1a0~porta_address_reg0}] -setup 0.020
    Info: set_clock_uncertainty -rise_from [get_clocks {dmac_controller:inst46|fsm_rom:inst22|altsyncram:altsyncram_component|altsyncram_n5h1:auto_generated|ram_block1a0~porta_address_reg0}] -fall_to [get_clocks {dmac_controller:inst46|fsm_rom:inst22|altsyncram:altsyncram_component|altsyncram_n5h1:auto_generated|ram_block1a0~porta_address_reg0}] -setup 0.020
    Info: set_clock_uncertainty -fall_from [get_clocks {dmac_controller:inst46|fsm_rom:inst22|altsyncram:altsyncram_component|altsyncram_n5h1:auto_generated|ram_block1a0~porta_address_reg0}] -rise_to [get_clocks {dmac_controller:inst46|fsm_rom:inst22|altsyncram:altsyncram_component|altsyncram_n5h1:auto_generated|ram_block1a0~porta_address_reg0}] -setup 0.020
    Info: set_clock_uncertainty -fall_from [get_clocks {dmac_controller:inst46|fsm_rom:inst22|altsyncram:altsyncram_component|altsyncram_n5h1:auto_generated|ram_block1a0~porta_address_reg0}] -fall_to [get_clocks {dmac_controller:inst46|fsm_rom:inst22|altsyncram:altsyncram_component|altsyncram_n5h1:auto_generated|ram_block1a0~porta_address_reg0}] -setup 0.020
    Info: set_clock_uncertainty -rise_from [get_clocks {dmac_controller:inst46|fsm_rom:inst22|altsyncram:altsyncram_component|altsyncram_n5h1:auto_generated|ram_block1a0~porta_address_reg0}] -rise_to [get_clocks {dmac_controller:inst46|fsm_rom:inst22|altsyncram:altsyncram_component|altsyncram_n5h1:auto_generated|ram_block1a0~porta_address_reg0}] -hold 0.020
    Info: set_clock_uncertainty -rise_from [get_clocks {dmac_controller:inst46|fsm_rom:inst22|altsyncram:altsyncram_component|altsyncram_n5h1:auto_generated|ram_block1a0~porta_address_reg0}] -fall_to [get_clocks {dmac_controller:inst46|fsm_rom:inst22|altsyncram:altsyncram_component|altsyncram_n5h1:auto_generated|ram_block1a0~porta_address_reg0}] -hold 0.020
    Info: set_clock_uncertainty -fall_from [get_clocks {dmac_controller:inst46|fsm_rom:inst22|altsyncram:altsyncram_component|altsyncram_n5h1:auto_generated|ram_block1a0~porta_address_reg0}] -rise_to [get_clocks {dmac_controller:inst46|fsm_rom:inst22|altsyncram:altsyncram_component|altsyncram_n5h1:auto_generated|ram_block1a0~porta_address_reg0}] -hold 0.020
    Info: set_clock_uncertainty -fall_from [get_clocks {dmac_controller:inst46|fsm_rom:inst22|altsyncram:altsyncram_component|altsyncram_n5h1:auto_generated|ram_block1a0~porta_address_reg0}] -fall_to [get_clocks {dmac_controller:inst46|fsm_rom:inst22|altsyncram:altsyncram_component|altsyncram_n5h1:auto_generated|ram_block1a0~porta_address_reg0}] -hold 0.020
    Info: set_clock_uncertainty -rise_from [get_clocks {dmac_controller:inst46|fsm_rom:inst22|altsyncram:altsyncram_component|altsyncram_n5h1:auto_generated|ram_block1a0~porta_address_reg0}] -rise_to [get_clocks {clock}] -setup 0.030
    Info: set_clock_uncertainty -rise_from [get_clocks {dmac_controller:inst46|fsm_rom:inst22|altsyncram:altsyncram_component|altsyncram_n5h1:auto_generated|ram_block1a0~porta_address_reg0}] -fall_to [get_clocks {clock}] -setup 0.030
    Info: set_clock_uncertainty -fall_from [get_clocks {dmac_controller:inst46|fsm_rom:inst22|altsyncram:altsyncram_component|altsyncram_n5h1:auto_generated|ram_block1a0~porta_address_reg0}] -rise_to [get_clocks {clock}] -setup 0.030
    Info: set_clock_uncertainty -fall_from [get_clocks {dmac_controller:inst46|fsm_rom:inst22|altsyncram:altsyncram_component|altsyncram_n5h1:auto_generated|ram_block1a0~porta_address_reg0}] -fall_to [get_clocks {clock}] -setup 0.030
    Info: set_clock_uncertainty -rise_from [get_clocks {dmac_controller:inst46|fsm_rom:inst22|altsyncram:altsyncram_component|altsyncram_n5h1:auto_generated|ram_block1a0~porta_address_reg0}] -rise_to [get_clocks {clock}] -hold 0.030
    Info: set_clock_uncertainty -rise_from [get_clocks {dmac_controller:inst46|fsm_rom:inst22|altsyncram:altsyncram_component|altsyncram_n5h1:auto_generated|ram_block1a0~porta_address_reg0}] -fall_to [get_clocks {clock}] -hold 0.030
    Info: set_clock_uncertainty -fall_from [get_clocks {dmac_controller:inst46|fsm_rom:inst22|altsyncram:altsyncram_component|altsyncram_n5h1:auto_generated|ram_block1a0~porta_address_reg0}] -rise_to [get_clocks {clock}] -hold 0.030
    Info: set_clock_uncertainty -fall_from [get_clocks {dmac_controller:inst46|fsm_rom:inst22|altsyncram:altsyncram_component|altsyncram_n5h1:auto_generated|ram_block1a0~porta_address_reg0}] -fall_to [get_clocks {clock}] -hold 0.030
    Info: set_clock_uncertainty -rise_from [get_clocks {clock}] -rise_to [get_clocks {dmac_controller:inst46|fsm_rom:inst22|altsyncram:altsyncram_component|altsyncram_n5h1:auto_generated|ram_block1a0~porta_address_reg0}] -setup 0.030
    Info: set_clock_uncertainty -rise_from [get_clocks {clock}] -fall_to [get_clocks {dmac_controller:inst46|fsm_rom:inst22|altsyncram:altsyncram_component|altsyncram_n5h1:auto_generated|ram_block1a0~porta_address_reg0}] -setup 0.030
    Info: set_clock_uncertainty -fall_from [get_clocks {clock}] -rise_to [get_clocks {dmac_controller:inst46|fsm_rom:inst22|altsyncram:altsyncram_component|altsyncram_n5h1:auto_generated|ram_block1a0~porta_address_reg0}] -setup 0.030
    Info: set_clock_uncertainty -fall_from [get_clocks {clock}] -fall_to [get_clocks {dmac_controller:inst46|fsm_rom:inst22|altsyncram:altsyncram_component|altsyncram_n5h1:auto_generated|ram_block1a0~porta_address_reg0}] -setup 0.030
    Info: set_clock_uncertainty -rise_from [get_clocks {clock}] -rise_to [get_clocks {dmac_controller:inst46|fsm_rom:inst22|altsyncram:altsyncram_component|altsyncram_n5h1:auto_generated|ram_block1a0~porta_address_reg0}] -hold 0.030
    Info: set_clock_uncertainty -rise_from [get_clocks {clock}] -fall_to [get_clocks {dmac_controller:inst46|fsm_rom:inst22|altsyncram:altsyncram_component|altsyncram_n5h1:auto_generated|ram_block1a0~porta_address_reg0}] -hold 0.030
    Info: set_clock_uncertainty -fall_from [get_clocks {clock}] -rise_to [get_clocks {dmac_controller:inst46|fsm_rom:inst22|altsyncram:altsyncram_component|altsyncram_n5h1:auto_generated|ram_block1a0~porta_address_reg0}] -hold 0.030
    Info: set_clock_uncertainty -fall_from [get_clocks {clock}] -fall_to [get_clocks {dmac_controller:inst46|fsm_rom:inst22|altsyncram:altsyncram_component|altsyncram_n5h1:auto_generated|ram_block1a0~porta_address_reg0}] -hold 0.030
    Info: set_clock_uncertainty -rise_from [get_clocks {clock}] -rise_to [get_clocks {clock}] -setup 0.020
    Info: set_clock_uncertainty -rise_from [get_clocks {clock}] -fall_to [get_clocks {clock}] -setup 0.020
    Info: set_clock_uncertainty -fall_from [get_clocks {clock}] -rise_to [get_clocks {clock}] -setup 0.020
    Info: set_clock_uncertainty -fall_from [get_clocks {clock}] -fall_to [get_clocks {clock}] -setup 0.020
    Info: set_clock_uncertainty -rise_from [get_clocks {clock}] -rise_to [get_clocks {clock}] -hold 0.020
    Info: set_clock_uncertainty -rise_from [get_clocks {clock}] -fall_to [get_clocks {clock}] -hold 0.020
    Info: set_clock_uncertainty -fall_from [get_clocks {clock}] -rise_to [get_clocks {clock}] -hold 0.020
    Info: set_clock_uncertainty -fall_from [get_clocks {clock}] -fall_to [get_clocks {clock}] -hold 0.020
Critical Warning: Timing requirements not met
Info: Worst-case setup slack is -3.956
    Info:     Slack End Point TNS Clock 
    Info: ========= ============= =====================
    Info:    -3.956      -477.594 clock 
Info: Worst-case hold slack is -0.934
    Info:     Slack End Point TNS Clock 
    Info: ========= ============= =====================
    Info:    -0.934        -6.422 clock 
Info: Worst-case recovery slack is -0.079
    Info:     Slack End Point TNS Clock 
    Info: ========= ============= =====================
    Info:    -0.079        -0.632 clock 
Info: Worst-case removal slack is 0.117
    Info:     Slack End Point TNS Clock 
    Info: ========= ============= =====================
    Info:     0.117         0.000 clock 
Info: Worst-case minimum pulse width slack is -1.666
    Info:     Slack End Point TNS Clock 
    Info: ========= ============= =====================
    Info:    -1.666      -412.764 clock 
    Info:     0.383         0.000 dmac_controller:inst46|fsm_rom:inst22|altsyncram:altsyncram_component|altsyncram_n5h1:auto_generated|ram_block1a0~porta_address_reg0 
Info: Analyzing Fast 1100mV 0C Model
Info: Started post-fitting delay annotation
Info: Delay annotation completed successfully
Info: The following timing edges are non-unate.  TimeQuest will assume pos-unate behavior for these edges in the clock network.
    Info: From: dmac_controller:inst46|fsm_rom:inst22|altsyncram:altsyncram_component|altsyncram_n5h1:auto_generated|ram_block1a0~porta_address_reg0  to: inst46|inst22|altsyncram_component|auto_generated|ram_block1a0|portadataout[4]
Info: Deriving Clock Uncertainty
    Info: set_clock_uncertainty -rise_from [get_clocks {dmac_controller:inst46|fsm_rom:inst22|altsyncram:altsyncram_component|altsyncram_n5h1:auto_generated|ram_block1a0~porta_address_reg0}] -rise_to [get_clocks {dmac_controller:inst46|fsm_rom:inst22|altsyncram:altsyncram_component|altsyncram_n5h1:auto_generated|ram_block1a0~porta_address_reg0}] -setup 0.020
    Info: set_clock_uncertainty -rise_from [get_clocks {dmac_controller:inst46|fsm_rom:inst22|altsyncram:altsyncram_component|altsyncram_n5h1:auto_generated|ram_block1a0~porta_address_reg0}] -fall_to [get_clocks {dmac_controller:inst46|fsm_rom:inst22|altsyncram:altsyncram_component|altsyncram_n5h1:auto_generated|ram_block1a0~porta_address_reg0}] -setup 0.020
    Info: set_clock_uncertainty -fall_from [get_clocks {dmac_controller:inst46|fsm_rom:inst22|altsyncram:altsyncram_component|altsyncram_n5h1:auto_generated|ram_block1a0~porta_address_reg0}] -rise_to [get_clocks {dmac_controller:inst46|fsm_rom:inst22|altsyncram:altsyncram_component|altsyncram_n5h1:auto_generated|ram_block1a0~porta_address_reg0}] -setup 0.020
    Info: set_clock_uncertainty -fall_from [get_clocks {dmac_controller:inst46|fsm_rom:inst22|altsyncram:altsyncram_component|altsyncram_n5h1:auto_generated|ram_block1a0~porta_address_reg0}] -fall_to [get_clocks {dmac_controller:inst46|fsm_rom:inst22|altsyncram:altsyncram_component|altsyncram_n5h1:auto_generated|ram_block1a0~porta_address_reg0}] -setup 0.020
    Info: set_clock_uncertainty -rise_from [get_clocks {dmac_controller:inst46|fsm_rom:inst22|altsyncram:altsyncram_component|altsyncram_n5h1:auto_generated|ram_block1a0~porta_address_reg0}] -rise_to [get_clocks {dmac_controller:inst46|fsm_rom:inst22|altsyncram:altsyncram_component|altsyncram_n5h1:auto_generated|ram_block1a0~porta_address_reg0}] -hold 0.020
    Info: set_clock_uncertainty -rise_from [get_clocks {dmac_controller:inst46|fsm_rom:inst22|altsyncram:altsyncram_component|altsyncram_n5h1:auto_generated|ram_block1a0~porta_address_reg0}] -fall_to [get_clocks {dmac_controller:inst46|fsm_rom:inst22|altsyncram:altsyncram_component|altsyncram_n5h1:auto_generated|ram_block1a0~porta_address_reg0}] -hold 0.020
    Info: set_clock_uncertainty -fall_from [get_clocks {dmac_controller:inst46|fsm_rom:inst22|altsyncram:altsyncram_component|altsyncram_n5h1:auto_generated|ram_block1a0~porta_address_reg0}] -rise_to [get_clocks {dmac_controller:inst46|fsm_rom:inst22|altsyncram:altsyncram_component|altsyncram_n5h1:auto_generated|ram_block1a0~porta_address_reg0}] -hold 0.020
    Info: set_clock_uncertainty -fall_from [get_clocks {dmac_controller:inst46|fsm_rom:inst22|altsyncram:altsyncram_component|altsyncram_n5h1:auto_generated|ram_block1a0~porta_address_reg0}] -fall_to [get_clocks {dmac_controller:inst46|fsm_rom:inst22|altsyncram:altsyncram_component|altsyncram_n5h1:auto_generated|ram_block1a0~porta_address_reg0}] -hold 0.020
    Info: set_clock_uncertainty -rise_from [get_clocks {dmac_controller:inst46|fsm_rom:inst22|altsyncram:altsyncram_component|altsyncram_n5h1:auto_generated|ram_block1a0~porta_address_reg0}] -rise_to [get_clocks {clock}] -setup 0.030
    Info: set_clock_uncertainty -rise_from [get_clocks {dmac_controller:inst46|fsm_rom:inst22|altsyncram:altsyncram_component|altsyncram_n5h1:auto_generated|ram_block1a0~porta_address_reg0}] -fall_to [get_clocks {clock}] -setup 0.030
    Info: set_clock_uncertainty -fall_from [get_clocks {dmac_controller:inst46|fsm_rom:inst22|altsyncram:altsyncram_component|altsyncram_n5h1:auto_generated|ram_block1a0~porta_address_reg0}] -rise_to [get_clocks {clock}] -setup 0.030
    Info: set_clock_uncertainty -fall_from [get_clocks {dmac_controller:inst46|fsm_rom:inst22|altsyncram:altsyncram_component|altsyncram_n5h1:auto_generated|ram_block1a0~porta_address_reg0}] -fall_to [get_clocks {clock}] -setup 0.030
    Info: set_clock_uncertainty -rise_from [get_clocks {dmac_controller:inst46|fsm_rom:inst22|altsyncram:altsyncram_component|altsyncram_n5h1:auto_generated|ram_block1a0~porta_address_reg0}] -rise_to [get_clocks {clock}] -hold 0.030
    Info: set_clock_uncertainty -rise_from [get_clocks {dmac_controller:inst46|fsm_rom:inst22|altsyncram:altsyncram_component|altsyncram_n5h1:auto_generated|ram_block1a0~porta_address_reg0}] -fall_to [get_clocks {clock}] -hold 0.030
    Info: set_clock_uncertainty -fall_from [get_clocks {dmac_controller:inst46|fsm_rom:inst22|altsyncram:altsyncram_component|altsyncram_n5h1:auto_generated|ram_block1a0~porta_address_reg0}] -rise_to [get_clocks {clock}] -hold 0.030
    Info: set_clock_uncertainty -fall_from [get_clocks {dmac_controller:inst46|fsm_rom:inst22|altsyncram:altsyncram_component|altsyncram_n5h1:auto_generated|ram_block1a0~porta_address_reg0}] -fall_to [get_clocks {clock}] -hold 0.030
    Info: set_clock_uncertainty -rise_from [get_clocks {clock}] -rise_to [get_clocks {dmac_controller:inst46|fsm_rom:inst22|altsyncram:altsyncram_component|altsyncram_n5h1:auto_generated|ram_block1a0~porta_address_reg0}] -setup 0.030
    Info: set_clock_uncertainty -rise_from [get_clocks {clock}] -fall_to [get_clocks {dmac_controller:inst46|fsm_rom:inst22|altsyncram:altsyncram_component|altsyncram_n5h1:auto_generated|ram_block1a0~porta_address_reg0}] -setup 0.030
    Info: set_clock_uncertainty -fall_from [get_clocks {clock}] -rise_to [get_clocks {dmac_controller:inst46|fsm_rom:inst22|altsyncram:altsyncram_component|altsyncram_n5h1:auto_generated|ram_block1a0~porta_address_reg0}] -setup 0.030
    Info: set_clock_uncertainty -fall_from [get_clocks {clock}] -fall_to [get_clocks {dmac_controller:inst46|fsm_rom:inst22|altsyncram:altsyncram_component|altsyncram_n5h1:auto_generated|ram_block1a0~porta_address_reg0}] -setup 0.030
    Info: set_clock_uncertainty -rise_from [get_clocks {clock}] -rise_to [get_clocks {dmac_controller:inst46|fsm_rom:inst22|altsyncram:altsyncram_component|altsyncram_n5h1:auto_generated|ram_block1a0~porta_address_reg0}] -hold 0.030
    Info: set_clock_uncertainty -rise_from [get_clocks {clock}] -fall_to [get_clocks {dmac_controller:inst46|fsm_rom:inst22|altsyncram:altsyncram_component|altsyncram_n5h1:auto_generated|ram_block1a0~porta_address_reg0}] -hold 0.030
    Info: set_clock_uncertainty -fall_from [get_clocks {clock}] -rise_to [get_clocks {dmac_controller:inst46|fsm_rom:inst22|altsyncram:altsyncram_component|altsyncram_n5h1:auto_generated|ram_block1a0~porta_address_reg0}] -hold 0.030
    Info: set_clock_uncertainty -fall_from [get_clocks {clock}] -fall_to [get_clocks {dmac_controller:inst46|fsm_rom:inst22|altsyncram:altsyncram_component|altsyncram_n5h1:auto_generated|ram_block1a0~porta_address_reg0}] -hold 0.030
    Info: set_clock_uncertainty -rise_from [get_clocks {clock}] -rise_to [get_clocks {clock}] -setup 0.020
    Info: set_clock_uncertainty -rise_from [get_clocks {clock}] -fall_to [get_clocks {clock}] -setup 0.020
    Info: set_clock_uncertainty -fall_from [get_clocks {clock}] -rise_to [get_clocks {clock}] -setup 0.020
    Info: set_clock_uncertainty -fall_from [get_clocks {clock}] -fall_to [get_clocks {clock}] -setup 0.020
    Info: set_clock_uncertainty -rise_from [get_clocks {clock}] -rise_to [get_clocks {clock}] -hold 0.020
    Info: set_clock_uncertainty -rise_from [get_clocks {clock}] -fall_to [get_clocks {clock}] -hold 0.020
    Info: set_clock_uncertainty -fall_from [get_clocks {clock}] -rise_to [get_clocks {clock}] -hold 0.020
    Info: set_clock_uncertainty -fall_from [get_clocks {clock}] -fall_to [get_clocks {clock}] -hold 0.020
Critical Warning: Timing requirements not met
Info: Worst-case setup slack is -2.771
    Info:     Slack End Point TNS Clock 
    Info: ========= ============= =====================
    Info:    -2.771      -278.855 clock 
Info: Worst-case hold slack is -0.839
    Info:     Slack End Point TNS Clock 
    Info: ========= ============= =====================
    Info:    -0.839        -6.081 clock 
Info: Worst-case recovery slack is 0.222
    Info:     Slack End Point TNS Clock 
    Info: ========= ============= =====================
    Info:     0.222         0.000 clock 
Info: Worst-case removal slack is -0.038
    Info:     Slack End Point TNS Clock 
    Info: ========= ============= =====================
    Info:    -0.038        -0.304 clock 
Info: Worst-case minimum pulse width slack is -0.600
    Info:     Slack End Point TNS Clock 
    Info: ========= ============= =====================
    Info:    -0.600      -200.167 clock 
    Info:     0.421         0.000 dmac_controller:inst46|fsm_rom:inst22|altsyncram:altsyncram_component|altsyncram_n5h1:auto_generated|ram_block1a0~porta_address_reg0 
Info: Design is not fully constrained for setup requirements
Info: Design is not fully constrained for hold requirements
Info: Quartus II TimeQuest Timing Analyzer was successful. 0 errors, 14 warnings
    Info: Peak virtual memory: 258 megabytes
    Info: Processing ended: Mon Mar 16 22:44:36 2026
    Info: Elapsed time: 00:00:03
    Info: Total CPU time (on all processors): 00:00:03


