Analysis & Synthesis report for appendix_n_microevm_nowires
Thu May 21 21:29:01 2026
Quartus II Version 9.1 Build 222 10/21/2009 SJ Web Edition


---------------------
; Table of Contents ;
---------------------
  1. Legal Notice
  2. Analysis & Synthesis Summary
  3. Analysis & Synthesis Settings
  4. Parallel Compilation
  5. Analysis & Synthesis Source Files Read
  6. Analysis & Synthesis Resource Usage Summary
  7. Analysis & Synthesis Resource Utilization by Entity
  8. Analysis & Synthesis RAM Summary
  9. State Machine - |appendix_n_microevm_nowires_top|appendix_n_a2_dmac_controller:U_17_DMAC_CONTROLLER|dma_controller_3word:U_DMAC_CONTROLLER|state_r
 10. State Machine - |appendix_n_microevm_nowires_top|appendix_n_a2_data_cache:U_16_DATA_CACHE_4WAY|cache_4way_age:U_DATA_CACHE|state_r
 11. Registers Removed During Synthesis
 12. General Register Statistics
 13. Inverted Register Statistics
 14. Registers Packed Into Inferred Megafunctions
 15. Multiplexer Restructuring Statistics (Restructuring Performed)
 16. Source assignments for appendix_n_a2_memory:U_23_MEMORY|ram_sync:U_MEMORY|altsyncram:mem_rtl_0|altsyncram_0q91:auto_generated
 17. Source assignments for appendix_n_a2_command_rom:U_03_COMMAND_MEMORY_ROM|rom_sync:U_COMMAND_MEMORY_ROM|altsyncram:Mux0_rtl_1|altsyncram_at41:auto_generated
 18. Parameter Settings for User Entity Instance: appendix_n_a2_dmac_controller:U_17_DMAC_CONTROLLER|dma_controller_3word:U_DMAC_CONTROLLER
 19. Parameter Settings for Inferred Entity Instance: appendix_n_a2_memory:U_23_MEMORY|ram_sync:U_MEMORY|altsyncram:mem_rtl_0
 20. Parameter Settings for Inferred Entity Instance: appendix_n_a2_command_rom:U_03_COMMAND_MEMORY_ROM|rom_sync:U_COMMAND_MEMORY_ROM|altsyncram:Mux0_rtl_1
 21. altsyncram Parameter Settings by Entity Instance
 22. Port Connectivity Checks: "appendix_n_a2_data_cache:U_16_DATA_CACHE_4WAY|cache_4way_age:U_DATA_CACHE"
 23. Port Connectivity Checks: "appendix_n_a2_register_file:U_11_ALU_RON_REGISTERFILE|reg_file12x16_dbg:U_ALU_RON_REGISTER_FILE"
 24. Port Connectivity Checks: "appendix_n_a2_decoder_unit:U_08_DECODER_UNIT|appendix_n_decoder_unit:U_DECODER_UNIT"
 25. Analysis & Synthesis Messages



----------------
; Legal Notice ;
----------------
Copyright (C) 1991-2009 Altera Corporation
Your use of Altera Corporation's design tools, logic functions 
and other software and tools, and its AMPP partner logic 
functions, and any output files from any of the foregoing 
(including device programming or simulation files), and any 
associated documentation or information are expressly subject 
to the terms and conditions of the Altera Program License 
Subscription Agreement, Altera MegaCore Function License 
Agreement, or other applicable license agreement, including, 
without limitation, that your use is for the sole purpose of 
programming logic devices manufactured by Altera and sold by 
Altera or its authorized distributors.  Please refer to the 
applicable agreement for further details.



+------------------------------------------------------------------------------+
; Analysis & Synthesis Summary                                                 ;
+------------------------------------+-----------------------------------------+
; Analysis & Synthesis Status        ; Successful - Thu May 21 21:29:01 2026   ;
; Quartus II Version                 ; 9.1 Build 222 10/21/2009 SJ Web Edition ;
; Revision Name                      ; appendix_n_microevm_nowires             ;
; Top-level Entity Name              ; appendix_n_microevm_nowires_top         ;
; Family                             ; Cyclone II                              ;
; Total logic elements               ; 4,340                                   ;
;     Total combinational functions  ; 2,491                                   ;
;     Dedicated logic registers      ; 2,178                                   ;
; Total registers                    ; 2178                                    ;
; Total pins                         ; 475                                     ;
; Total virtual pins                 ; 0                                       ;
; Total memory bits                  ; 2,848                                   ;
; Embedded Multiplier 9-bit elements ; 0                                       ;
; Total PLLs                         ; 0                                       ;
+------------------------------------+-----------------------------------------+


+--------------------------------------------------------------------------------------------------------------------------------------------+
; Analysis & Synthesis Settings                                                                                                              ;
+----------------------------------------------------------------------------+---------------------------------+-----------------------------+
; Option                                                                     ; Setting                         ; Default Value               ;
+----------------------------------------------------------------------------+---------------------------------+-----------------------------+
; Top-level entity name                                                      ; appendix_n_microevm_nowires_top ; appendix_n_microevm_nowires ;
; Family name                                                                ; Cyclone II                      ; Stratix II                  ;
; Use smart compilation                                                      ; Off                             ; Off                         ;
; Enable parallel Assembler and TimeQuest Timing Analyzer during compilation ; On                              ; On                          ;
; Enable compact report table                                                ; Off                             ; Off                         ;
; Restructure Multiplexers                                                   ; Auto                            ; Auto                        ;
; Create Debugging Nodes for IP Cores                                        ; Off                             ; Off                         ;
; Preserve fewer node names                                                  ; On                              ; On                          ;
; Disable OpenCore Plus hardware evaluation                                  ; Off                             ; Off                         ;
; Verilog Version                                                            ; Verilog_2001                    ; Verilog_2001                ;
; VHDL Version                                                               ; VHDL_1993                       ; VHDL_1993                   ;
; State Machine Processing                                                   ; Auto                            ; Auto                        ;
; Safe State Machine                                                         ; Off                             ; Off                         ;
; Extract Verilog State Machines                                             ; On                              ; On                          ;
; Extract VHDL State Machines                                                ; On                              ; On                          ;
; Ignore Verilog initial constructs                                          ; Off                             ; Off                         ;
; Iteration limit for constant Verilog loops                                 ; 5000                            ; 5000                        ;
; Iteration limit for non-constant Verilog loops                             ; 250                             ; 250                         ;
; Add Pass-Through Logic to Inferred RAMs                                    ; On                              ; On                          ;
; Parallel Synthesis                                                         ; On                              ; On                          ;
; DSP Block Balancing                                                        ; Auto                            ; Auto                        ;
; NOT Gate Push-Back                                                         ; On                              ; On                          ;
; Power-Up Don't Care                                                        ; On                              ; On                          ;
; Remove Redundant Logic Cells                                               ; Off                             ; Off                         ;
; Remove Duplicate Registers                                                 ; On                              ; On                          ;
; Ignore CARRY Buffers                                                       ; Off                             ; Off                         ;
; Ignore CASCADE Buffers                                                     ; Off                             ; Off                         ;
; Ignore GLOBAL Buffers                                                      ; Off                             ; Off                         ;
; Ignore ROW GLOBAL Buffers                                                  ; Off                             ; Off                         ;
; Ignore LCELL Buffers                                                       ; Off                             ; Off                         ;
; Ignore SOFT Buffers                                                        ; On                              ; On                          ;
; Limit AHDL Integers to 32 Bits                                             ; Off                             ; Off                         ;
; Optimization Technique                                                     ; Balanced                        ; Balanced                    ;
; Carry Chain Length                                                         ; 70                              ; 70                          ;
; Auto Carry Chains                                                          ; On                              ; On                          ;
; Auto Open-Drain Pins                                                       ; On                              ; On                          ;
; Perform WYSIWYG Primitive Resynthesis                                      ; Off                             ; Off                         ;
; Auto ROM Replacement                                                       ; On                              ; On                          ;
; Auto RAM Replacement                                                       ; On                              ; On                          ;
; Auto Shift Register Replacement                                            ; Auto                            ; Auto                        ;
; Auto Clock Enable Replacement                                              ; On                              ; On                          ;
; Strict RAM Replacement                                                     ; Off                             ; Off                         ;
; Allow Synchronous Control Signals                                          ; On                              ; On                          ;
; Force Use of Synchronous Clear Signals                                     ; Off                             ; Off                         ;
; Auto RAM to Logic Cell Conversion                                          ; Off                             ; Off                         ;
; Auto Resource Sharing                                                      ; Off                             ; Off                         ;
; Allow Any RAM Size For Recognition                                         ; Off                             ; Off                         ;
; Allow Any ROM Size For Recognition                                         ; Off                             ; Off                         ;
; Allow Any Shift Register Size For Recognition                              ; Off                             ; Off                         ;
; Use LogicLock Constraints during Resource Balancing                        ; On                              ; On                          ;
; Ignore translate_off and synthesis_off directives                          ; Off                             ; Off                         ;
; Timing-Driven Synthesis                                                    ; Off                             ; Off                         ;
; Show Parameter Settings Tables in Synthesis Report                         ; On                              ; On                          ;
; Ignore Maximum Fan-Out Assignments                                         ; Off                             ; Off                         ;
; Synchronization Register Chain Length                                      ; 2                               ; 2                           ;
; PowerPlay Power Optimization                                               ; Normal compilation              ; Normal compilation          ;
; HDL message level                                                          ; Level2                          ; Level2                      ;
; Suppress Register Optimization Related Messages                            ; Off                             ; Off                         ;
; Number of Removed Registers Reported in Synthesis Report                   ; 100                             ; 100                         ;
; Number of Inverted Registers Reported in Synthesis Report                  ; 100                             ; 100                         ;
; Clock MUX Protection                                                       ; On                              ; On                          ;
; Auto Gated Clock Conversion                                                ; Off                             ; Off                         ;
; Block Design Naming                                                        ; Auto                            ; Auto                        ;
; SDC constraint protection                                                  ; Off                             ; Off                         ;
; Synthesis Effort                                                           ; Auto                            ; Auto                        ;
; Shift Register Replacement - Allow Asynchronous Clear Signal               ; On                              ; On                          ;
; Analysis & Synthesis Message Level                                         ; Medium                          ; Medium                      ;
; Disable Register Merging Across Hierarchies                                ; Auto                            ; Auto                        ;
; Resource Aware Inference For Block RAM                                     ; On                              ; On                          ;
+----------------------------------------------------------------------------+---------------------------------+-----------------------------+


Parallel compilation was disabled, but you have multiple processors available. Enable parallel compilation to reduce compilation time.
+-------------------------------------+
; Parallel Compilation                ;
+----------------------------+--------+
; Processors                 ; Number ;
+----------------------------+--------+
; Number detected on machine ; 12     ;
; Maximum allowed            ; 1      ;
+----------------------------+--------+


+------------------------------------------------------------------------------------------------------------------------------------------------------------------------------------------------------------------------------------------------------------------------------------------+
; Analysis & Synthesis Source Files Read                                                                                                                                                                                                                                                   ;
+---------------------------------------------------------------+-----------------+-------------------------------------------------------+------------------------------------------------------------------------------------------------------------------------------------------------+
; File Name with User-Entered Path                              ; Used in Netlist ; File Type                                             ; File Name with Absolute Path                                                                                                                   ;
+---------------------------------------------------------------+-----------------+-------------------------------------------------------+------------------------------------------------------------------------------------------------------------------------------------------------+
; ../../../src/microcomputer_pkg.vhd                            ; yes             ; User VHDL File                                        ; D:/git/sifovm/coursework_project/src/microcomputer_pkg.vhd                                                                                     ;
; ../../../src/program_image_pkg.vhd                            ; yes             ; User VHDL File                                        ; D:/git/sifovm/coursework_project/src/program_image_pkg.vhd                                                                                     ;
; ../../../src/data_image_pkg.vhd                               ; yes             ; User VHDL File                                        ; D:/git/sifovm/coursework_project/src/data_image_pkg.vhd                                                                                        ;
; ../../../src/alu_core.vhd                                     ; yes             ; User VHDL File                                        ; D:/git/sifovm/coursework_project/src/alu_core.vhd                                                                                              ;
; ../../../src/reg_file12x16_dbg.vhd                            ; yes             ; User VHDL File                                        ; D:/git/sifovm/coursework_project/src/reg_file12x16_dbg.vhd                                                                                     ;
; ../../../src/flags_reg.vhd                                    ; yes             ; User VHDL File                                        ; D:/git/sifovm/coursework_project/src/flags_reg.vhd                                                                                             ;
; ../../../src/stack7x16.vhd                                    ; yes             ; User VHDL File                                        ; D:/git/sifovm/coursework_project/src/stack7x16.vhd                                                                                             ;
; ../../../src/rom_sync.vhd                                     ; yes             ; User VHDL File                                        ; D:/git/sifovm/coursework_project/src/rom_sync.vhd                                                                                              ;
; ../../../src/ram_sync.vhd                                     ; yes             ; User VHDL File                                        ; D:/git/sifovm/coursework_project/src/ram_sync.vhd                                                                                              ;
; ../../../src/bus_arbiter_2master.vhd                          ; yes             ; User VHDL File                                        ; D:/git/sifovm/coursework_project/src/bus_arbiter_2master.vhd                                                                                   ;
; ../../../src/dma_controller_3word.vhd                         ; yes             ; User VHDL File                                        ; D:/git/sifovm/coursework_project/src/dma_controller_3word.vhd                                                                                  ;
; ../../../src/branch_predictor.vhd                             ; yes             ; User VHDL File                                        ; D:/git/sifovm/coursework_project/src/branch_predictor.vhd                                                                                      ;
; ../../../src/cache_4way_age.vhd                               ; yes             ; User VHDL File                                        ; D:/git/sifovm/coursework_project/src/cache_4way_age.vhd                                                                                        ;
; ../../appendix_n_microevm/src/appendix_n_microevm_top.vhd     ; yes             ; User VHDL File                                        ; D:/git/sifovm/coursework_project/rtl_schemes/appendix_n_microevm/src/appendix_n_microevm_top.vhd                                               ;
; ../src/appendix_n_microevm_nowires_top.vhd                    ; yes             ; User VHDL File                                        ; D:/git/sifovm/coursework_project/rtl_schemes/appendix_n_microevm_nowires/src/appendix_n_microevm_nowires_top.vhd                               ;
; altsyncram.tdf                                                ; yes             ; Megafunction                                          ; d:/quartus/libraries/megafunctions/altsyncram.tdf                                                                                              ;
; db/altsyncram_0q91.tdf                                        ; yes             ; Auto-Generated Megafunction                           ; D:/git/sifovm/coursework_project/rtl_schemes/appendix_n_microevm_nowires/quartus/db/altsyncram_0q91.tdf                                        ;
; db/appendix_n_microevm_nowires.ram0_ram_sync_18452fb9.hdl.mif ; yes             ; Auto-Generated Auto-Found Memory Initialization File  ; D:/git/sifovm/coursework_project/rtl_schemes/appendix_n_microevm_nowires/quartus/db/appendix_n_microevm_nowires.ram0_ram_sync_18452fb9.hdl.mif ;
; db/altsyncram_at41.tdf                                        ; yes             ; Auto-Generated Megafunction                           ; D:/git/sifovm/coursework_project/rtl_schemes/appendix_n_microevm_nowires/quartus/db/altsyncram_at41.tdf                                        ;
+---------------------------------------------------------------+-----------------+-------------------------------------------------------+------------------------------------------------------------------------------------------------------------------------------------------------+


+-----------------------------------------------------+
; Analysis & Synthesis Resource Usage Summary         ;
+---------------------------------------------+-------+
; Resource                                    ; Usage ;
+---------------------------------------------+-------+
; Estimated Total logic elements              ; 4,340 ;
;                                             ;       ;
; Total combinational functions               ; 2491  ;
; Logic element usage by number of LUT inputs ;       ;
;     -- 4 input functions                    ; 2160  ;
;     -- 3 input functions                    ; 217   ;
;     -- <=2 input functions                  ; 114   ;
;                                             ;       ;
; Logic elements by mode                      ;       ;
;     -- normal mode                          ; 2476  ;
;     -- arithmetic mode                      ; 15    ;
;                                             ;       ;
; Total registers                             ; 2178  ;
;     -- Dedicated logic registers            ; 2178  ;
;     -- I/O registers                        ; 0     ;
;                                             ;       ;
; I/O pins                                    ; 475   ;
; Total memory bits                           ; 2848  ;
; Maximum fan-out node                        ; clock ;
; Maximum fan-out                             ; 2205  ;
; Total fan-out                               ; 17459 ;
; Average fan-out                             ; 3.38  ;
+---------------------------------------------+-------+


+-----------------------------------------------------------------------------------------------------------------------------------------------------------------------------------------------------------------------------------------------------------------------------------------------------------------------------------------------------------------+
; Analysis & Synthesis Resource Utilization by Entity                                                                                                                                                                                                                                                                                                             ;
+--------------------------------------------------------------+-------------------+--------------+-------------+--------------+---------+-----------+------+--------------+-----------------------------------------------------------------------------------------------------------------------------------------------------------------------+--------------+
; Compilation Hierarchy Node                                   ; LC Combinationals ; LC Registers ; Memory Bits ; DSP Elements ; DSP 9x9 ; DSP 18x18 ; Pins ; Virtual Pins ; Full Hierarchy Name                                                                                                                                                   ; Library Name ;
+--------------------------------------------------------------+-------------------+--------------+-------------+--------------+---------+-----------+------+--------------+-----------------------------------------------------------------------------------------------------------------------------------------------------------------------+--------------+
; |appendix_n_microevm_nowires_top                             ; 2491 (29)         ; 2178 (0)     ; 2848        ; 0            ; 0       ; 0         ; 475  ; 0            ; |appendix_n_microevm_nowires_top                                                                                                                                      ; work         ;
;    |appendix_n_a2_branch_predictor:U_04_BRANCH_PREDICTOR_A4| ; 100 (11)          ; 78 (0)       ; 0           ; 0            ; 0       ; 0         ; 0    ; 0            ; |appendix_n_microevm_nowires_top|appendix_n_a2_branch_predictor:U_04_BRANCH_PREDICTOR_A4                                                                              ;              ;
;       |branch_predictor:U_BRANCH_PREDICTOR|                  ; 89 (89)           ; 78 (78)      ; 0           ; 0            ; 0       ; 0         ; 0    ; 0            ; |appendix_n_microevm_nowires_top|appendix_n_a2_branch_predictor:U_04_BRANCH_PREDICTOR_A4|branch_predictor:U_BRANCH_PREDICTOR                                          ; work         ;
;    |appendix_n_a2_bus_arbiter:U_18_BUS_ARBITER|              ; 3 (2)             ; 0 (0)        ; 0           ; 0            ; 0       ; 0         ; 0    ; 0            ; |appendix_n_microevm_nowires_top|appendix_n_a2_bus_arbiter:U_18_BUS_ARBITER                                                                                           ; work         ;
;       |bus_arbiter_2master:U_BUS_ARBITER|                    ; 1 (1)             ; 0 (0)        ; 0           ; 0            ; 0       ; 0         ; 0    ; 0            ; |appendix_n_microevm_nowires_top|appendix_n_a2_bus_arbiter:U_18_BUS_ARBITER|bus_arbiter_2master:U_BUS_ARBITER                                                         ; work         ;
;    |appendix_n_a2_cmp_is_jmp:U_05_CMP_IS_JMP|                ; 4 (0)             ; 0 (0)        ; 0           ; 0            ; 0       ; 0         ; 0    ; 0            ; |appendix_n_microevm_nowires_top|appendix_n_a2_cmp_is_jmp:U_05_CMP_IS_JMP                                                                                             ; work         ;
;       |appendix_n_cmp_is_jmp:U_CMP_IS_JMP|                   ; 4 (4)             ; 0 (0)        ; 0           ; 0            ; 0       ; 0         ; 0    ; 0            ; |appendix_n_microevm_nowires_top|appendix_n_a2_cmp_is_jmp:U_05_CMP_IS_JMP|appendix_n_cmp_is_jmp:U_CMP_IS_JMP                                                          ;              ;
;    |appendix_n_a2_cmp_is_mem_to_reg:U_06_CMP_IS_MEM_TO_REG|  ; 1 (0)             ; 0 (0)        ; 0           ; 0            ; 0       ; 0         ; 0    ; 0            ; |appendix_n_microevm_nowires_top|appendix_n_a2_cmp_is_mem_to_reg:U_06_CMP_IS_MEM_TO_REG                                                                               ; work         ;
;       |appendix_n_cmp_is_mem_to_reg:U_CMP_IS_MEM_TO_REG|     ; 1 (1)             ; 0 (0)        ; 0           ; 0            ; 0       ; 0         ; 0    ; 0            ; |appendix_n_microevm_nowires_top|appendix_n_a2_cmp_is_mem_to_reg:U_06_CMP_IS_MEM_TO_REG|appendix_n_cmp_is_mem_to_reg:U_CMP_IS_MEM_TO_REG                              ; work         ;
;    |appendix_n_a2_cmp_is_reg_to_mem:U_07_CMP_IS_REG_TO_MEM|  ; 3 (2)             ; 0 (0)        ; 0           ; 0            ; 0       ; 0         ; 0    ; 0            ; |appendix_n_microevm_nowires_top|appendix_n_a2_cmp_is_reg_to_mem:U_07_CMP_IS_REG_TO_MEM                                                                               ;              ;
;       |appendix_n_cmp_is_reg_to_mem:U_CMP_IS_REG_TO_MEM|     ; 1 (1)             ; 0 (0)        ; 0           ; 0            ; 0       ; 0         ; 0    ; 0            ; |appendix_n_microevm_nowires_top|appendix_n_a2_cmp_is_reg_to_mem:U_07_CMP_IS_REG_TO_MEM|appendix_n_cmp_is_reg_to_mem:U_CMP_IS_REG_TO_MEM                              ; work         ;
;    |appendix_n_a2_command_rom:U_03_COMMAND_MEMORY_ROM|       ; 6 (6)             ; 0 (0)        ; 2816        ; 0            ; 0       ; 0         ; 0    ; 0            ; |appendix_n_microevm_nowires_top|appendix_n_a2_command_rom:U_03_COMMAND_MEMORY_ROM                                                                                    ; work         ;
;       |rom_sync:U_COMMAND_MEMORY_ROM|                        ; 0 (0)             ; 0 (0)        ; 2816        ; 0            ; 0       ; 0         ; 0    ; 0            ; |appendix_n_microevm_nowires_top|appendix_n_a2_command_rom:U_03_COMMAND_MEMORY_ROM|rom_sync:U_COMMAND_MEMORY_ROM                                                      ; work         ;
;          |altsyncram:Mux0_rtl_1|                             ; 0 (0)             ; 0 (0)        ; 2816        ; 0            ; 0       ; 0         ; 0    ; 0            ; |appendix_n_microevm_nowires_top|appendix_n_a2_command_rom:U_03_COMMAND_MEMORY_ROM|rom_sync:U_COMMAND_MEMORY_ROM|altsyncram:Mux0_rtl_1                                ;              ;
;             |altsyncram_at41:auto_generated|                 ; 0 (0)             ; 0 (0)        ; 2816        ; 0            ; 0       ; 0         ; 0    ; 0            ; |appendix_n_microevm_nowires_top|appendix_n_a2_command_rom:U_03_COMMAND_MEMORY_ROM|rom_sync:U_COMMAND_MEMORY_ROM|altsyncram:Mux0_rtl_1|altsyncram_at41:auto_generated ;              ;
;    |appendix_n_a2_control_logic:U_09_CONTROL_LOGIC|          ; 9 (9)             ; 0 (0)        ; 0           ; 0            ; 0       ; 0         ; 0    ; 0            ; |appendix_n_microevm_nowires_top|appendix_n_a2_control_logic:U_09_CONTROL_LOGIC                                                                                       ; work         ;
;    |appendix_n_a2_data_cache:U_16_DATA_CACHE_4WAY|           ; 2210 (16)         ; 2026 (0)     ; 0           ; 0            ; 0       ; 0         ; 0    ; 0            ; |appendix_n_microevm_nowires_top|appendix_n_a2_data_cache:U_16_DATA_CACHE_4WAY                                                                                        ;              ;
;       |cache_4way_age:U_DATA_CACHE|                          ; 2194 (2194)       ; 2026 (2026)  ; 0           ; 0            ; 0       ; 0         ; 0    ; 0            ; |appendix_n_microevm_nowires_top|appendix_n_a2_data_cache:U_16_DATA_CACHE_4WAY|cache_4way_age:U_DATA_CACHE                                                            ; work         ;
;    |appendix_n_a2_decoder_unit:U_08_DECODER_UNIT|            ; 34 (17)           ; 0 (0)        ; 0           ; 0            ; 0       ; 0         ; 0    ; 0            ; |appendix_n_microevm_nowires_top|appendix_n_a2_decoder_unit:U_08_DECODER_UNIT                                                                                         ; work         ;
;       |appendix_n_decoder_unit:U_DECODER_UNIT|               ; 17 (17)           ; 0 (0)        ; 0           ; 0            ; 0       ; 0         ; 0    ; 0            ; |appendix_n_microevm_nowires_top|appendix_n_a2_decoder_unit:U_08_DECODER_UNIT|appendix_n_decoder_unit:U_DECODER_UNIT                                                  ;              ;
;    |appendix_n_a2_dmac_controller:U_17_DMAC_CONTROLLER|      ; 20 (6)            ; 7 (0)        ; 0           ; 0            ; 0       ; 0         ; 0    ; 0            ; |appendix_n_microevm_nowires_top|appendix_n_a2_dmac_controller:U_17_DMAC_CONTROLLER                                                                                   ; work         ;
;       |dma_controller_3word:U_DMAC_CONTROLLER|               ; 14 (14)           ; 7 (7)        ; 0           ; 0            ; 0       ; 0         ; 0    ; 0            ; |appendix_n_microevm_nowires_top|appendix_n_a2_dmac_controller:U_17_DMAC_CONTROLLER|dma_controller_3word:U_DMAC_CONTROLLER                                            ;              ;
;    |appendix_n_a2_flags_register:U_13_FLAGS_REGISTER|        ; 1 (0)             ; 1 (0)        ; 0           ; 0            ; 0       ; 0         ; 0    ; 0            ; |appendix_n_microevm_nowires_top|appendix_n_a2_flags_register:U_13_FLAGS_REGISTER                                                                                     ; work         ;
;       |flags_reg:U_FLAGS_REGISTER|                           ; 1 (1)             ; 1 (1)        ; 0           ; 0            ; 0       ; 0         ; 0    ; 0            ; |appendix_n_microevm_nowires_top|appendix_n_a2_flags_register:U_13_FLAGS_REGISTER|flags_reg:U_FLAGS_REGISTER                                                          ;              ;
;    |appendix_n_a2_memory:U_23_MEMORY|                        ; 0 (0)             ; 0 (0)        ; 32          ; 0            ; 0       ; 0         ; 0    ; 0            ; |appendix_n_microevm_nowires_top|appendix_n_a2_memory:U_23_MEMORY                                                                                                     ; work         ;
;       |ram_sync:U_MEMORY|                                    ; 0 (0)             ; 0 (0)        ; 32          ; 0            ; 0       ; 0         ; 0    ; 0            ; |appendix_n_microevm_nowires_top|appendix_n_a2_memory:U_23_MEMORY|ram_sync:U_MEMORY                                                                                   ;              ;
;          |altsyncram:mem_rtl_0|                              ; 0 (0)             ; 0 (0)        ; 32          ; 0            ; 0       ; 0         ; 0    ; 0            ; |appendix_n_microevm_nowires_top|appendix_n_a2_memory:U_23_MEMORY|ram_sync:U_MEMORY|altsyncram:mem_rtl_0                                                              ;              ;
;             |altsyncram_0q91:auto_generated|                 ; 0 (0)             ; 0 (0)        ; 32          ; 0            ; 0       ; 0         ; 0    ; 0            ; |appendix_n_microevm_nowires_top|appendix_n_a2_memory:U_23_MEMORY|ram_sync:U_MEMORY|altsyncram:mem_rtl_0|altsyncram_0q91:auto_generated                               ;              ;
;    |appendix_n_a2_phase_counter:U_01_PHASE_COUNTER_UNIT|     ; 10 (4)            ; 2 (0)        ; 0           ; 0            ; 0       ; 0         ; 0    ; 0            ; |appendix_n_microevm_nowires_top|appendix_n_a2_phase_counter:U_01_PHASE_COUNTER_UNIT                                                                                  ;              ;
;       |appendix_n_phase_counter_unit:U_PHASE_COUNTER_UNIT|   ; 6 (6)             ; 2 (2)        ; 0           ; 0            ; 0       ; 0         ; 0    ; 0            ; |appendix_n_microevm_nowires_top|appendix_n_a2_phase_counter:U_01_PHASE_COUNTER_UNIT|appendix_n_phase_counter_unit:U_PHASE_COUNTER_UNIT                               ;              ;
;    |appendix_n_a2_special_registers:U_02_SPECIAL_REGISTERS|  ; 61 (24)           ; 64 (0)       ; 0           ; 0            ; 0       ; 0         ; 0    ; 0            ; |appendix_n_microevm_nowires_top|appendix_n_a2_special_registers:U_02_SPECIAL_REGISTERS                                                                               ; work         ;
;       |appendix_n_special_registers:U_SPECIAL_REGISTERS|     ; 37 (37)           ; 64 (64)      ; 0           ; 0            ; 0       ; 0         ; 0    ; 0            ; |appendix_n_microevm_nowires_top|appendix_n_a2_special_registers:U_02_SPECIAL_REGISTERS|appendix_n_special_registers:U_SPECIAL_REGISTERS                              ;              ;
+--------------------------------------------------------------+-------------------+--------------+-------------+--------------+---------+-----------+------+--------------+-----------------------------------------------------------------------------------------------------------------------------------------------------------------------+--------------+
Note: For table entries with two numbers listed, the numbers in parentheses indicate the number of resources of the given type used by the specific entity alone. The numbers listed outside of parentheses indicate the total resources of the given type used by the specific entity and all of its sub-entities in the hierarchy.


+---------------------------------------------------------------------------------------------------------------------------------------------------------------------------------------------------------------------------------------------------------------------------------------------------------+
; Analysis & Synthesis RAM Summary                                                                                                                                                                                                                                                                        ;
+-------------------------------------------------------------------------------------------------------------------------------------------------+------+------+--------------+--------------+--------------+--------------+------+----------------------------------------------------------------------+
; Name                                                                                                                                            ; Type ; Mode ; Port A Depth ; Port A Width ; Port B Depth ; Port B Width ; Size ; MIF                                                                  ;
+-------------------------------------------------------------------------------------------------------------------------------------------------+------+------+--------------+--------------+--------------+--------------+------+----------------------------------------------------------------------+
; appendix_n_a2_command_rom:U_03_COMMAND_MEMORY_ROM|rom_sync:U_COMMAND_MEMORY_ROM|altsyncram:Mux0_rtl_1|altsyncram_at41:auto_generated|ALTSYNCRAM ; AUTO ; ROM  ; 256          ; 11           ; --           ; --           ; 2816 ; appendix_n_microevm_nowires.appendix_n_microevm_nowires_top0.rtl.mif ;
; appendix_n_a2_memory:U_23_MEMORY|ram_sync:U_MEMORY|altsyncram:mem_rtl_0|altsyncram_0q91:auto_generated|ALTSYNCRAM                               ; AUTO ; ROM  ; 256          ; 16           ; --           ; --           ; 4096 ; db/appendix_n_microevm_nowires.ram0_ram_sync_18452fb9.hdl.mif        ;
+-------------------------------------------------------------------------------------------------------------------------------------------------+------+------+--------------+--------------+--------------+--------------+------+----------------------------------------------------------------------+


Encoding Type:  One-Hot
+----------------------------------------------------------------------------------------------------------------------------------------------------+
; State Machine - |appendix_n_microevm_nowires_top|appendix_n_a2_dmac_controller:U_17_DMAC_CONTROLLER|dma_controller_3word:U_DMAC_CONTROLLER|state_r ;
+--------------------+----------------+--------------------+-----------------+-----------------------------------------------------------------------+
; Name               ; state_r.FINISH ; state_r.WRITE_WORD ; state_r.REQ_BUS ; state_r.IDLE                                                          ;
+--------------------+----------------+--------------------+-----------------+-----------------------------------------------------------------------+
; state_r.IDLE       ; 0              ; 0                  ; 0               ; 0                                                                     ;
; state_r.REQ_BUS    ; 0              ; 0                  ; 1               ; 1                                                                     ;
; state_r.WRITE_WORD ; 0              ; 1                  ; 0               ; 1                                                                     ;
; state_r.FINISH     ; 1              ; 0                  ; 0               ; 1                                                                     ;
+--------------------+----------------+--------------------+-----------------+-----------------------------------------------------------------------+


Encoding Type:  One-Hot
+------------------------------------------------------------------------------------------------------------------------------------+
; State Machine - |appendix_n_microevm_nowires_top|appendix_n_a2_data_cache:U_16_DATA_CACHE_4WAY|cache_4way_age:U_DATA_CACHE|state_r ;
+--------------------------+--------------------------+------------------------+-------------------------+---------------------------+
; Name                     ; state_r.WAIT_WRITE_GRANT ; state_r.WAIT_READ_DATA ; state_r.WAIT_READ_GRANT ; state_r.IDLE              ;
+--------------------------+--------------------------+------------------------+-------------------------+---------------------------+
; state_r.IDLE             ; 0                        ; 0                      ; 0                       ; 0                         ;
; state_r.WAIT_READ_GRANT  ; 0                        ; 0                      ; 1                       ; 1                         ;
; state_r.WAIT_READ_DATA   ; 0                        ; 1                      ; 0                       ; 1                         ;
; state_r.WAIT_WRITE_GRANT ; 1                        ; 0                      ; 0                       ; 1                         ;
+--------------------------+--------------------------+------------------------+-------------------------+---------------------------+


+----------------------------------------------------------------------------------------------------------------------------------------+
; Registers Removed During Synthesis                                                                                                     ;
+-----------------------------------------------------------------------------------------------+----------------------------------------+
; Register name                                                                                 ; Reason for Removal                     ;
+-----------------------------------------------------------------------------------------------+----------------------------------------+
; appendix_n_a2_command_rom:U_03_COMMAND_MEMORY_ROM|rom_sync:U_COMMAND_MEMORY_ROM|q_r[7,12..15] ; Stuck at GND due to stuck port data_in ;
; appendix_n_a2_stack_control:U_15_STACK_CONTROL|stack7x16:U_STACK_CONTROL|mem[6][0]            ; Lost fanout                            ;
; appendix_n_a2_stack_control:U_15_STACK_CONTROL|stack7x16:U_STACK_CONTROL|mem[6][1]            ; Lost fanout                            ;
; appendix_n_a2_stack_control:U_15_STACK_CONTROL|stack7x16:U_STACK_CONTROL|mem[6][2]            ; Lost fanout                            ;
; appendix_n_a2_stack_control:U_15_STACK_CONTROL|stack7x16:U_STACK_CONTROL|mem[6][3]            ; Lost fanout                            ;
; appendix_n_a2_stack_control:U_15_STACK_CONTROL|stack7x16:U_STACK_CONTROL|mem[6][4]            ; Lost fanout                            ;
; appendix_n_a2_stack_control:U_15_STACK_CONTROL|stack7x16:U_STACK_CONTROL|mem[6][5]            ; Lost fanout                            ;
; appendix_n_a2_stack_control:U_15_STACK_CONTROL|stack7x16:U_STACK_CONTROL|mem[6][6]            ; Lost fanout                            ;
; appendix_n_a2_stack_control:U_15_STACK_CONTROL|stack7x16:U_STACK_CONTROL|mem[6][7]            ; Lost fanout                            ;
; appendix_n_a2_stack_control:U_15_STACK_CONTROL|stack7x16:U_STACK_CONTROL|mem[6][8]            ; Lost fanout                            ;
; appendix_n_a2_stack_control:U_15_STACK_CONTROL|stack7x16:U_STACK_CONTROL|mem[6][9]            ; Lost fanout                            ;
; appendix_n_a2_stack_control:U_15_STACK_CONTROL|stack7x16:U_STACK_CONTROL|mem[6][10]           ; Lost fanout                            ;
; appendix_n_a2_stack_control:U_15_STACK_CONTROL|stack7x16:U_STACK_CONTROL|mem[6][11]           ; Lost fanout                            ;
; appendix_n_a2_stack_control:U_15_STACK_CONTROL|stack7x16:U_STACK_CONTROL|mem[6][12]           ; Lost fanout                            ;
; appendix_n_a2_stack_control:U_15_STACK_CONTROL|stack7x16:U_STACK_CONTROL|mem[6][13]           ; Lost fanout                            ;
; appendix_n_a2_stack_control:U_15_STACK_CONTROL|stack7x16:U_STACK_CONTROL|mem[6][14]           ; Lost fanout                            ;
; appendix_n_a2_stack_control:U_15_STACK_CONTROL|stack7x16:U_STACK_CONTROL|mem[6][15]           ; Lost fanout                            ;
; appendix_n_a2_stack_control:U_15_STACK_CONTROL|stack7x16:U_STACK_CONTROL|mem[5][0]            ; Lost fanout                            ;
; appendix_n_a2_stack_control:U_15_STACK_CONTROL|stack7x16:U_STACK_CONTROL|mem[5][1]            ; Lost fanout                            ;
; appendix_n_a2_stack_control:U_15_STACK_CONTROL|stack7x16:U_STACK_CONTROL|mem[5][2]            ; Lost fanout                            ;
; appendix_n_a2_stack_control:U_15_STACK_CONTROL|stack7x16:U_STACK_CONTROL|mem[5][3]            ; Lost fanout                            ;
; appendix_n_a2_stack_control:U_15_STACK_CONTROL|stack7x16:U_STACK_CONTROL|mem[5][4]            ; Lost fanout                            ;
; appendix_n_a2_stack_control:U_15_STACK_CONTROL|stack7x16:U_STACK_CONTROL|mem[5][5]            ; Lost fanout                            ;
; appendix_n_a2_stack_control:U_15_STACK_CONTROL|stack7x16:U_STACK_CONTROL|mem[5][6]            ; Lost fanout                            ;
; appendix_n_a2_stack_control:U_15_STACK_CONTROL|stack7x16:U_STACK_CONTROL|mem[5][7]            ; Lost fanout                            ;
; appendix_n_a2_stack_control:U_15_STACK_CONTROL|stack7x16:U_STACK_CONTROL|mem[5][8]            ; Lost fanout                            ;
; appendix_n_a2_stack_control:U_15_STACK_CONTROL|stack7x16:U_STACK_CONTROL|mem[5][9]            ; Lost fanout                            ;
; appendix_n_a2_stack_control:U_15_STACK_CONTROL|stack7x16:U_STACK_CONTROL|mem[5][10]           ; Lost fanout                            ;
; appendix_n_a2_stack_control:U_15_STACK_CONTROL|stack7x16:U_STACK_CONTROL|mem[5][11]           ; Lost fanout                            ;
; appendix_n_a2_stack_control:U_15_STACK_CONTROL|stack7x16:U_STACK_CONTROL|mem[5][12]           ; Lost fanout                            ;
; appendix_n_a2_stack_control:U_15_STACK_CONTROL|stack7x16:U_STACK_CONTROL|mem[5][13]           ; Lost fanout                            ;
; appendix_n_a2_stack_control:U_15_STACK_CONTROL|stack7x16:U_STACK_CONTROL|mem[5][14]           ; Lost fanout                            ;
; appendix_n_a2_stack_control:U_15_STACK_CONTROL|stack7x16:U_STACK_CONTROL|mem[5][15]           ; Lost fanout                            ;
; appendix_n_a2_stack_control:U_15_STACK_CONTROL|stack7x16:U_STACK_CONTROL|mem[4][0]            ; Lost fanout                            ;
; appendix_n_a2_stack_control:U_15_STACK_CONTROL|stack7x16:U_STACK_CONTROL|mem[4][1]            ; Lost fanout                            ;
; appendix_n_a2_stack_control:U_15_STACK_CONTROL|stack7x16:U_STACK_CONTROL|mem[4][2]            ; Lost fanout                            ;
; appendix_n_a2_stack_control:U_15_STACK_CONTROL|stack7x16:U_STACK_CONTROL|mem[4][3]            ; Lost fanout                            ;
; appendix_n_a2_stack_control:U_15_STACK_CONTROL|stack7x16:U_STACK_CONTROL|mem[4][4]            ; Lost fanout                            ;
; appendix_n_a2_stack_control:U_15_STACK_CONTROL|stack7x16:U_STACK_CONTROL|mem[4][5]            ; Lost fanout                            ;
; appendix_n_a2_stack_control:U_15_STACK_CONTROL|stack7x16:U_STACK_CONTROL|mem[4][6]            ; Lost fanout                            ;
; appendix_n_a2_stack_control:U_15_STACK_CONTROL|stack7x16:U_STACK_CONTROL|mem[4][7]            ; Lost fanout                            ;
; appendix_n_a2_stack_control:U_15_STACK_CONTROL|stack7x16:U_STACK_CONTROL|mem[4][8]            ; Lost fanout                            ;
; appendix_n_a2_stack_control:U_15_STACK_CONTROL|stack7x16:U_STACK_CONTROL|mem[4][9]            ; Lost fanout                            ;
; appendix_n_a2_stack_control:U_15_STACK_CONTROL|stack7x16:U_STACK_CONTROL|mem[4][10]           ; Lost fanout                            ;
; appendix_n_a2_stack_control:U_15_STACK_CONTROL|stack7x16:U_STACK_CONTROL|mem[4][11]           ; Lost fanout                            ;
; appendix_n_a2_stack_control:U_15_STACK_CONTROL|stack7x16:U_STACK_CONTROL|mem[4][12]           ; Lost fanout                            ;
; appendix_n_a2_stack_control:U_15_STACK_CONTROL|stack7x16:U_STACK_CONTROL|mem[4][13]           ; Lost fanout                            ;
; appendix_n_a2_stack_control:U_15_STACK_CONTROL|stack7x16:U_STACK_CONTROL|mem[4][14]           ; Lost fanout                            ;
; appendix_n_a2_stack_control:U_15_STACK_CONTROL|stack7x16:U_STACK_CONTROL|mem[4][15]           ; Lost fanout                            ;
; appendix_n_a2_stack_control:U_15_STACK_CONTROL|stack7x16:U_STACK_CONTROL|mem[3][0]            ; Lost fanout                            ;
; appendix_n_a2_stack_control:U_15_STACK_CONTROL|stack7x16:U_STACK_CONTROL|mem[3][1]            ; Lost fanout                            ;
; appendix_n_a2_stack_control:U_15_STACK_CONTROL|stack7x16:U_STACK_CONTROL|mem[3][2]            ; Lost fanout                            ;
; appendix_n_a2_stack_control:U_15_STACK_CONTROL|stack7x16:U_STACK_CONTROL|mem[3][3]            ; Lost fanout                            ;
; appendix_n_a2_stack_control:U_15_STACK_CONTROL|stack7x16:U_STACK_CONTROL|mem[3][4]            ; Lost fanout                            ;
; appendix_n_a2_stack_control:U_15_STACK_CONTROL|stack7x16:U_STACK_CONTROL|mem[3][5]            ; Lost fanout                            ;
; appendix_n_a2_stack_control:U_15_STACK_CONTROL|stack7x16:U_STACK_CONTROL|mem[3][6]            ; Lost fanout                            ;
; appendix_n_a2_stack_control:U_15_STACK_CONTROL|stack7x16:U_STACK_CONTROL|mem[3][7]            ; Lost fanout                            ;
; appendix_n_a2_stack_control:U_15_STACK_CONTROL|stack7x16:U_STACK_CONTROL|mem[3][8]            ; Lost fanout                            ;
; appendix_n_a2_stack_control:U_15_STACK_CONTROL|stack7x16:U_STACK_CONTROL|mem[3][9]            ; Lost fanout                            ;
; appendix_n_a2_stack_control:U_15_STACK_CONTROL|stack7x16:U_STACK_CONTROL|mem[3][10]           ; Lost fanout                            ;
; appendix_n_a2_stack_control:U_15_STACK_CONTROL|stack7x16:U_STACK_CONTROL|mem[3][11]           ; Lost fanout                            ;
; appendix_n_a2_stack_control:U_15_STACK_CONTROL|stack7x16:U_STACK_CONTROL|mem[3][12]           ; Lost fanout                            ;
; appendix_n_a2_stack_control:U_15_STACK_CONTROL|stack7x16:U_STACK_CONTROL|mem[3][13]           ; Lost fanout                            ;
; appendix_n_a2_stack_control:U_15_STACK_CONTROL|stack7x16:U_STACK_CONTROL|mem[3][14]           ; Lost fanout                            ;
; appendix_n_a2_stack_control:U_15_STACK_CONTROL|stack7x16:U_STACK_CONTROL|mem[3][15]           ; Lost fanout                            ;
; appendix_n_a2_stack_control:U_15_STACK_CONTROL|stack7x16:U_STACK_CONTROL|mem[2][0]            ; Lost fanout                            ;
; appendix_n_a2_stack_control:U_15_STACK_CONTROL|stack7x16:U_STACK_CONTROL|mem[2][1]            ; Lost fanout                            ;
; appendix_n_a2_stack_control:U_15_STACK_CONTROL|stack7x16:U_STACK_CONTROL|mem[2][2]            ; Lost fanout                            ;
; appendix_n_a2_stack_control:U_15_STACK_CONTROL|stack7x16:U_STACK_CONTROL|mem[2][3]            ; Lost fanout                            ;
; appendix_n_a2_stack_control:U_15_STACK_CONTROL|stack7x16:U_STACK_CONTROL|mem[2][4]            ; Lost fanout                            ;
; appendix_n_a2_stack_control:U_15_STACK_CONTROL|stack7x16:U_STACK_CONTROL|mem[2][5]            ; Lost fanout                            ;
; appendix_n_a2_stack_control:U_15_STACK_CONTROL|stack7x16:U_STACK_CONTROL|mem[2][6]            ; Lost fanout                            ;
; appendix_n_a2_stack_control:U_15_STACK_CONTROL|stack7x16:U_STACK_CONTROL|mem[2][7]            ; Lost fanout                            ;
; appendix_n_a2_stack_control:U_15_STACK_CONTROL|stack7x16:U_STACK_CONTROL|mem[2][8]            ; Lost fanout                            ;
; appendix_n_a2_stack_control:U_15_STACK_CONTROL|stack7x16:U_STACK_CONTROL|mem[2][9]            ; Lost fanout                            ;
; appendix_n_a2_stack_control:U_15_STACK_CONTROL|stack7x16:U_STACK_CONTROL|mem[2][10]           ; Lost fanout                            ;
; appendix_n_a2_stack_control:U_15_STACK_CONTROL|stack7x16:U_STACK_CONTROL|mem[2][11]           ; Lost fanout                            ;
; appendix_n_a2_stack_control:U_15_STACK_CONTROL|stack7x16:U_STACK_CONTROL|mem[2][12]           ; Lost fanout                            ;
; appendix_n_a2_stack_control:U_15_STACK_CONTROL|stack7x16:U_STACK_CONTROL|mem[2][13]           ; Lost fanout                            ;
; appendix_n_a2_stack_control:U_15_STACK_CONTROL|stack7x16:U_STACK_CONTROL|mem[2][14]           ; Lost fanout                            ;
; appendix_n_a2_stack_control:U_15_STACK_CONTROL|stack7x16:U_STACK_CONTROL|mem[2][15]           ; Lost fanout                            ;
; appendix_n_a2_stack_control:U_15_STACK_CONTROL|stack7x16:U_STACK_CONTROL|mem[1][0]            ; Lost fanout                            ;
; appendix_n_a2_stack_control:U_15_STACK_CONTROL|stack7x16:U_STACK_CONTROL|mem[1][1]            ; Lost fanout                            ;
; appendix_n_a2_stack_control:U_15_STACK_CONTROL|stack7x16:U_STACK_CONTROL|mem[1][2]            ; Lost fanout                            ;
; appendix_n_a2_stack_control:U_15_STACK_CONTROL|stack7x16:U_STACK_CONTROL|mem[1][3]            ; Lost fanout                            ;
; appendix_n_a2_stack_control:U_15_STACK_CONTROL|stack7x16:U_STACK_CONTROL|mem[1][4]            ; Lost fanout                            ;
; appendix_n_a2_stack_control:U_15_STACK_CONTROL|stack7x16:U_STACK_CONTROL|mem[1][5]            ; Lost fanout                            ;
; appendix_n_a2_stack_control:U_15_STACK_CONTROL|stack7x16:U_STACK_CONTROL|mem[1][6]            ; Lost fanout                            ;
; appendix_n_a2_stack_control:U_15_STACK_CONTROL|stack7x16:U_STACK_CONTROL|mem[1][7]            ; Lost fanout                            ;
; appendix_n_a2_stack_control:U_15_STACK_CONTROL|stack7x16:U_STACK_CONTROL|mem[1][8]            ; Lost fanout                            ;
; appendix_n_a2_stack_control:U_15_STACK_CONTROL|stack7x16:U_STACK_CONTROL|mem[1][9]            ; Lost fanout                            ;
; appendix_n_a2_stack_control:U_15_STACK_CONTROL|stack7x16:U_STACK_CONTROL|mem[1][10]           ; Lost fanout                            ;
; appendix_n_a2_stack_control:U_15_STACK_CONTROL|stack7x16:U_STACK_CONTROL|mem[1][11]           ; Lost fanout                            ;
; appendix_n_a2_stack_control:U_15_STACK_CONTROL|stack7x16:U_STACK_CONTROL|mem[1][12]           ; Lost fanout                            ;
; appendix_n_a2_stack_control:U_15_STACK_CONTROL|stack7x16:U_STACK_CONTROL|mem[1][13]           ; Lost fanout                            ;
; appendix_n_a2_stack_control:U_15_STACK_CONTROL|stack7x16:U_STACK_CONTROL|mem[1][14]           ; Lost fanout                            ;
; appendix_n_a2_stack_control:U_15_STACK_CONTROL|stack7x16:U_STACK_CONTROL|mem[1][15]           ; Lost fanout                            ;
; appendix_n_a2_stack_control:U_15_STACK_CONTROL|stack7x16:U_STACK_CONTROL|mem[0][0]            ; Lost fanout                            ;
; appendix_n_a2_stack_control:U_15_STACK_CONTROL|stack7x16:U_STACK_CONTROL|mem[0][1]            ; Lost fanout                            ;
; appendix_n_a2_stack_control:U_15_STACK_CONTROL|stack7x16:U_STACK_CONTROL|mem[0][2]            ; Lost fanout                            ;
; Total Number of Removed Registers = 575                                                       ;                                        ;
+-----------------------------------------------------------------------------------------------+----------------------------------------+
* Table truncated at 100 items. To change the number of removed registers reported, set the "Number of Removed Registers Reported" option under Assignments->Settings->Analysis and Synthesis Settings->More Settings


+------------------------------------------------------+
; General Register Statistics                          ;
+----------------------------------------------+-------+
; Statistic                                    ; Value ;
+----------------------------------------------+-------+
; Total registers                              ; 2178  ;
; Number of registers using Synchronous Clear  ; 1128  ;
; Number of registers using Synchronous Load   ; 25    ;
; Number of registers using Asynchronous Clear ; 0     ;
; Number of registers using Asynchronous Load  ; 0     ;
; Number of registers using Clock Enable       ; 2078  ;
; Number of registers using Preset             ; 0     ;
+----------------------------------------------+-------+


+------------------------------------------------------------------------------------------------------------------+
; Inverted Register Statistics                                                                                     ;
+--------------------------------------------------------------------------------------------------------+---------+
; Inverted Register                                                                                      ; Fan out ;
+--------------------------------------------------------------------------------------------------------+---------+
; appendix_n_a2_branch_predictor:U_04_BRANCH_PREDICTOR_A4|branch_predictor:U_BRANCH_PREDICTOR|pht[6][0]  ; 1       ;
; appendix_n_a2_branch_predictor:U_04_BRANCH_PREDICTOR_A4|branch_predictor:U_BRANCH_PREDICTOR|pht[13][0] ; 1       ;
; appendix_n_a2_branch_predictor:U_04_BRANCH_PREDICTOR_A4|branch_predictor:U_BRANCH_PREDICTOR|pht[4][0]  ; 1       ;
; appendix_n_a2_branch_predictor:U_04_BRANCH_PREDICTOR_A4|branch_predictor:U_BRANCH_PREDICTOR|pht[15][0] ; 1       ;
; Total number of inverted registers = 4                                                                 ;         ;
+--------------------------------------------------------------------------------------------------------+---------+


+-----------------------------------------------------------------------------------------------------------------------------------------------------------------------------------------+
; Registers Packed Into Inferred Megafunctions                                                                                                                                            ;
+-----------------------------------------------------------------------------------------+----------------------------------------------------------------------------------------+------+
; Register Name                                                                           ; Megafunction                                                                           ; Type ;
+-----------------------------------------------------------------------------------------+----------------------------------------------------------------------------------------+------+
; appendix_n_a2_memory:U_23_MEMORY|ram_sync:U_MEMORY|q_r[0]                               ; appendix_n_a2_memory:U_23_MEMORY|ram_sync:U_MEMORY|mem~25                              ; RAM  ;
; appendix_n_a2_memory:U_23_MEMORY|ram_sync:U_MEMORY|q_r[1]                               ; appendix_n_a2_memory:U_23_MEMORY|ram_sync:U_MEMORY|mem~25                              ; RAM  ;
; appendix_n_a2_memory:U_23_MEMORY|ram_sync:U_MEMORY|q_r[2]                               ; appendix_n_a2_memory:U_23_MEMORY|ram_sync:U_MEMORY|mem~25                              ; RAM  ;
; appendix_n_a2_memory:U_23_MEMORY|ram_sync:U_MEMORY|q_r[3]                               ; appendix_n_a2_memory:U_23_MEMORY|ram_sync:U_MEMORY|mem~25                              ; RAM  ;
; appendix_n_a2_memory:U_23_MEMORY|ram_sync:U_MEMORY|q_r[4]                               ; appendix_n_a2_memory:U_23_MEMORY|ram_sync:U_MEMORY|mem~25                              ; RAM  ;
; appendix_n_a2_memory:U_23_MEMORY|ram_sync:U_MEMORY|q_r[5]                               ; appendix_n_a2_memory:U_23_MEMORY|ram_sync:U_MEMORY|mem~25                              ; RAM  ;
; appendix_n_a2_memory:U_23_MEMORY|ram_sync:U_MEMORY|q_r[6]                               ; appendix_n_a2_memory:U_23_MEMORY|ram_sync:U_MEMORY|mem~25                              ; RAM  ;
; appendix_n_a2_memory:U_23_MEMORY|ram_sync:U_MEMORY|q_r[7]                               ; appendix_n_a2_memory:U_23_MEMORY|ram_sync:U_MEMORY|mem~25                              ; RAM  ;
; appendix_n_a2_memory:U_23_MEMORY|ram_sync:U_MEMORY|q_r[8]                               ; appendix_n_a2_memory:U_23_MEMORY|ram_sync:U_MEMORY|mem~25                              ; RAM  ;
; appendix_n_a2_memory:U_23_MEMORY|ram_sync:U_MEMORY|q_r[9]                               ; appendix_n_a2_memory:U_23_MEMORY|ram_sync:U_MEMORY|mem~25                              ; RAM  ;
; appendix_n_a2_memory:U_23_MEMORY|ram_sync:U_MEMORY|q_r[10]                              ; appendix_n_a2_memory:U_23_MEMORY|ram_sync:U_MEMORY|mem~25                              ; RAM  ;
; appendix_n_a2_memory:U_23_MEMORY|ram_sync:U_MEMORY|q_r[11]                              ; appendix_n_a2_memory:U_23_MEMORY|ram_sync:U_MEMORY|mem~25                              ; RAM  ;
; appendix_n_a2_memory:U_23_MEMORY|ram_sync:U_MEMORY|q_r[12]                              ; appendix_n_a2_memory:U_23_MEMORY|ram_sync:U_MEMORY|mem~25                              ; RAM  ;
; appendix_n_a2_memory:U_23_MEMORY|ram_sync:U_MEMORY|q_r[13]                              ; appendix_n_a2_memory:U_23_MEMORY|ram_sync:U_MEMORY|mem~25                              ; RAM  ;
; appendix_n_a2_memory:U_23_MEMORY|ram_sync:U_MEMORY|q_r[14]                              ; appendix_n_a2_memory:U_23_MEMORY|ram_sync:U_MEMORY|mem~25                              ; RAM  ;
; appendix_n_a2_memory:U_23_MEMORY|ram_sync:U_MEMORY|q_r[15]                              ; appendix_n_a2_memory:U_23_MEMORY|ram_sync:U_MEMORY|mem~25                              ; RAM  ;
; appendix_n_a2_command_rom:U_03_COMMAND_MEMORY_ROM|rom_sync:U_COMMAND_MEMORY_ROM|q_r[11] ; appendix_n_a2_command_rom:U_03_COMMAND_MEMORY_ROM|rom_sync:U_COMMAND_MEMORY_ROM|Mux0~0 ; ROM  ;
; appendix_n_a2_command_rom:U_03_COMMAND_MEMORY_ROM|rom_sync:U_COMMAND_MEMORY_ROM|q_r[10] ; appendix_n_a2_command_rom:U_03_COMMAND_MEMORY_ROM|rom_sync:U_COMMAND_MEMORY_ROM|Mux0~0 ; ROM  ;
; appendix_n_a2_command_rom:U_03_COMMAND_MEMORY_ROM|rom_sync:U_COMMAND_MEMORY_ROM|q_r[9]  ; appendix_n_a2_command_rom:U_03_COMMAND_MEMORY_ROM|rom_sync:U_COMMAND_MEMORY_ROM|Mux0~0 ; ROM  ;
; appendix_n_a2_command_rom:U_03_COMMAND_MEMORY_ROM|rom_sync:U_COMMAND_MEMORY_ROM|q_r[8]  ; appendix_n_a2_command_rom:U_03_COMMAND_MEMORY_ROM|rom_sync:U_COMMAND_MEMORY_ROM|Mux0~0 ; ROM  ;
; appendix_n_a2_command_rom:U_03_COMMAND_MEMORY_ROM|rom_sync:U_COMMAND_MEMORY_ROM|q_r[6]  ; appendix_n_a2_command_rom:U_03_COMMAND_MEMORY_ROM|rom_sync:U_COMMAND_MEMORY_ROM|Mux0~0 ; ROM  ;
; appendix_n_a2_command_rom:U_03_COMMAND_MEMORY_ROM|rom_sync:U_COMMAND_MEMORY_ROM|q_r[5]  ; appendix_n_a2_command_rom:U_03_COMMAND_MEMORY_ROM|rom_sync:U_COMMAND_MEMORY_ROM|Mux0~0 ; ROM  ;
; appendix_n_a2_command_rom:U_03_COMMAND_MEMORY_ROM|rom_sync:U_COMMAND_MEMORY_ROM|q_r[4]  ; appendix_n_a2_command_rom:U_03_COMMAND_MEMORY_ROM|rom_sync:U_COMMAND_MEMORY_ROM|Mux0~0 ; ROM  ;
; appendix_n_a2_command_rom:U_03_COMMAND_MEMORY_ROM|rom_sync:U_COMMAND_MEMORY_ROM|q_r[3]  ; appendix_n_a2_command_rom:U_03_COMMAND_MEMORY_ROM|rom_sync:U_COMMAND_MEMORY_ROM|Mux0~0 ; ROM  ;
; appendix_n_a2_command_rom:U_03_COMMAND_MEMORY_ROM|rom_sync:U_COMMAND_MEMORY_ROM|q_r[2]  ; appendix_n_a2_command_rom:U_03_COMMAND_MEMORY_ROM|rom_sync:U_COMMAND_MEMORY_ROM|Mux0~0 ; ROM  ;
; appendix_n_a2_command_rom:U_03_COMMAND_MEMORY_ROM|rom_sync:U_COMMAND_MEMORY_ROM|q_r[1]  ; appendix_n_a2_command_rom:U_03_COMMAND_MEMORY_ROM|rom_sync:U_COMMAND_MEMORY_ROM|Mux0~0 ; ROM  ;
; appendix_n_a2_command_rom:U_03_COMMAND_MEMORY_ROM|rom_sync:U_COMMAND_MEMORY_ROM|q_r[0]  ; appendix_n_a2_command_rom:U_03_COMMAND_MEMORY_ROM|rom_sync:U_COMMAND_MEMORY_ROM|Mux0~0 ; ROM  ;
+-----------------------------------------------------------------------------------------+----------------------------------------------------------------------------------------+------+


+--------------------------------------------------------------------------------------------------------------------------------------------------------------------------------------------------------------------------------------------------------------------+
; Multiplexer Restructuring Statistics (Restructuring Performed)                                                                                                                                                                                                     ;
+--------------------+-----------+---------------+----------------------+------------------------+------------+------------------------------------------------------------------------------------------------------------------------------------------------------+
; Multiplexer Inputs ; Bus Width ; Baseline Area ; Area if Restructured ; Saving if Restructured ; Registered ; Example Multiplexer Output                                                                                                                           ;
+--------------------+-----------+---------------+----------------------+------------------------+------------+------------------------------------------------------------------------------------------------------------------------------------------------------+
; 3:1                ; 15 bits   ; 30 LEs        ; 30 LEs               ; 0 LEs                  ; Yes        ; |appendix_n_microevm_nowires_top|appendix_n_a2_special_registers:U_02_SPECIAL_REGISTERS|appendix_n_special_registers:U_SPECIAL_REGISTERS|ip_r[3]     ;
; 3:1                ; 2 bits    ; 4 LEs         ; 2 LEs                ; 2 LEs                  ; Yes        ; |appendix_n_microevm_nowires_top|appendix_n_a2_branch_predictor:U_04_BRANCH_PREDICTOR_A4|branch_predictor:U_BRANCH_PREDICTOR|ghr_r[0]                ;
; 3:1                ; 16 bits   ; 32 LEs        ; 16 LEs               ; 16 LEs                 ; Yes        ; |appendix_n_microevm_nowires_top|appendix_n_a2_special_registers:U_02_SPECIAL_REGISTERS|appendix_n_special_registers:U_SPECIAL_REGISTERS|ir_r[12]    ;
; 3:1                ; 15 bits   ; 30 LEs        ; 15 LEs               ; 15 LEs                 ; Yes        ; |appendix_n_microevm_nowires_top|appendix_n_a2_special_registers:U_02_SPECIAL_REGISTERS|appendix_n_special_registers:U_SPECIAL_REGISTERS|addr_h_r[4] ;
; 3:1                ; 15 bits   ; 30 LEs        ; 15 LEs               ; 15 LEs                 ; Yes        ; |appendix_n_microevm_nowires_top|appendix_n_a2_special_registers:U_02_SPECIAL_REGISTERS|appendix_n_special_registers:U_SPECIAL_REGISTERS|addr_l_r[4] ;
; 4:1                ; 16 bits   ; 32 LEs        ; 16 LEs               ; 16 LEs                 ; Yes        ; |appendix_n_microevm_nowires_top|appendix_n_a2_data_cache:U_16_DATA_CACHE_4WAY|cache_4way_age:U_DATA_CACHE|tag_req_r[10]                             ;
; 5:1                ; 16 bits   ; 48 LEs        ; 16 LEs               ; 32 LEs                 ; Yes        ; |appendix_n_microevm_nowires_top|appendix_n_a2_branch_predictor:U_04_BRANCH_PREDICTOR_A4|branch_predictor:U_BRANCH_PREDICTOR|btb_tgt[0][13]          ;
; 5:1                ; 16 bits   ; 48 LEs        ; 16 LEs               ; 32 LEs                 ; Yes        ; |appendix_n_microevm_nowires_top|appendix_n_a2_branch_predictor:U_04_BRANCH_PREDICTOR_A4|branch_predictor:U_BRANCH_PREDICTOR|btb_tgt[9][11]          ;
; 5:1                ; 16 bits   ; 48 LEs        ; 16 LEs               ; 32 LEs                 ; Yes        ; |appendix_n_microevm_nowires_top|appendix_n_a2_branch_predictor:U_04_BRANCH_PREDICTOR_A4|branch_predictor:U_BRANCH_PREDICTOR|btb_tgt[2][15]          ;
; 5:1                ; 16 bits   ; 48 LEs        ; 16 LEs               ; 32 LEs                 ; Yes        ; |appendix_n_microevm_nowires_top|appendix_n_a2_branch_predictor:U_04_BRANCH_PREDICTOR_A4|branch_predictor:U_BRANCH_PREDICTOR|btb_tgt[11][9]          ;
; 5:1                ; 16 bits   ; 48 LEs        ; 16 LEs               ; 32 LEs                 ; Yes        ; |appendix_n_microevm_nowires_top|appendix_n_a2_branch_predictor:U_04_BRANCH_PREDICTOR_A4|branch_predictor:U_BRANCH_PREDICTOR|btb_tgt[4][12]          ;
; 5:1                ; 16 bits   ; 48 LEs        ; 16 LEs               ; 32 LEs                 ; Yes        ; |appendix_n_microevm_nowires_top|appendix_n_a2_branch_predictor:U_04_BRANCH_PREDICTOR_A4|branch_predictor:U_BRANCH_PREDICTOR|btb_tgt[13][13]         ;
; 5:1                ; 16 bits   ; 48 LEs        ; 16 LEs               ; 32 LEs                 ; Yes        ; |appendix_n_microevm_nowires_top|appendix_n_a2_branch_predictor:U_04_BRANCH_PREDICTOR_A4|branch_predictor:U_BRANCH_PREDICTOR|btb_tgt[6][0]           ;
; 5:1                ; 16 bits   ; 48 LEs        ; 16 LEs               ; 32 LEs                 ; Yes        ; |appendix_n_microevm_nowires_top|appendix_n_a2_branch_predictor:U_04_BRANCH_PREDICTOR_A4|branch_predictor:U_BRANCH_PREDICTOR|btb_tgt[15][6]          ;
; 6:1                ; 2 bits    ; 8 LEs         ; 2 LEs                ; 6 LEs                  ; Yes        ; |appendix_n_microevm_nowires_top|appendix_n_a2_dmac_controller:U_17_DMAC_CONTROLLER|dma_controller_3word:U_DMAC_CONTROLLER|index_r[0]                ;
; 6:1                ; 12 bits   ; 48 LEs        ; 12 LEs               ; 36 LEs                 ; Yes        ; |appendix_n_microevm_nowires_top|appendix_n_a2_data_cache:U_16_DATA_CACHE_4WAY|cache_4way_age:U_DATA_CACHE|tag_r[0][0][1]                            ;
; 6:1                ; 12 bits   ; 48 LEs        ; 12 LEs               ; 36 LEs                 ; Yes        ; |appendix_n_microevm_nowires_top|appendix_n_a2_data_cache:U_16_DATA_CACHE_4WAY|cache_4way_age:U_DATA_CACHE|tag_r[1][0][3]                            ;
; 6:1                ; 12 bits   ; 48 LEs        ; 12 LEs               ; 36 LEs                 ; Yes        ; |appendix_n_microevm_nowires_top|appendix_n_a2_data_cache:U_16_DATA_CACHE_4WAY|cache_4way_age:U_DATA_CACHE|tag_r[2][0][7]                            ;
; 6:1                ; 12 bits   ; 48 LEs        ; 12 LEs               ; 36 LEs                 ; Yes        ; |appendix_n_microevm_nowires_top|appendix_n_a2_data_cache:U_16_DATA_CACHE_4WAY|cache_4way_age:U_DATA_CACHE|tag_r[3][0][1]                            ;
; 6:1                ; 12 bits   ; 48 LEs        ; 12 LEs               ; 36 LEs                 ; Yes        ; |appendix_n_microevm_nowires_top|appendix_n_a2_data_cache:U_16_DATA_CACHE_4WAY|cache_4way_age:U_DATA_CACHE|tag_r[4][0][6]                            ;
; 6:1                ; 12 bits   ; 48 LEs        ; 12 LEs               ; 36 LEs                 ; Yes        ; |appendix_n_microevm_nowires_top|appendix_n_a2_data_cache:U_16_DATA_CACHE_4WAY|cache_4way_age:U_DATA_CACHE|tag_r[5][0][4]                            ;
; 6:1                ; 12 bits   ; 48 LEs        ; 12 LEs               ; 36 LEs                 ; Yes        ; |appendix_n_microevm_nowires_top|appendix_n_a2_data_cache:U_16_DATA_CACHE_4WAY|cache_4way_age:U_DATA_CACHE|tag_r[6][0][1]                            ;
; 6:1                ; 12 bits   ; 48 LEs        ; 12 LEs               ; 36 LEs                 ; Yes        ; |appendix_n_microevm_nowires_top|appendix_n_a2_data_cache:U_16_DATA_CACHE_4WAY|cache_4way_age:U_DATA_CACHE|tag_r[7][0][5]                            ;
; 6:1                ; 12 bits   ; 48 LEs        ; 12 LEs               ; 36 LEs                 ; Yes        ; |appendix_n_microevm_nowires_top|appendix_n_a2_data_cache:U_16_DATA_CACHE_4WAY|cache_4way_age:U_DATA_CACHE|tag_r[8][0][9]                            ;
; 6:1                ; 12 bits   ; 48 LEs        ; 12 LEs               ; 36 LEs                 ; Yes        ; |appendix_n_microevm_nowires_top|appendix_n_a2_data_cache:U_16_DATA_CACHE_4WAY|cache_4way_age:U_DATA_CACHE|tag_r[9][0][1]                            ;
; 6:1                ; 12 bits   ; 48 LEs        ; 12 LEs               ; 36 LEs                 ; Yes        ; |appendix_n_microevm_nowires_top|appendix_n_a2_data_cache:U_16_DATA_CACHE_4WAY|cache_4way_age:U_DATA_CACHE|tag_r[10][0][1]                           ;
; 6:1                ; 12 bits   ; 48 LEs        ; 12 LEs               ; 36 LEs                 ; Yes        ; |appendix_n_microevm_nowires_top|appendix_n_a2_data_cache:U_16_DATA_CACHE_4WAY|cache_4way_age:U_DATA_CACHE|tag_r[11][0][4]                           ;
; 6:1                ; 12 bits   ; 48 LEs        ; 12 LEs               ; 36 LEs                 ; Yes        ; |appendix_n_microevm_nowires_top|appendix_n_a2_data_cache:U_16_DATA_CACHE_4WAY|cache_4way_age:U_DATA_CACHE|tag_r[12][0][5]                           ;
; 6:1                ; 12 bits   ; 48 LEs        ; 12 LEs               ; 36 LEs                 ; Yes        ; |appendix_n_microevm_nowires_top|appendix_n_a2_data_cache:U_16_DATA_CACHE_4WAY|cache_4way_age:U_DATA_CACHE|tag_r[13][0][11]                          ;
; 6:1                ; 12 bits   ; 48 LEs        ; 12 LEs               ; 36 LEs                 ; Yes        ; |appendix_n_microevm_nowires_top|appendix_n_a2_data_cache:U_16_DATA_CACHE_4WAY|cache_4way_age:U_DATA_CACHE|tag_r[14][0][2]                           ;
; 6:1                ; 12 bits   ; 48 LEs        ; 12 LEs               ; 36 LEs                 ; Yes        ; |appendix_n_microevm_nowires_top|appendix_n_a2_data_cache:U_16_DATA_CACHE_4WAY|cache_4way_age:U_DATA_CACHE|tag_r[15][0][5]                           ;
; 6:1                ; 12 bits   ; 48 LEs        ; 12 LEs               ; 36 LEs                 ; Yes        ; |appendix_n_microevm_nowires_top|appendix_n_a2_data_cache:U_16_DATA_CACHE_4WAY|cache_4way_age:U_DATA_CACHE|tag_r[0][1][3]                            ;
; 6:1                ; 12 bits   ; 48 LEs        ; 12 LEs               ; 36 LEs                 ; Yes        ; |appendix_n_microevm_nowires_top|appendix_n_a2_data_cache:U_16_DATA_CACHE_4WAY|cache_4way_age:U_DATA_CACHE|tag_r[1][1][9]                            ;
; 6:1                ; 12 bits   ; 48 LEs        ; 12 LEs               ; 36 LEs                 ; Yes        ; |appendix_n_microevm_nowires_top|appendix_n_a2_data_cache:U_16_DATA_CACHE_4WAY|cache_4way_age:U_DATA_CACHE|tag_r[2][1][10]                           ;
; 6:1                ; 12 bits   ; 48 LEs        ; 12 LEs               ; 36 LEs                 ; Yes        ; |appendix_n_microevm_nowires_top|appendix_n_a2_data_cache:U_16_DATA_CACHE_4WAY|cache_4way_age:U_DATA_CACHE|tag_r[3][1][0]                            ;
; 6:1                ; 12 bits   ; 48 LEs        ; 12 LEs               ; 36 LEs                 ; Yes        ; |appendix_n_microevm_nowires_top|appendix_n_a2_data_cache:U_16_DATA_CACHE_4WAY|cache_4way_age:U_DATA_CACHE|tag_r[4][1][8]                            ;
; 6:1                ; 12 bits   ; 48 LEs        ; 12 LEs               ; 36 LEs                 ; Yes        ; |appendix_n_microevm_nowires_top|appendix_n_a2_data_cache:U_16_DATA_CACHE_4WAY|cache_4way_age:U_DATA_CACHE|tag_r[5][1][2]                            ;
; 6:1                ; 12 bits   ; 48 LEs        ; 12 LEs               ; 36 LEs                 ; Yes        ; |appendix_n_microevm_nowires_top|appendix_n_a2_data_cache:U_16_DATA_CACHE_4WAY|cache_4way_age:U_DATA_CACHE|tag_r[6][1][11]                           ;
; 6:1                ; 12 bits   ; 48 LEs        ; 12 LEs               ; 36 LEs                 ; Yes        ; |appendix_n_microevm_nowires_top|appendix_n_a2_data_cache:U_16_DATA_CACHE_4WAY|cache_4way_age:U_DATA_CACHE|tag_r[7][1][4]                            ;
; 6:1                ; 12 bits   ; 48 LEs        ; 12 LEs               ; 36 LEs                 ; Yes        ; |appendix_n_microevm_nowires_top|appendix_n_a2_data_cache:U_16_DATA_CACHE_4WAY|cache_4way_age:U_DATA_CACHE|tag_r[8][1][4]                            ;
; 6:1                ; 12 bits   ; 48 LEs        ; 12 LEs               ; 36 LEs                 ; Yes        ; |appendix_n_microevm_nowires_top|appendix_n_a2_data_cache:U_16_DATA_CACHE_4WAY|cache_4way_age:U_DATA_CACHE|tag_r[9][1][7]                            ;
; 6:1                ; 12 bits   ; 48 LEs        ; 12 LEs               ; 36 LEs                 ; Yes        ; |appendix_n_microevm_nowires_top|appendix_n_a2_data_cache:U_16_DATA_CACHE_4WAY|cache_4way_age:U_DATA_CACHE|tag_r[10][1][1]                           ;
; 6:1                ; 12 bits   ; 48 LEs        ; 12 LEs               ; 36 LEs                 ; Yes        ; |appendix_n_microevm_nowires_top|appendix_n_a2_data_cache:U_16_DATA_CACHE_4WAY|cache_4way_age:U_DATA_CACHE|tag_r[11][1][9]                           ;
; 6:1                ; 12 bits   ; 48 LEs        ; 12 LEs               ; 36 LEs                 ; Yes        ; |appendix_n_microevm_nowires_top|appendix_n_a2_data_cache:U_16_DATA_CACHE_4WAY|cache_4way_age:U_DATA_CACHE|tag_r[12][1][3]                           ;
; 6:1                ; 12 bits   ; 48 LEs        ; 12 LEs               ; 36 LEs                 ; Yes        ; |appendix_n_microevm_nowires_top|appendix_n_a2_data_cache:U_16_DATA_CACHE_4WAY|cache_4way_age:U_DATA_CACHE|tag_r[13][1][3]                           ;
; 6:1                ; 12 bits   ; 48 LEs        ; 12 LEs               ; 36 LEs                 ; Yes        ; |appendix_n_microevm_nowires_top|appendix_n_a2_data_cache:U_16_DATA_CACHE_4WAY|cache_4way_age:U_DATA_CACHE|tag_r[14][1][10]                          ;
; 6:1                ; 12 bits   ; 48 LEs        ; 12 LEs               ; 36 LEs                 ; Yes        ; |appendix_n_microevm_nowires_top|appendix_n_a2_data_cache:U_16_DATA_CACHE_4WAY|cache_4way_age:U_DATA_CACHE|tag_r[15][1][3]                           ;
; 6:1                ; 12 bits   ; 48 LEs        ; 12 LEs               ; 36 LEs                 ; Yes        ; |appendix_n_microevm_nowires_top|appendix_n_a2_data_cache:U_16_DATA_CACHE_4WAY|cache_4way_age:U_DATA_CACHE|tag_r[0][2][3]                            ;
; 6:1                ; 12 bits   ; 48 LEs        ; 12 LEs               ; 36 LEs                 ; Yes        ; |appendix_n_microevm_nowires_top|appendix_n_a2_data_cache:U_16_DATA_CACHE_4WAY|cache_4way_age:U_DATA_CACHE|tag_r[1][2][11]                           ;
; 6:1                ; 12 bits   ; 48 LEs        ; 12 LEs               ; 36 LEs                 ; Yes        ; |appendix_n_microevm_nowires_top|appendix_n_a2_data_cache:U_16_DATA_CACHE_4WAY|cache_4way_age:U_DATA_CACHE|tag_r[2][2][7]                            ;
; 6:1                ; 12 bits   ; 48 LEs        ; 12 LEs               ; 36 LEs                 ; Yes        ; |appendix_n_microevm_nowires_top|appendix_n_a2_data_cache:U_16_DATA_CACHE_4WAY|cache_4way_age:U_DATA_CACHE|tag_r[3][2][3]                            ;
; 6:1                ; 12 bits   ; 48 LEs        ; 12 LEs               ; 36 LEs                 ; Yes        ; |appendix_n_microevm_nowires_top|appendix_n_a2_data_cache:U_16_DATA_CACHE_4WAY|cache_4way_age:U_DATA_CACHE|tag_r[4][2][11]                           ;
; 6:1                ; 12 bits   ; 48 LEs        ; 12 LEs               ; 36 LEs                 ; Yes        ; |appendix_n_microevm_nowires_top|appendix_n_a2_data_cache:U_16_DATA_CACHE_4WAY|cache_4way_age:U_DATA_CACHE|tag_r[5][2][0]                            ;
; 6:1                ; 12 bits   ; 48 LEs        ; 12 LEs               ; 36 LEs                 ; Yes        ; |appendix_n_microevm_nowires_top|appendix_n_a2_data_cache:U_16_DATA_CACHE_4WAY|cache_4way_age:U_DATA_CACHE|tag_r[6][2][7]                            ;
; 6:1                ; 12 bits   ; 48 LEs        ; 12 LEs               ; 36 LEs                 ; Yes        ; |appendix_n_microevm_nowires_top|appendix_n_a2_data_cache:U_16_DATA_CACHE_4WAY|cache_4way_age:U_DATA_CACHE|tag_r[7][2][5]                            ;
; 6:1                ; 12 bits   ; 48 LEs        ; 12 LEs               ; 36 LEs                 ; Yes        ; |appendix_n_microevm_nowires_top|appendix_n_a2_data_cache:U_16_DATA_CACHE_4WAY|cache_4way_age:U_DATA_CACHE|tag_r[8][2][1]                            ;
; 6:1                ; 12 bits   ; 48 LEs        ; 12 LEs               ; 36 LEs                 ; Yes        ; |appendix_n_microevm_nowires_top|appendix_n_a2_data_cache:U_16_DATA_CACHE_4WAY|cache_4way_age:U_DATA_CACHE|tag_r[9][2][2]                            ;
; 6:1                ; 12 bits   ; 48 LEs        ; 12 LEs               ; 36 LEs                 ; Yes        ; |appendix_n_microevm_nowires_top|appendix_n_a2_data_cache:U_16_DATA_CACHE_4WAY|cache_4way_age:U_DATA_CACHE|tag_r[10][2][0]                           ;
; 6:1                ; 12 bits   ; 48 LEs        ; 12 LEs               ; 36 LEs                 ; Yes        ; |appendix_n_microevm_nowires_top|appendix_n_a2_data_cache:U_16_DATA_CACHE_4WAY|cache_4way_age:U_DATA_CACHE|tag_r[11][2][4]                           ;
; 6:1                ; 12 bits   ; 48 LEs        ; 12 LEs               ; 36 LEs                 ; Yes        ; |appendix_n_microevm_nowires_top|appendix_n_a2_data_cache:U_16_DATA_CACHE_4WAY|cache_4way_age:U_DATA_CACHE|tag_r[12][2][5]                           ;
; 6:1                ; 12 bits   ; 48 LEs        ; 12 LEs               ; 36 LEs                 ; Yes        ; |appendix_n_microevm_nowires_top|appendix_n_a2_data_cache:U_16_DATA_CACHE_4WAY|cache_4way_age:U_DATA_CACHE|tag_r[13][2][4]                           ;
; 6:1                ; 12 bits   ; 48 LEs        ; 12 LEs               ; 36 LEs                 ; Yes        ; |appendix_n_microevm_nowires_top|appendix_n_a2_data_cache:U_16_DATA_CACHE_4WAY|cache_4way_age:U_DATA_CACHE|tag_r[14][2][11]                          ;
; 6:1                ; 12 bits   ; 48 LEs        ; 12 LEs               ; 36 LEs                 ; Yes        ; |appendix_n_microevm_nowires_top|appendix_n_a2_data_cache:U_16_DATA_CACHE_4WAY|cache_4way_age:U_DATA_CACHE|tag_r[15][2][9]                           ;
; 6:1                ; 12 bits   ; 48 LEs        ; 12 LEs               ; 36 LEs                 ; Yes        ; |appendix_n_microevm_nowires_top|appendix_n_a2_data_cache:U_16_DATA_CACHE_4WAY|cache_4way_age:U_DATA_CACHE|tag_r[0][3][4]                            ;
; 6:1                ; 12 bits   ; 48 LEs        ; 12 LEs               ; 36 LEs                 ; Yes        ; |appendix_n_microevm_nowires_top|appendix_n_a2_data_cache:U_16_DATA_CACHE_4WAY|cache_4way_age:U_DATA_CACHE|tag_r[1][3][6]                            ;
; 6:1                ; 12 bits   ; 48 LEs        ; 12 LEs               ; 36 LEs                 ; Yes        ; |appendix_n_microevm_nowires_top|appendix_n_a2_data_cache:U_16_DATA_CACHE_4WAY|cache_4way_age:U_DATA_CACHE|tag_r[2][3][8]                            ;
; 6:1                ; 12 bits   ; 48 LEs        ; 12 LEs               ; 36 LEs                 ; Yes        ; |appendix_n_microevm_nowires_top|appendix_n_a2_data_cache:U_16_DATA_CACHE_4WAY|cache_4way_age:U_DATA_CACHE|tag_r[3][3][7]                            ;
; 6:1                ; 12 bits   ; 48 LEs        ; 12 LEs               ; 36 LEs                 ; Yes        ; |appendix_n_microevm_nowires_top|appendix_n_a2_data_cache:U_16_DATA_CACHE_4WAY|cache_4way_age:U_DATA_CACHE|tag_r[4][3][7]                            ;
; 6:1                ; 12 bits   ; 48 LEs        ; 12 LEs               ; 36 LEs                 ; Yes        ; |appendix_n_microevm_nowires_top|appendix_n_a2_data_cache:U_16_DATA_CACHE_4WAY|cache_4way_age:U_DATA_CACHE|tag_r[5][3][0]                            ;
; 6:1                ; 12 bits   ; 48 LEs        ; 12 LEs               ; 36 LEs                 ; Yes        ; |appendix_n_microevm_nowires_top|appendix_n_a2_data_cache:U_16_DATA_CACHE_4WAY|cache_4way_age:U_DATA_CACHE|tag_r[6][3][4]                            ;
; 6:1                ; 12 bits   ; 48 LEs        ; 12 LEs               ; 36 LEs                 ; Yes        ; |appendix_n_microevm_nowires_top|appendix_n_a2_data_cache:U_16_DATA_CACHE_4WAY|cache_4way_age:U_DATA_CACHE|tag_r[7][3][4]                            ;
; 6:1                ; 12 bits   ; 48 LEs        ; 12 LEs               ; 36 LEs                 ; Yes        ; |appendix_n_microevm_nowires_top|appendix_n_a2_data_cache:U_16_DATA_CACHE_4WAY|cache_4way_age:U_DATA_CACHE|tag_r[8][3][2]                            ;
; 6:1                ; 12 bits   ; 48 LEs        ; 12 LEs               ; 36 LEs                 ; Yes        ; |appendix_n_microevm_nowires_top|appendix_n_a2_data_cache:U_16_DATA_CACHE_4WAY|cache_4way_age:U_DATA_CACHE|tag_r[9][3][9]                            ;
; 6:1                ; 12 bits   ; 48 LEs        ; 12 LEs               ; 36 LEs                 ; Yes        ; |appendix_n_microevm_nowires_top|appendix_n_a2_data_cache:U_16_DATA_CACHE_4WAY|cache_4way_age:U_DATA_CACHE|tag_r[10][3][7]                           ;
; 6:1                ; 12 bits   ; 48 LEs        ; 12 LEs               ; 36 LEs                 ; Yes        ; |appendix_n_microevm_nowires_top|appendix_n_a2_data_cache:U_16_DATA_CACHE_4WAY|cache_4way_age:U_DATA_CACHE|tag_r[11][3][9]                           ;
; 6:1                ; 12 bits   ; 48 LEs        ; 12 LEs               ; 36 LEs                 ; Yes        ; |appendix_n_microevm_nowires_top|appendix_n_a2_data_cache:U_16_DATA_CACHE_4WAY|cache_4way_age:U_DATA_CACHE|tag_r[12][3][2]                           ;
; 6:1                ; 12 bits   ; 48 LEs        ; 12 LEs               ; 36 LEs                 ; Yes        ; |appendix_n_microevm_nowires_top|appendix_n_a2_data_cache:U_16_DATA_CACHE_4WAY|cache_4way_age:U_DATA_CACHE|tag_r[13][3][6]                           ;
; 6:1                ; 12 bits   ; 48 LEs        ; 12 LEs               ; 36 LEs                 ; Yes        ; |appendix_n_microevm_nowires_top|appendix_n_a2_data_cache:U_16_DATA_CACHE_4WAY|cache_4way_age:U_DATA_CACHE|tag_r[14][3][4]                           ;
; 6:1                ; 12 bits   ; 48 LEs        ; 12 LEs               ; 36 LEs                 ; Yes        ; |appendix_n_microevm_nowires_top|appendix_n_a2_data_cache:U_16_DATA_CACHE_4WAY|cache_4way_age:U_DATA_CACHE|tag_r[15][3][2]                           ;
; 7:1                ; 2 bits    ; 8 LEs         ; 4 LEs                ; 4 LEs                  ; Yes        ; |appendix_n_microevm_nowires_top|appendix_n_a2_data_cache:U_16_DATA_CACHE_4WAY|cache_4way_age:U_DATA_CACHE|victim_r[1]                               ;
; 7:1                ; 2 bits    ; 8 LEs         ; 2 LEs                ; 6 LEs                  ; Yes        ; |appendix_n_microevm_nowires_top|appendix_n_a2_data_cache:U_16_DATA_CACHE_4WAY|cache_4way_age:U_DATA_CACHE|age_r[0][0][0]                            ;
; 7:1                ; 2 bits    ; 8 LEs         ; 2 LEs                ; 6 LEs                  ; Yes        ; |appendix_n_microevm_nowires_top|appendix_n_a2_data_cache:U_16_DATA_CACHE_4WAY|cache_4way_age:U_DATA_CACHE|age_r[1][0][0]                            ;
; 7:1                ; 2 bits    ; 8 LEs         ; 2 LEs                ; 6 LEs                  ; Yes        ; |appendix_n_microevm_nowires_top|appendix_n_a2_data_cache:U_16_DATA_CACHE_4WAY|cache_4way_age:U_DATA_CACHE|age_r[2][0][0]                            ;
; 7:1                ; 2 bits    ; 8 LEs         ; 2 LEs                ; 6 LEs                  ; Yes        ; |appendix_n_microevm_nowires_top|appendix_n_a2_data_cache:U_16_DATA_CACHE_4WAY|cache_4way_age:U_DATA_CACHE|age_r[3][0][1]                            ;
; 7:1                ; 2 bits    ; 8 LEs         ; 2 LEs                ; 6 LEs                  ; Yes        ; |appendix_n_microevm_nowires_top|appendix_n_a2_data_cache:U_16_DATA_CACHE_4WAY|cache_4way_age:U_DATA_CACHE|age_r[4][0][1]                            ;
; 7:1                ; 2 bits    ; 8 LEs         ; 2 LEs                ; 6 LEs                  ; Yes        ; |appendix_n_microevm_nowires_top|appendix_n_a2_data_cache:U_16_DATA_CACHE_4WAY|cache_4way_age:U_DATA_CACHE|age_r[5][0][0]                            ;
; 7:1                ; 2 bits    ; 8 LEs         ; 2 LEs                ; 6 LEs                  ; Yes        ; |appendix_n_microevm_nowires_top|appendix_n_a2_data_cache:U_16_DATA_CACHE_4WAY|cache_4way_age:U_DATA_CACHE|age_r[6][0][1]                            ;
; 7:1                ; 2 bits    ; 8 LEs         ; 2 LEs                ; 6 LEs                  ; Yes        ; |appendix_n_microevm_nowires_top|appendix_n_a2_data_cache:U_16_DATA_CACHE_4WAY|cache_4way_age:U_DATA_CACHE|age_r[7][0][1]                            ;
; 7:1                ; 2 bits    ; 8 LEs         ; 2 LEs                ; 6 LEs                  ; Yes        ; |appendix_n_microevm_nowires_top|appendix_n_a2_data_cache:U_16_DATA_CACHE_4WAY|cache_4way_age:U_DATA_CACHE|age_r[8][0][1]                            ;
; 7:1                ; 2 bits    ; 8 LEs         ; 2 LEs                ; 6 LEs                  ; Yes        ; |appendix_n_microevm_nowires_top|appendix_n_a2_data_cache:U_16_DATA_CACHE_4WAY|cache_4way_age:U_DATA_CACHE|age_r[9][0][0]                            ;
; 7:1                ; 2 bits    ; 8 LEs         ; 2 LEs                ; 6 LEs                  ; Yes        ; |appendix_n_microevm_nowires_top|appendix_n_a2_data_cache:U_16_DATA_CACHE_4WAY|cache_4way_age:U_DATA_CACHE|age_r[10][0][1]                           ;
; 7:1                ; 2 bits    ; 8 LEs         ; 2 LEs                ; 6 LEs                  ; Yes        ; |appendix_n_microevm_nowires_top|appendix_n_a2_data_cache:U_16_DATA_CACHE_4WAY|cache_4way_age:U_DATA_CACHE|age_r[11][0][1]                           ;
; 7:1                ; 2 bits    ; 8 LEs         ; 2 LEs                ; 6 LEs                  ; Yes        ; |appendix_n_microevm_nowires_top|appendix_n_a2_data_cache:U_16_DATA_CACHE_4WAY|cache_4way_age:U_DATA_CACHE|age_r[12][0][0]                           ;
; 7:1                ; 2 bits    ; 8 LEs         ; 2 LEs                ; 6 LEs                  ; Yes        ; |appendix_n_microevm_nowires_top|appendix_n_a2_data_cache:U_16_DATA_CACHE_4WAY|cache_4way_age:U_DATA_CACHE|age_r[13][0][0]                           ;
; 7:1                ; 2 bits    ; 8 LEs         ; 2 LEs                ; 6 LEs                  ; Yes        ; |appendix_n_microevm_nowires_top|appendix_n_a2_data_cache:U_16_DATA_CACHE_4WAY|cache_4way_age:U_DATA_CACHE|age_r[14][0][0]                           ;
; 7:1                ; 2 bits    ; 8 LEs         ; 2 LEs                ; 6 LEs                  ; Yes        ; |appendix_n_microevm_nowires_top|appendix_n_a2_data_cache:U_16_DATA_CACHE_4WAY|cache_4way_age:U_DATA_CACHE|age_r[15][0][0]                           ;
; 7:1                ; 2 bits    ; 8 LEs         ; 2 LEs                ; 6 LEs                  ; Yes        ; |appendix_n_microevm_nowires_top|appendix_n_a2_data_cache:U_16_DATA_CACHE_4WAY|cache_4way_age:U_DATA_CACHE|age_r[0][1][0]                            ;
; 7:1                ; 2 bits    ; 8 LEs         ; 2 LEs                ; 6 LEs                  ; Yes        ; |appendix_n_microevm_nowires_top|appendix_n_a2_data_cache:U_16_DATA_CACHE_4WAY|cache_4way_age:U_DATA_CACHE|age_r[1][1][0]                            ;
; 7:1                ; 2 bits    ; 8 LEs         ; 2 LEs                ; 6 LEs                  ; Yes        ; |appendix_n_microevm_nowires_top|appendix_n_a2_data_cache:U_16_DATA_CACHE_4WAY|cache_4way_age:U_DATA_CACHE|age_r[2][1][0]                            ;
; 7:1                ; 2 bits    ; 8 LEs         ; 2 LEs                ; 6 LEs                  ; Yes        ; |appendix_n_microevm_nowires_top|appendix_n_a2_data_cache:U_16_DATA_CACHE_4WAY|cache_4way_age:U_DATA_CACHE|age_r[3][1][0]                            ;
; 7:1                ; 2 bits    ; 8 LEs         ; 2 LEs                ; 6 LEs                  ; Yes        ; |appendix_n_microevm_nowires_top|appendix_n_a2_data_cache:U_16_DATA_CACHE_4WAY|cache_4way_age:U_DATA_CACHE|age_r[4][1][0]                            ;
; 7:1                ; 2 bits    ; 8 LEs         ; 2 LEs                ; 6 LEs                  ; Yes        ; |appendix_n_microevm_nowires_top|appendix_n_a2_data_cache:U_16_DATA_CACHE_4WAY|cache_4way_age:U_DATA_CACHE|age_r[5][1][0]                            ;
; 7:1                ; 2 bits    ; 8 LEs         ; 2 LEs                ; 6 LEs                  ; Yes        ; |appendix_n_microevm_nowires_top|appendix_n_a2_data_cache:U_16_DATA_CACHE_4WAY|cache_4way_age:U_DATA_CACHE|age_r[6][1][0]                            ;
; 7:1                ; 2 bits    ; 8 LEs         ; 2 LEs                ; 6 LEs                  ; Yes        ; |appendix_n_microevm_nowires_top|appendix_n_a2_data_cache:U_16_DATA_CACHE_4WAY|cache_4way_age:U_DATA_CACHE|age_r[7][1][0]                            ;
; 7:1                ; 2 bits    ; 8 LEs         ; 2 LEs                ; 6 LEs                  ; Yes        ; |appendix_n_microevm_nowires_top|appendix_n_a2_data_cache:U_16_DATA_CACHE_4WAY|cache_4way_age:U_DATA_CACHE|age_r[8][1][0]                            ;
; 7:1                ; 2 bits    ; 8 LEs         ; 2 LEs                ; 6 LEs                  ; Yes        ; |appendix_n_microevm_nowires_top|appendix_n_a2_data_cache:U_16_DATA_CACHE_4WAY|cache_4way_age:U_DATA_CACHE|age_r[9][1][0]                            ;
; 7:1                ; 2 bits    ; 8 LEs         ; 2 LEs                ; 6 LEs                  ; Yes        ; |appendix_n_microevm_nowires_top|appendix_n_a2_data_cache:U_16_DATA_CACHE_4WAY|cache_4way_age:U_DATA_CACHE|age_r[10][1][0]                           ;
; 7:1                ; 2 bits    ; 8 LEs         ; 2 LEs                ; 6 LEs                  ; Yes        ; |appendix_n_microevm_nowires_top|appendix_n_a2_data_cache:U_16_DATA_CACHE_4WAY|cache_4way_age:U_DATA_CACHE|age_r[11][1][0]                           ;
; 7:1                ; 2 bits    ; 8 LEs         ; 2 LEs                ; 6 LEs                  ; Yes        ; |appendix_n_microevm_nowires_top|appendix_n_a2_data_cache:U_16_DATA_CACHE_4WAY|cache_4way_age:U_DATA_CACHE|age_r[12][1][0]                           ;
; 7:1                ; 2 bits    ; 8 LEs         ; 2 LEs                ; 6 LEs                  ; Yes        ; |appendix_n_microevm_nowires_top|appendix_n_a2_data_cache:U_16_DATA_CACHE_4WAY|cache_4way_age:U_DATA_CACHE|age_r[13][1][0]                           ;
; 7:1                ; 2 bits    ; 8 LEs         ; 2 LEs                ; 6 LEs                  ; Yes        ; |appendix_n_microevm_nowires_top|appendix_n_a2_data_cache:U_16_DATA_CACHE_4WAY|cache_4way_age:U_DATA_CACHE|age_r[14][1][1]                           ;
; 7:1                ; 2 bits    ; 8 LEs         ; 2 LEs                ; 6 LEs                  ; Yes        ; |appendix_n_microevm_nowires_top|appendix_n_a2_data_cache:U_16_DATA_CACHE_4WAY|cache_4way_age:U_DATA_CACHE|age_r[15][1][1]                           ;
; 7:1                ; 2 bits    ; 8 LEs         ; 2 LEs                ; 6 LEs                  ; Yes        ; |appendix_n_microevm_nowires_top|appendix_n_a2_data_cache:U_16_DATA_CACHE_4WAY|cache_4way_age:U_DATA_CACHE|age_r[0][2][0]                            ;
; 7:1                ; 2 bits    ; 8 LEs         ; 2 LEs                ; 6 LEs                  ; Yes        ; |appendix_n_microevm_nowires_top|appendix_n_a2_data_cache:U_16_DATA_CACHE_4WAY|cache_4way_age:U_DATA_CACHE|age_r[1][2][0]                            ;
; 7:1                ; 2 bits    ; 8 LEs         ; 2 LEs                ; 6 LEs                  ; Yes        ; |appendix_n_microevm_nowires_top|appendix_n_a2_data_cache:U_16_DATA_CACHE_4WAY|cache_4way_age:U_DATA_CACHE|age_r[2][2][1]                            ;
; 7:1                ; 2 bits    ; 8 LEs         ; 2 LEs                ; 6 LEs                  ; Yes        ; |appendix_n_microevm_nowires_top|appendix_n_a2_data_cache:U_16_DATA_CACHE_4WAY|cache_4way_age:U_DATA_CACHE|age_r[3][2][0]                            ;
; 7:1                ; 2 bits    ; 8 LEs         ; 2 LEs                ; 6 LEs                  ; Yes        ; |appendix_n_microevm_nowires_top|appendix_n_a2_data_cache:U_16_DATA_CACHE_4WAY|cache_4way_age:U_DATA_CACHE|age_r[4][2][1]                            ;
; 7:1                ; 2 bits    ; 8 LEs         ; 2 LEs                ; 6 LEs                  ; Yes        ; |appendix_n_microevm_nowires_top|appendix_n_a2_data_cache:U_16_DATA_CACHE_4WAY|cache_4way_age:U_DATA_CACHE|age_r[5][2][0]                            ;
; 7:1                ; 2 bits    ; 8 LEs         ; 2 LEs                ; 6 LEs                  ; Yes        ; |appendix_n_microevm_nowires_top|appendix_n_a2_data_cache:U_16_DATA_CACHE_4WAY|cache_4way_age:U_DATA_CACHE|age_r[6][2][0]                            ;
; 7:1                ; 2 bits    ; 8 LEs         ; 2 LEs                ; 6 LEs                  ; Yes        ; |appendix_n_microevm_nowires_top|appendix_n_a2_data_cache:U_16_DATA_CACHE_4WAY|cache_4way_age:U_DATA_CACHE|age_r[7][2][0]                            ;
; 7:1                ; 2 bits    ; 8 LEs         ; 2 LEs                ; 6 LEs                  ; Yes        ; |appendix_n_microevm_nowires_top|appendix_n_a2_data_cache:U_16_DATA_CACHE_4WAY|cache_4way_age:U_DATA_CACHE|age_r[8][2][1]                            ;
; 7:1                ; 2 bits    ; 8 LEs         ; 2 LEs                ; 6 LEs                  ; Yes        ; |appendix_n_microevm_nowires_top|appendix_n_a2_data_cache:U_16_DATA_CACHE_4WAY|cache_4way_age:U_DATA_CACHE|age_r[9][2][0]                            ;
; 7:1                ; 2 bits    ; 8 LEs         ; 2 LEs                ; 6 LEs                  ; Yes        ; |appendix_n_microevm_nowires_top|appendix_n_a2_data_cache:U_16_DATA_CACHE_4WAY|cache_4way_age:U_DATA_CACHE|age_r[10][2][1]                           ;
; 7:1                ; 2 bits    ; 8 LEs         ; 2 LEs                ; 6 LEs                  ; Yes        ; |appendix_n_microevm_nowires_top|appendix_n_a2_data_cache:U_16_DATA_CACHE_4WAY|cache_4way_age:U_DATA_CACHE|age_r[11][2][1]                           ;
; 7:1                ; 2 bits    ; 8 LEs         ; 2 LEs                ; 6 LEs                  ; Yes        ; |appendix_n_microevm_nowires_top|appendix_n_a2_data_cache:U_16_DATA_CACHE_4WAY|cache_4way_age:U_DATA_CACHE|age_r[12][2][1]                           ;
; 7:1                ; 2 bits    ; 8 LEs         ; 2 LEs                ; 6 LEs                  ; Yes        ; |appendix_n_microevm_nowires_top|appendix_n_a2_data_cache:U_16_DATA_CACHE_4WAY|cache_4way_age:U_DATA_CACHE|age_r[13][2][0]                           ;
; 7:1                ; 2 bits    ; 8 LEs         ; 2 LEs                ; 6 LEs                  ; Yes        ; |appendix_n_microevm_nowires_top|appendix_n_a2_data_cache:U_16_DATA_CACHE_4WAY|cache_4way_age:U_DATA_CACHE|age_r[14][2][0]                           ;
; 7:1                ; 2 bits    ; 8 LEs         ; 2 LEs                ; 6 LEs                  ; Yes        ; |appendix_n_microevm_nowires_top|appendix_n_a2_data_cache:U_16_DATA_CACHE_4WAY|cache_4way_age:U_DATA_CACHE|age_r[15][2][0]                           ;
; 7:1                ; 2 bits    ; 8 LEs         ; 2 LEs                ; 6 LEs                  ; Yes        ; |appendix_n_microevm_nowires_top|appendix_n_a2_data_cache:U_16_DATA_CACHE_4WAY|cache_4way_age:U_DATA_CACHE|age_r[0][3][1]                            ;
; 7:1                ; 2 bits    ; 8 LEs         ; 2 LEs                ; 6 LEs                  ; Yes        ; |appendix_n_microevm_nowires_top|appendix_n_a2_data_cache:U_16_DATA_CACHE_4WAY|cache_4way_age:U_DATA_CACHE|age_r[1][3][1]                            ;
; 7:1                ; 2 bits    ; 8 LEs         ; 2 LEs                ; 6 LEs                  ; Yes        ; |appendix_n_microevm_nowires_top|appendix_n_a2_data_cache:U_16_DATA_CACHE_4WAY|cache_4way_age:U_DATA_CACHE|age_r[2][3][1]                            ;
; 7:1                ; 2 bits    ; 8 LEs         ; 2 LEs                ; 6 LEs                  ; Yes        ; |appendix_n_microevm_nowires_top|appendix_n_a2_data_cache:U_16_DATA_CACHE_4WAY|cache_4way_age:U_DATA_CACHE|age_r[3][3][1]                            ;
; 7:1                ; 2 bits    ; 8 LEs         ; 2 LEs                ; 6 LEs                  ; Yes        ; |appendix_n_microevm_nowires_top|appendix_n_a2_data_cache:U_16_DATA_CACHE_4WAY|cache_4way_age:U_DATA_CACHE|age_r[4][3][1]                            ;
; 7:1                ; 2 bits    ; 8 LEs         ; 2 LEs                ; 6 LEs                  ; Yes        ; |appendix_n_microevm_nowires_top|appendix_n_a2_data_cache:U_16_DATA_CACHE_4WAY|cache_4way_age:U_DATA_CACHE|age_r[5][3][1]                            ;
; 7:1                ; 2 bits    ; 8 LEs         ; 2 LEs                ; 6 LEs                  ; Yes        ; |appendix_n_microevm_nowires_top|appendix_n_a2_data_cache:U_16_DATA_CACHE_4WAY|cache_4way_age:U_DATA_CACHE|age_r[6][3][1]                            ;
; 7:1                ; 2 bits    ; 8 LEs         ; 2 LEs                ; 6 LEs                  ; Yes        ; |appendix_n_microevm_nowires_top|appendix_n_a2_data_cache:U_16_DATA_CACHE_4WAY|cache_4way_age:U_DATA_CACHE|age_r[7][3][1]                            ;
; 7:1                ; 2 bits    ; 8 LEs         ; 2 LEs                ; 6 LEs                  ; Yes        ; |appendix_n_microevm_nowires_top|appendix_n_a2_data_cache:U_16_DATA_CACHE_4WAY|cache_4way_age:U_DATA_CACHE|age_r[8][3][1]                            ;
; 7:1                ; 2 bits    ; 8 LEs         ; 2 LEs                ; 6 LEs                  ; Yes        ; |appendix_n_microevm_nowires_top|appendix_n_a2_data_cache:U_16_DATA_CACHE_4WAY|cache_4way_age:U_DATA_CACHE|age_r[9][3][1]                            ;
; 7:1                ; 2 bits    ; 8 LEs         ; 2 LEs                ; 6 LEs                  ; Yes        ; |appendix_n_microevm_nowires_top|appendix_n_a2_data_cache:U_16_DATA_CACHE_4WAY|cache_4way_age:U_DATA_CACHE|age_r[10][3][1]                           ;
; 7:1                ; 2 bits    ; 8 LEs         ; 2 LEs                ; 6 LEs                  ; Yes        ; |appendix_n_microevm_nowires_top|appendix_n_a2_data_cache:U_16_DATA_CACHE_4WAY|cache_4way_age:U_DATA_CACHE|age_r[11][3][1]                           ;
; 7:1                ; 2 bits    ; 8 LEs         ; 2 LEs                ; 6 LEs                  ; Yes        ; |appendix_n_microevm_nowires_top|appendix_n_a2_data_cache:U_16_DATA_CACHE_4WAY|cache_4way_age:U_DATA_CACHE|age_r[12][3][1]                           ;
; 7:1                ; 2 bits    ; 8 LEs         ; 2 LEs                ; 6 LEs                  ; Yes        ; |appendix_n_microevm_nowires_top|appendix_n_a2_data_cache:U_16_DATA_CACHE_4WAY|cache_4way_age:U_DATA_CACHE|age_r[13][3][1]                           ;
; 7:1                ; 2 bits    ; 8 LEs         ; 2 LEs                ; 6 LEs                  ; Yes        ; |appendix_n_microevm_nowires_top|appendix_n_a2_data_cache:U_16_DATA_CACHE_4WAY|cache_4way_age:U_DATA_CACHE|age_r[14][3][1]                           ;
; 7:1                ; 2 bits    ; 8 LEs         ; 2 LEs                ; 6 LEs                  ; Yes        ; |appendix_n_microevm_nowires_top|appendix_n_a2_data_cache:U_16_DATA_CACHE_4WAY|cache_4way_age:U_DATA_CACHE|age_r[15][3][1]                           ;
; 14:1               ; 16 bits   ; 144 LEs       ; 32 LEs               ; 112 LEs                ; Yes        ; |appendix_n_microevm_nowires_top|appendix_n_a2_data_cache:U_16_DATA_CACHE_4WAY|cache_4way_age:U_DATA_CACHE|data_r[0][0][7]                           ;
; 14:1               ; 16 bits   ; 144 LEs       ; 32 LEs               ; 112 LEs                ; Yes        ; |appendix_n_microevm_nowires_top|appendix_n_a2_data_cache:U_16_DATA_CACHE_4WAY|cache_4way_age:U_DATA_CACHE|data_r[1][0][13]                          ;
; 14:1               ; 16 bits   ; 144 LEs       ; 32 LEs               ; 112 LEs                ; Yes        ; |appendix_n_microevm_nowires_top|appendix_n_a2_data_cache:U_16_DATA_CACHE_4WAY|cache_4way_age:U_DATA_CACHE|data_r[2][0][7]                           ;
; 14:1               ; 16 bits   ; 144 LEs       ; 32 LEs               ; 112 LEs                ; Yes        ; |appendix_n_microevm_nowires_top|appendix_n_a2_data_cache:U_16_DATA_CACHE_4WAY|cache_4way_age:U_DATA_CACHE|data_r[3][0][8]                           ;
; 14:1               ; 16 bits   ; 144 LEs       ; 32 LEs               ; 112 LEs                ; Yes        ; |appendix_n_microevm_nowires_top|appendix_n_a2_data_cache:U_16_DATA_CACHE_4WAY|cache_4way_age:U_DATA_CACHE|data_r[4][0][12]                          ;
; 14:1               ; 16 bits   ; 144 LEs       ; 32 LEs               ; 112 LEs                ; Yes        ; |appendix_n_microevm_nowires_top|appendix_n_a2_data_cache:U_16_DATA_CACHE_4WAY|cache_4way_age:U_DATA_CACHE|data_r[5][0][15]                          ;
; 14:1               ; 16 bits   ; 144 LEs       ; 32 LEs               ; 112 LEs                ; Yes        ; |appendix_n_microevm_nowires_top|appendix_n_a2_data_cache:U_16_DATA_CACHE_4WAY|cache_4way_age:U_DATA_CACHE|data_r[6][0][14]                          ;
; 14:1               ; 16 bits   ; 144 LEs       ; 32 LEs               ; 112 LEs                ; Yes        ; |appendix_n_microevm_nowires_top|appendix_n_a2_data_cache:U_16_DATA_CACHE_4WAY|cache_4way_age:U_DATA_CACHE|data_r[7][0][6]                           ;
; 14:1               ; 16 bits   ; 144 LEs       ; 32 LEs               ; 112 LEs                ; Yes        ; |appendix_n_microevm_nowires_top|appendix_n_a2_data_cache:U_16_DATA_CACHE_4WAY|cache_4way_age:U_DATA_CACHE|data_r[8][0][10]                          ;
; 14:1               ; 16 bits   ; 144 LEs       ; 32 LEs               ; 112 LEs                ; Yes        ; |appendix_n_microevm_nowires_top|appendix_n_a2_data_cache:U_16_DATA_CACHE_4WAY|cache_4way_age:U_DATA_CACHE|data_r[9][0][3]                           ;
; 14:1               ; 16 bits   ; 144 LEs       ; 32 LEs               ; 112 LEs                ; Yes        ; |appendix_n_microevm_nowires_top|appendix_n_a2_data_cache:U_16_DATA_CACHE_4WAY|cache_4way_age:U_DATA_CACHE|data_r[10][0][15]                         ;
; 14:1               ; 16 bits   ; 144 LEs       ; 32 LEs               ; 112 LEs                ; Yes        ; |appendix_n_microevm_nowires_top|appendix_n_a2_data_cache:U_16_DATA_CACHE_4WAY|cache_4way_age:U_DATA_CACHE|data_r[11][0][8]                          ;
; 14:1               ; 16 bits   ; 144 LEs       ; 32 LEs               ; 112 LEs                ; Yes        ; |appendix_n_microevm_nowires_top|appendix_n_a2_data_cache:U_16_DATA_CACHE_4WAY|cache_4way_age:U_DATA_CACHE|data_r[12][0][10]                         ;
; 14:1               ; 16 bits   ; 144 LEs       ; 32 LEs               ; 112 LEs                ; Yes        ; |appendix_n_microevm_nowires_top|appendix_n_a2_data_cache:U_16_DATA_CACHE_4WAY|cache_4way_age:U_DATA_CACHE|data_r[13][0][15]                         ;
; 14:1               ; 16 bits   ; 144 LEs       ; 32 LEs               ; 112 LEs                ; Yes        ; |appendix_n_microevm_nowires_top|appendix_n_a2_data_cache:U_16_DATA_CACHE_4WAY|cache_4way_age:U_DATA_CACHE|data_r[14][0][8]                          ;
; 14:1               ; 16 bits   ; 144 LEs       ; 32 LEs               ; 112 LEs                ; Yes        ; |appendix_n_microevm_nowires_top|appendix_n_a2_data_cache:U_16_DATA_CACHE_4WAY|cache_4way_age:U_DATA_CACHE|data_r[15][0][11]                         ;
; 14:1               ; 16 bits   ; 144 LEs       ; 32 LEs               ; 112 LEs                ; Yes        ; |appendix_n_microevm_nowires_top|appendix_n_a2_data_cache:U_16_DATA_CACHE_4WAY|cache_4way_age:U_DATA_CACHE|data_r[0][1][6]                           ;
; 14:1               ; 16 bits   ; 144 LEs       ; 32 LEs               ; 112 LEs                ; Yes        ; |appendix_n_microevm_nowires_top|appendix_n_a2_data_cache:U_16_DATA_CACHE_4WAY|cache_4way_age:U_DATA_CACHE|data_r[1][1][13]                          ;
; 14:1               ; 16 bits   ; 144 LEs       ; 32 LEs               ; 112 LEs                ; Yes        ; |appendix_n_microevm_nowires_top|appendix_n_a2_data_cache:U_16_DATA_CACHE_4WAY|cache_4way_age:U_DATA_CACHE|data_r[2][1][4]                           ;
; 14:1               ; 16 bits   ; 144 LEs       ; 32 LEs               ; 112 LEs                ; Yes        ; |appendix_n_microevm_nowires_top|appendix_n_a2_data_cache:U_16_DATA_CACHE_4WAY|cache_4way_age:U_DATA_CACHE|data_r[3][1][11]                          ;
; 14:1               ; 16 bits   ; 144 LEs       ; 32 LEs               ; 112 LEs                ; Yes        ; |appendix_n_microevm_nowires_top|appendix_n_a2_data_cache:U_16_DATA_CACHE_4WAY|cache_4way_age:U_DATA_CACHE|data_r[4][1][3]                           ;
; 14:1               ; 16 bits   ; 144 LEs       ; 32 LEs               ; 112 LEs                ; Yes        ; |appendix_n_microevm_nowires_top|appendix_n_a2_data_cache:U_16_DATA_CACHE_4WAY|cache_4way_age:U_DATA_CACHE|data_r[5][1][7]                           ;
; 14:1               ; 16 bits   ; 144 LEs       ; 32 LEs               ; 112 LEs                ; Yes        ; |appendix_n_microevm_nowires_top|appendix_n_a2_data_cache:U_16_DATA_CACHE_4WAY|cache_4way_age:U_DATA_CACHE|data_r[6][1][2]                           ;
; 14:1               ; 16 bits   ; 144 LEs       ; 32 LEs               ; 112 LEs                ; Yes        ; |appendix_n_microevm_nowires_top|appendix_n_a2_data_cache:U_16_DATA_CACHE_4WAY|cache_4way_age:U_DATA_CACHE|data_r[7][1][1]                           ;
; 14:1               ; 16 bits   ; 144 LEs       ; 32 LEs               ; 112 LEs                ; Yes        ; |appendix_n_microevm_nowires_top|appendix_n_a2_data_cache:U_16_DATA_CACHE_4WAY|cache_4way_age:U_DATA_CACHE|data_r[8][1][3]                           ;
; 14:1               ; 16 bits   ; 144 LEs       ; 32 LEs               ; 112 LEs                ; Yes        ; |appendix_n_microevm_nowires_top|appendix_n_a2_data_cache:U_16_DATA_CACHE_4WAY|cache_4way_age:U_DATA_CACHE|data_r[9][1][5]                           ;
; 14:1               ; 16 bits   ; 144 LEs       ; 32 LEs               ; 112 LEs                ; Yes        ; |appendix_n_microevm_nowires_top|appendix_n_a2_data_cache:U_16_DATA_CACHE_4WAY|cache_4way_age:U_DATA_CACHE|data_r[10][1][15]                         ;
; 14:1               ; 16 bits   ; 144 LEs       ; 32 LEs               ; 112 LEs                ; Yes        ; |appendix_n_microevm_nowires_top|appendix_n_a2_data_cache:U_16_DATA_CACHE_4WAY|cache_4way_age:U_DATA_CACHE|data_r[11][1][13]                         ;
; 14:1               ; 16 bits   ; 144 LEs       ; 32 LEs               ; 112 LEs                ; Yes        ; |appendix_n_microevm_nowires_top|appendix_n_a2_data_cache:U_16_DATA_CACHE_4WAY|cache_4way_age:U_DATA_CACHE|data_r[12][1][4]                          ;
; 14:1               ; 16 bits   ; 144 LEs       ; 32 LEs               ; 112 LEs                ; Yes        ; |appendix_n_microevm_nowires_top|appendix_n_a2_data_cache:U_16_DATA_CACHE_4WAY|cache_4way_age:U_DATA_CACHE|data_r[13][1][8]                          ;
; 14:1               ; 16 bits   ; 144 LEs       ; 32 LEs               ; 112 LEs                ; Yes        ; |appendix_n_microevm_nowires_top|appendix_n_a2_data_cache:U_16_DATA_CACHE_4WAY|cache_4way_age:U_DATA_CACHE|data_r[14][1][6]                          ;
; 14:1               ; 16 bits   ; 144 LEs       ; 32 LEs               ; 112 LEs                ; Yes        ; |appendix_n_microevm_nowires_top|appendix_n_a2_data_cache:U_16_DATA_CACHE_4WAY|cache_4way_age:U_DATA_CACHE|data_r[15][1][0]                          ;
; 14:1               ; 16 bits   ; 144 LEs       ; 32 LEs               ; 112 LEs                ; Yes        ; |appendix_n_microevm_nowires_top|appendix_n_a2_data_cache:U_16_DATA_CACHE_4WAY|cache_4way_age:U_DATA_CACHE|data_r[0][2][14]                          ;
; 14:1               ; 16 bits   ; 144 LEs       ; 32 LEs               ; 112 LEs                ; Yes        ; |appendix_n_microevm_nowires_top|appendix_n_a2_data_cache:U_16_DATA_CACHE_4WAY|cache_4way_age:U_DATA_CACHE|data_r[1][2][4]                           ;
; 14:1               ; 16 bits   ; 144 LEs       ; 32 LEs               ; 112 LEs                ; Yes        ; |appendix_n_microevm_nowires_top|appendix_n_a2_data_cache:U_16_DATA_CACHE_4WAY|cache_4way_age:U_DATA_CACHE|data_r[2][2][12]                          ;
; 14:1               ; 16 bits   ; 144 LEs       ; 32 LEs               ; 112 LEs                ; Yes        ; |appendix_n_microevm_nowires_top|appendix_n_a2_data_cache:U_16_DATA_CACHE_4WAY|cache_4way_age:U_DATA_CACHE|data_r[3][2][4]                           ;
; 14:1               ; 16 bits   ; 144 LEs       ; 32 LEs               ; 112 LEs                ; Yes        ; |appendix_n_microevm_nowires_top|appendix_n_a2_data_cache:U_16_DATA_CACHE_4WAY|cache_4way_age:U_DATA_CACHE|data_r[4][2][6]                           ;
; 14:1               ; 16 bits   ; 144 LEs       ; 32 LEs               ; 112 LEs                ; Yes        ; |appendix_n_microevm_nowires_top|appendix_n_a2_data_cache:U_16_DATA_CACHE_4WAY|cache_4way_age:U_DATA_CACHE|data_r[5][2][15]                          ;
; 14:1               ; 16 bits   ; 144 LEs       ; 32 LEs               ; 112 LEs                ; Yes        ; |appendix_n_microevm_nowires_top|appendix_n_a2_data_cache:U_16_DATA_CACHE_4WAY|cache_4way_age:U_DATA_CACHE|data_r[6][2][6]                           ;
; 14:1               ; 16 bits   ; 144 LEs       ; 32 LEs               ; 112 LEs                ; Yes        ; |appendix_n_microevm_nowires_top|appendix_n_a2_data_cache:U_16_DATA_CACHE_4WAY|cache_4way_age:U_DATA_CACHE|data_r[7][2][8]                           ;
; 14:1               ; 16 bits   ; 144 LEs       ; 32 LEs               ; 112 LEs                ; Yes        ; |appendix_n_microevm_nowires_top|appendix_n_a2_data_cache:U_16_DATA_CACHE_4WAY|cache_4way_age:U_DATA_CACHE|data_r[8][2][4]                           ;
; 14:1               ; 16 bits   ; 144 LEs       ; 32 LEs               ; 112 LEs                ; Yes        ; |appendix_n_microevm_nowires_top|appendix_n_a2_data_cache:U_16_DATA_CACHE_4WAY|cache_4way_age:U_DATA_CACHE|data_r[9][2][5]                           ;
; 14:1               ; 16 bits   ; 144 LEs       ; 32 LEs               ; 112 LEs                ; Yes        ; |appendix_n_microevm_nowires_top|appendix_n_a2_data_cache:U_16_DATA_CACHE_4WAY|cache_4way_age:U_DATA_CACHE|data_r[10][2][11]                         ;
; 14:1               ; 16 bits   ; 144 LEs       ; 32 LEs               ; 112 LEs                ; Yes        ; |appendix_n_microevm_nowires_top|appendix_n_a2_data_cache:U_16_DATA_CACHE_4WAY|cache_4way_age:U_DATA_CACHE|data_r[11][2][15]                         ;
; 14:1               ; 16 bits   ; 144 LEs       ; 32 LEs               ; 112 LEs                ; Yes        ; |appendix_n_microevm_nowires_top|appendix_n_a2_data_cache:U_16_DATA_CACHE_4WAY|cache_4way_age:U_DATA_CACHE|data_r[12][2][0]                          ;
; 14:1               ; 16 bits   ; 144 LEs       ; 32 LEs               ; 112 LEs                ; Yes        ; |appendix_n_microevm_nowires_top|appendix_n_a2_data_cache:U_16_DATA_CACHE_4WAY|cache_4way_age:U_DATA_CACHE|data_r[13][2][7]                          ;
; 14:1               ; 16 bits   ; 144 LEs       ; 32 LEs               ; 112 LEs                ; Yes        ; |appendix_n_microevm_nowires_top|appendix_n_a2_data_cache:U_16_DATA_CACHE_4WAY|cache_4way_age:U_DATA_CACHE|data_r[14][2][13]                         ;
; 14:1               ; 16 bits   ; 144 LEs       ; 32 LEs               ; 112 LEs                ; Yes        ; |appendix_n_microevm_nowires_top|appendix_n_a2_data_cache:U_16_DATA_CACHE_4WAY|cache_4way_age:U_DATA_CACHE|data_r[15][2][2]                          ;
; 14:1               ; 16 bits   ; 144 LEs       ; 32 LEs               ; 112 LEs                ; Yes        ; |appendix_n_microevm_nowires_top|appendix_n_a2_data_cache:U_16_DATA_CACHE_4WAY|cache_4way_age:U_DATA_CACHE|data_r[0][3][7]                           ;
; 14:1               ; 16 bits   ; 144 LEs       ; 32 LEs               ; 112 LEs                ; Yes        ; |appendix_n_microevm_nowires_top|appendix_n_a2_data_cache:U_16_DATA_CACHE_4WAY|cache_4way_age:U_DATA_CACHE|data_r[1][3][10]                          ;
; 14:1               ; 16 bits   ; 144 LEs       ; 32 LEs               ; 112 LEs                ; Yes        ; |appendix_n_microevm_nowires_top|appendix_n_a2_data_cache:U_16_DATA_CACHE_4WAY|cache_4way_age:U_DATA_CACHE|data_r[2][3][5]                           ;
; 14:1               ; 16 bits   ; 144 LEs       ; 32 LEs               ; 112 LEs                ; Yes        ; |appendix_n_microevm_nowires_top|appendix_n_a2_data_cache:U_16_DATA_CACHE_4WAY|cache_4way_age:U_DATA_CACHE|data_r[3][3][10]                          ;
; 14:1               ; 16 bits   ; 144 LEs       ; 32 LEs               ; 112 LEs                ; Yes        ; |appendix_n_microevm_nowires_top|appendix_n_a2_data_cache:U_16_DATA_CACHE_4WAY|cache_4way_age:U_DATA_CACHE|data_r[4][3][0]                           ;
; 14:1               ; 16 bits   ; 144 LEs       ; 32 LEs               ; 112 LEs                ; Yes        ; |appendix_n_microevm_nowires_top|appendix_n_a2_data_cache:U_16_DATA_CACHE_4WAY|cache_4way_age:U_DATA_CACHE|data_r[5][3][13]                          ;
; 14:1               ; 16 bits   ; 144 LEs       ; 32 LEs               ; 112 LEs                ; Yes        ; |appendix_n_microevm_nowires_top|appendix_n_a2_data_cache:U_16_DATA_CACHE_4WAY|cache_4way_age:U_DATA_CACHE|data_r[6][3][6]                           ;
; 14:1               ; 16 bits   ; 144 LEs       ; 32 LEs               ; 112 LEs                ; Yes        ; |appendix_n_microevm_nowires_top|appendix_n_a2_data_cache:U_16_DATA_CACHE_4WAY|cache_4way_age:U_DATA_CACHE|data_r[7][3][8]                           ;
; 14:1               ; 16 bits   ; 144 LEs       ; 32 LEs               ; 112 LEs                ; Yes        ; |appendix_n_microevm_nowires_top|appendix_n_a2_data_cache:U_16_DATA_CACHE_4WAY|cache_4way_age:U_DATA_CACHE|data_r[8][3][2]                           ;
; 14:1               ; 16 bits   ; 144 LEs       ; 32 LEs               ; 112 LEs                ; Yes        ; |appendix_n_microevm_nowires_top|appendix_n_a2_data_cache:U_16_DATA_CACHE_4WAY|cache_4way_age:U_DATA_CACHE|data_r[9][3][3]                           ;
; 14:1               ; 16 bits   ; 144 LEs       ; 32 LEs               ; 112 LEs                ; Yes        ; |appendix_n_microevm_nowires_top|appendix_n_a2_data_cache:U_16_DATA_CACHE_4WAY|cache_4way_age:U_DATA_CACHE|data_r[10][3][2]                          ;
; 14:1               ; 16 bits   ; 144 LEs       ; 32 LEs               ; 112 LEs                ; Yes        ; |appendix_n_microevm_nowires_top|appendix_n_a2_data_cache:U_16_DATA_CACHE_4WAY|cache_4way_age:U_DATA_CACHE|data_r[11][3][4]                          ;
; 14:1               ; 16 bits   ; 144 LEs       ; 32 LEs               ; 112 LEs                ; Yes        ; |appendix_n_microevm_nowires_top|appendix_n_a2_data_cache:U_16_DATA_CACHE_4WAY|cache_4way_age:U_DATA_CACHE|data_r[12][3][4]                          ;
; 14:1               ; 16 bits   ; 144 LEs       ; 32 LEs               ; 112 LEs                ; Yes        ; |appendix_n_microevm_nowires_top|appendix_n_a2_data_cache:U_16_DATA_CACHE_4WAY|cache_4way_age:U_DATA_CACHE|data_r[13][3][12]                         ;
; 14:1               ; 16 bits   ; 144 LEs       ; 32 LEs               ; 112 LEs                ; Yes        ; |appendix_n_microevm_nowires_top|appendix_n_a2_data_cache:U_16_DATA_CACHE_4WAY|cache_4way_age:U_DATA_CACHE|data_r[14][3][13]                         ;
; 14:1               ; 16 bits   ; 144 LEs       ; 32 LEs               ; 112 LEs                ; Yes        ; |appendix_n_microevm_nowires_top|appendix_n_a2_data_cache:U_16_DATA_CACHE_4WAY|cache_4way_age:U_DATA_CACHE|data_r[15][3][1]                          ;
; 69:1               ; 16 bits   ; 736 LEs       ; 704 LEs              ; 32 LEs                 ; Yes        ; |appendix_n_microevm_nowires_top|appendix_n_a2_data_cache:U_16_DATA_CACHE_4WAY|cache_4way_age:U_DATA_CACHE|cpu_rdata_r[9]                            ;
; 3:1                ; 2 bits    ; 4 LEs         ; 4 LEs                ; 0 LEs                  ; No         ; |appendix_n_microevm_nowires_top|appendix_n_a2_decoder_unit:U_08_DECODER_UNIT|appendix_n_decoder_unit:U_DECODER_UNIT|alu_op_o[1]                     ;
; 3:1                ; 2 bits    ; 4 LEs         ; 4 LEs                ; 0 LEs                  ; No         ; |appendix_n_microevm_nowires_top|appendix_n_a2_branch_predictor:U_04_BRANCH_PREDICTOR_A4|branch_predictor:U_BRANCH_PREDICTOR|pht                     ;
; 16:1               ; 60 bits   ; 600 LEs       ; 600 LEs              ; 0 LEs                  ; No         ; |appendix_n_microevm_nowires_top|appendix_n_a2_data_cache:U_16_DATA_CACHE_4WAY|cache_4way_age:U_DATA_CACHE|Mux44                                     ;
; 16:1               ; 12 bits   ; 120 LEs       ; 120 LEs              ; 0 LEs                  ; No         ; |appendix_n_microevm_nowires_top|appendix_n_a2_data_cache:U_16_DATA_CACHE_4WAY|cache_4way_age:U_DATA_CACHE|Mux389                                    ;
; 7:1                ; 2 bits    ; 8 LEs         ; 4 LEs                ; 4 LEs                  ; No         ; |appendix_n_microevm_nowires_top|appendix_n_a2_data_cache:U_16_DATA_CACHE_4WAY|cache_4way_age:U_DATA_CACHE|state_r                                   ;
; 9:1                ; 2 bits    ; 12 LEs        ; 8 LEs                ; 4 LEs                  ; No         ; |appendix_n_microevm_nowires_top|appendix_n_a2_data_cache:U_16_DATA_CACHE_4WAY|cache_4way_age:U_DATA_CACHE|state_r                                   ;
; 9:1                ; 4 bits    ; 24 LEs        ; 16 LEs               ; 8 LEs                  ; No         ; |appendix_n_microevm_nowires_top|appendix_n_a2_dmac_controller:U_17_DMAC_CONTROLLER|dma_controller_3word:U_DMAC_CONTROLLER|state_r                   ;
; 12:1               ; 16 bits   ; 128 LEs       ; 112 LEs              ; 16 LEs                 ; No         ; |appendix_n_microevm_nowires_top|appendix_n_a2_branch_predictor:U_04_BRANCH_PREDICTOR_A4|branch_predictor:U_BRANCH_PREDICTOR|pred_target_o[14]       ;
; 32:1               ; 3 bits    ; 63 LEs        ; 63 LEs               ; 0 LEs                  ; No         ; |appendix_n_microevm_nowires_top|appendix_n_a2_data_cache:U_16_DATA_CACHE_4WAY|cache_4way_age:U_DATA_CACHE|Mux56                                     ;
; 64:1               ; 3 bits    ; 126 LEs       ; 126 LEs              ; 0 LEs                  ; No         ; |appendix_n_microevm_nowires_top|appendix_n_a2_data_cache:U_16_DATA_CACHE_4WAY|cache_4way_age:U_DATA_CACHE|Mux77                                     ;
+--------------------+-----------+---------------+----------------------+------------------------+------------+------------------------------------------------------------------------------------------------------------------------------------------------------+


+-------------------------------------------------------------------------------------------------------------------------------+
; Source assignments for appendix_n_a2_memory:U_23_MEMORY|ram_sync:U_MEMORY|altsyncram:mem_rtl_0|altsyncram_0q91:auto_generated ;
+---------------------------------+--------------------+------+-----------------------------------------------------------------+
; Assignment                      ; Value              ; From ; To                                                              ;
+---------------------------------+--------------------+------+-----------------------------------------------------------------+
; OPTIMIZE_POWER_DURING_SYNTHESIS ; NORMAL_COMPILATION ; -    ; -                                                               ;
+---------------------------------+--------------------+------+-----------------------------------------------------------------+


+-------------------------------------------------------------------------------------------------------------------------------------------------------------+
; Source assignments for appendix_n_a2_command_rom:U_03_COMMAND_MEMORY_ROM|rom_sync:U_COMMAND_MEMORY_ROM|altsyncram:Mux0_rtl_1|altsyncram_at41:auto_generated ;
+---------------------------------+--------------------+------+-----------------------------------------------------------------------------------------------+
; Assignment                      ; Value              ; From ; To                                                                                            ;
+---------------------------------+--------------------+------+-----------------------------------------------------------------------------------------------+
; OPTIMIZE_POWER_DURING_SYNTHESIS ; NORMAL_COMPILATION ; -    ; -                                                                                             ;
+---------------------------------+--------------------+------+-----------------------------------------------------------------------------------------------+


+----------------------------------------------------------------------------------------------------------------------------------------+
; Parameter Settings for User Entity Instance: appendix_n_a2_dmac_controller:U_17_DMAC_CONTROLLER|dma_controller_3word:U_DMAC_CONTROLLER ;
+----------------+------------------+----------------------------------------------------------------------------------------------------+
; Parameter Name ; Value            ; Type                                                                                               ;
+----------------+------------------+----------------------------------------------------------------------------------------------------+
; base_addr_g    ; 0000000000001010 ; Unsigned Binary                                                                                    ;
+----------------+------------------+----------------------------------------------------------------------------------------------------+
Note: In order to hide this table in the UI and the text report file, please set the "Show Parameter Settings Tables in Synthesis Report" option in "Analysis and Synthesis Settings -> More Settings" to "Off".


+--------------------------------------------------------------------------------------------------------------------------+
; Parameter Settings for Inferred Entity Instance: appendix_n_a2_memory:U_23_MEMORY|ram_sync:U_MEMORY|altsyncram:mem_rtl_0 ;
+------------------------------------+---------------------------------------------------------------+---------------------+
; Parameter Name                     ; Value                                                         ; Type                ;
+------------------------------------+---------------------------------------------------------------+---------------------+
; BYTE_SIZE_BLOCK                    ; 8                                                             ; Untyped             ;
; AUTO_CARRY_CHAINS                  ; ON                                                            ; AUTO_CARRY          ;
; IGNORE_CARRY_BUFFERS               ; OFF                                                           ; IGNORE_CARRY        ;
; AUTO_CASCADE_CHAINS                ; ON                                                            ; AUTO_CASCADE        ;
; IGNORE_CASCADE_BUFFERS             ; OFF                                                           ; IGNORE_CASCADE      ;
; WIDTH_BYTEENA                      ; 1                                                             ; Untyped             ;
; OPERATION_MODE                     ; ROM                                                           ; Untyped             ;
; WIDTH_A                            ; 16                                                            ; Untyped             ;
; WIDTHAD_A                          ; 8                                                             ; Untyped             ;
; NUMWORDS_A                         ; 256                                                           ; Untyped             ;
; OUTDATA_REG_A                      ; UNREGISTERED                                                  ; Untyped             ;
; ADDRESS_ACLR_A                     ; NONE                                                          ; Untyped             ;
; OUTDATA_ACLR_A                     ; NONE                                                          ; Untyped             ;
; WRCONTROL_ACLR_A                   ; NONE                                                          ; Untyped             ;
; INDATA_ACLR_A                      ; NONE                                                          ; Untyped             ;
; BYTEENA_ACLR_A                     ; NONE                                                          ; Untyped             ;
; WIDTH_B                            ; 1                                                             ; Untyped             ;
; WIDTHAD_B                          ; 1                                                             ; Untyped             ;
; NUMWORDS_B                         ; 1                                                             ; Untyped             ;
; INDATA_REG_B                       ; CLOCK1                                                        ; Untyped             ;
; WRCONTROL_WRADDRESS_REG_B          ; CLOCK1                                                        ; Untyped             ;
; RDCONTROL_REG_B                    ; CLOCK1                                                        ; Untyped             ;
; ADDRESS_REG_B                      ; CLOCK1                                                        ; Untyped             ;
; OUTDATA_REG_B                      ; UNREGISTERED                                                  ; Untyped             ;
; BYTEENA_REG_B                      ; CLOCK1                                                        ; Untyped             ;
; INDATA_ACLR_B                      ; NONE                                                          ; Untyped             ;
; WRCONTROL_ACLR_B                   ; NONE                                                          ; Untyped             ;
; ADDRESS_ACLR_B                     ; NONE                                                          ; Untyped             ;
; OUTDATA_ACLR_B                     ; NONE                                                          ; Untyped             ;
; RDCONTROL_ACLR_B                   ; NONE                                                          ; Untyped             ;
; BYTEENA_ACLR_B                     ; NONE                                                          ; Untyped             ;
; WIDTH_BYTEENA_A                    ; 1                                                             ; Untyped             ;
; WIDTH_BYTEENA_B                    ; 1                                                             ; Untyped             ;
; RAM_BLOCK_TYPE                     ; AUTO                                                          ; Untyped             ;
; BYTE_SIZE                          ; 8                                                             ; Untyped             ;
; READ_DURING_WRITE_MODE_MIXED_PORTS ; DONT_CARE                                                     ; Untyped             ;
; READ_DURING_WRITE_MODE_PORT_A      ; NEW_DATA_NO_NBE_READ                                          ; Untyped             ;
; READ_DURING_WRITE_MODE_PORT_B      ; NEW_DATA_NO_NBE_READ                                          ; Untyped             ;
; INIT_FILE                          ; db/appendix_n_microevm_nowires.ram0_ram_sync_18452fb9.hdl.mif ; Untyped             ;
; INIT_FILE_LAYOUT                   ; PORT_A                                                        ; Untyped             ;
; MAXIMUM_DEPTH                      ; 0                                                             ; Untyped             ;
; CLOCK_ENABLE_INPUT_A               ; NORMAL                                                        ; Untyped             ;
; CLOCK_ENABLE_INPUT_B               ; NORMAL                                                        ; Untyped             ;
; CLOCK_ENABLE_OUTPUT_A              ; NORMAL                                                        ; Untyped             ;
; CLOCK_ENABLE_OUTPUT_B              ; NORMAL                                                        ; Untyped             ;
; CLOCK_ENABLE_CORE_A                ; USE_INPUT_CLKEN                                               ; Untyped             ;
; CLOCK_ENABLE_CORE_B                ; USE_INPUT_CLKEN                                               ; Untyped             ;
; ENABLE_ECC                         ; FALSE                                                         ; Untyped             ;
; DEVICE_FAMILY                      ; Cyclone II                                                    ; Untyped             ;
; CBXI_PARAMETER                     ; altsyncram_0q91                                               ; Untyped             ;
+------------------------------------+---------------------------------------------------------------+---------------------+
Note: In order to hide this table in the UI and the text report file, please set the "Show Parameter Settings Tables in Synthesis Report" option in "Analysis and Synthesis Settings -> More Settings" to "Off".


+--------------------------------------------------------------------------------------------------------------------------------------------------------+
; Parameter Settings for Inferred Entity Instance: appendix_n_a2_command_rom:U_03_COMMAND_MEMORY_ROM|rom_sync:U_COMMAND_MEMORY_ROM|altsyncram:Mux0_rtl_1 ;
+------------------------------------+----------------------------------------------------------------------+--------------------------------------------+
; Parameter Name                     ; Value                                                                ; Type                                       ;
+------------------------------------+----------------------------------------------------------------------+--------------------------------------------+
; BYTE_SIZE_BLOCK                    ; 8                                                                    ; Untyped                                    ;
; AUTO_CARRY_CHAINS                  ; ON                                                                   ; AUTO_CARRY                                 ;
; IGNORE_CARRY_BUFFERS               ; OFF                                                                  ; IGNORE_CARRY                               ;
; AUTO_CASCADE_CHAINS                ; ON                                                                   ; AUTO_CASCADE                               ;
; IGNORE_CASCADE_BUFFERS             ; OFF                                                                  ; IGNORE_CASCADE                             ;
; WIDTH_BYTEENA                      ; 1                                                                    ; Untyped                                    ;
; OPERATION_MODE                     ; ROM                                                                  ; Untyped                                    ;
; WIDTH_A                            ; 11                                                                   ; Untyped                                    ;
; WIDTHAD_A                          ; 8                                                                    ; Untyped                                    ;
; NUMWORDS_A                         ; 256                                                                  ; Untyped                                    ;
; OUTDATA_REG_A                      ; UNREGISTERED                                                         ; Untyped                                    ;
; ADDRESS_ACLR_A                     ; NONE                                                                 ; Untyped                                    ;
; OUTDATA_ACLR_A                     ; NONE                                                                 ; Untyped                                    ;
; WRCONTROL_ACLR_A                   ; NONE                                                                 ; Untyped                                    ;
; INDATA_ACLR_A                      ; NONE                                                                 ; Untyped                                    ;
; BYTEENA_ACLR_A                     ; NONE                                                                 ; Untyped                                    ;
; WIDTH_B                            ; 1                                                                    ; Untyped                                    ;
; WIDTHAD_B                          ; 1                                                                    ; Untyped                                    ;
; NUMWORDS_B                         ; 1                                                                    ; Untyped                                    ;
; INDATA_REG_B                       ; CLOCK1                                                               ; Untyped                                    ;
; WRCONTROL_WRADDRESS_REG_B          ; CLOCK1                                                               ; Untyped                                    ;
; RDCONTROL_REG_B                    ; CLOCK1                                                               ; Untyped                                    ;
; ADDRESS_REG_B                      ; CLOCK1                                                               ; Untyped                                    ;
; OUTDATA_REG_B                      ; UNREGISTERED                                                         ; Untyped                                    ;
; BYTEENA_REG_B                      ; CLOCK1                                                               ; Untyped                                    ;
; INDATA_ACLR_B                      ; NONE                                                                 ; Untyped                                    ;
; WRCONTROL_ACLR_B                   ; NONE                                                                 ; Untyped                                    ;
; ADDRESS_ACLR_B                     ; NONE                                                                 ; Untyped                                    ;
; OUTDATA_ACLR_B                     ; NONE                                                                 ; Untyped                                    ;
; RDCONTROL_ACLR_B                   ; NONE                                                                 ; Untyped                                    ;
; BYTEENA_ACLR_B                     ; NONE                                                                 ; Untyped                                    ;
; WIDTH_BYTEENA_A                    ; 1                                                                    ; Untyped                                    ;
; WIDTH_BYTEENA_B                    ; 1                                                                    ; Untyped                                    ;
; RAM_BLOCK_TYPE                     ; AUTO                                                                 ; Untyped                                    ;
; BYTE_SIZE                          ; 8                                                                    ; Untyped                                    ;
; READ_DURING_WRITE_MODE_MIXED_PORTS ; DONT_CARE                                                            ; Untyped                                    ;
; READ_DURING_WRITE_MODE_PORT_A      ; NEW_DATA_NO_NBE_READ                                                 ; Untyped                                    ;
; READ_DURING_WRITE_MODE_PORT_B      ; NEW_DATA_NO_NBE_READ                                                 ; Untyped                                    ;
; INIT_FILE                          ; appendix_n_microevm_nowires.appendix_n_microevm_nowires_top0.rtl.mif ; Untyped                                    ;
; INIT_FILE_LAYOUT                   ; PORT_A                                                               ; Untyped                                    ;
; MAXIMUM_DEPTH                      ; 0                                                                    ; Untyped                                    ;
; CLOCK_ENABLE_INPUT_A               ; NORMAL                                                               ; Untyped                                    ;
; CLOCK_ENABLE_INPUT_B               ; NORMAL                                                               ; Untyped                                    ;
; CLOCK_ENABLE_OUTPUT_A              ; NORMAL                                                               ; Untyped                                    ;
; CLOCK_ENABLE_OUTPUT_B              ; NORMAL                                                               ; Untyped                                    ;
; CLOCK_ENABLE_CORE_A                ; USE_INPUT_CLKEN                                                      ; Untyped                                    ;
; CLOCK_ENABLE_CORE_B                ; USE_INPUT_CLKEN                                                      ; Untyped                                    ;
; ENABLE_ECC                         ; FALSE                                                                ; Untyped                                    ;
; DEVICE_FAMILY                      ; Cyclone II                                                           ; Untyped                                    ;
; CBXI_PARAMETER                     ; altsyncram_at41                                                      ; Untyped                                    ;
+------------------------------------+----------------------------------------------------------------------+--------------------------------------------+
Note: In order to hide this table in the UI and the text report file, please set the "Show Parameter Settings Tables in Synthesis Report" option in "Analysis and Synthesis Settings -> More Settings" to "Off".


+---------------------------------------------------------------------------------------------------------------------------------------------------+
; altsyncram Parameter Settings by Entity Instance                                                                                                  ;
+-------------------------------------------+-------------------------------------------------------------------------------------------------------+
; Name                                      ; Value                                                                                                 ;
+-------------------------------------------+-------------------------------------------------------------------------------------------------------+
; Number of entity instances                ; 2                                                                                                     ;
; Entity Instance                           ; appendix_n_a2_memory:U_23_MEMORY|ram_sync:U_MEMORY|altsyncram:mem_rtl_0                               ;
;     -- OPERATION_MODE                     ; ROM                                                                                                   ;
;     -- WIDTH_A                            ; 16                                                                                                    ;
;     -- NUMWORDS_A                         ; 256                                                                                                   ;
;     -- OUTDATA_REG_A                      ; UNREGISTERED                                                                                          ;
;     -- WIDTH_B                            ; 1                                                                                                     ;
;     -- NUMWORDS_B                         ; 1                                                                                                     ;
;     -- ADDRESS_REG_B                      ; CLOCK1                                                                                                ;
;     -- OUTDATA_REG_B                      ; UNREGISTERED                                                                                          ;
;     -- RAM_BLOCK_TYPE                     ; AUTO                                                                                                  ;
;     -- READ_DURING_WRITE_MODE_MIXED_PORTS ; DONT_CARE                                                                                             ;
; Entity Instance                           ; appendix_n_a2_command_rom:U_03_COMMAND_MEMORY_ROM|rom_sync:U_COMMAND_MEMORY_ROM|altsyncram:Mux0_rtl_1 ;
;     -- OPERATION_MODE                     ; ROM                                                                                                   ;
;     -- WIDTH_A                            ; 11                                                                                                    ;
;     -- NUMWORDS_A                         ; 256                                                                                                   ;
;     -- OUTDATA_REG_A                      ; UNREGISTERED                                                                                          ;
;     -- WIDTH_B                            ; 1                                                                                                     ;
;     -- NUMWORDS_B                         ; 1                                                                                                     ;
;     -- ADDRESS_REG_B                      ; CLOCK1                                                                                                ;
;     -- OUTDATA_REG_B                      ; UNREGISTERED                                                                                          ;
;     -- RAM_BLOCK_TYPE                     ; AUTO                                                                                                  ;
;     -- READ_DURING_WRITE_MODE_MIXED_PORTS ; DONT_CARE                                                                                             ;
+-------------------------------------------+-------------------------------------------------------------------------------------------------------+


+-----------------------------------------------------------------------------------------------------------------------+
; Port Connectivity Checks: "appendix_n_a2_data_cache:U_16_DATA_CACHE_4WAY|cache_4way_age:U_DATA_CACHE"                 ;
+-------------+--------+----------+-------------------------------------------------------------------------------------+
; Port        ; Type   ; Severity ; Details                                                                             ;
+-------------+--------+----------+-------------------------------------------------------------------------------------+
; ram_req_o   ; Output ; Info     ; Connected to dangling logic. Logic that only feeds a dangling port will be removed. ;
; ram_we_o    ; Output ; Info     ; Connected to dangling logic. Logic that only feeds a dangling port will be removed. ;
; ram_addr_o  ; Output ; Info     ; Connected to dangling logic. Logic that only feeds a dangling port will be removed. ;
; ram_wdata_o ; Output ; Info     ; Connected to dangling logic. Logic that only feeds a dangling port will be removed. ;
+-------------+--------+----------+-------------------------------------------------------------------------------------+


+-----------------------------------------------------------------------------------------------------------------------------+
; Port Connectivity Checks: "appendix_n_a2_register_file:U_11_ALU_RON_REGISTERFILE|reg_file12x16_dbg:U_ALU_RON_REGISTER_FILE" ;
+-------+--------+----------+-------------------------------------------------------------------------------------------------+
; Port  ; Type   ; Severity ; Details                                                                                         ;
+-------+--------+----------+-------------------------------------------------------------------------------------------------+
; r0_o  ; Output ; Info     ; Connected to dangling logic. Logic that only feeds a dangling port will be removed.             ;
; r1_o  ; Output ; Info     ; Connected to dangling logic. Logic that only feeds a dangling port will be removed.             ;
; r2_o  ; Output ; Info     ; Connected to dangling logic. Logic that only feeds a dangling port will be removed.             ;
; r3_o  ; Output ; Info     ; Connected to dangling logic. Logic that only feeds a dangling port will be removed.             ;
; r4_o  ; Output ; Info     ; Connected to dangling logic. Logic that only feeds a dangling port will be removed.             ;
; r5_o  ; Output ; Info     ; Connected to dangling logic. Logic that only feeds a dangling port will be removed.             ;
; r6_o  ; Output ; Info     ; Connected to dangling logic. Logic that only feeds a dangling port will be removed.             ;
; r7_o  ; Output ; Info     ; Connected to dangling logic. Logic that only feeds a dangling port will be removed.             ;
; r8_o  ; Output ; Info     ; Connected to dangling logic. Logic that only feeds a dangling port will be removed.             ;
; r9_o  ; Output ; Info     ; Connected to dangling logic. Logic that only feeds a dangling port will be removed.             ;
; r10_o ; Output ; Info     ; Connected to dangling logic. Logic that only feeds a dangling port will be removed.             ;
; r11_o ; Output ; Info     ; Connected to dangling logic. Logic that only feeds a dangling port will be removed.             ;
+-------+--------+----------+-------------------------------------------------------------------------------------------------+


+----------------------------------------------------------------------------------------------------------------------------+
; Port Connectivity Checks: "appendix_n_a2_decoder_unit:U_08_DECODER_UNIT|appendix_n_decoder_unit:U_DECODER_UNIT"            ;
+------------------+--------+----------+-------------------------------------------------------------------------------------+
; Port             ; Type   ; Severity ; Details                                                                             ;
+------------------+--------+----------+-------------------------------------------------------------------------------------+
; reg_addr_o[3..2] ; Output ; Info     ; Connected to dangling logic. Logic that only feeds a dangling port will be removed. ;
+------------------+--------+----------+-------------------------------------------------------------------------------------+


+-------------------------------+
; Analysis & Synthesis Messages ;
+-------------------------------+
Info: *******************************************************************
Info: Running Quartus II Analysis & Synthesis
    Info: Version 9.1 Build 222 10/21/2009 SJ Web Edition
    Info: Copyright (C) 1991-2009 Altera Corporation. All rights reserved.
    Info: Your use of Altera Corporation's design tools, logic functions 
    Info: and other software and tools, and its AMPP partner logic 
    Info: functions, and any output files from any of the foregoing 
    Info: (including device programming or simulation files), and any 
    Info: associated documentation or information are expressly subject 
    Info: to the terms and conditions of the Altera Program License 
    Info: Subscription Agreement, Altera MegaCore Function License 
    Info: Agreement, or other applicable license agreement, including, 
    Info: without limitation, that your use is for the sole purpose of 
    Info: programming logic devices manufactured by Altera and sold by 
    Info: Altera or its authorized distributors.  Please refer to the 
    Info: applicable agreement for further details.
    Info: Processing started: Thu May 21 21:28:35 2026
Info: Command: quartus_map --read_settings_files=on --write_settings_files=off appendix_n_microevm_nowires -c appendix_n_microevm_nowires
Info: Found 2 design units, including 0 entities, in source file /git/sifovm/coursework_project/src/microcomputer_pkg.vhd
    Info: Found design unit 1: microcomputer_pkg
    Info: Found design unit 2: microcomputer_pkg-body
Info: Found 1 design units, including 0 entities, in source file /git/sifovm/coursework_project/src/program_image_pkg.vhd
    Info: Found design unit 1: program_image_pkg
Info: Found 1 design units, including 0 entities, in source file /git/sifovm/coursework_project/src/data_image_pkg.vhd
    Info: Found design unit 1: data_image_pkg
Info: Found 2 design units, including 1 entities, in source file /git/sifovm/coursework_project/src/alu_core.vhd
    Info: Found design unit 1: alu_core-rtl
    Info: Found entity 1: alu_core
Info: Found 2 design units, including 1 entities, in source file /git/sifovm/coursework_project/src/reg_file12x16_dbg.vhd
    Info: Found design unit 1: reg_file12x16_dbg-rtl
    Info: Found entity 1: reg_file12x16_dbg
Info: Found 2 design units, including 1 entities, in source file /git/sifovm/coursework_project/src/flags_reg.vhd
    Info: Found design unit 1: flags_reg-rtl
    Info: Found entity 1: flags_reg
Info: Found 2 design units, including 1 entities, in source file /git/sifovm/coursework_project/src/stack7x16.vhd
    Info: Found design unit 1: stack7x16-rtl
    Info: Found entity 1: stack7x16
Info: Found 2 design units, including 1 entities, in source file /git/sifovm/coursework_project/src/rom_sync.vhd
    Info: Found design unit 1: rom_sync-rtl
    Info: Found entity 1: rom_sync
Info: Found 2 design units, including 1 entities, in source file /git/sifovm/coursework_project/src/ram_sync.vhd
    Info: Found design unit 1: ram_sync-rtl
    Info: Found entity 1: ram_sync
Info: Found 2 design units, including 1 entities, in source file /git/sifovm/coursework_project/src/bus_arbiter_2master.vhd
    Info: Found design unit 1: bus_arbiter_2master-rtl
    Info: Found entity 1: bus_arbiter_2master
Info: Found 2 design units, including 1 entities, in source file /git/sifovm/coursework_project/src/dma_controller_3word.vhd
    Info: Found design unit 1: dma_controller_3word-rtl
    Info: Found entity 1: dma_controller_3word
Info: Found 2 design units, including 1 entities, in source file /git/sifovm/coursework_project/src/branch_predictor.vhd
    Info: Found design unit 1: branch_predictor-rtl
    Info: Found entity 1: branch_predictor
Info: Found 2 design units, including 1 entities, in source file /git/sifovm/coursework_project/src/cache_4way_age.vhd
    Info: Found design unit 1: cache_4way_age-rtl
    Info: Found entity 1: cache_4way_age
Info: Found 16 design units, including 8 entities, in source file /git/sifovm/coursework_project/rtl_schemes/appendix_n_microevm/src/appendix_n_microevm_top.vhd
    Info: Found design unit 1: appendix_n_phase_counter_unit-rtl
    Info: Found design unit 2: appendix_n_special_registers-rtl
    Info: Found design unit 3: appendix_n_decoder_unit-rtl
    Info: Found design unit 4: appendix_n_cmp_is_jmp-rtl
    Info: Found design unit 5: appendix_n_cmp_is_mem_to_reg-rtl
    Info: Found design unit 6: appendix_n_cmp_is_reg_to_mem-rtl
    Info: Found design unit 7: appendix_n_mux2_16-rtl
    Info: Found design unit 8: appendix_n_microevm_top-structural
    Info: Found entity 1: appendix_n_phase_counter_unit
    Info: Found entity 2: appendix_n_special_registers
    Info: Found entity 3: appendix_n_decoder_unit
    Info: Found entity 4: appendix_n_cmp_is_jmp
    Info: Found entity 5: appendix_n_cmp_is_mem_to_reg
    Info: Found entity 6: appendix_n_cmp_is_reg_to_mem
    Info: Found entity 7: appendix_n_mux2_16
    Info: Found entity 8: appendix_n_microevm_top
Info: Found 50 design units, including 25 entities, in source file /git/sifovm/coursework_project/rtl_schemes/appendix_n_microevm_nowires/src/appendix_n_microevm_nowires_top.vhd
    Info: Found design unit 1: appendix_n_a2_phase_counter-structural
    Info: Found design unit 2: appendix_n_a2_special_registers-structural
    Info: Found design unit 3: appendix_n_a2_command_rom-structural
    Info: Found design unit 4: appendix_n_a2_branch_predictor-structural
    Info: Found design unit 5: appendix_n_a2_cmp_is_jmp-structural
    Info: Found design unit 6: appendix_n_a2_cmp_is_mem_to_reg-structural
    Info: Found design unit 7: appendix_n_a2_cmp_is_reg_to_mem-structural
    Info: Found design unit 8: appendix_n_a2_decoder_unit-structural
    Info: Found design unit 9: appendix_n_a2_control_logic-rtl
    Info: Found design unit 10: appendix_n_a2_register_file-structural
    Info: Found design unit 11: appendix_n_a2_alu_unit-structural
    Info: Found design unit 12: appendix_n_a2_flags_register-structural
    Info: Found design unit 13: appendix_n_a2_mux_data_source-structural
    Info: Found design unit 14: appendix_n_a2_mux_mem_stack-structural
    Info: Found design unit 15: appendix_n_a2_stack_control-structural
    Info: Found design unit 16: appendix_n_a2_data_cache-structural
    Info: Found design unit 17: appendix_n_a2_dmac_controller-structural
    Info: Found design unit 18: appendix_n_a2_bus_arbiter-structural
    Info: Found design unit 19: appendix_n_a2_mux_cpu_addr-structural
    Info: Found design unit 20: appendix_n_a2_mux_sys_addr-structural
    Info: Found design unit 21: appendix_n_a2_mux_final_addr-structural
    Info: Found design unit 22: appendix_n_a2_lpm_mux_mem-structural
    Info: Found design unit 23: appendix_n_a2_memory-structural
    Info: Found design unit 24: appendix_n_a2_debug_outputs-rtl
    Info: Found design unit 25: appendix_n_microevm_nowires_top-a2_nowires
    Info: Found entity 1: appendix_n_a2_phase_counter
    Info: Found entity 2: appendix_n_a2_special_registers
    Info: Found entity 3: appendix_n_a2_command_rom
    Info: Found entity 4: appendix_n_a2_branch_predictor
    Info: Found entity 5: appendix_n_a2_cmp_is_jmp
    Info: Found entity 6: appendix_n_a2_cmp_is_mem_to_reg
    Info: Found entity 7: appendix_n_a2_cmp_is_reg_to_mem
    Info: Found entity 8: appendix_n_a2_decoder_unit
    Info: Found entity 9: appendix_n_a2_control_logic
    Info: Found entity 10: appendix_n_a2_register_file
    Info: Found entity 11: appendix_n_a2_alu_unit
    Info: Found entity 12: appendix_n_a2_flags_register
    Info: Found entity 13: appendix_n_a2_mux_data_source
    Info: Found entity 14: appendix_n_a2_mux_mem_stack
    Info: Found entity 15: appendix_n_a2_stack_control
    Info: Found entity 16: appendix_n_a2_data_cache
    Info: Found entity 17: appendix_n_a2_dmac_controller
    Info: Found entity 18: appendix_n_a2_bus_arbiter
    Info: Found entity 19: appendix_n_a2_mux_cpu_addr
    Info: Found entity 20: appendix_n_a2_mux_sys_addr
    Info: Found entity 21: appendix_n_a2_mux_final_addr
    Info: Found entity 22: appendix_n_a2_lpm_mux_mem
    Info: Found entity 23: appendix_n_a2_memory
    Info: Found entity 24: appendix_n_a2_debug_outputs
    Info: Found entity 25: appendix_n_microevm_nowires_top
Info: Elaborating entity "appendix_n_microevm_nowires_top" for the top level hierarchy
Info: Elaborating entity "appendix_n_a2_phase_counter" for hierarchy "appendix_n_a2_phase_counter:U_01_PHASE_COUNTER_UNIT"
Info: Elaborating entity "appendix_n_phase_counter_unit" for hierarchy "appendix_n_a2_phase_counter:U_01_PHASE_COUNTER_UNIT|appendix_n_phase_counter_unit:U_PHASE_COUNTER_UNIT"
Info: Elaborating entity "appendix_n_a2_special_registers" for hierarchy "appendix_n_a2_special_registers:U_02_SPECIAL_REGISTERS"
Info: Elaborating entity "appendix_n_special_registers" for hierarchy "appendix_n_a2_special_registers:U_02_SPECIAL_REGISTERS|appendix_n_special_registers:U_SPECIAL_REGISTERS"
Info: Elaborating entity "appendix_n_a2_command_rom" for hierarchy "appendix_n_a2_command_rom:U_03_COMMAND_MEMORY_ROM"
Info: Elaborating entity "rom_sync" for hierarchy "appendix_n_a2_command_rom:U_03_COMMAND_MEMORY_ROM|rom_sync:U_COMMAND_MEMORY_ROM"
Info: Elaborating entity "appendix_n_a2_branch_predictor" for hierarchy "appendix_n_a2_branch_predictor:U_04_BRANCH_PREDICTOR_A4"
Info: Elaborating entity "branch_predictor" for hierarchy "appendix_n_a2_branch_predictor:U_04_BRANCH_PREDICTOR_A4|branch_predictor:U_BRANCH_PREDICTOR"
Info: Elaborating entity "appendix_n_a2_cmp_is_jmp" for hierarchy "appendix_n_a2_cmp_is_jmp:U_05_CMP_IS_JMP"
Info: Elaborating entity "appendix_n_cmp_is_jmp" for hierarchy "appendix_n_a2_cmp_is_jmp:U_05_CMP_IS_JMP|appendix_n_cmp_is_jmp:U_CMP_IS_JMP"
Info: Elaborating entity "appendix_n_a2_cmp_is_mem_to_reg" for hierarchy "appendix_n_a2_cmp_is_mem_to_reg:U_06_CMP_IS_MEM_TO_REG"
Info: Elaborating entity "appendix_n_cmp_is_mem_to_reg" for hierarchy "appendix_n_a2_cmp_is_mem_to_reg:U_06_CMP_IS_MEM_TO_REG|appendix_n_cmp_is_mem_to_reg:U_CMP_IS_MEM_TO_REG"
Info: Elaborating entity "appendix_n_a2_cmp_is_reg_to_mem" for hierarchy "appendix_n_a2_cmp_is_reg_to_mem:U_07_CMP_IS_REG_TO_MEM"
Info: Elaborating entity "appendix_n_cmp_is_reg_to_mem" for hierarchy "appendix_n_a2_cmp_is_reg_to_mem:U_07_CMP_IS_REG_TO_MEM|appendix_n_cmp_is_reg_to_mem:U_CMP_IS_REG_TO_MEM"
Info: Elaborating entity "appendix_n_a2_decoder_unit" for hierarchy "appendix_n_a2_decoder_unit:U_08_DECODER_UNIT"
Info: Elaborating entity "appendix_n_decoder_unit" for hierarchy "appendix_n_a2_decoder_unit:U_08_DECODER_UNIT|appendix_n_decoder_unit:U_DECODER_UNIT"
Info: Elaborating entity "appendix_n_a2_control_logic" for hierarchy "appendix_n_a2_control_logic:U_09_CONTROL_LOGIC"
Info: Elaborating entity "appendix_n_a2_mux_data_source" for hierarchy "appendix_n_a2_mux_data_source:U_10_MUX_DATA_SOURCE"
Info: Elaborating entity "appendix_n_mux2_16" for hierarchy "appendix_n_a2_mux_data_source:U_10_MUX_DATA_SOURCE|appendix_n_mux2_16:U_MUX_DATA_SOURCE"
Info: Elaborating entity "appendix_n_a2_register_file" for hierarchy "appendix_n_a2_register_file:U_11_ALU_RON_REGISTERFILE"
Info: Elaborating entity "reg_file12x16_dbg" for hierarchy "appendix_n_a2_register_file:U_11_ALU_RON_REGISTERFILE|reg_file12x16_dbg:U_ALU_RON_REGISTER_FILE"
Info: Elaborating entity "appendix_n_a2_alu_unit" for hierarchy "appendix_n_a2_alu_unit:U_12_ALU_UNIT"
Info: Elaborating entity "alu_core" for hierarchy "appendix_n_a2_alu_unit:U_12_ALU_UNIT|alu_core:U_ALU_UNIT"
Info: Elaborating entity "appendix_n_a2_flags_register" for hierarchy "appendix_n_a2_flags_register:U_13_FLAGS_REGISTER"
Info: Elaborating entity "flags_reg" for hierarchy "appendix_n_a2_flags_register:U_13_FLAGS_REGISTER|flags_reg:U_FLAGS_REGISTER"
Info: Elaborating entity "appendix_n_a2_mux_mem_stack" for hierarchy "appendix_n_a2_mux_mem_stack:U_14_MUX_MEM_STACK"
Info: Elaborating entity "appendix_n_a2_stack_control" for hierarchy "appendix_n_a2_stack_control:U_15_STACK_CONTROL"
Info: Elaborating entity "stack7x16" for hierarchy "appendix_n_a2_stack_control:U_15_STACK_CONTROL|stack7x16:U_STACK_CONTROL"
Info: Elaborating entity "appendix_n_a2_data_cache" for hierarchy "appendix_n_a2_data_cache:U_16_DATA_CACHE_4WAY"
Info: Elaborating entity "cache_4way_age" for hierarchy "appendix_n_a2_data_cache:U_16_DATA_CACHE_4WAY|cache_4way_age:U_DATA_CACHE"
Warning (10036): Verilog HDL or VHDL warning at cache_4way_age.vhd(45): object "req_we_r" assigned a value but never read
Info (10008): Verilog HDL or VHDL information: EDA Netlist Writer cannot regroup multidimensional array "data_r" into its bus
Info (10008): Verilog HDL or VHDL information: EDA Netlist Writer cannot regroup multidimensional array "tag_r" into its bus
Info (10008): Verilog HDL or VHDL information: EDA Netlist Writer cannot regroup multidimensional array "age_r" into its bus
Info: Elaborating entity "appendix_n_a2_dmac_controller" for hierarchy "appendix_n_a2_dmac_controller:U_17_DMAC_CONTROLLER"
Info: Elaborating entity "dma_controller_3word" for hierarchy "appendix_n_a2_dmac_controller:U_17_DMAC_CONTROLLER|dma_controller_3word:U_DMAC_CONTROLLER"
Info: Elaborating entity "appendix_n_a2_bus_arbiter" for hierarchy "appendix_n_a2_bus_arbiter:U_18_BUS_ARBITER"
Info: Elaborating entity "bus_arbiter_2master" for hierarchy "appendix_n_a2_bus_arbiter:U_18_BUS_ARBITER|bus_arbiter_2master:U_BUS_ARBITER"
Info: Elaborating entity "appendix_n_a2_mux_cpu_addr" for hierarchy "appendix_n_a2_mux_cpu_addr:U_19_MUX_CPU_ADDR"
Info: Elaborating entity "appendix_n_a2_mux_sys_addr" for hierarchy "appendix_n_a2_mux_sys_addr:U_20_MUX_SYS_ADDR"
Info: Elaborating entity "appendix_n_a2_mux_final_addr" for hierarchy "appendix_n_a2_mux_final_addr:U_21_MUX_FINAL_ADDR"
Info: Elaborating entity "appendix_n_a2_lpm_mux_mem" for hierarchy "appendix_n_a2_lpm_mux_mem:U_22_LPM_MUX_MEM"
Info: Elaborating entity "appendix_n_a2_memory" for hierarchy "appendix_n_a2_memory:U_23_MEMORY"
Info: Elaborating entity "ram_sync" for hierarchy "appendix_n_a2_memory:U_23_MEMORY|ram_sync:U_MEMORY"
Info: Elaborating entity "appendix_n_a2_debug_outputs" for hierarchy "appendix_n_a2_debug_outputs:U_24_DEBUG_OUTPUTS"
Info: Inferred 2 megafunctions from design logic
    Info: Inferred altsyncram megafunction from the following design logic: "appendix_n_a2_memory:U_23_MEMORY|ram_sync:U_MEMORY|mem~25" 
        Info: Parameter OPERATION_MODE set to ROM
        Info: Parameter WIDTH_A set to 16
        Info: Parameter WIDTHAD_A set to 8
        Info: Parameter NUMWORDS_A set to 256
        Info: Parameter OUTDATA_REG_A set to UNREGISTERED
        Info: Parameter ADDRESS_ACLR_A set to NONE
        Info: Parameter OUTDATA_ACLR_A set to NONE
        Info: Parameter INDATA_ACLR_A set to NONE
        Info: Parameter WRCONTROL_ACLR_A set to NONE
        Info: Parameter INIT_FILE set to db/appendix_n_microevm_nowires.ram0_ram_sync_18452fb9.hdl.mif
    Info: Inferred altsyncram megafunction from the following design logic: "appendix_n_a2_command_rom:U_03_COMMAND_MEMORY_ROM|rom_sync:U_COMMAND_MEMORY_ROM|Mux0~0"
        Info: Parameter OPERATION_MODE set to ROM
        Info: Parameter WIDTH_A set to 11
        Info: Parameter WIDTHAD_A set to 8
        Info: Parameter NUMWORDS_A set to 256
        Info: Parameter OUTDATA_REG_A set to UNREGISTERED
        Info: Parameter RAM_BLOCK_TYPE set to AUTO
        Info: Parameter INIT_FILE set to appendix_n_microevm_nowires.appendix_n_microevm_nowires_top0.rtl.mif
Info: Elaborated megafunction instantiation "appendix_n_a2_memory:U_23_MEMORY|ram_sync:U_MEMORY|altsyncram:mem_rtl_0"
Info: Instantiated megafunction "appendix_n_a2_memory:U_23_MEMORY|ram_sync:U_MEMORY|altsyncram:mem_rtl_0" with the following parameter:
    Info: Parameter "OPERATION_MODE" = "ROM"
    Info: Parameter "WIDTH_A" = "16"
    Info: Parameter "WIDTHAD_A" = "8"
    Info: Parameter "NUMWORDS_A" = "256"
    Info: Parameter "OUTDATA_REG_A" = "UNREGISTERED"
    Info: Parameter "ADDRESS_ACLR_A" = "NONE"
    Info: Parameter "OUTDATA_ACLR_A" = "NONE"
    Info: Parameter "INDATA_ACLR_A" = "NONE"
    Info: Parameter "WRCONTROL_ACLR_A" = "NONE"
    Info: Parameter "INIT_FILE" = "db/appendix_n_microevm_nowires.ram0_ram_sync_18452fb9.hdl.mif"
Info: Found 1 design units, including 1 entities, in source file db/altsyncram_0q91.tdf
    Info: Found entity 1: altsyncram_0q91
Info: Elaborated megafunction instantiation "appendix_n_a2_command_rom:U_03_COMMAND_MEMORY_ROM|rom_sync:U_COMMAND_MEMORY_ROM|altsyncram:Mux0_rtl_1"
Info: Instantiated megafunction "appendix_n_a2_command_rom:U_03_COMMAND_MEMORY_ROM|rom_sync:U_COMMAND_MEMORY_ROM|altsyncram:Mux0_rtl_1" with the following parameter:
    Info: Parameter "OPERATION_MODE" = "ROM"
    Info: Parameter "WIDTH_A" = "11"
    Info: Parameter "WIDTHAD_A" = "8"
    Info: Parameter "NUMWORDS_A" = "256"
    Info: Parameter "OUTDATA_REG_A" = "UNREGISTERED"
    Info: Parameter "RAM_BLOCK_TYPE" = "AUTO"
    Info: Parameter "INIT_FILE" = "appendix_n_microevm_nowires.appendix_n_microevm_nowires_top0.rtl.mif"
Info: Found 1 design units, including 1 entities, in source file db/altsyncram_at41.tdf
    Info: Found entity 1: altsyncram_at41
Warning: Output pins are stuck at VCC or GND
    Warning (13410): Pin "ROW1_PHASE[4]" is stuck at GND
    Warning (13410): Pin "ROW1_PHASE[5]" is stuck at GND
    Warning (13410): Pin "ROW1_PHASE[6]" is stuck at GND
    Warning (13410): Pin "ROW1_PHASE[7]" is stuck at GND
    Warning (13410): Pin "ROW1_PHASE[8]" is stuck at GND
    Warning (13410): Pin "ROW1_PHASE[9]" is stuck at GND
    Warning (13410): Pin "ROW1_PHASE[10]" is stuck at GND
    Warning (13410): Pin "ROW1_PHASE[11]" is stuck at GND
    Warning (13410): Pin "ROW1_PHASE[12]" is stuck at GND
    Warning (13410): Pin "ROW1_PHASE[13]" is stuck at GND
    Warning (13410): Pin "ROW1_PHASE[14]" is stuck at GND
    Warning (13410): Pin "ROW1_PHASE[15]" is stuck at GND
    Warning (13410): Pin "ROW1_COMMAND_ROM[7]" is stuck at GND
    Warning (13410): Pin "ROW1_COMMAND_ROM[12]" is stuck at GND
    Warning (13410): Pin "ROW1_COMMAND_ROM[13]" is stuck at GND
    Warning (13410): Pin "ROW1_COMMAND_ROM[14]" is stuck at GND
    Warning (13410): Pin "ROW1_COMMAND_ROM[15]" is stuck at GND
    Warning (13410): Pin "ROW1_CMP_JMP[1]" is stuck at GND
    Warning (13410): Pin "ROW1_CMP_JMP[2]" is stuck at GND
    Warning (13410): Pin "ROW1_CMP_JMP[3]" is stuck at GND
    Warning (13410): Pin "ROW1_CMP_JMP[4]" is stuck at GND
    Warning (13410): Pin "ROW1_CMP_JMP[5]" is stuck at GND
    Warning (13410): Pin "ROW1_CMP_JMP[6]" is stuck at GND
    Warning (13410): Pin "ROW1_CMP_JMP[7]" is stuck at GND
    Warning (13410): Pin "ROW1_CMP_JMP[8]" is stuck at GND
    Warning (13410): Pin "ROW1_CMP_JMP[9]" is stuck at GND
    Warning (13410): Pin "ROW1_CMP_JMP[10]" is stuck at GND
    Warning (13410): Pin "ROW1_CMP_JMP[11]" is stuck at GND
    Warning (13410): Pin "ROW1_CMP_JMP[12]" is stuck at GND
    Warning (13410): Pin "ROW1_CMP_JMP[13]" is stuck at GND
    Warning (13410): Pin "ROW1_CMP_JMP[14]" is stuck at GND
    Warning (13410): Pin "ROW1_CMP_JMP[15]" is stuck at GND
    Warning (13410): Pin "ROW1_CMP_MEM_REG[1]" is stuck at GND
    Warning (13410): Pin "ROW1_CMP_MEM_REG[2]" is stuck at GND
    Warning (13410): Pin "ROW1_CMP_MEM_REG[3]" is stuck at GND
    Warning (13410): Pin "ROW1_CMP_MEM_REG[4]" is stuck at GND
    Warning (13410): Pin "ROW1_CMP_MEM_REG[5]" is stuck at GND
    Warning (13410): Pin "ROW1_CMP_MEM_REG[6]" is stuck at GND
    Warning (13410): Pin "ROW1_CMP_MEM_REG[7]" is stuck at GND
    Warning (13410): Pin "ROW1_CMP_MEM_REG[8]" is stuck at GND
    Warning (13410): Pin "ROW1_CMP_MEM_REG[9]" is stuck at GND
    Warning (13410): Pin "ROW1_CMP_MEM_REG[10]" is stuck at GND
    Warning (13410): Pin "ROW1_CMP_MEM_REG[11]" is stuck at GND
    Warning (13410): Pin "ROW1_CMP_MEM_REG[12]" is stuck at GND
    Warning (13410): Pin "ROW1_CMP_MEM_REG[13]" is stuck at GND
    Warning (13410): Pin "ROW1_CMP_MEM_REG[14]" is stuck at GND
    Warning (13410): Pin "ROW1_CMP_MEM_REG[15]" is stuck at GND
    Warning (13410): Pin "ROW1_CMP_REG_MEM[1]" is stuck at GND
    Warning (13410): Pin "ROW1_CMP_REG_MEM[2]" is stuck at GND
    Warning (13410): Pin "ROW1_CMP_REG_MEM[3]" is stuck at GND
    Warning (13410): Pin "ROW1_CMP_REG_MEM[4]" is stuck at GND
    Warning (13410): Pin "ROW1_CMP_REG_MEM[5]" is stuck at GND
    Warning (13410): Pin "ROW1_CMP_REG_MEM[6]" is stuck at GND
    Warning (13410): Pin "ROW1_CMP_REG_MEM[7]" is stuck at GND
    Warning (13410): Pin "ROW1_CMP_REG_MEM[8]" is stuck at GND
    Warning (13410): Pin "ROW1_CMP_REG_MEM[9]" is stuck at GND
    Warning (13410): Pin "ROW1_CMP_REG_MEM[10]" is stuck at GND
    Warning (13410): Pin "ROW1_CMP_REG_MEM[11]" is stuck at GND
    Warning (13410): Pin "ROW1_CMP_REG_MEM[12]" is stuck at GND
    Warning (13410): Pin "ROW1_CMP_REG_MEM[13]" is stuck at GND
    Warning (13410): Pin "ROW1_CMP_REG_MEM[14]" is stuck at GND
    Warning (13410): Pin "ROW1_CMP_REG_MEM[15]" is stuck at GND
    Warning (13410): Pin "ROW1_CONTROL_LOGIC[4]" is stuck at GND
    Warning (13410): Pin "ROW1_CONTROL_LOGIC[5]" is stuck at GND
    Warning (13410): Pin "ROW1_CONTROL_LOGIC[6]" is stuck at GND
    Warning (13410): Pin "ROW1_CONTROL_LOGIC[7]" is stuck at GND
    Warning (13410): Pin "ROW1_CONTROL_LOGIC[8]" is stuck at GND
    Warning (13410): Pin "ROW1_CONTROL_LOGIC[9]" is stuck at GND
    Warning (13410): Pin "ROW1_CONTROL_LOGIC[10]" is stuck at GND
    Warning (13410): Pin "ROW1_CONTROL_LOGIC[11]" is stuck at GND
    Warning (13410): Pin "ROW1_CONTROL_LOGIC[12]" is stuck at GND
    Warning (13410): Pin "ROW1_CONTROL_LOGIC[13]" is stuck at GND
    Warning (13410): Pin "ROW1_CONTROL_LOGIC[14]" is stuck at GND
    Warning (13410): Pin "ROW1_CONTROL_LOGIC[15]" is stuck at GND
    Warning (13410): Pin "ROW2_REGISTER_FILE[0]" is stuck at GND
    Warning (13410): Pin "ROW2_REGISTER_FILE[1]" is stuck at GND
    Warning (13410): Pin "ROW2_REGISTER_FILE[2]" is stuck at GND
    Warning (13410): Pin "ROW2_REGISTER_FILE[3]" is stuck at GND
    Warning (13410): Pin "ROW2_REGISTER_FILE[4]" is stuck at GND
    Warning (13410): Pin "ROW2_REGISTER_FILE[5]" is stuck at GND
    Warning (13410): Pin "ROW2_REGISTER_FILE[6]" is stuck at GND
    Warning (13410): Pin "ROW2_REGISTER_FILE[7]" is stuck at GND
    Warning (13410): Pin "ROW2_REGISTER_FILE[8]" is stuck at GND
    Warning (13410): Pin "ROW2_REGISTER_FILE[9]" is stuck at GND
    Warning (13410): Pin "ROW2_REGISTER_FILE[10]" is stuck at GND
    Warning (13410): Pin "ROW2_REGISTER_FILE[11]" is stuck at GND
    Warning (13410): Pin "ROW2_REGISTER_FILE[12]" is stuck at GND
    Warning (13410): Pin "ROW2_REGISTER_FILE[13]" is stuck at GND
    Warning (13410): Pin "ROW2_REGISTER_FILE[14]" is stuck at GND
    Warning (13410): Pin "ROW2_REGISTER_FILE[15]" is stuck at GND
    Warning (13410): Pin "ROW2_ALU_UNIT[0]" is stuck at GND
    Warning (13410): Pin "ROW2_ALU_UNIT[1]" is stuck at GND
    Warning (13410): Pin "ROW2_ALU_UNIT[2]" is stuck at GND
    Warning (13410): Pin "ROW2_ALU_UNIT[3]" is stuck at VCC
    Warning (13410): Pin "ROW2_ALU_UNIT[4]" is stuck at GND
    Warning (13410): Pin "ROW2_ALU_UNIT[5]" is stuck at GND
    Warning (13410): Pin "ROW2_ALU_UNIT[6]" is stuck at GND
    Warning (13410): Pin "ROW2_ALU_UNIT[7]" is stuck at GND
    Warning (13410): Pin "ROW2_ALU_UNIT[8]" is stuck at GND
    Warning (13410): Pin "ROW2_ALU_UNIT[9]" is stuck at GND
    Warning (13410): Pin "ROW2_ALU_UNIT[10]" is stuck at GND
    Warning (13410): Pin "ROW2_ALU_UNIT[11]" is stuck at GND
    Warning (13410): Pin "ROW2_ALU_UNIT[12]" is stuck at GND
    Warning (13410): Pin "ROW2_ALU_UNIT[13]" is stuck at GND
    Warning (13410): Pin "ROW2_ALU_UNIT[14]" is stuck at GND
    Warning (13410): Pin "ROW2_ALU_UNIT[15]" is stuck at GND
    Warning (13410): Pin "ROW2_FLAGS[1]" is stuck at GND
    Warning (13410): Pin "ROW2_FLAGS[2]" is stuck at GND
    Warning (13410): Pin "ROW2_FLAGS[3]" is stuck at GND
    Warning (13410): Pin "ROW2_FLAGS[4]" is stuck at GND
    Warning (13410): Pin "ROW2_FLAGS[5]" is stuck at GND
    Warning (13410): Pin "ROW2_FLAGS[6]" is stuck at GND
    Warning (13410): Pin "ROW2_FLAGS[7]" is stuck at GND
    Warning (13410): Pin "ROW2_FLAGS[8]" is stuck at GND
    Warning (13410): Pin "ROW2_FLAGS[9]" is stuck at GND
    Warning (13410): Pin "ROW2_FLAGS[10]" is stuck at GND
    Warning (13410): Pin "ROW2_FLAGS[11]" is stuck at GND
    Warning (13410): Pin "ROW2_FLAGS[12]" is stuck at GND
    Warning (13410): Pin "ROW2_FLAGS[13]" is stuck at GND
    Warning (13410): Pin "ROW2_FLAGS[14]" is stuck at GND
    Warning (13410): Pin "ROW2_FLAGS[15]" is stuck at GND
    Warning (13410): Pin "ROW2_MEM_STACK_MUX[1]" is stuck at GND
    Warning (13410): Pin "ROW2_MEM_STACK_MUX[2]" is stuck at GND
    Warning (13410): Pin "ROW2_MEM_STACK_MUX[3]" is stuck at VCC
    Warning (13410): Pin "ROW2_MEM_STACK_MUX[4]" is stuck at GND
    Warning (13410): Pin "ROW2_MEM_STACK_MUX[5]" is stuck at GND
    Warning (13410): Pin "ROW2_MEM_STACK_MUX[6]" is stuck at GND
    Warning (13410): Pin "ROW2_MEM_STACK_MUX[7]" is stuck at GND
    Warning (13410): Pin "ROW2_MEM_STACK_MUX[8]" is stuck at GND
    Warning (13410): Pin "ROW2_MEM_STACK_MUX[9]" is stuck at GND
    Warning (13410): Pin "ROW2_MEM_STACK_MUX[10]" is stuck at GND
    Warning (13410): Pin "ROW2_MEM_STACK_MUX[11]" is stuck at GND
    Warning (13410): Pin "ROW2_MEM_STACK_MUX[12]" is stuck at GND
    Warning (13410): Pin "ROW2_MEM_STACK_MUX[13]" is stuck at GND
    Warning (13410): Pin "ROW2_MEM_STACK_MUX[14]" is stuck at GND
    Warning (13410): Pin "ROW2_MEM_STACK_MUX[15]" is stuck at GND
    Warning (13410): Pin "ROW2_STACK[0]" is stuck at GND
    Warning (13410): Pin "ROW2_STACK[1]" is stuck at VCC
    Warning (13410): Pin "ROW2_STACK[2]" is stuck at VCC
    Warning (13410): Pin "ROW2_STACK[3]" is stuck at VCC
    Warning (13410): Pin "ROW2_STACK[4]" is stuck at VCC
    Warning (13410): Pin "ROW2_STACK[5]" is stuck at GND
    Warning (13410): Pin "ROW2_STACK[6]" is stuck at GND
    Warning (13410): Pin "ROW2_STACK[7]" is stuck at GND
    Warning (13410): Pin "ROW2_STACK[8]" is stuck at GND
    Warning (13410): Pin "ROW2_STACK[9]" is stuck at GND
    Warning (13410): Pin "ROW2_STACK[10]" is stuck at GND
    Warning (13410): Pin "ROW2_STACK[11]" is stuck at GND
    Warning (13410): Pin "ROW2_STACK[12]" is stuck at GND
    Warning (13410): Pin "ROW2_STACK[13]" is stuck at GND
    Warning (13410): Pin "ROW2_STACK[14]" is stuck at GND
    Warning (13410): Pin "ROW2_STACK[15]" is stuck at GND
    Warning (13410): Pin "ROW3_BUS_ARBITER[2]" is stuck at GND
    Warning (13410): Pin "ROW3_BUS_ARBITER[3]" is stuck at GND
    Warning (13410): Pin "ROW3_BUS_ARBITER[4]" is stuck at GND
    Warning (13410): Pin "ROW3_BUS_ARBITER[5]" is stuck at GND
    Warning (13410): Pin "ROW3_BUS_ARBITER[6]" is stuck at GND
    Warning (13410): Pin "ROW3_BUS_ARBITER[7]" is stuck at GND
    Warning (13410): Pin "ROW3_BUS_ARBITER[8]" is stuck at GND
    Warning (13410): Pin "ROW3_BUS_ARBITER[9]" is stuck at GND
    Warning (13410): Pin "ROW3_BUS_ARBITER[10]" is stuck at GND
    Warning (13410): Pin "ROW3_BUS_ARBITER[11]" is stuck at GND
    Warning (13410): Pin "ROW3_BUS_ARBITER[12]" is stuck at GND
    Warning (13410): Pin "ROW3_BUS_ARBITER[13]" is stuck at GND
    Warning (13410): Pin "ROW3_BUS_ARBITER[14]" is stuck at GND
    Warning (13410): Pin "ROW3_BUS_ARBITER[15]" is stuck at GND
    Warning (13410): Pin "ROW3_CPU_ADDR_MUX[4]" is stuck at GND
    Warning (13410): Pin "ROW3_CPU_ADDR_MUX[5]" is stuck at GND
    Warning (13410): Pin "ROW3_CPU_ADDR_MUX[6]" is stuck at GND
    Warning (13410): Pin "ROW3_CPU_ADDR_MUX[7]" is stuck at GND
    Warning (13410): Pin "ROW3_CPU_ADDR_MUX[8]" is stuck at GND
    Warning (13410): Pin "ROW3_CPU_ADDR_MUX[9]" is stuck at GND
    Warning (13410): Pin "ROW3_CPU_ADDR_MUX[10]" is stuck at GND
    Warning (13410): Pin "ROW3_CPU_ADDR_MUX[11]" is stuck at GND
    Warning (13410): Pin "ROW3_CPU_ADDR_MUX[12]" is stuck at GND
    Warning (13410): Pin "ROW3_CPU_ADDR_MUX[13]" is stuck at GND
    Warning (13410): Pin "ROW3_CPU_ADDR_MUX[14]" is stuck at GND
    Warning (13410): Pin "ROW3_CPU_ADDR_MUX[15]" is stuck at GND
    Warning (13410): Pin "ROW3_SYS_ADDR_MUX[0]" is stuck at GND
    Warning (13410): Pin "ROW3_SYS_ADDR_MUX[1]" is stuck at GND
    Warning (13410): Pin "ROW3_SYS_ADDR_MUX[2]" is stuck at GND
    Warning (13410): Pin "ROW3_SYS_ADDR_MUX[3]" is stuck at GND
    Warning (13410): Pin "ROW3_SYS_ADDR_MUX[4]" is stuck at GND
    Warning (13410): Pin "ROW3_SYS_ADDR_MUX[5]" is stuck at GND
    Warning (13410): Pin "ROW3_SYS_ADDR_MUX[6]" is stuck at GND
    Warning (13410): Pin "ROW3_SYS_ADDR_MUX[7]" is stuck at GND
    Warning (13410): Pin "ROW3_SYS_ADDR_MUX[8]" is stuck at GND
    Warning (13410): Pin "ROW3_SYS_ADDR_MUX[9]" is stuck at GND
    Warning (13410): Pin "ROW3_SYS_ADDR_MUX[10]" is stuck at GND
    Warning (13410): Pin "ROW3_SYS_ADDR_MUX[11]" is stuck at GND
    Warning (13410): Pin "ROW3_SYS_ADDR_MUX[12]" is stuck at GND
    Warning (13410): Pin "ROW3_SYS_ADDR_MUX[13]" is stuck at GND
    Warning (13410): Pin "ROW3_SYS_ADDR_MUX[14]" is stuck at GND
    Warning (13410): Pin "ROW3_SYS_ADDR_MUX[15]" is stuck at GND
    Warning (13410): Pin "ROW3_FINAL_ADDR_MUX[0]" is stuck at GND
    Warning (13410): Pin "ROW3_FINAL_ADDR_MUX[1]" is stuck at GND
    Warning (13410): Pin "ROW3_FINAL_ADDR_MUX[2]" is stuck at GND
    Warning (13410): Pin "ROW3_FINAL_ADDR_MUX[3]" is stuck at GND
    Warning (13410): Pin "ROW3_FINAL_ADDR_MUX[4]" is stuck at GND
    Warning (13410): Pin "ROW3_FINAL_ADDR_MUX[5]" is stuck at GND
    Warning (13410): Pin "ROW3_FINAL_ADDR_MUX[6]" is stuck at GND
    Warning (13410): Pin "ROW3_FINAL_ADDR_MUX[7]" is stuck at GND
    Warning (13410): Pin "ROW3_FINAL_ADDR_MUX[8]" is stuck at GND
    Warning (13410): Pin "ROW3_FINAL_ADDR_MUX[9]" is stuck at GND
    Warning (13410): Pin "ROW3_FINAL_ADDR_MUX[10]" is stuck at GND
    Warning (13410): Pin "ROW3_FINAL_ADDR_MUX[11]" is stuck at GND
    Warning (13410): Pin "ROW3_FINAL_ADDR_MUX[12]" is stuck at GND
    Warning (13410): Pin "ROW3_FINAL_ADDR_MUX[13]" is stuck at GND
    Warning (13410): Pin "ROW3_FINAL_ADDR_MUX[14]" is stuck at GND
    Warning (13410): Pin "ROW3_FINAL_ADDR_MUX[15]" is stuck at GND
    Warning (13410): Pin "ROW3_LPM_MUX_MEM[0]" is stuck at GND
    Warning (13410): Pin "ROW3_LPM_MUX_MEM[1]" is stuck at GND
    Warning (13410): Pin "ROW3_LPM_MUX_MEM[2]" is stuck at GND
    Warning (13410): Pin "ROW3_LPM_MUX_MEM[3]" is stuck at GND
    Warning (13410): Pin "ROW3_LPM_MUX_MEM[4]" is stuck at GND
    Warning (13410): Pin "ROW3_LPM_MUX_MEM[5]" is stuck at GND
    Warning (13410): Pin "ROW3_LPM_MUX_MEM[6]" is stuck at GND
    Warning (13410): Pin "ROW3_LPM_MUX_MEM[7]" is stuck at GND
    Warning (13410): Pin "ROW3_LPM_MUX_MEM[8]" is stuck at GND
    Warning (13410): Pin "ROW3_LPM_MUX_MEM[9]" is stuck at GND
    Warning (13410): Pin "ROW3_LPM_MUX_MEM[10]" is stuck at GND
    Warning (13410): Pin "ROW3_LPM_MUX_MEM[11]" is stuck at GND
    Warning (13410): Pin "ROW3_LPM_MUX_MEM[12]" is stuck at GND
    Warning (13410): Pin "ROW3_LPM_MUX_MEM[13]" is stuck at GND
    Warning (13410): Pin "ROW3_LPM_MUX_MEM[14]" is stuck at GND
    Warning (13410): Pin "ROW3_LPM_MUX_MEM[15]" is stuck at GND
    Warning (13410): Pin "ROW3_DEBUG[8]" is stuck at GND
    Warning (13410): Pin "ROW3_DEBUG[9]" is stuck at GND
    Warning (13410): Pin "ROW3_DEBUG[10]" is stuck at GND
    Warning (13410): Pin "ROW3_DEBUG[11]" is stuck at GND
    Warning (13410): Pin "ROW3_DEBUG[12]" is stuck at GND
    Warning (13410): Pin "ROW3_DEBUG[13]" is stuck at GND
    Warning (13410): Pin "ROW3_DEBUG[14]" is stuck at GND
    Warning (13410): Pin "ROW3_DEBUG[15]" is stuck at GND
    Warning (13410): Pin "A2_DATAPATH_CHAIN[0]" is stuck at GND
    Warning (13410): Pin "A2_DATAPATH_CHAIN[1]" is stuck at VCC
    Warning (13410): Pin "A2_DATAPATH_CHAIN[2]" is stuck at VCC
    Warning (13410): Pin "A2_DATAPATH_CHAIN[3]" is stuck at VCC
    Warning (13410): Pin "A2_DATAPATH_CHAIN[4]" is stuck at VCC
    Warning (13410): Pin "A2_DATAPATH_CHAIN[5]" is stuck at GND
    Warning (13410): Pin "A2_DATAPATH_CHAIN[6]" is stuck at GND
    Warning (13410): Pin "A2_DATAPATH_CHAIN[7]" is stuck at GND
    Warning (13410): Pin "A2_DATAPATH_CHAIN[8]" is stuck at GND
    Warning (13410): Pin "A2_DATAPATH_CHAIN[9]" is stuck at GND
    Warning (13410): Pin "A2_DATAPATH_CHAIN[10]" is stuck at GND
    Warning (13410): Pin "A2_DATAPATH_CHAIN[11]" is stuck at GND
    Warning (13410): Pin "A2_DATAPATH_CHAIN[12]" is stuck at GND
    Warning (13410): Pin "A2_DATAPATH_CHAIN[13]" is stuck at GND
    Warning (13410): Pin "A2_DATAPATH_CHAIN[14]" is stuck at GND
    Warning (13410): Pin "A2_DATAPATH_CHAIN[15]" is stuck at GND
    Warning (13410): Pin "A2_MEMORY_CHAIN[0]" is stuck at GND
    Warning (13410): Pin "A2_MEMORY_CHAIN[1]" is stuck at GND
    Warning (13410): Pin "A2_MEMORY_CHAIN[2]" is stuck at GND
    Warning (13410): Pin "A2_MEMORY_CHAIN[3]" is stuck at GND
    Warning (13410): Pin "A2_MEMORY_CHAIN[4]" is stuck at GND
    Warning (13410): Pin "A2_MEMORY_CHAIN[5]" is stuck at GND
    Warning (13410): Pin "A2_MEMORY_CHAIN[6]" is stuck at GND
    Warning (13410): Pin "A2_MEMORY_CHAIN[7]" is stuck at GND
Info: 288 registers lost all their fanouts during netlist optimizations. The first 100 are displayed below.
    Info: Register "appendix_n_a2_stack_control:U_15_STACK_CONTROL|stack7x16:U_STACK_CONTROL|mem[6][0]" lost all its fanouts during netlist optimizations.
    Info: Register "appendix_n_a2_stack_control:U_15_STACK_CONTROL|stack7x16:U_STACK_CONTROL|mem[6][1]" lost all its fanouts during netlist optimizations.
    Info: Register "appendix_n_a2_stack_control:U_15_STACK_CONTROL|stack7x16:U_STACK_CONTROL|mem[6][2]" lost all its fanouts during netlist optimizations.
    Info: Register "appendix_n_a2_stack_control:U_15_STACK_CONTROL|stack7x16:U_STACK_CONTROL|mem[6][3]" lost all its fanouts during netlist optimizations.
    Info: Register "appendix_n_a2_stack_control:U_15_STACK_CONTROL|stack7x16:U_STACK_CONTROL|mem[6][4]" lost all its fanouts during netlist optimizations.
    Info: Register "appendix_n_a2_stack_control:U_15_STACK_CONTROL|stack7x16:U_STACK_CONTROL|mem[6][5]" lost all its fanouts during netlist optimizations.
    Info: Register "appendix_n_a2_stack_control:U_15_STACK_CONTROL|stack7x16:U_STACK_CONTROL|mem[6][6]" lost all its fanouts during netlist optimizations.
    Info: Register "appendix_n_a2_stack_control:U_15_STACK_CONTROL|stack7x16:U_STACK_CONTROL|mem[6][7]" lost all its fanouts during netlist optimizations.
    Info: Register "appendix_n_a2_stack_control:U_15_STACK_CONTROL|stack7x16:U_STACK_CONTROL|mem[6][8]" lost all its fanouts during netlist optimizations.
    Info: Register "appendix_n_a2_stack_control:U_15_STACK_CONTROL|stack7x16:U_STACK_CONTROL|mem[6][9]" lost all its fanouts during netlist optimizations.
    Info: Register "appendix_n_a2_stack_control:U_15_STACK_CONTROL|stack7x16:U_STACK_CONTROL|mem[6][10]" lost all its fanouts during netlist optimizations.
    Info: Register "appendix_n_a2_stack_control:U_15_STACK_CONTROL|stack7x16:U_STACK_CONTROL|mem[6][11]" lost all its fanouts during netlist optimizations.
    Info: Register "appendix_n_a2_stack_control:U_15_STACK_CONTROL|stack7x16:U_STACK_CONTROL|mem[6][12]" lost all its fanouts during netlist optimizations.
    Info: Register "appendix_n_a2_stack_control:U_15_STACK_CONTROL|stack7x16:U_STACK_CONTROL|mem[6][13]" lost all its fanouts during netlist optimizations.
    Info: Register "appendix_n_a2_stack_control:U_15_STACK_CONTROL|stack7x16:U_STACK_CONTROL|mem[6][14]" lost all its fanouts during netlist optimizations.
    Info: Register "appendix_n_a2_stack_control:U_15_STACK_CONTROL|stack7x16:U_STACK_CONTROL|mem[6][15]" lost all its fanouts during netlist optimizations.
    Info: Register "appendix_n_a2_stack_control:U_15_STACK_CONTROL|stack7x16:U_STACK_CONTROL|mem[5][0]" lost all its fanouts during netlist optimizations.
    Info: Register "appendix_n_a2_stack_control:U_15_STACK_CONTROL|stack7x16:U_STACK_CONTROL|mem[5][1]" lost all its fanouts during netlist optimizations.
    Info: Register "appendix_n_a2_stack_control:U_15_STACK_CONTROL|stack7x16:U_STACK_CONTROL|mem[5][2]" lost all its fanouts during netlist optimizations.
    Info: Register "appendix_n_a2_stack_control:U_15_STACK_CONTROL|stack7x16:U_STACK_CONTROL|mem[5][3]" lost all its fanouts during netlist optimizations.
    Info: Register "appendix_n_a2_stack_control:U_15_STACK_CONTROL|stack7x16:U_STACK_CONTROL|mem[5][4]" lost all its fanouts during netlist optimizations.
    Info: Register "appendix_n_a2_stack_control:U_15_STACK_CONTROL|stack7x16:U_STACK_CONTROL|mem[5][5]" lost all its fanouts during netlist optimizations.
    Info: Register "appendix_n_a2_stack_control:U_15_STACK_CONTROL|stack7x16:U_STACK_CONTROL|mem[5][6]" lost all its fanouts during netlist optimizations.
    Info: Register "appendix_n_a2_stack_control:U_15_STACK_CONTROL|stack7x16:U_STACK_CONTROL|mem[5][7]" lost all its fanouts during netlist optimizations.
    Info: Register "appendix_n_a2_stack_control:U_15_STACK_CONTROL|stack7x16:U_STACK_CONTROL|mem[5][8]" lost all its fanouts during netlist optimizations.
    Info: Register "appendix_n_a2_stack_control:U_15_STACK_CONTROL|stack7x16:U_STACK_CONTROL|mem[5][9]" lost all its fanouts during netlist optimizations.
    Info: Register "appendix_n_a2_stack_control:U_15_STACK_CONTROL|stack7x16:U_STACK_CONTROL|mem[5][10]" lost all its fanouts during netlist optimizations.
    Info: Register "appendix_n_a2_stack_control:U_15_STACK_CONTROL|stack7x16:U_STACK_CONTROL|mem[5][11]" lost all its fanouts during netlist optimizations.
    Info: Register "appendix_n_a2_stack_control:U_15_STACK_CONTROL|stack7x16:U_STACK_CONTROL|mem[5][12]" lost all its fanouts during netlist optimizations.
    Info: Register "appendix_n_a2_stack_control:U_15_STACK_CONTROL|stack7x16:U_STACK_CONTROL|mem[5][13]" lost all its fanouts during netlist optimizations.
    Info: Register "appendix_n_a2_stack_control:U_15_STACK_CONTROL|stack7x16:U_STACK_CONTROL|mem[5][14]" lost all its fanouts during netlist optimizations.
    Info: Register "appendix_n_a2_stack_control:U_15_STACK_CONTROL|stack7x16:U_STACK_CONTROL|mem[5][15]" lost all its fanouts during netlist optimizations.
    Info: Register "appendix_n_a2_stack_control:U_15_STACK_CONTROL|stack7x16:U_STACK_CONTROL|mem[4][0]" lost all its fanouts during netlist optimizations.
    Info: Register "appendix_n_a2_stack_control:U_15_STACK_CONTROL|stack7x16:U_STACK_CONTROL|mem[4][1]" lost all its fanouts during netlist optimizations.
    Info: Register "appendix_n_a2_stack_control:U_15_STACK_CONTROL|stack7x16:U_STACK_CONTROL|mem[4][2]" lost all its fanouts during netlist optimizations.
    Info: Register "appendix_n_a2_stack_control:U_15_STACK_CONTROL|stack7x16:U_STACK_CONTROL|mem[4][3]" lost all its fanouts during netlist optimizations.
    Info: Register "appendix_n_a2_stack_control:U_15_STACK_CONTROL|stack7x16:U_STACK_CONTROL|mem[4][4]" lost all its fanouts during netlist optimizations.
    Info: Register "appendix_n_a2_stack_control:U_15_STACK_CONTROL|stack7x16:U_STACK_CONTROL|mem[4][5]" lost all its fanouts during netlist optimizations.
    Info: Register "appendix_n_a2_stack_control:U_15_STACK_CONTROL|stack7x16:U_STACK_CONTROL|mem[4][6]" lost all its fanouts during netlist optimizations.
    Info: Register "appendix_n_a2_stack_control:U_15_STACK_CONTROL|stack7x16:U_STACK_CONTROL|mem[4][7]" lost all its fanouts during netlist optimizations.
    Info: Register "appendix_n_a2_stack_control:U_15_STACK_CONTROL|stack7x16:U_STACK_CONTROL|mem[4][8]" lost all its fanouts during netlist optimizations.
    Info: Register "appendix_n_a2_stack_control:U_15_STACK_CONTROL|stack7x16:U_STACK_CONTROL|mem[4][9]" lost all its fanouts during netlist optimizations.
    Info: Register "appendix_n_a2_stack_control:U_15_STACK_CONTROL|stack7x16:U_STACK_CONTROL|mem[4][10]" lost all its fanouts during netlist optimizations.
    Info: Register "appendix_n_a2_stack_control:U_15_STACK_CONTROL|stack7x16:U_STACK_CONTROL|mem[4][11]" lost all its fanouts during netlist optimizations.
    Info: Register "appendix_n_a2_stack_control:U_15_STACK_CONTROL|stack7x16:U_STACK_CONTROL|mem[4][12]" lost all its fanouts during netlist optimizations.
    Info: Register "appendix_n_a2_stack_control:U_15_STACK_CONTROL|stack7x16:U_STACK_CONTROL|mem[4][13]" lost all its fanouts during netlist optimizations.
    Info: Register "appendix_n_a2_stack_control:U_15_STACK_CONTROL|stack7x16:U_STACK_CONTROL|mem[4][14]" lost all its fanouts during netlist optimizations.
    Info: Register "appendix_n_a2_stack_control:U_15_STACK_CONTROL|stack7x16:U_STACK_CONTROL|mem[4][15]" lost all its fanouts during netlist optimizations.
    Info: Register "appendix_n_a2_stack_control:U_15_STACK_CONTROL|stack7x16:U_STACK_CONTROL|mem[3][0]" lost all its fanouts during netlist optimizations.
    Info: Register "appendix_n_a2_stack_control:U_15_STACK_CONTROL|stack7x16:U_STACK_CONTROL|mem[3][1]" lost all its fanouts during netlist optimizations.
    Info: Register "appendix_n_a2_stack_control:U_15_STACK_CONTROL|stack7x16:U_STACK_CONTROL|mem[3][2]" lost all its fanouts during netlist optimizations.
    Info: Register "appendix_n_a2_stack_control:U_15_STACK_CONTROL|stack7x16:U_STACK_CONTROL|mem[3][3]" lost all its fanouts during netlist optimizations.
    Info: Register "appendix_n_a2_stack_control:U_15_STACK_CONTROL|stack7x16:U_STACK_CONTROL|mem[3][4]" lost all its fanouts during netlist optimizations.
    Info: Register "appendix_n_a2_stack_control:U_15_STACK_CONTROL|stack7x16:U_STACK_CONTROL|mem[3][5]" lost all its fanouts during netlist optimizations.
    Info: Register "appendix_n_a2_stack_control:U_15_STACK_CONTROL|stack7x16:U_STACK_CONTROL|mem[3][6]" lost all its fanouts during netlist optimizations.
    Info: Register "appendix_n_a2_stack_control:U_15_STACK_CONTROL|stack7x16:U_STACK_CONTROL|mem[3][7]" lost all its fanouts during netlist optimizations.
    Info: Register "appendix_n_a2_stack_control:U_15_STACK_CONTROL|stack7x16:U_STACK_CONTROL|mem[3][8]" lost all its fanouts during netlist optimizations.
    Info: Register "appendix_n_a2_stack_control:U_15_STACK_CONTROL|stack7x16:U_STACK_CONTROL|mem[3][9]" lost all its fanouts during netlist optimizations.
    Info: Register "appendix_n_a2_stack_control:U_15_STACK_CONTROL|stack7x16:U_STACK_CONTROL|mem[3][10]" lost all its fanouts during netlist optimizations.
    Info: Register "appendix_n_a2_stack_control:U_15_STACK_CONTROL|stack7x16:U_STACK_CONTROL|mem[3][11]" lost all its fanouts during netlist optimizations.
    Info: Register "appendix_n_a2_stack_control:U_15_STACK_CONTROL|stack7x16:U_STACK_CONTROL|mem[3][12]" lost all its fanouts during netlist optimizations.
    Info: Register "appendix_n_a2_stack_control:U_15_STACK_CONTROL|stack7x16:U_STACK_CONTROL|mem[3][13]" lost all its fanouts during netlist optimizations.
    Info: Register "appendix_n_a2_stack_control:U_15_STACK_CONTROL|stack7x16:U_STACK_CONTROL|mem[3][14]" lost all its fanouts during netlist optimizations.
    Info: Register "appendix_n_a2_stack_control:U_15_STACK_CONTROL|stack7x16:U_STACK_CONTROL|mem[3][15]" lost all its fanouts during netlist optimizations.
    Info: Register "appendix_n_a2_stack_control:U_15_STACK_CONTROL|stack7x16:U_STACK_CONTROL|mem[2][0]" lost all its fanouts during netlist optimizations.
    Info: Register "appendix_n_a2_stack_control:U_15_STACK_CONTROL|stack7x16:U_STACK_CONTROL|mem[2][1]" lost all its fanouts during netlist optimizations.
    Info: Register "appendix_n_a2_stack_control:U_15_STACK_CONTROL|stack7x16:U_STACK_CONTROL|mem[2][2]" lost all its fanouts during netlist optimizations.
    Info: Register "appendix_n_a2_stack_control:U_15_STACK_CONTROL|stack7x16:U_STACK_CONTROL|mem[2][3]" lost all its fanouts during netlist optimizations.
    Info: Register "appendix_n_a2_stack_control:U_15_STACK_CONTROL|stack7x16:U_STACK_CONTROL|mem[2][4]" lost all its fanouts during netlist optimizations.
    Info: Register "appendix_n_a2_stack_control:U_15_STACK_CONTROL|stack7x16:U_STACK_CONTROL|mem[2][5]" lost all its fanouts during netlist optimizations.
    Info: Register "appendix_n_a2_stack_control:U_15_STACK_CONTROL|stack7x16:U_STACK_CONTROL|mem[2][6]" lost all its fanouts during netlist optimizations.
    Info: Register "appendix_n_a2_stack_control:U_15_STACK_CONTROL|stack7x16:U_STACK_CONTROL|mem[2][7]" lost all its fanouts during netlist optimizations.
    Info: Register "appendix_n_a2_stack_control:U_15_STACK_CONTROL|stack7x16:U_STACK_CONTROL|mem[2][8]" lost all its fanouts during netlist optimizations.
    Info: Register "appendix_n_a2_stack_control:U_15_STACK_CONTROL|stack7x16:U_STACK_CONTROL|mem[2][9]" lost all its fanouts during netlist optimizations.
    Info: Register "appendix_n_a2_stack_control:U_15_STACK_CONTROL|stack7x16:U_STACK_CONTROL|mem[2][10]" lost all its fanouts during netlist optimizations.
    Info: Register "appendix_n_a2_stack_control:U_15_STACK_CONTROL|stack7x16:U_STACK_CONTROL|mem[2][11]" lost all its fanouts during netlist optimizations.
    Info: Register "appendix_n_a2_stack_control:U_15_STACK_CONTROL|stack7x16:U_STACK_CONTROL|mem[2][12]" lost all its fanouts during netlist optimizations.
    Info: Register "appendix_n_a2_stack_control:U_15_STACK_CONTROL|stack7x16:U_STACK_CONTROL|mem[2][13]" lost all its fanouts during netlist optimizations.
    Info: Register "appendix_n_a2_stack_control:U_15_STACK_CONTROL|stack7x16:U_STACK_CONTROL|mem[2][14]" lost all its fanouts during netlist optimizations.
    Info: Register "appendix_n_a2_stack_control:U_15_STACK_CONTROL|stack7x16:U_STACK_CONTROL|mem[2][15]" lost all its fanouts during netlist optimizations.
    Info: Register "appendix_n_a2_stack_control:U_15_STACK_CONTROL|stack7x16:U_STACK_CONTROL|mem[1][0]" lost all its fanouts during netlist optimizations.
    Info: Register "appendix_n_a2_stack_control:U_15_STACK_CONTROL|stack7x16:U_STACK_CONTROL|mem[1][1]" lost all its fanouts during netlist optimizations.
    Info: Register "appendix_n_a2_stack_control:U_15_STACK_CONTROL|stack7x16:U_STACK_CONTROL|mem[1][2]" lost all its fanouts during netlist optimizations.
    Info: Register "appendix_n_a2_stack_control:U_15_STACK_CONTROL|stack7x16:U_STACK_CONTROL|mem[1][3]" lost all its fanouts during netlist optimizations.
    Info: Register "appendix_n_a2_stack_control:U_15_STACK_CONTROL|stack7x16:U_STACK_CONTROL|mem[1][4]" lost all its fanouts during netlist optimizations.
    Info: Register "appendix_n_a2_stack_control:U_15_STACK_CONTROL|stack7x16:U_STACK_CONTROL|mem[1][5]" lost all its fanouts during netlist optimizations.
    Info: Register "appendix_n_a2_stack_control:U_15_STACK_CONTROL|stack7x16:U_STACK_CONTROL|mem[1][6]" lost all its fanouts during netlist optimizations.
    Info: Register "appendix_n_a2_stack_control:U_15_STACK_CONTROL|stack7x16:U_STACK_CONTROL|mem[1][7]" lost all its fanouts during netlist optimizations.
    Info: Register "appendix_n_a2_stack_control:U_15_STACK_CONTROL|stack7x16:U_STACK_CONTROL|mem[1][8]" lost all its fanouts during netlist optimizations.
    Info: Register "appendix_n_a2_stack_control:U_15_STACK_CONTROL|stack7x16:U_STACK_CONTROL|mem[1][9]" lost all its fanouts during netlist optimizations.
    Info: Register "appendix_n_a2_stack_control:U_15_STACK_CONTROL|stack7x16:U_STACK_CONTROL|mem[1][10]" lost all its fanouts during netlist optimizations.
    Info: Register "appendix_n_a2_stack_control:U_15_STACK_CONTROL|stack7x16:U_STACK_CONTROL|mem[1][11]" lost all its fanouts during netlist optimizations.
    Info: Register "appendix_n_a2_stack_control:U_15_STACK_CONTROL|stack7x16:U_STACK_CONTROL|mem[1][12]" lost all its fanouts during netlist optimizations.
    Info: Register "appendix_n_a2_stack_control:U_15_STACK_CONTROL|stack7x16:U_STACK_CONTROL|mem[1][13]" lost all its fanouts during netlist optimizations.
    Info: Register "appendix_n_a2_stack_control:U_15_STACK_CONTROL|stack7x16:U_STACK_CONTROL|mem[1][14]" lost all its fanouts during netlist optimizations.
    Info: Register "appendix_n_a2_stack_control:U_15_STACK_CONTROL|stack7x16:U_STACK_CONTROL|mem[1][15]" lost all its fanouts during netlist optimizations.
    Info: Register "appendix_n_a2_stack_control:U_15_STACK_CONTROL|stack7x16:U_STACK_CONTROL|mem[0][0]" lost all its fanouts during netlist optimizations.
    Info: Register "appendix_n_a2_stack_control:U_15_STACK_CONTROL|stack7x16:U_STACK_CONTROL|mem[0][1]" lost all its fanouts during netlist optimizations.
    Info: Register "appendix_n_a2_stack_control:U_15_STACK_CONTROL|stack7x16:U_STACK_CONTROL|mem[0][2]" lost all its fanouts during netlist optimizations.
    Info: Register "appendix_n_a2_stack_control:U_15_STACK_CONTROL|stack7x16:U_STACK_CONTROL|mem[0][3]" lost all its fanouts during netlist optimizations.
    Info: List truncated at 100 items
Info: Removed 7 MSB VCC or GND address nodes from RAM block "appendix_n_a2_memory:U_23_MEMORY|ram_sync:U_MEMORY|altsyncram:mem_rtl_0|altsyncram_0q91:auto_generated|ALTSYNCRAM"
Info: Implemented 4904 device resources after synthesis - the final resource count might be different
    Info: Implemented 43 input pins
    Info: Implemented 432 output pins
    Info: Implemented 4402 logic cells
    Info: Implemented 27 RAM segments
Info: Quartus II Analysis & Synthesis was successful. 0 errors, 260 warnings
    Info: Peak virtual memory: 272 megabytes
    Info: Processing ended: Thu May 21 21:29:01 2026
    Info: Elapsed time: 00:00:26
    Info: Total CPU time (on all processors): 00:00:26


