Simulator report for lab6_stack
Sun May 17 15:33:10 2026
Quartus II Version 9.1 Build 222 10/21/2009 SJ Web Edition


---------------------
; Table of Contents ;
---------------------
  1. Legal Notice
  2. Simulator Summary
  3. Simulator Settings
  4. Simulation Waveforms
  5. Coverage Summary
  6. Complete 1/0-Value Coverage
  7. Missing 1-Value Coverage
  8. Missing 0-Value Coverage
  9. Simulator INI Usage
 10. Simulator Messages



----------------
; Legal Notice ;
----------------
Copyright (C) 1991-2009 Altera Corporation
Your use of Altera Corporation's design tools, logic functions 
and other software and tools, and its AMPP partner logic 
functions, and any output files from any of the foregoing 
(including device programming or simulation files), and any 
associated documentation or information are expressly subject 
to the terms and conditions of the Altera Program License 
Subscription Agreement, Altera MegaCore Function License 
Agreement, or other applicable license agreement, including, 
without limitation, that your use is for the sole purpose of 
programming logic devices manufactured by Altera and sold by 
Altera or its authorized distributors.  Please refer to the 
applicable agreement for further details.



+--------------------------------------------+
; Simulator Summary                          ;
+-----------------------------+--------------+
; Type                        ; Value        ;
+-----------------------------+--------------+
; Simulation Start Time       ; 0 ps         ;
; Simulation End Time         ; 220.0 ns     ;
; Simulation Netlist Size     ; 1353 nodes   ;
; Simulation Coverage         ;      68.44 % ;
; Total Number of Transitions ; 6570         ;
; Simulation Breakpoints      ; 0            ;
; Family                      ; Stratix II   ;
+-----------------------------+--------------+


+--------------------------------------------------------------------------------------------------------------------------------------------+
; Simulator Settings                                                                                                                         ;
+--------------------------------------------------------------------------------------------+-------------------------------+---------------+
; Option                                                                                     ; Setting                       ; Default Value ;
+--------------------------------------------------------------------------------------------+-------------------------------+---------------+
; Simulation mode                                                                            ; Functional                    ; Timing        ;
; Start time                                                                                 ; 0 ns                          ; 0 ns          ;
; Simulation results format                                                                  ; VCD                           ;               ;
; Vector input source                                                                        ; lab6_stack_wave_prefilled.vwf ;               ;
; Add pins automatically to simulation output waveforms                                      ; On                            ; On            ;
; Check outputs                                                                              ; Off                           ; Off           ;
; Report simulation coverage                                                                 ; On                            ; On            ;
; Display complete 1/0 value coverage report                                                 ; On                            ; On            ;
; Display missing 1-value coverage report                                                    ; On                            ; On            ;
; Display missing 0-value coverage report                                                    ; On                            ; On            ;
; Detect setup and hold time violations                                                      ; Off                           ; Off           ;
; Detect glitches                                                                            ; Off                           ; Off           ;
; Disable timing delays in Timing Simulation                                                 ; Off                           ; Off           ;
; Generate Signal Activity File                                                              ; Off                           ; Off           ;
; Generate VCD File for PowerPlay Power Analyzer                                             ; Off                           ; Off           ;
; Group bus channels in simulation results                                                   ; Off                           ; Off           ;
; Preserve fewer signal transitions to reduce memory requirements                            ; On                            ; On            ;
; Trigger vector comparison with the specified mode                                          ; INPUT_EDGE                    ; INPUT_EDGE    ;
; Disable setup and hold time violations detection in input registers of bi-directional pins ; Off                           ; Off           ;
; Overwrite Waveform Inputs With Simulation Outputs                                          ; Off                           ;               ;
; Perform Glitch Filtering in Timing Simulation                                              ; Auto                          ; Auto          ;
+--------------------------------------------------------------------------------------------+-------------------------------+---------------+


+----------------------+
; Simulation Waveforms ;
+----------------------+
Waveform report data cannot be output to ASCII.
Please use Quartus II to view the waveform report data.


+--------------------------------------------------------------------+
; Coverage Summary                                                   ;
+-----------------------------------------------------+--------------+
; Type                                                ; Value        ;
+-----------------------------------------------------+--------------+
; Total coverage as a percentage                      ;      68.44 % ;
; Total nodes checked                                 ; 1353         ;
; Total output ports checked                          ; 1353         ;
; Total output ports with complete 1/0-value coverage ; 926          ;
; Total output ports with no 1/0-value coverage       ; 296          ;
; Total output ports with no 1-value coverage         ; 297          ;
; Total output ports with no 0-value coverage         ; 426          ;
+-----------------------------------------------------+--------------+


The following table displays output ports that toggle between 1 and 0 during simulation.
+----------------------------------------------------------------------------------------------------------------------------------------------------------------------------------------------------------------------------------------------------------------------------------------------------+
; Complete 1/0-Value Coverage                                                                                                                                                                                                                                                                        ;
+----------------------------------------------------------------------------------------------------------------------------------------+----------------------------------------------------------------------------------------------------------------------------------------+------------------+
; Node Name                                                                                                                              ; Output Port Name                                                                                                                       ; Output Port Type ;
+----------------------------------------------------------------------------------------------------------------------------------------+----------------------------------------------------------------------------------------------------------------------------------------+------------------+
; |lab6_stack_rtl_view_top|clock_i                                                                                                       ; |lab6_stack_rtl_view_top|clock_i                                                                                                       ; out              ;
; |lab6_stack_rtl_view_top|stack_command_idle_push_pop_i[0]                                                                              ; |lab6_stack_rtl_view_top|stack_command_idle_push_pop_i[0]                                                                              ; out              ;
; |lab6_stack_rtl_view_top|stack_command_idle_push_pop_i[1]                                                                              ; |lab6_stack_rtl_view_top|stack_command_idle_push_pop_i[1]                                                                              ; out              ;
; |lab6_stack_rtl_view_top|data_from_register_file_i[0]                                                                                  ; |lab6_stack_rtl_view_top|data_from_register_file_i[0]                                                                                  ; out              ;
; |lab6_stack_rtl_view_top|data_from_register_file_i[1]                                                                                  ; |lab6_stack_rtl_view_top|data_from_register_file_i[1]                                                                                  ; out              ;
; |lab6_stack_rtl_view_top|data_from_register_file_i[2]                                                                                  ; |lab6_stack_rtl_view_top|data_from_register_file_i[2]                                                                                  ; out              ;
; |lab6_stack_rtl_view_top|data_from_register_file_i[4]                                                                                  ; |lab6_stack_rtl_view_top|data_from_register_file_i[4]                                                                                  ; out              ;
; |lab6_stack_rtl_view_top|data_from_register_file_i[5]                                                                                  ; |lab6_stack_rtl_view_top|data_from_register_file_i[5]                                                                                  ; out              ;
; |lab6_stack_rtl_view_top|data_from_register_file_i[6]                                                                                  ; |lab6_stack_rtl_view_top|data_from_register_file_i[6]                                                                                  ; out              ;
; |lab6_stack_rtl_view_top|data_from_register_file_i[8]                                                                                  ; |lab6_stack_rtl_view_top|data_from_register_file_i[8]                                                                                  ; out              ;
; |lab6_stack_rtl_view_top|data_from_register_file_i[9]                                                                                  ; |lab6_stack_rtl_view_top|data_from_register_file_i[9]                                                                                  ; out              ;
; |lab6_stack_rtl_view_top|data_from_register_file_i[10]                                                                                 ; |lab6_stack_rtl_view_top|data_from_register_file_i[10]                                                                                 ; out              ;
; |lab6_stack_rtl_view_top|data_from_register_file_i[12]                                                                                 ; |lab6_stack_rtl_view_top|data_from_register_file_i[12]                                                                                 ; out              ;
; |lab6_stack_rtl_view_top|data_from_register_file_i[13]                                                                                 ; |lab6_stack_rtl_view_top|data_from_register_file_i[13]                                                                                 ; out              ;
; |lab6_stack_rtl_view_top|data_from_register_file_i[14]                                                                                 ; |lab6_stack_rtl_view_top|data_from_register_file_i[14]                                                                                 ; out              ;
; |lab6_stack_rtl_view_top|data_popped_to_register_file_o[0]                                                                             ; |lab6_stack_rtl_view_top|data_popped_to_register_file_o[0]                                                                             ; pin_out          ;
; |lab6_stack_rtl_view_top|data_popped_to_register_file_o[1]                                                                             ; |lab6_stack_rtl_view_top|data_popped_to_register_file_o[1]                                                                             ; pin_out          ;
; |lab6_stack_rtl_view_top|data_popped_to_register_file_o[2]                                                                             ; |lab6_stack_rtl_view_top|data_popped_to_register_file_o[2]                                                                             ; pin_out          ;
; |lab6_stack_rtl_view_top|data_popped_to_register_file_o[3]                                                                             ; |lab6_stack_rtl_view_top|data_popped_to_register_file_o[3]                                                                             ; pin_out          ;
; |lab6_stack_rtl_view_top|data_popped_to_register_file_o[4]                                                                             ; |lab6_stack_rtl_view_top|data_popped_to_register_file_o[4]                                                                             ; pin_out          ;
; |lab6_stack_rtl_view_top|data_popped_to_register_file_o[5]                                                                             ; |lab6_stack_rtl_view_top|data_popped_to_register_file_o[5]                                                                             ; pin_out          ;
; |lab6_stack_rtl_view_top|data_popped_to_register_file_o[6]                                                                             ; |lab6_stack_rtl_view_top|data_popped_to_register_file_o[6]                                                                             ; pin_out          ;
; |lab6_stack_rtl_view_top|data_popped_to_register_file_o[8]                                                                             ; |lab6_stack_rtl_view_top|data_popped_to_register_file_o[8]                                                                             ; pin_out          ;
; |lab6_stack_rtl_view_top|data_popped_to_register_file_o[9]                                                                             ; |lab6_stack_rtl_view_top|data_popped_to_register_file_o[9]                                                                             ; pin_out          ;
; |lab6_stack_rtl_view_top|data_popped_to_register_file_o[10]                                                                            ; |lab6_stack_rtl_view_top|data_popped_to_register_file_o[10]                                                                            ; pin_out          ;
; |lab6_stack_rtl_view_top|data_popped_to_register_file_o[12]                                                                            ; |lab6_stack_rtl_view_top|data_popped_to_register_file_o[12]                                                                            ; pin_out          ;
; |lab6_stack_rtl_view_top|data_popped_to_register_file_o[13]                                                                            ; |lab6_stack_rtl_view_top|data_popped_to_register_file_o[13]                                                                            ; pin_out          ;
; |lab6_stack_rtl_view_top|data_popped_to_register_file_o[14]                                                                            ; |lab6_stack_rtl_view_top|data_popped_to_register_file_o[14]                                                                            ; pin_out          ;
; |lab6_stack_rtl_view_top|stack_pointer_current_value_o[0]                                                                              ; |lab6_stack_rtl_view_top|stack_pointer_current_value_o[0]                                                                              ; pin_out          ;
; |lab6_stack_rtl_view_top|stack_pointer_current_value_o[1]                                                                              ; |lab6_stack_rtl_view_top|stack_pointer_current_value_o[1]                                                                              ; pin_out          ;
; |lab6_stack_rtl_view_top|stack_pointer_current_value_o[2]                                                                              ; |lab6_stack_rtl_view_top|stack_pointer_current_value_o[2]                                                                              ; pin_out          ;
; |lab6_stack_rtl_view_top|status_stack_empty_o                                                                                          ; |lab6_stack_rtl_view_top|status_stack_empty_o                                                                                          ; pin_out          ;
; |lab6_stack_rtl_view_top|status_stack_full_o                                                                                           ; |lab6_stack_rtl_view_top|status_stack_full_o                                                                                           ; pin_out          ;
; |lab6_stack_rtl_view_top|error_push_to_full_stack_o                                                                                    ; |lab6_stack_rtl_view_top|error_push_to_full_stack_o                                                                                    ; pin_out          ;
; |lab6_stack_rtl_view_top|error_pop_from_empty_stack_o                                                                                  ; |lab6_stack_rtl_view_top|error_pop_from_empty_stack_o                                                                                  ; pin_out          ;
; |lab6_stack_rtl_view_top|ctrl_push_enable_o                                                                                            ; |lab6_stack_rtl_view_top|ctrl_push_enable_o                                                                                            ; pin_out          ;
; |lab6_stack_rtl_view_top|ctrl_pop_enable_o                                                                                             ; |lab6_stack_rtl_view_top|ctrl_pop_enable_o                                                                                             ; pin_out          ;
; |lab6_stack_rtl_view_top|lab6_stack_top:U_STACK_SYSTEM|din_s[15]                                                                       ; |lab6_stack_rtl_view_top|lab6_stack_top:U_STACK_SYSTEM|din_s[15]                                                                       ; out              ;
; |lab6_stack_rtl_view_top|lab6_stack_top:U_STACK_SYSTEM|din_s[14]                                                                       ; |lab6_stack_rtl_view_top|lab6_stack_top:U_STACK_SYSTEM|din_s[14]                                                                       ; out              ;
; |lab6_stack_rtl_view_top|lab6_stack_top:U_STACK_SYSTEM|din_s[13]                                                                       ; |lab6_stack_rtl_view_top|lab6_stack_top:U_STACK_SYSTEM|din_s[13]                                                                       ; out              ;
; |lab6_stack_rtl_view_top|lab6_stack_top:U_STACK_SYSTEM|din_s[12]                                                                       ; |lab6_stack_rtl_view_top|lab6_stack_top:U_STACK_SYSTEM|din_s[12]                                                                       ; out              ;
; |lab6_stack_rtl_view_top|lab6_stack_top:U_STACK_SYSTEM|din_s[11]                                                                       ; |lab6_stack_rtl_view_top|lab6_stack_top:U_STACK_SYSTEM|din_s[11]                                                                       ; out              ;
; |lab6_stack_rtl_view_top|lab6_stack_top:U_STACK_SYSTEM|din_s[10]                                                                       ; |lab6_stack_rtl_view_top|lab6_stack_top:U_STACK_SYSTEM|din_s[10]                                                                       ; out              ;
; |lab6_stack_rtl_view_top|lab6_stack_top:U_STACK_SYSTEM|din_s[9]                                                                        ; |lab6_stack_rtl_view_top|lab6_stack_top:U_STACK_SYSTEM|din_s[9]                                                                        ; out              ;
; |lab6_stack_rtl_view_top|lab6_stack_top:U_STACK_SYSTEM|din_s[8]                                                                        ; |lab6_stack_rtl_view_top|lab6_stack_top:U_STACK_SYSTEM|din_s[8]                                                                        ; out              ;
; |lab6_stack_rtl_view_top|lab6_stack_top:U_STACK_SYSTEM|din_s[7]                                                                        ; |lab6_stack_rtl_view_top|lab6_stack_top:U_STACK_SYSTEM|din_s[7]                                                                        ; out              ;
; |lab6_stack_rtl_view_top|lab6_stack_top:U_STACK_SYSTEM|din_s[6]                                                                        ; |lab6_stack_rtl_view_top|lab6_stack_top:U_STACK_SYSTEM|din_s[6]                                                                        ; out              ;
; |lab6_stack_rtl_view_top|lab6_stack_top:U_STACK_SYSTEM|din_s[5]                                                                        ; |lab6_stack_rtl_view_top|lab6_stack_top:U_STACK_SYSTEM|din_s[5]                                                                        ; out              ;
; |lab6_stack_rtl_view_top|lab6_stack_top:U_STACK_SYSTEM|din_s[4]                                                                        ; |lab6_stack_rtl_view_top|lab6_stack_top:U_STACK_SYSTEM|din_s[4]                                                                        ; out              ;
; |lab6_stack_rtl_view_top|lab6_stack_top:U_STACK_SYSTEM|din_s[3]                                                                        ; |lab6_stack_rtl_view_top|lab6_stack_top:U_STACK_SYSTEM|din_s[3]                                                                        ; out              ;
; |lab6_stack_rtl_view_top|lab6_stack_top:U_STACK_SYSTEM|din_s[2]                                                                        ; |lab6_stack_rtl_view_top|lab6_stack_top:U_STACK_SYSTEM|din_s[2]                                                                        ; out              ;
; |lab6_stack_rtl_view_top|lab6_stack_top:U_STACK_SYSTEM|din_s[1]                                                                        ; |lab6_stack_rtl_view_top|lab6_stack_top:U_STACK_SYSTEM|din_s[1]                                                                        ; out              ;
; |lab6_stack_rtl_view_top|lab6_stack_top:U_STACK_SYSTEM|din_s[0]                                                                        ; |lab6_stack_rtl_view_top|lab6_stack_top:U_STACK_SYSTEM|din_s[0]                                                                        ; out              ;
; |lab6_stack_rtl_view_top|lab6_stack_top:U_STACK_SYSTEM|stack7x16:U_STACK|process_0~0                                                   ; |lab6_stack_rtl_view_top|lab6_stack_top:U_STACK_SYSTEM|stack7x16:U_STACK|process_0~0                                                   ; out0             ;
; |lab6_stack_rtl_view_top|lab6_stack_top:U_STACK_SYSTEM|stack7x16:U_STACK|mem_r~0                                                       ; |lab6_stack_rtl_view_top|lab6_stack_top:U_STACK_SYSTEM|stack7x16:U_STACK|mem_r~0                                                       ; out              ;
; |lab6_stack_rtl_view_top|lab6_stack_top:U_STACK_SYSTEM|stack7x16:U_STACK|mem_r~1                                                       ; |lab6_stack_rtl_view_top|lab6_stack_top:U_STACK_SYSTEM|stack7x16:U_STACK|mem_r~1                                                       ; out              ;
; |lab6_stack_rtl_view_top|lab6_stack_top:U_STACK_SYSTEM|stack7x16:U_STACK|mem_r~2                                                       ; |lab6_stack_rtl_view_top|lab6_stack_top:U_STACK_SYSTEM|stack7x16:U_STACK|mem_r~2                                                       ; out              ;
; |lab6_stack_rtl_view_top|lab6_stack_top:U_STACK_SYSTEM|stack7x16:U_STACK|mem_r~3                                                       ; |lab6_stack_rtl_view_top|lab6_stack_top:U_STACK_SYSTEM|stack7x16:U_STACK|mem_r~3                                                       ; out              ;
; |lab6_stack_rtl_view_top|lab6_stack_top:U_STACK_SYSTEM|stack7x16:U_STACK|mem_r~4                                                       ; |lab6_stack_rtl_view_top|lab6_stack_top:U_STACK_SYSTEM|stack7x16:U_STACK|mem_r~4                                                       ; out              ;
; |lab6_stack_rtl_view_top|lab6_stack_top:U_STACK_SYSTEM|stack7x16:U_STACK|mem_r~5                                                       ; |lab6_stack_rtl_view_top|lab6_stack_top:U_STACK_SYSTEM|stack7x16:U_STACK|mem_r~5                                                       ; out              ;
; |lab6_stack_rtl_view_top|lab6_stack_top:U_STACK_SYSTEM|stack7x16:U_STACK|mem_r~6                                                       ; |lab6_stack_rtl_view_top|lab6_stack_top:U_STACK_SYSTEM|stack7x16:U_STACK|mem_r~6                                                       ; out              ;
; |lab6_stack_rtl_view_top|lab6_stack_top:U_STACK_SYSTEM|stack7x16:U_STACK|mem_r~7                                                       ; |lab6_stack_rtl_view_top|lab6_stack_top:U_STACK_SYSTEM|stack7x16:U_STACK|mem_r~7                                                       ; out              ;
; |lab6_stack_rtl_view_top|lab6_stack_top:U_STACK_SYSTEM|stack7x16:U_STACK|mem_r~8                                                       ; |lab6_stack_rtl_view_top|lab6_stack_top:U_STACK_SYSTEM|stack7x16:U_STACK|mem_r~8                                                       ; out              ;
; |lab6_stack_rtl_view_top|lab6_stack_top:U_STACK_SYSTEM|stack7x16:U_STACK|mem_r~9                                                       ; |lab6_stack_rtl_view_top|lab6_stack_top:U_STACK_SYSTEM|stack7x16:U_STACK|mem_r~9                                                       ; out              ;
; |lab6_stack_rtl_view_top|lab6_stack_top:U_STACK_SYSTEM|stack7x16:U_STACK|mem_r~10                                                      ; |lab6_stack_rtl_view_top|lab6_stack_top:U_STACK_SYSTEM|stack7x16:U_STACK|mem_r~10                                                      ; out              ;
; |lab6_stack_rtl_view_top|lab6_stack_top:U_STACK_SYSTEM|stack7x16:U_STACK|mem_r~11                                                      ; |lab6_stack_rtl_view_top|lab6_stack_top:U_STACK_SYSTEM|stack7x16:U_STACK|mem_r~11                                                      ; out              ;
; |lab6_stack_rtl_view_top|lab6_stack_top:U_STACK_SYSTEM|stack7x16:U_STACK|mem_r~12                                                      ; |lab6_stack_rtl_view_top|lab6_stack_top:U_STACK_SYSTEM|stack7x16:U_STACK|mem_r~12                                                      ; out              ;
; |lab6_stack_rtl_view_top|lab6_stack_top:U_STACK_SYSTEM|stack7x16:U_STACK|mem_r~13                                                      ; |lab6_stack_rtl_view_top|lab6_stack_top:U_STACK_SYSTEM|stack7x16:U_STACK|mem_r~13                                                      ; out              ;
; |lab6_stack_rtl_view_top|lab6_stack_top:U_STACK_SYSTEM|stack7x16:U_STACK|mem_r~14                                                      ; |lab6_stack_rtl_view_top|lab6_stack_top:U_STACK_SYSTEM|stack7x16:U_STACK|mem_r~14                                                      ; out              ;
; |lab6_stack_rtl_view_top|lab6_stack_top:U_STACK_SYSTEM|stack7x16:U_STACK|mem_r~15                                                      ; |lab6_stack_rtl_view_top|lab6_stack_top:U_STACK_SYSTEM|stack7x16:U_STACK|mem_r~15                                                      ; out              ;
; |lab6_stack_rtl_view_top|lab6_stack_top:U_STACK_SYSTEM|stack7x16:U_STACK|mem_r~16                                                      ; |lab6_stack_rtl_view_top|lab6_stack_top:U_STACK_SYSTEM|stack7x16:U_STACK|mem_r~16                                                      ; out              ;
; |lab6_stack_rtl_view_top|lab6_stack_top:U_STACK_SYSTEM|stack7x16:U_STACK|mem_r~17                                                      ; |lab6_stack_rtl_view_top|lab6_stack_top:U_STACK_SYSTEM|stack7x16:U_STACK|mem_r~17                                                      ; out              ;
; |lab6_stack_rtl_view_top|lab6_stack_top:U_STACK_SYSTEM|stack7x16:U_STACK|mem_r~18                                                      ; |lab6_stack_rtl_view_top|lab6_stack_top:U_STACK_SYSTEM|stack7x16:U_STACK|mem_r~18                                                      ; out              ;
; |lab6_stack_rtl_view_top|lab6_stack_top:U_STACK_SYSTEM|stack7x16:U_STACK|mem_r~19                                                      ; |lab6_stack_rtl_view_top|lab6_stack_top:U_STACK_SYSTEM|stack7x16:U_STACK|mem_r~19                                                      ; out              ;
; |lab6_stack_rtl_view_top|lab6_stack_top:U_STACK_SYSTEM|stack7x16:U_STACK|mem_r~20                                                      ; |lab6_stack_rtl_view_top|lab6_stack_top:U_STACK_SYSTEM|stack7x16:U_STACK|mem_r~20                                                      ; out              ;
; |lab6_stack_rtl_view_top|lab6_stack_top:U_STACK_SYSTEM|stack7x16:U_STACK|mem_r~21                                                      ; |lab6_stack_rtl_view_top|lab6_stack_top:U_STACK_SYSTEM|stack7x16:U_STACK|mem_r~21                                                      ; out              ;
; |lab6_stack_rtl_view_top|lab6_stack_top:U_STACK_SYSTEM|stack7x16:U_STACK|mem_r~22                                                      ; |lab6_stack_rtl_view_top|lab6_stack_top:U_STACK_SYSTEM|stack7x16:U_STACK|mem_r~22                                                      ; out              ;
; |lab6_stack_rtl_view_top|lab6_stack_top:U_STACK_SYSTEM|stack7x16:U_STACK|mem_r~23                                                      ; |lab6_stack_rtl_view_top|lab6_stack_top:U_STACK_SYSTEM|stack7x16:U_STACK|mem_r~23                                                      ; out              ;
; |lab6_stack_rtl_view_top|lab6_stack_top:U_STACK_SYSTEM|stack7x16:U_STACK|mem_r~24                                                      ; |lab6_stack_rtl_view_top|lab6_stack_top:U_STACK_SYSTEM|stack7x16:U_STACK|mem_r~24                                                      ; out              ;
; |lab6_stack_rtl_view_top|lab6_stack_top:U_STACK_SYSTEM|stack7x16:U_STACK|mem_r~25                                                      ; |lab6_stack_rtl_view_top|lab6_stack_top:U_STACK_SYSTEM|stack7x16:U_STACK|mem_r~25                                                      ; out              ;
; |lab6_stack_rtl_view_top|lab6_stack_top:U_STACK_SYSTEM|stack7x16:U_STACK|mem_r~26                                                      ; |lab6_stack_rtl_view_top|lab6_stack_top:U_STACK_SYSTEM|stack7x16:U_STACK|mem_r~26                                                      ; out              ;
; |lab6_stack_rtl_view_top|lab6_stack_top:U_STACK_SYSTEM|stack7x16:U_STACK|mem_r~27                                                      ; |lab6_stack_rtl_view_top|lab6_stack_top:U_STACK_SYSTEM|stack7x16:U_STACK|mem_r~27                                                      ; out              ;
; |lab6_stack_rtl_view_top|lab6_stack_top:U_STACK_SYSTEM|stack7x16:U_STACK|mem_r~28                                                      ; |lab6_stack_rtl_view_top|lab6_stack_top:U_STACK_SYSTEM|stack7x16:U_STACK|mem_r~28                                                      ; out              ;
; |lab6_stack_rtl_view_top|lab6_stack_top:U_STACK_SYSTEM|stack7x16:U_STACK|mem_r~29                                                      ; |lab6_stack_rtl_view_top|lab6_stack_top:U_STACK_SYSTEM|stack7x16:U_STACK|mem_r~29                                                      ; out              ;
; |lab6_stack_rtl_view_top|lab6_stack_top:U_STACK_SYSTEM|stack7x16:U_STACK|mem_r~30                                                      ; |lab6_stack_rtl_view_top|lab6_stack_top:U_STACK_SYSTEM|stack7x16:U_STACK|mem_r~30                                                      ; out              ;
; |lab6_stack_rtl_view_top|lab6_stack_top:U_STACK_SYSTEM|stack7x16:U_STACK|mem_r~31                                                      ; |lab6_stack_rtl_view_top|lab6_stack_top:U_STACK_SYSTEM|stack7x16:U_STACK|mem_r~31                                                      ; out              ;
; |lab6_stack_rtl_view_top|lab6_stack_top:U_STACK_SYSTEM|stack7x16:U_STACK|mem_r~32                                                      ; |lab6_stack_rtl_view_top|lab6_stack_top:U_STACK_SYSTEM|stack7x16:U_STACK|mem_r~32                                                      ; out              ;
; |lab6_stack_rtl_view_top|lab6_stack_top:U_STACK_SYSTEM|stack7x16:U_STACK|mem_r~33                                                      ; |lab6_stack_rtl_view_top|lab6_stack_top:U_STACK_SYSTEM|stack7x16:U_STACK|mem_r~33                                                      ; out              ;
; |lab6_stack_rtl_view_top|lab6_stack_top:U_STACK_SYSTEM|stack7x16:U_STACK|mem_r~34                                                      ; |lab6_stack_rtl_view_top|lab6_stack_top:U_STACK_SYSTEM|stack7x16:U_STACK|mem_r~34                                                      ; out              ;
; |lab6_stack_rtl_view_top|lab6_stack_top:U_STACK_SYSTEM|stack7x16:U_STACK|mem_r~35                                                      ; |lab6_stack_rtl_view_top|lab6_stack_top:U_STACK_SYSTEM|stack7x16:U_STACK|mem_r~35                                                      ; out              ;
; |lab6_stack_rtl_view_top|lab6_stack_top:U_STACK_SYSTEM|stack7x16:U_STACK|mem_r~36                                                      ; |lab6_stack_rtl_view_top|lab6_stack_top:U_STACK_SYSTEM|stack7x16:U_STACK|mem_r~36                                                      ; out              ;
; |lab6_stack_rtl_view_top|lab6_stack_top:U_STACK_SYSTEM|stack7x16:U_STACK|mem_r~37                                                      ; |lab6_stack_rtl_view_top|lab6_stack_top:U_STACK_SYSTEM|stack7x16:U_STACK|mem_r~37                                                      ; out              ;
; |lab6_stack_rtl_view_top|lab6_stack_top:U_STACK_SYSTEM|stack7x16:U_STACK|mem_r~38                                                      ; |lab6_stack_rtl_view_top|lab6_stack_top:U_STACK_SYSTEM|stack7x16:U_STACK|mem_r~38                                                      ; out              ;
; |lab6_stack_rtl_view_top|lab6_stack_top:U_STACK_SYSTEM|stack7x16:U_STACK|mem_r~39                                                      ; |lab6_stack_rtl_view_top|lab6_stack_top:U_STACK_SYSTEM|stack7x16:U_STACK|mem_r~39                                                      ; out              ;
; |lab6_stack_rtl_view_top|lab6_stack_top:U_STACK_SYSTEM|stack7x16:U_STACK|mem_r~40                                                      ; |lab6_stack_rtl_view_top|lab6_stack_top:U_STACK_SYSTEM|stack7x16:U_STACK|mem_r~40                                                      ; out              ;
; |lab6_stack_rtl_view_top|lab6_stack_top:U_STACK_SYSTEM|stack7x16:U_STACK|mem_r~41                                                      ; |lab6_stack_rtl_view_top|lab6_stack_top:U_STACK_SYSTEM|stack7x16:U_STACK|mem_r~41                                                      ; out              ;
; |lab6_stack_rtl_view_top|lab6_stack_top:U_STACK_SYSTEM|stack7x16:U_STACK|mem_r~42                                                      ; |lab6_stack_rtl_view_top|lab6_stack_top:U_STACK_SYSTEM|stack7x16:U_STACK|mem_r~42                                                      ; out              ;
; |lab6_stack_rtl_view_top|lab6_stack_top:U_STACK_SYSTEM|stack7x16:U_STACK|mem_r~43                                                      ; |lab6_stack_rtl_view_top|lab6_stack_top:U_STACK_SYSTEM|stack7x16:U_STACK|mem_r~43                                                      ; out              ;
; |lab6_stack_rtl_view_top|lab6_stack_top:U_STACK_SYSTEM|stack7x16:U_STACK|mem_r~44                                                      ; |lab6_stack_rtl_view_top|lab6_stack_top:U_STACK_SYSTEM|stack7x16:U_STACK|mem_r~44                                                      ; out              ;
; |lab6_stack_rtl_view_top|lab6_stack_top:U_STACK_SYSTEM|stack7x16:U_STACK|mem_r~45                                                      ; |lab6_stack_rtl_view_top|lab6_stack_top:U_STACK_SYSTEM|stack7x16:U_STACK|mem_r~45                                                      ; out              ;
; |lab6_stack_rtl_view_top|lab6_stack_top:U_STACK_SYSTEM|stack7x16:U_STACK|mem_r~46                                                      ; |lab6_stack_rtl_view_top|lab6_stack_top:U_STACK_SYSTEM|stack7x16:U_STACK|mem_r~46                                                      ; out              ;
; |lab6_stack_rtl_view_top|lab6_stack_top:U_STACK_SYSTEM|stack7x16:U_STACK|mem_r~47                                                      ; |lab6_stack_rtl_view_top|lab6_stack_top:U_STACK_SYSTEM|stack7x16:U_STACK|mem_r~47                                                      ; out              ;
; |lab6_stack_rtl_view_top|lab6_stack_top:U_STACK_SYSTEM|stack7x16:U_STACK|mem_r~48                                                      ; |lab6_stack_rtl_view_top|lab6_stack_top:U_STACK_SYSTEM|stack7x16:U_STACK|mem_r~48                                                      ; out              ;
; |lab6_stack_rtl_view_top|lab6_stack_top:U_STACK_SYSTEM|stack7x16:U_STACK|mem_r~49                                                      ; |lab6_stack_rtl_view_top|lab6_stack_top:U_STACK_SYSTEM|stack7x16:U_STACK|mem_r~49                                                      ; out              ;
; |lab6_stack_rtl_view_top|lab6_stack_top:U_STACK_SYSTEM|stack7x16:U_STACK|mem_r~50                                                      ; |lab6_stack_rtl_view_top|lab6_stack_top:U_STACK_SYSTEM|stack7x16:U_STACK|mem_r~50                                                      ; out              ;
; |lab6_stack_rtl_view_top|lab6_stack_top:U_STACK_SYSTEM|stack7x16:U_STACK|mem_r~51                                                      ; |lab6_stack_rtl_view_top|lab6_stack_top:U_STACK_SYSTEM|stack7x16:U_STACK|mem_r~51                                                      ; out              ;
; |lab6_stack_rtl_view_top|lab6_stack_top:U_STACK_SYSTEM|stack7x16:U_STACK|mem_r~52                                                      ; |lab6_stack_rtl_view_top|lab6_stack_top:U_STACK_SYSTEM|stack7x16:U_STACK|mem_r~52                                                      ; out              ;
; |lab6_stack_rtl_view_top|lab6_stack_top:U_STACK_SYSTEM|stack7x16:U_STACK|mem_r~53                                                      ; |lab6_stack_rtl_view_top|lab6_stack_top:U_STACK_SYSTEM|stack7x16:U_STACK|mem_r~53                                                      ; out              ;
; |lab6_stack_rtl_view_top|lab6_stack_top:U_STACK_SYSTEM|stack7x16:U_STACK|mem_r~54                                                      ; |lab6_stack_rtl_view_top|lab6_stack_top:U_STACK_SYSTEM|stack7x16:U_STACK|mem_r~54                                                      ; out              ;
; |lab6_stack_rtl_view_top|lab6_stack_top:U_STACK_SYSTEM|stack7x16:U_STACK|mem_r~55                                                      ; |lab6_stack_rtl_view_top|lab6_stack_top:U_STACK_SYSTEM|stack7x16:U_STACK|mem_r~55                                                      ; out              ;
; |lab6_stack_rtl_view_top|lab6_stack_top:U_STACK_SYSTEM|stack7x16:U_STACK|mem_r~56                                                      ; |lab6_stack_rtl_view_top|lab6_stack_top:U_STACK_SYSTEM|stack7x16:U_STACK|mem_r~56                                                      ; out              ;
; |lab6_stack_rtl_view_top|lab6_stack_top:U_STACK_SYSTEM|stack7x16:U_STACK|mem_r~57                                                      ; |lab6_stack_rtl_view_top|lab6_stack_top:U_STACK_SYSTEM|stack7x16:U_STACK|mem_r~57                                                      ; out              ;
; |lab6_stack_rtl_view_top|lab6_stack_top:U_STACK_SYSTEM|stack7x16:U_STACK|mem_r~58                                                      ; |lab6_stack_rtl_view_top|lab6_stack_top:U_STACK_SYSTEM|stack7x16:U_STACK|mem_r~58                                                      ; out              ;
; |lab6_stack_rtl_view_top|lab6_stack_top:U_STACK_SYSTEM|stack7x16:U_STACK|mem_r~59                                                      ; |lab6_stack_rtl_view_top|lab6_stack_top:U_STACK_SYSTEM|stack7x16:U_STACK|mem_r~59                                                      ; out              ;
; |lab6_stack_rtl_view_top|lab6_stack_top:U_STACK_SYSTEM|stack7x16:U_STACK|mem_r~60                                                      ; |lab6_stack_rtl_view_top|lab6_stack_top:U_STACK_SYSTEM|stack7x16:U_STACK|mem_r~60                                                      ; out              ;
; |lab6_stack_rtl_view_top|lab6_stack_top:U_STACK_SYSTEM|stack7x16:U_STACK|mem_r~61                                                      ; |lab6_stack_rtl_view_top|lab6_stack_top:U_STACK_SYSTEM|stack7x16:U_STACK|mem_r~61                                                      ; out              ;
; |lab6_stack_rtl_view_top|lab6_stack_top:U_STACK_SYSTEM|stack7x16:U_STACK|mem_r~62                                                      ; |lab6_stack_rtl_view_top|lab6_stack_top:U_STACK_SYSTEM|stack7x16:U_STACK|mem_r~62                                                      ; out              ;
; |lab6_stack_rtl_view_top|lab6_stack_top:U_STACK_SYSTEM|stack7x16:U_STACK|mem_r~63                                                      ; |lab6_stack_rtl_view_top|lab6_stack_top:U_STACK_SYSTEM|stack7x16:U_STACK|mem_r~63                                                      ; out              ;
; |lab6_stack_rtl_view_top|lab6_stack_top:U_STACK_SYSTEM|stack7x16:U_STACK|mem_r~64                                                      ; |lab6_stack_rtl_view_top|lab6_stack_top:U_STACK_SYSTEM|stack7x16:U_STACK|mem_r~64                                                      ; out              ;
; |lab6_stack_rtl_view_top|lab6_stack_top:U_STACK_SYSTEM|stack7x16:U_STACK|mem_r~65                                                      ; |lab6_stack_rtl_view_top|lab6_stack_top:U_STACK_SYSTEM|stack7x16:U_STACK|mem_r~65                                                      ; out              ;
; |lab6_stack_rtl_view_top|lab6_stack_top:U_STACK_SYSTEM|stack7x16:U_STACK|mem_r~66                                                      ; |lab6_stack_rtl_view_top|lab6_stack_top:U_STACK_SYSTEM|stack7x16:U_STACK|mem_r~66                                                      ; out              ;
; |lab6_stack_rtl_view_top|lab6_stack_top:U_STACK_SYSTEM|stack7x16:U_STACK|mem_r~67                                                      ; |lab6_stack_rtl_view_top|lab6_stack_top:U_STACK_SYSTEM|stack7x16:U_STACK|mem_r~67                                                      ; out              ;
; |lab6_stack_rtl_view_top|lab6_stack_top:U_STACK_SYSTEM|stack7x16:U_STACK|mem_r~68                                                      ; |lab6_stack_rtl_view_top|lab6_stack_top:U_STACK_SYSTEM|stack7x16:U_STACK|mem_r~68                                                      ; out              ;
; |lab6_stack_rtl_view_top|lab6_stack_top:U_STACK_SYSTEM|stack7x16:U_STACK|mem_r~69                                                      ; |lab6_stack_rtl_view_top|lab6_stack_top:U_STACK_SYSTEM|stack7x16:U_STACK|mem_r~69                                                      ; out              ;
; |lab6_stack_rtl_view_top|lab6_stack_top:U_STACK_SYSTEM|stack7x16:U_STACK|mem_r~70                                                      ; |lab6_stack_rtl_view_top|lab6_stack_top:U_STACK_SYSTEM|stack7x16:U_STACK|mem_r~70                                                      ; out              ;
; |lab6_stack_rtl_view_top|lab6_stack_top:U_STACK_SYSTEM|stack7x16:U_STACK|mem_r~71                                                      ; |lab6_stack_rtl_view_top|lab6_stack_top:U_STACK_SYSTEM|stack7x16:U_STACK|mem_r~71                                                      ; out              ;
; |lab6_stack_rtl_view_top|lab6_stack_top:U_STACK_SYSTEM|stack7x16:U_STACK|mem_r~72                                                      ; |lab6_stack_rtl_view_top|lab6_stack_top:U_STACK_SYSTEM|stack7x16:U_STACK|mem_r~72                                                      ; out              ;
; |lab6_stack_rtl_view_top|lab6_stack_top:U_STACK_SYSTEM|stack7x16:U_STACK|mem_r~73                                                      ; |lab6_stack_rtl_view_top|lab6_stack_top:U_STACK_SYSTEM|stack7x16:U_STACK|mem_r~73                                                      ; out              ;
; |lab6_stack_rtl_view_top|lab6_stack_top:U_STACK_SYSTEM|stack7x16:U_STACK|mem_r~74                                                      ; |lab6_stack_rtl_view_top|lab6_stack_top:U_STACK_SYSTEM|stack7x16:U_STACK|mem_r~74                                                      ; out              ;
; |lab6_stack_rtl_view_top|lab6_stack_top:U_STACK_SYSTEM|stack7x16:U_STACK|mem_r~75                                                      ; |lab6_stack_rtl_view_top|lab6_stack_top:U_STACK_SYSTEM|stack7x16:U_STACK|mem_r~75                                                      ; out              ;
; |lab6_stack_rtl_view_top|lab6_stack_top:U_STACK_SYSTEM|stack7x16:U_STACK|mem_r~76                                                      ; |lab6_stack_rtl_view_top|lab6_stack_top:U_STACK_SYSTEM|stack7x16:U_STACK|mem_r~76                                                      ; out              ;
; |lab6_stack_rtl_view_top|lab6_stack_top:U_STACK_SYSTEM|stack7x16:U_STACK|mem_r~77                                                      ; |lab6_stack_rtl_view_top|lab6_stack_top:U_STACK_SYSTEM|stack7x16:U_STACK|mem_r~77                                                      ; out              ;
; |lab6_stack_rtl_view_top|lab6_stack_top:U_STACK_SYSTEM|stack7x16:U_STACK|mem_r~78                                                      ; |lab6_stack_rtl_view_top|lab6_stack_top:U_STACK_SYSTEM|stack7x16:U_STACK|mem_r~78                                                      ; out              ;
; |lab6_stack_rtl_view_top|lab6_stack_top:U_STACK_SYSTEM|stack7x16:U_STACK|mem_r~79                                                      ; |lab6_stack_rtl_view_top|lab6_stack_top:U_STACK_SYSTEM|stack7x16:U_STACK|mem_r~79                                                      ; out              ;
; |lab6_stack_rtl_view_top|lab6_stack_top:U_STACK_SYSTEM|stack7x16:U_STACK|mem_r~80                                                      ; |lab6_stack_rtl_view_top|lab6_stack_top:U_STACK_SYSTEM|stack7x16:U_STACK|mem_r~80                                                      ; out              ;
; |lab6_stack_rtl_view_top|lab6_stack_top:U_STACK_SYSTEM|stack7x16:U_STACK|mem_r~82                                                      ; |lab6_stack_rtl_view_top|lab6_stack_top:U_STACK_SYSTEM|stack7x16:U_STACK|mem_r~82                                                      ; out              ;
; |lab6_stack_rtl_view_top|lab6_stack_top:U_STACK_SYSTEM|stack7x16:U_STACK|mem_r~83                                                      ; |lab6_stack_rtl_view_top|lab6_stack_top:U_STACK_SYSTEM|stack7x16:U_STACK|mem_r~83                                                      ; out              ;
; |lab6_stack_rtl_view_top|lab6_stack_top:U_STACK_SYSTEM|stack7x16:U_STACK|mem_r~84                                                      ; |lab6_stack_rtl_view_top|lab6_stack_top:U_STACK_SYSTEM|stack7x16:U_STACK|mem_r~84                                                      ; out              ;
; |lab6_stack_rtl_view_top|lab6_stack_top:U_STACK_SYSTEM|stack7x16:U_STACK|mem_r~86                                                      ; |lab6_stack_rtl_view_top|lab6_stack_top:U_STACK_SYSTEM|stack7x16:U_STACK|mem_r~86                                                      ; out              ;
; |lab6_stack_rtl_view_top|lab6_stack_top:U_STACK_SYSTEM|stack7x16:U_STACK|mem_r~87                                                      ; |lab6_stack_rtl_view_top|lab6_stack_top:U_STACK_SYSTEM|stack7x16:U_STACK|mem_r~87                                                      ; out              ;
; |lab6_stack_rtl_view_top|lab6_stack_top:U_STACK_SYSTEM|stack7x16:U_STACK|mem_r~88                                                      ; |lab6_stack_rtl_view_top|lab6_stack_top:U_STACK_SYSTEM|stack7x16:U_STACK|mem_r~88                                                      ; out              ;
; |lab6_stack_rtl_view_top|lab6_stack_top:U_STACK_SYSTEM|stack7x16:U_STACK|mem_r~90                                                      ; |lab6_stack_rtl_view_top|lab6_stack_top:U_STACK_SYSTEM|stack7x16:U_STACK|mem_r~90                                                      ; out              ;
; |lab6_stack_rtl_view_top|lab6_stack_top:U_STACK_SYSTEM|stack7x16:U_STACK|mem_r~91                                                      ; |lab6_stack_rtl_view_top|lab6_stack_top:U_STACK_SYSTEM|stack7x16:U_STACK|mem_r~91                                                      ; out              ;
; |lab6_stack_rtl_view_top|lab6_stack_top:U_STACK_SYSTEM|stack7x16:U_STACK|mem_r~93                                                      ; |lab6_stack_rtl_view_top|lab6_stack_top:U_STACK_SYSTEM|stack7x16:U_STACK|mem_r~93                                                      ; out              ;
; |lab6_stack_rtl_view_top|lab6_stack_top:U_STACK_SYSTEM|stack7x16:U_STACK|mem_r~94                                                      ; |lab6_stack_rtl_view_top|lab6_stack_top:U_STACK_SYSTEM|stack7x16:U_STACK|mem_r~94                                                      ; out              ;
; |lab6_stack_rtl_view_top|lab6_stack_top:U_STACK_SYSTEM|stack7x16:U_STACK|mem_r~95                                                      ; |lab6_stack_rtl_view_top|lab6_stack_top:U_STACK_SYSTEM|stack7x16:U_STACK|mem_r~95                                                      ; out              ;
; |lab6_stack_rtl_view_top|lab6_stack_top:U_STACK_SYSTEM|stack7x16:U_STACK|mem_r~97                                                      ; |lab6_stack_rtl_view_top|lab6_stack_top:U_STACK_SYSTEM|stack7x16:U_STACK|mem_r~97                                                      ; out              ;
; |lab6_stack_rtl_view_top|lab6_stack_top:U_STACK_SYSTEM|stack7x16:U_STACK|mem_r~98                                                      ; |lab6_stack_rtl_view_top|lab6_stack_top:U_STACK_SYSTEM|stack7x16:U_STACK|mem_r~98                                                      ; out              ;
; |lab6_stack_rtl_view_top|lab6_stack_top:U_STACK_SYSTEM|stack7x16:U_STACK|mem_r~99                                                      ; |lab6_stack_rtl_view_top|lab6_stack_top:U_STACK_SYSTEM|stack7x16:U_STACK|mem_r~99                                                      ; out              ;
; |lab6_stack_rtl_view_top|lab6_stack_top:U_STACK_SYSTEM|stack7x16:U_STACK|mem_r~101                                                     ; |lab6_stack_rtl_view_top|lab6_stack_top:U_STACK_SYSTEM|stack7x16:U_STACK|mem_r~101                                                     ; out              ;
; |lab6_stack_rtl_view_top|lab6_stack_top:U_STACK_SYSTEM|stack7x16:U_STACK|mem_r~102                                                     ; |lab6_stack_rtl_view_top|lab6_stack_top:U_STACK_SYSTEM|stack7x16:U_STACK|mem_r~102                                                     ; out              ;
; |lab6_stack_rtl_view_top|lab6_stack_top:U_STACK_SYSTEM|stack7x16:U_STACK|mem_r~103                                                     ; |lab6_stack_rtl_view_top|lab6_stack_top:U_STACK_SYSTEM|stack7x16:U_STACK|mem_r~103                                                     ; out              ;
; |lab6_stack_rtl_view_top|lab6_stack_top:U_STACK_SYSTEM|stack7x16:U_STACK|mem_r~105                                                     ; |lab6_stack_rtl_view_top|lab6_stack_top:U_STACK_SYSTEM|stack7x16:U_STACK|mem_r~105                                                     ; out              ;
; |lab6_stack_rtl_view_top|lab6_stack_top:U_STACK_SYSTEM|stack7x16:U_STACK|mem_r~106                                                     ; |lab6_stack_rtl_view_top|lab6_stack_top:U_STACK_SYSTEM|stack7x16:U_STACK|mem_r~106                                                     ; out              ;
; |lab6_stack_rtl_view_top|lab6_stack_top:U_STACK_SYSTEM|stack7x16:U_STACK|mem_r~107                                                     ; |lab6_stack_rtl_view_top|lab6_stack_top:U_STACK_SYSTEM|stack7x16:U_STACK|mem_r~107                                                     ; out              ;
; |lab6_stack_rtl_view_top|lab6_stack_top:U_STACK_SYSTEM|stack7x16:U_STACK|mem_r~108                                                     ; |lab6_stack_rtl_view_top|lab6_stack_top:U_STACK_SYSTEM|stack7x16:U_STACK|mem_r~108                                                     ; out              ;
; |lab6_stack_rtl_view_top|lab6_stack_top:U_STACK_SYSTEM|stack7x16:U_STACK|mem_r~109                                                     ; |lab6_stack_rtl_view_top|lab6_stack_top:U_STACK_SYSTEM|stack7x16:U_STACK|mem_r~109                                                     ; out              ;
; |lab6_stack_rtl_view_top|lab6_stack_top:U_STACK_SYSTEM|stack7x16:U_STACK|mem_r~110                                                     ; |lab6_stack_rtl_view_top|lab6_stack_top:U_STACK_SYSTEM|stack7x16:U_STACK|mem_r~110                                                     ; out              ;
; |lab6_stack_rtl_view_top|lab6_stack_top:U_STACK_SYSTEM|stack7x16:U_STACK|mem_r~111                                                     ; |lab6_stack_rtl_view_top|lab6_stack_top:U_STACK_SYSTEM|stack7x16:U_STACK|mem_r~111                                                     ; out              ;
; |lab6_stack_rtl_view_top|lab6_stack_top:U_STACK_SYSTEM|stack7x16:U_STACK|mem_r~113                                                     ; |lab6_stack_rtl_view_top|lab6_stack_top:U_STACK_SYSTEM|stack7x16:U_STACK|mem_r~113                                                     ; out              ;
; |lab6_stack_rtl_view_top|lab6_stack_top:U_STACK_SYSTEM|stack7x16:U_STACK|mem_r~114                                                     ; |lab6_stack_rtl_view_top|lab6_stack_top:U_STACK_SYSTEM|stack7x16:U_STACK|mem_r~114                                                     ; out              ;
; |lab6_stack_rtl_view_top|lab6_stack_top:U_STACK_SYSTEM|stack7x16:U_STACK|mem_r~115                                                     ; |lab6_stack_rtl_view_top|lab6_stack_top:U_STACK_SYSTEM|stack7x16:U_STACK|mem_r~115                                                     ; out              ;
; |lab6_stack_rtl_view_top|lab6_stack_top:U_STACK_SYSTEM|stack7x16:U_STACK|mem_r~117                                                     ; |lab6_stack_rtl_view_top|lab6_stack_top:U_STACK_SYSTEM|stack7x16:U_STACK|mem_r~117                                                     ; out              ;
; |lab6_stack_rtl_view_top|lab6_stack_top:U_STACK_SYSTEM|stack7x16:U_STACK|mem_r~118                                                     ; |lab6_stack_rtl_view_top|lab6_stack_top:U_STACK_SYSTEM|stack7x16:U_STACK|mem_r~118                                                     ; out              ;
; |lab6_stack_rtl_view_top|lab6_stack_top:U_STACK_SYSTEM|stack7x16:U_STACK|mem_r~119                                                     ; |lab6_stack_rtl_view_top|lab6_stack_top:U_STACK_SYSTEM|stack7x16:U_STACK|mem_r~119                                                     ; out              ;
; |lab6_stack_rtl_view_top|lab6_stack_top:U_STACK_SYSTEM|stack7x16:U_STACK|mem_r~121                                                     ; |lab6_stack_rtl_view_top|lab6_stack_top:U_STACK_SYSTEM|stack7x16:U_STACK|mem_r~121                                                     ; out              ;
; |lab6_stack_rtl_view_top|lab6_stack_top:U_STACK_SYSTEM|stack7x16:U_STACK|mem_r~122                                                     ; |lab6_stack_rtl_view_top|lab6_stack_top:U_STACK_SYSTEM|stack7x16:U_STACK|mem_r~122                                                     ; out              ;
; |lab6_stack_rtl_view_top|lab6_stack_top:U_STACK_SYSTEM|stack7x16:U_STACK|mem_r~123                                                     ; |lab6_stack_rtl_view_top|lab6_stack_top:U_STACK_SYSTEM|stack7x16:U_STACK|mem_r~123                                                     ; out              ;
; |lab6_stack_rtl_view_top|lab6_stack_top:U_STACK_SYSTEM|stack7x16:U_STACK|mem_r~124                                                     ; |lab6_stack_rtl_view_top|lab6_stack_top:U_STACK_SYSTEM|stack7x16:U_STACK|mem_r~124                                                     ; out              ;
; |lab6_stack_rtl_view_top|lab6_stack_top:U_STACK_SYSTEM|stack7x16:U_STACK|mem_r~125                                                     ; |lab6_stack_rtl_view_top|lab6_stack_top:U_STACK_SYSTEM|stack7x16:U_STACK|mem_r~125                                                     ; out              ;
; |lab6_stack_rtl_view_top|lab6_stack_top:U_STACK_SYSTEM|stack7x16:U_STACK|mem_r~126                                                     ; |lab6_stack_rtl_view_top|lab6_stack_top:U_STACK_SYSTEM|stack7x16:U_STACK|mem_r~126                                                     ; out              ;
; |lab6_stack_rtl_view_top|lab6_stack_top:U_STACK_SYSTEM|stack7x16:U_STACK|mem_r~127                                                     ; |lab6_stack_rtl_view_top|lab6_stack_top:U_STACK_SYSTEM|stack7x16:U_STACK|mem_r~127                                                     ; out              ;
; |lab6_stack_rtl_view_top|lab6_stack_top:U_STACK_SYSTEM|stack7x16:U_STACK|mem_r~128                                                     ; |lab6_stack_rtl_view_top|lab6_stack_top:U_STACK_SYSTEM|stack7x16:U_STACK|mem_r~128                                                     ; out              ;
; |lab6_stack_rtl_view_top|lab6_stack_top:U_STACK_SYSTEM|stack7x16:U_STACK|mem_r~130                                                     ; |lab6_stack_rtl_view_top|lab6_stack_top:U_STACK_SYSTEM|stack7x16:U_STACK|mem_r~130                                                     ; out              ;
; |lab6_stack_rtl_view_top|lab6_stack_top:U_STACK_SYSTEM|stack7x16:U_STACK|mem_r~131                                                     ; |lab6_stack_rtl_view_top|lab6_stack_top:U_STACK_SYSTEM|stack7x16:U_STACK|mem_r~131                                                     ; out              ;
; |lab6_stack_rtl_view_top|lab6_stack_top:U_STACK_SYSTEM|stack7x16:U_STACK|mem_r~132                                                     ; |lab6_stack_rtl_view_top|lab6_stack_top:U_STACK_SYSTEM|stack7x16:U_STACK|mem_r~132                                                     ; out              ;
; |lab6_stack_rtl_view_top|lab6_stack_top:U_STACK_SYSTEM|stack7x16:U_STACK|mem_r~134                                                     ; |lab6_stack_rtl_view_top|lab6_stack_top:U_STACK_SYSTEM|stack7x16:U_STACK|mem_r~134                                                     ; out              ;
; |lab6_stack_rtl_view_top|lab6_stack_top:U_STACK_SYSTEM|stack7x16:U_STACK|mem_r~135                                                     ; |lab6_stack_rtl_view_top|lab6_stack_top:U_STACK_SYSTEM|stack7x16:U_STACK|mem_r~135                                                     ; out              ;
; |lab6_stack_rtl_view_top|lab6_stack_top:U_STACK_SYSTEM|stack7x16:U_STACK|mem_r~136                                                     ; |lab6_stack_rtl_view_top|lab6_stack_top:U_STACK_SYSTEM|stack7x16:U_STACK|mem_r~136                                                     ; out              ;
; |lab6_stack_rtl_view_top|lab6_stack_top:U_STACK_SYSTEM|stack7x16:U_STACK|mem_r~138                                                     ; |lab6_stack_rtl_view_top|lab6_stack_top:U_STACK_SYSTEM|stack7x16:U_STACK|mem_r~138                                                     ; out              ;
; |lab6_stack_rtl_view_top|lab6_stack_top:U_STACK_SYSTEM|stack7x16:U_STACK|mem_r~139                                                     ; |lab6_stack_rtl_view_top|lab6_stack_top:U_STACK_SYSTEM|stack7x16:U_STACK|mem_r~139                                                     ; out              ;
; |lab6_stack_rtl_view_top|lab6_stack_top:U_STACK_SYSTEM|stack7x16:U_STACK|mem_r~141                                                     ; |lab6_stack_rtl_view_top|lab6_stack_top:U_STACK_SYSTEM|stack7x16:U_STACK|mem_r~141                                                     ; out              ;
; |lab6_stack_rtl_view_top|lab6_stack_top:U_STACK_SYSTEM|stack7x16:U_STACK|mem_r~142                                                     ; |lab6_stack_rtl_view_top|lab6_stack_top:U_STACK_SYSTEM|stack7x16:U_STACK|mem_r~142                                                     ; out              ;
; |lab6_stack_rtl_view_top|lab6_stack_top:U_STACK_SYSTEM|stack7x16:U_STACK|mem_r~143                                                     ; |lab6_stack_rtl_view_top|lab6_stack_top:U_STACK_SYSTEM|stack7x16:U_STACK|mem_r~143                                                     ; out              ;
; |lab6_stack_rtl_view_top|lab6_stack_top:U_STACK_SYSTEM|stack7x16:U_STACK|mem_r~144                                                     ; |lab6_stack_rtl_view_top|lab6_stack_top:U_STACK_SYSTEM|stack7x16:U_STACK|mem_r~144                                                     ; out              ;
; |lab6_stack_rtl_view_top|lab6_stack_top:U_STACK_SYSTEM|stack7x16:U_STACK|mem_r~145                                                     ; |lab6_stack_rtl_view_top|lab6_stack_top:U_STACK_SYSTEM|stack7x16:U_STACK|mem_r~145                                                     ; out              ;
; |lab6_stack_rtl_view_top|lab6_stack_top:U_STACK_SYSTEM|stack7x16:U_STACK|mem_r~146                                                     ; |lab6_stack_rtl_view_top|lab6_stack_top:U_STACK_SYSTEM|stack7x16:U_STACK|mem_r~146                                                     ; out              ;
; |lab6_stack_rtl_view_top|lab6_stack_top:U_STACK_SYSTEM|stack7x16:U_STACK|mem_r~147                                                     ; |lab6_stack_rtl_view_top|lab6_stack_top:U_STACK_SYSTEM|stack7x16:U_STACK|mem_r~147                                                     ; out              ;
; |lab6_stack_rtl_view_top|lab6_stack_top:U_STACK_SYSTEM|stack7x16:U_STACK|mem_r~148                                                     ; |lab6_stack_rtl_view_top|lab6_stack_top:U_STACK_SYSTEM|stack7x16:U_STACK|mem_r~148                                                     ; out              ;
; |lab6_stack_rtl_view_top|lab6_stack_top:U_STACK_SYSTEM|stack7x16:U_STACK|mem_r~149                                                     ; |lab6_stack_rtl_view_top|lab6_stack_top:U_STACK_SYSTEM|stack7x16:U_STACK|mem_r~149                                                     ; out              ;
; |lab6_stack_rtl_view_top|lab6_stack_top:U_STACK_SYSTEM|stack7x16:U_STACK|mem_r~150                                                     ; |lab6_stack_rtl_view_top|lab6_stack_top:U_STACK_SYSTEM|stack7x16:U_STACK|mem_r~150                                                     ; out              ;
; |lab6_stack_rtl_view_top|lab6_stack_top:U_STACK_SYSTEM|stack7x16:U_STACK|mem_r~151                                                     ; |lab6_stack_rtl_view_top|lab6_stack_top:U_STACK_SYSTEM|stack7x16:U_STACK|mem_r~151                                                     ; out              ;
; |lab6_stack_rtl_view_top|lab6_stack_top:U_STACK_SYSTEM|stack7x16:U_STACK|mem_r~152                                                     ; |lab6_stack_rtl_view_top|lab6_stack_top:U_STACK_SYSTEM|stack7x16:U_STACK|mem_r~152                                                     ; out              ;
; |lab6_stack_rtl_view_top|lab6_stack_top:U_STACK_SYSTEM|stack7x16:U_STACK|mem_r~153                                                     ; |lab6_stack_rtl_view_top|lab6_stack_top:U_STACK_SYSTEM|stack7x16:U_STACK|mem_r~153                                                     ; out              ;
; |lab6_stack_rtl_view_top|lab6_stack_top:U_STACK_SYSTEM|stack7x16:U_STACK|mem_r~154                                                     ; |lab6_stack_rtl_view_top|lab6_stack_top:U_STACK_SYSTEM|stack7x16:U_STACK|mem_r~154                                                     ; out              ;
; |lab6_stack_rtl_view_top|lab6_stack_top:U_STACK_SYSTEM|stack7x16:U_STACK|mem_r~155                                                     ; |lab6_stack_rtl_view_top|lab6_stack_top:U_STACK_SYSTEM|stack7x16:U_STACK|mem_r~155                                                     ; out              ;
; |lab6_stack_rtl_view_top|lab6_stack_top:U_STACK_SYSTEM|stack7x16:U_STACK|mem_r~156                                                     ; |lab6_stack_rtl_view_top|lab6_stack_top:U_STACK_SYSTEM|stack7x16:U_STACK|mem_r~156                                                     ; out              ;
; |lab6_stack_rtl_view_top|lab6_stack_top:U_STACK_SYSTEM|stack7x16:U_STACK|mem_r~157                                                     ; |lab6_stack_rtl_view_top|lab6_stack_top:U_STACK_SYSTEM|stack7x16:U_STACK|mem_r~157                                                     ; out              ;
; |lab6_stack_rtl_view_top|lab6_stack_top:U_STACK_SYSTEM|stack7x16:U_STACK|mem_r~158                                                     ; |lab6_stack_rtl_view_top|lab6_stack_top:U_STACK_SYSTEM|stack7x16:U_STACK|mem_r~158                                                     ; out              ;
; |lab6_stack_rtl_view_top|lab6_stack_top:U_STACK_SYSTEM|stack7x16:U_STACK|mem_r~159                                                     ; |lab6_stack_rtl_view_top|lab6_stack_top:U_STACK_SYSTEM|stack7x16:U_STACK|mem_r~159                                                     ; out              ;
; |lab6_stack_rtl_view_top|lab6_stack_top:U_STACK_SYSTEM|stack7x16:U_STACK|mem_r~160                                                     ; |lab6_stack_rtl_view_top|lab6_stack_top:U_STACK_SYSTEM|stack7x16:U_STACK|mem_r~160                                                     ; out              ;
; |lab6_stack_rtl_view_top|lab6_stack_top:U_STACK_SYSTEM|stack7x16:U_STACK|mem_r~161                                                     ; |lab6_stack_rtl_view_top|lab6_stack_top:U_STACK_SYSTEM|stack7x16:U_STACK|mem_r~161                                                     ; out              ;
; |lab6_stack_rtl_view_top|lab6_stack_top:U_STACK_SYSTEM|stack7x16:U_STACK|mem_r~162                                                     ; |lab6_stack_rtl_view_top|lab6_stack_top:U_STACK_SYSTEM|stack7x16:U_STACK|mem_r~162                                                     ; out              ;
; |lab6_stack_rtl_view_top|lab6_stack_top:U_STACK_SYSTEM|stack7x16:U_STACK|mem_r~163                                                     ; |lab6_stack_rtl_view_top|lab6_stack_top:U_STACK_SYSTEM|stack7x16:U_STACK|mem_r~163                                                     ; out              ;
; |lab6_stack_rtl_view_top|lab6_stack_top:U_STACK_SYSTEM|stack7x16:U_STACK|mem_r~164                                                     ; |lab6_stack_rtl_view_top|lab6_stack_top:U_STACK_SYSTEM|stack7x16:U_STACK|mem_r~164                                                     ; out              ;
; |lab6_stack_rtl_view_top|lab6_stack_top:U_STACK_SYSTEM|stack7x16:U_STACK|mem_r~165                                                     ; |lab6_stack_rtl_view_top|lab6_stack_top:U_STACK_SYSTEM|stack7x16:U_STACK|mem_r~165                                                     ; out              ;
; |lab6_stack_rtl_view_top|lab6_stack_top:U_STACK_SYSTEM|stack7x16:U_STACK|mem_r~166                                                     ; |lab6_stack_rtl_view_top|lab6_stack_top:U_STACK_SYSTEM|stack7x16:U_STACK|mem_r~166                                                     ; out              ;
; |lab6_stack_rtl_view_top|lab6_stack_top:U_STACK_SYSTEM|stack7x16:U_STACK|mem_r~167                                                     ; |lab6_stack_rtl_view_top|lab6_stack_top:U_STACK_SYSTEM|stack7x16:U_STACK|mem_r~167                                                     ; out              ;
; |lab6_stack_rtl_view_top|lab6_stack_top:U_STACK_SYSTEM|stack7x16:U_STACK|mem_r~168                                                     ; |lab6_stack_rtl_view_top|lab6_stack_top:U_STACK_SYSTEM|stack7x16:U_STACK|mem_r~168                                                     ; out              ;
; |lab6_stack_rtl_view_top|lab6_stack_top:U_STACK_SYSTEM|stack7x16:U_STACK|mem_r~169                                                     ; |lab6_stack_rtl_view_top|lab6_stack_top:U_STACK_SYSTEM|stack7x16:U_STACK|mem_r~169                                                     ; out              ;
; |lab6_stack_rtl_view_top|lab6_stack_top:U_STACK_SYSTEM|stack7x16:U_STACK|mem_r~170                                                     ; |lab6_stack_rtl_view_top|lab6_stack_top:U_STACK_SYSTEM|stack7x16:U_STACK|mem_r~170                                                     ; out              ;
; |lab6_stack_rtl_view_top|lab6_stack_top:U_STACK_SYSTEM|stack7x16:U_STACK|mem_r~171                                                     ; |lab6_stack_rtl_view_top|lab6_stack_top:U_STACK_SYSTEM|stack7x16:U_STACK|mem_r~171                                                     ; out              ;
; |lab6_stack_rtl_view_top|lab6_stack_top:U_STACK_SYSTEM|stack7x16:U_STACK|mem_r~172                                                     ; |lab6_stack_rtl_view_top|lab6_stack_top:U_STACK_SYSTEM|stack7x16:U_STACK|mem_r~172                                                     ; out              ;
; |lab6_stack_rtl_view_top|lab6_stack_top:U_STACK_SYSTEM|stack7x16:U_STACK|mem_r~173                                                     ; |lab6_stack_rtl_view_top|lab6_stack_top:U_STACK_SYSTEM|stack7x16:U_STACK|mem_r~173                                                     ; out              ;
; |lab6_stack_rtl_view_top|lab6_stack_top:U_STACK_SYSTEM|stack7x16:U_STACK|mem_r~174                                                     ; |lab6_stack_rtl_view_top|lab6_stack_top:U_STACK_SYSTEM|stack7x16:U_STACK|mem_r~174                                                     ; out              ;
; |lab6_stack_rtl_view_top|lab6_stack_top:U_STACK_SYSTEM|stack7x16:U_STACK|mem_r~175                                                     ; |lab6_stack_rtl_view_top|lab6_stack_top:U_STACK_SYSTEM|stack7x16:U_STACK|mem_r~175                                                     ; out              ;
; |lab6_stack_rtl_view_top|lab6_stack_top:U_STACK_SYSTEM|stack7x16:U_STACK|mem_r~176                                                     ; |lab6_stack_rtl_view_top|lab6_stack_top:U_STACK_SYSTEM|stack7x16:U_STACK|mem_r~176                                                     ; out              ;
; |lab6_stack_rtl_view_top|lab6_stack_top:U_STACK_SYSTEM|stack7x16:U_STACK|mem_r~177                                                     ; |lab6_stack_rtl_view_top|lab6_stack_top:U_STACK_SYSTEM|stack7x16:U_STACK|mem_r~177                                                     ; out              ;
; |lab6_stack_rtl_view_top|lab6_stack_top:U_STACK_SYSTEM|stack7x16:U_STACK|mem_r~178                                                     ; |lab6_stack_rtl_view_top|lab6_stack_top:U_STACK_SYSTEM|stack7x16:U_STACK|mem_r~178                                                     ; out              ;
; |lab6_stack_rtl_view_top|lab6_stack_top:U_STACK_SYSTEM|stack7x16:U_STACK|mem_r~179                                                     ; |lab6_stack_rtl_view_top|lab6_stack_top:U_STACK_SYSTEM|stack7x16:U_STACK|mem_r~179                                                     ; out              ;
; |lab6_stack_rtl_view_top|lab6_stack_top:U_STACK_SYSTEM|stack7x16:U_STACK|mem_r~180                                                     ; |lab6_stack_rtl_view_top|lab6_stack_top:U_STACK_SYSTEM|stack7x16:U_STACK|mem_r~180                                                     ; out              ;
; |lab6_stack_rtl_view_top|lab6_stack_top:U_STACK_SYSTEM|stack7x16:U_STACK|mem_r~181                                                     ; |lab6_stack_rtl_view_top|lab6_stack_top:U_STACK_SYSTEM|stack7x16:U_STACK|mem_r~181                                                     ; out              ;
; |lab6_stack_rtl_view_top|lab6_stack_top:U_STACK_SYSTEM|stack7x16:U_STACK|mem_r~182                                                     ; |lab6_stack_rtl_view_top|lab6_stack_top:U_STACK_SYSTEM|stack7x16:U_STACK|mem_r~182                                                     ; out              ;
; |lab6_stack_rtl_view_top|lab6_stack_top:U_STACK_SYSTEM|stack7x16:U_STACK|mem_r~183                                                     ; |lab6_stack_rtl_view_top|lab6_stack_top:U_STACK_SYSTEM|stack7x16:U_STACK|mem_r~183                                                     ; out              ;
; |lab6_stack_rtl_view_top|lab6_stack_top:U_STACK_SYSTEM|stack7x16:U_STACK|mem_r~184                                                     ; |lab6_stack_rtl_view_top|lab6_stack_top:U_STACK_SYSTEM|stack7x16:U_STACK|mem_r~184                                                     ; out              ;
; |lab6_stack_rtl_view_top|lab6_stack_top:U_STACK_SYSTEM|stack7x16:U_STACK|mem_r~185                                                     ; |lab6_stack_rtl_view_top|lab6_stack_top:U_STACK_SYSTEM|stack7x16:U_STACK|mem_r~185                                                     ; out              ;
; |lab6_stack_rtl_view_top|lab6_stack_top:U_STACK_SYSTEM|stack7x16:U_STACK|mem_r~186                                                     ; |lab6_stack_rtl_view_top|lab6_stack_top:U_STACK_SYSTEM|stack7x16:U_STACK|mem_r~186                                                     ; out              ;
; |lab6_stack_rtl_view_top|lab6_stack_top:U_STACK_SYSTEM|stack7x16:U_STACK|mem_r~187                                                     ; |lab6_stack_rtl_view_top|lab6_stack_top:U_STACK_SYSTEM|stack7x16:U_STACK|mem_r~187                                                     ; out              ;
; |lab6_stack_rtl_view_top|lab6_stack_top:U_STACK_SYSTEM|stack7x16:U_STACK|mem_r~188                                                     ; |lab6_stack_rtl_view_top|lab6_stack_top:U_STACK_SYSTEM|stack7x16:U_STACK|mem_r~188                                                     ; out              ;
; |lab6_stack_rtl_view_top|lab6_stack_top:U_STACK_SYSTEM|stack7x16:U_STACK|mem_r~189                                                     ; |lab6_stack_rtl_view_top|lab6_stack_top:U_STACK_SYSTEM|stack7x16:U_STACK|mem_r~189                                                     ; out              ;
; |lab6_stack_rtl_view_top|lab6_stack_top:U_STACK_SYSTEM|stack7x16:U_STACK|mem_r~190                                                     ; |lab6_stack_rtl_view_top|lab6_stack_top:U_STACK_SYSTEM|stack7x16:U_STACK|mem_r~190                                                     ; out              ;
; |lab6_stack_rtl_view_top|lab6_stack_top:U_STACK_SYSTEM|stack7x16:U_STACK|mem_r~191                                                     ; |lab6_stack_rtl_view_top|lab6_stack_top:U_STACK_SYSTEM|stack7x16:U_STACK|mem_r~191                                                     ; out              ;
; |lab6_stack_rtl_view_top|lab6_stack_top:U_STACK_SYSTEM|stack7x16:U_STACK|mem_r~192                                                     ; |lab6_stack_rtl_view_top|lab6_stack_top:U_STACK_SYSTEM|stack7x16:U_STACK|mem_r~192                                                     ; out              ;
; |lab6_stack_rtl_view_top|lab6_stack_top:U_STACK_SYSTEM|stack7x16:U_STACK|mem_r~193                                                     ; |lab6_stack_rtl_view_top|lab6_stack_top:U_STACK_SYSTEM|stack7x16:U_STACK|mem_r~193                                                     ; out              ;
; |lab6_stack_rtl_view_top|lab6_stack_top:U_STACK_SYSTEM|stack7x16:U_STACK|mem_r~194                                                     ; |lab6_stack_rtl_view_top|lab6_stack_top:U_STACK_SYSTEM|stack7x16:U_STACK|mem_r~194                                                     ; out              ;
; |lab6_stack_rtl_view_top|lab6_stack_top:U_STACK_SYSTEM|stack7x16:U_STACK|mem_r~195                                                     ; |lab6_stack_rtl_view_top|lab6_stack_top:U_STACK_SYSTEM|stack7x16:U_STACK|mem_r~195                                                     ; out              ;
; |lab6_stack_rtl_view_top|lab6_stack_top:U_STACK_SYSTEM|stack7x16:U_STACK|mem_r~196                                                     ; |lab6_stack_rtl_view_top|lab6_stack_top:U_STACK_SYSTEM|stack7x16:U_STACK|mem_r~196                                                     ; out              ;
; |lab6_stack_rtl_view_top|lab6_stack_top:U_STACK_SYSTEM|stack7x16:U_STACK|mem_r~197                                                     ; |lab6_stack_rtl_view_top|lab6_stack_top:U_STACK_SYSTEM|stack7x16:U_STACK|mem_r~197                                                     ; out              ;
; |lab6_stack_rtl_view_top|lab6_stack_top:U_STACK_SYSTEM|stack7x16:U_STACK|mem_r~198                                                     ; |lab6_stack_rtl_view_top|lab6_stack_top:U_STACK_SYSTEM|stack7x16:U_STACK|mem_r~198                                                     ; out              ;
; |lab6_stack_rtl_view_top|lab6_stack_top:U_STACK_SYSTEM|stack7x16:U_STACK|mem_r~199                                                     ; |lab6_stack_rtl_view_top|lab6_stack_top:U_STACK_SYSTEM|stack7x16:U_STACK|mem_r~199                                                     ; out              ;
; |lab6_stack_rtl_view_top|lab6_stack_top:U_STACK_SYSTEM|stack7x16:U_STACK|mem_r~200                                                     ; |lab6_stack_rtl_view_top|lab6_stack_top:U_STACK_SYSTEM|stack7x16:U_STACK|mem_r~200                                                     ; out              ;
; |lab6_stack_rtl_view_top|lab6_stack_top:U_STACK_SYSTEM|stack7x16:U_STACK|mem_r~201                                                     ; |lab6_stack_rtl_view_top|lab6_stack_top:U_STACK_SYSTEM|stack7x16:U_STACK|mem_r~201                                                     ; out              ;
; |lab6_stack_rtl_view_top|lab6_stack_top:U_STACK_SYSTEM|stack7x16:U_STACK|mem_r~202                                                     ; |lab6_stack_rtl_view_top|lab6_stack_top:U_STACK_SYSTEM|stack7x16:U_STACK|mem_r~202                                                     ; out              ;
; |lab6_stack_rtl_view_top|lab6_stack_top:U_STACK_SYSTEM|stack7x16:U_STACK|mem_r~203                                                     ; |lab6_stack_rtl_view_top|lab6_stack_top:U_STACK_SYSTEM|stack7x16:U_STACK|mem_r~203                                                     ; out              ;
; |lab6_stack_rtl_view_top|lab6_stack_top:U_STACK_SYSTEM|stack7x16:U_STACK|mem_r~204                                                     ; |lab6_stack_rtl_view_top|lab6_stack_top:U_STACK_SYSTEM|stack7x16:U_STACK|mem_r~204                                                     ; out              ;
; |lab6_stack_rtl_view_top|lab6_stack_top:U_STACK_SYSTEM|stack7x16:U_STACK|mem_r~205                                                     ; |lab6_stack_rtl_view_top|lab6_stack_top:U_STACK_SYSTEM|stack7x16:U_STACK|mem_r~205                                                     ; out              ;
; |lab6_stack_rtl_view_top|lab6_stack_top:U_STACK_SYSTEM|stack7x16:U_STACK|mem_r~206                                                     ; |lab6_stack_rtl_view_top|lab6_stack_top:U_STACK_SYSTEM|stack7x16:U_STACK|mem_r~206                                                     ; out              ;
; |lab6_stack_rtl_view_top|lab6_stack_top:U_STACK_SYSTEM|stack7x16:U_STACK|mem_r~207                                                     ; |lab6_stack_rtl_view_top|lab6_stack_top:U_STACK_SYSTEM|stack7x16:U_STACK|mem_r~207                                                     ; out              ;
; |lab6_stack_rtl_view_top|lab6_stack_top:U_STACK_SYSTEM|stack7x16:U_STACK|mem_r~208                                                     ; |lab6_stack_rtl_view_top|lab6_stack_top:U_STACK_SYSTEM|stack7x16:U_STACK|mem_r~208                                                     ; out              ;
; |lab6_stack_rtl_view_top|lab6_stack_top:U_STACK_SYSTEM|stack7x16:U_STACK|mem_r~209                                                     ; |lab6_stack_rtl_view_top|lab6_stack_top:U_STACK_SYSTEM|stack7x16:U_STACK|mem_r~209                                                     ; out              ;
; |lab6_stack_rtl_view_top|lab6_stack_top:U_STACK_SYSTEM|stack7x16:U_STACK|mem_r~210                                                     ; |lab6_stack_rtl_view_top|lab6_stack_top:U_STACK_SYSTEM|stack7x16:U_STACK|mem_r~210                                                     ; out              ;
; |lab6_stack_rtl_view_top|lab6_stack_top:U_STACK_SYSTEM|stack7x16:U_STACK|mem_r~211                                                     ; |lab6_stack_rtl_view_top|lab6_stack_top:U_STACK_SYSTEM|stack7x16:U_STACK|mem_r~211                                                     ; out              ;
; |lab6_stack_rtl_view_top|lab6_stack_top:U_STACK_SYSTEM|stack7x16:U_STACK|mem_r~212                                                     ; |lab6_stack_rtl_view_top|lab6_stack_top:U_STACK_SYSTEM|stack7x16:U_STACK|mem_r~212                                                     ; out              ;
; |lab6_stack_rtl_view_top|lab6_stack_top:U_STACK_SYSTEM|stack7x16:U_STACK|mem_r~213                                                     ; |lab6_stack_rtl_view_top|lab6_stack_top:U_STACK_SYSTEM|stack7x16:U_STACK|mem_r~213                                                     ; out              ;
; |lab6_stack_rtl_view_top|lab6_stack_top:U_STACK_SYSTEM|stack7x16:U_STACK|mem_r~214                                                     ; |lab6_stack_rtl_view_top|lab6_stack_top:U_STACK_SYSTEM|stack7x16:U_STACK|mem_r~214                                                     ; out              ;
; |lab6_stack_rtl_view_top|lab6_stack_top:U_STACK_SYSTEM|stack7x16:U_STACK|mem_r~215                                                     ; |lab6_stack_rtl_view_top|lab6_stack_top:U_STACK_SYSTEM|stack7x16:U_STACK|mem_r~215                                                     ; out              ;
; |lab6_stack_rtl_view_top|lab6_stack_top:U_STACK_SYSTEM|stack7x16:U_STACK|mem_r~216                                                     ; |lab6_stack_rtl_view_top|lab6_stack_top:U_STACK_SYSTEM|stack7x16:U_STACK|mem_r~216                                                     ; out              ;
; |lab6_stack_rtl_view_top|lab6_stack_top:U_STACK_SYSTEM|stack7x16:U_STACK|mem_r~217                                                     ; |lab6_stack_rtl_view_top|lab6_stack_top:U_STACK_SYSTEM|stack7x16:U_STACK|mem_r~217                                                     ; out              ;
; |lab6_stack_rtl_view_top|lab6_stack_top:U_STACK_SYSTEM|stack7x16:U_STACK|mem_r~218                                                     ; |lab6_stack_rtl_view_top|lab6_stack_top:U_STACK_SYSTEM|stack7x16:U_STACK|mem_r~218                                                     ; out              ;
; |lab6_stack_rtl_view_top|lab6_stack_top:U_STACK_SYSTEM|stack7x16:U_STACK|mem_r~219                                                     ; |lab6_stack_rtl_view_top|lab6_stack_top:U_STACK_SYSTEM|stack7x16:U_STACK|mem_r~219                                                     ; out              ;
; |lab6_stack_rtl_view_top|lab6_stack_top:U_STACK_SYSTEM|stack7x16:U_STACK|mem_r~220                                                     ; |lab6_stack_rtl_view_top|lab6_stack_top:U_STACK_SYSTEM|stack7x16:U_STACK|mem_r~220                                                     ; out              ;
; |lab6_stack_rtl_view_top|lab6_stack_top:U_STACK_SYSTEM|stack7x16:U_STACK|mem_r~221                                                     ; |lab6_stack_rtl_view_top|lab6_stack_top:U_STACK_SYSTEM|stack7x16:U_STACK|mem_r~221                                                     ; out              ;
; |lab6_stack_rtl_view_top|lab6_stack_top:U_STACK_SYSTEM|stack7x16:U_STACK|mem_r~222                                                     ; |lab6_stack_rtl_view_top|lab6_stack_top:U_STACK_SYSTEM|stack7x16:U_STACK|mem_r~222                                                     ; out              ;
; |lab6_stack_rtl_view_top|lab6_stack_top:U_STACK_SYSTEM|stack7x16:U_STACK|mem_r~223                                                     ; |lab6_stack_rtl_view_top|lab6_stack_top:U_STACK_SYSTEM|stack7x16:U_STACK|mem_r~223                                                     ; out              ;
; |lab6_stack_rtl_view_top|lab6_stack_top:U_STACK_SYSTEM|stack7x16:U_STACK|mem_r~225                                                     ; |lab6_stack_rtl_view_top|lab6_stack_top:U_STACK_SYSTEM|stack7x16:U_STACK|mem_r~225                                                     ; out              ;
; |lab6_stack_rtl_view_top|lab6_stack_top:U_STACK_SYSTEM|stack7x16:U_STACK|mem_r~226                                                     ; |lab6_stack_rtl_view_top|lab6_stack_top:U_STACK_SYSTEM|stack7x16:U_STACK|mem_r~226                                                     ; out              ;
; |lab6_stack_rtl_view_top|lab6_stack_top:U_STACK_SYSTEM|stack7x16:U_STACK|mem_r~227                                                     ; |lab6_stack_rtl_view_top|lab6_stack_top:U_STACK_SYSTEM|stack7x16:U_STACK|mem_r~227                                                     ; out              ;
; |lab6_stack_rtl_view_top|lab6_stack_top:U_STACK_SYSTEM|stack7x16:U_STACK|mem_r~229                                                     ; |lab6_stack_rtl_view_top|lab6_stack_top:U_STACK_SYSTEM|stack7x16:U_STACK|mem_r~229                                                     ; out              ;
; |lab6_stack_rtl_view_top|lab6_stack_top:U_STACK_SYSTEM|stack7x16:U_STACK|mem_r~230                                                     ; |lab6_stack_rtl_view_top|lab6_stack_top:U_STACK_SYSTEM|stack7x16:U_STACK|mem_r~230                                                     ; out              ;
; |lab6_stack_rtl_view_top|lab6_stack_top:U_STACK_SYSTEM|stack7x16:U_STACK|mem_r~231                                                     ; |lab6_stack_rtl_view_top|lab6_stack_top:U_STACK_SYSTEM|stack7x16:U_STACK|mem_r~231                                                     ; out              ;
; |lab6_stack_rtl_view_top|lab6_stack_top:U_STACK_SYSTEM|stack7x16:U_STACK|mem_r~233                                                     ; |lab6_stack_rtl_view_top|lab6_stack_top:U_STACK_SYSTEM|stack7x16:U_STACK|mem_r~233                                                     ; out              ;
; |lab6_stack_rtl_view_top|lab6_stack_top:U_STACK_SYSTEM|stack7x16:U_STACK|mem_r~234                                                     ; |lab6_stack_rtl_view_top|lab6_stack_top:U_STACK_SYSTEM|stack7x16:U_STACK|mem_r~234                                                     ; out              ;
; |lab6_stack_rtl_view_top|lab6_stack_top:U_STACK_SYSTEM|stack7x16:U_STACK|mem_r~235                                                     ; |lab6_stack_rtl_view_top|lab6_stack_top:U_STACK_SYSTEM|stack7x16:U_STACK|mem_r~235                                                     ; out              ;
; |lab6_stack_rtl_view_top|lab6_stack_top:U_STACK_SYSTEM|stack7x16:U_STACK|mem_r~236                                                     ; |lab6_stack_rtl_view_top|lab6_stack_top:U_STACK_SYSTEM|stack7x16:U_STACK|mem_r~236                                                     ; out              ;
; |lab6_stack_rtl_view_top|lab6_stack_top:U_STACK_SYSTEM|stack7x16:U_STACK|mem_r~237                                                     ; |lab6_stack_rtl_view_top|lab6_stack_top:U_STACK_SYSTEM|stack7x16:U_STACK|mem_r~237                                                     ; out              ;
; |lab6_stack_rtl_view_top|lab6_stack_top:U_STACK_SYSTEM|stack7x16:U_STACK|mem_r~238                                                     ; |lab6_stack_rtl_view_top|lab6_stack_top:U_STACK_SYSTEM|stack7x16:U_STACK|mem_r~238                                                     ; out              ;
; |lab6_stack_rtl_view_top|lab6_stack_top:U_STACK_SYSTEM|stack7x16:U_STACK|mem_r~239                                                     ; |lab6_stack_rtl_view_top|lab6_stack_top:U_STACK_SYSTEM|stack7x16:U_STACK|mem_r~239                                                     ; out              ;
; |lab6_stack_rtl_view_top|lab6_stack_top:U_STACK_SYSTEM|stack7x16:U_STACK|mem_r~240                                                     ; |lab6_stack_rtl_view_top|lab6_stack_top:U_STACK_SYSTEM|stack7x16:U_STACK|mem_r~240                                                     ; out              ;
; |lab6_stack_rtl_view_top|lab6_stack_top:U_STACK_SYSTEM|stack7x16:U_STACK|mem_r~242                                                     ; |lab6_stack_rtl_view_top|lab6_stack_top:U_STACK_SYSTEM|stack7x16:U_STACK|mem_r~242                                                     ; out              ;
; |lab6_stack_rtl_view_top|lab6_stack_top:U_STACK_SYSTEM|stack7x16:U_STACK|mem_r~243                                                     ; |lab6_stack_rtl_view_top|lab6_stack_top:U_STACK_SYSTEM|stack7x16:U_STACK|mem_r~243                                                     ; out              ;
; |lab6_stack_rtl_view_top|lab6_stack_top:U_STACK_SYSTEM|stack7x16:U_STACK|mem_r~244                                                     ; |lab6_stack_rtl_view_top|lab6_stack_top:U_STACK_SYSTEM|stack7x16:U_STACK|mem_r~244                                                     ; out              ;
; |lab6_stack_rtl_view_top|lab6_stack_top:U_STACK_SYSTEM|stack7x16:U_STACK|mem_r~246                                                     ; |lab6_stack_rtl_view_top|lab6_stack_top:U_STACK_SYSTEM|stack7x16:U_STACK|mem_r~246                                                     ; out              ;
; |lab6_stack_rtl_view_top|lab6_stack_top:U_STACK_SYSTEM|stack7x16:U_STACK|mem_r~247                                                     ; |lab6_stack_rtl_view_top|lab6_stack_top:U_STACK_SYSTEM|stack7x16:U_STACK|mem_r~247                                                     ; out              ;
; |lab6_stack_rtl_view_top|lab6_stack_top:U_STACK_SYSTEM|stack7x16:U_STACK|mem_r~248                                                     ; |lab6_stack_rtl_view_top|lab6_stack_top:U_STACK_SYSTEM|stack7x16:U_STACK|mem_r~248                                                     ; out              ;
; |lab6_stack_rtl_view_top|lab6_stack_top:U_STACK_SYSTEM|stack7x16:U_STACK|mem_r~250                                                     ; |lab6_stack_rtl_view_top|lab6_stack_top:U_STACK_SYSTEM|stack7x16:U_STACK|mem_r~250                                                     ; out              ;
; |lab6_stack_rtl_view_top|lab6_stack_top:U_STACK_SYSTEM|stack7x16:U_STACK|mem_r~251                                                     ; |lab6_stack_rtl_view_top|lab6_stack_top:U_STACK_SYSTEM|stack7x16:U_STACK|mem_r~251                                                     ; out              ;
; |lab6_stack_rtl_view_top|lab6_stack_top:U_STACK_SYSTEM|stack7x16:U_STACK|mem_r~253                                                     ; |lab6_stack_rtl_view_top|lab6_stack_top:U_STACK_SYSTEM|stack7x16:U_STACK|mem_r~253                                                     ; out              ;
; |lab6_stack_rtl_view_top|lab6_stack_top:U_STACK_SYSTEM|stack7x16:U_STACK|mem_r~254                                                     ; |lab6_stack_rtl_view_top|lab6_stack_top:U_STACK_SYSTEM|stack7x16:U_STACK|mem_r~254                                                     ; out              ;
; |lab6_stack_rtl_view_top|lab6_stack_top:U_STACK_SYSTEM|stack7x16:U_STACK|mem_r~255                                                     ; |lab6_stack_rtl_view_top|lab6_stack_top:U_STACK_SYSTEM|stack7x16:U_STACK|mem_r~255                                                     ; out              ;
; |lab6_stack_rtl_view_top|lab6_stack_top:U_STACK_SYSTEM|stack7x16:U_STACK|mem_r~256                                                     ; |lab6_stack_rtl_view_top|lab6_stack_top:U_STACK_SYSTEM|stack7x16:U_STACK|mem_r~256                                                     ; out              ;
; |lab6_stack_rtl_view_top|lab6_stack_top:U_STACK_SYSTEM|stack7x16:U_STACK|mem_r~257                                                     ; |lab6_stack_rtl_view_top|lab6_stack_top:U_STACK_SYSTEM|stack7x16:U_STACK|mem_r~257                                                     ; out              ;
; |lab6_stack_rtl_view_top|lab6_stack_top:U_STACK_SYSTEM|stack7x16:U_STACK|mem_r~258                                                     ; |lab6_stack_rtl_view_top|lab6_stack_top:U_STACK_SYSTEM|stack7x16:U_STACK|mem_r~258                                                     ; out              ;
; |lab6_stack_rtl_view_top|lab6_stack_top:U_STACK_SYSTEM|stack7x16:U_STACK|mem_r~259                                                     ; |lab6_stack_rtl_view_top|lab6_stack_top:U_STACK_SYSTEM|stack7x16:U_STACK|mem_r~259                                                     ; out              ;
; |lab6_stack_rtl_view_top|lab6_stack_top:U_STACK_SYSTEM|stack7x16:U_STACK|mem_r~260                                                     ; |lab6_stack_rtl_view_top|lab6_stack_top:U_STACK_SYSTEM|stack7x16:U_STACK|mem_r~260                                                     ; out              ;
; |lab6_stack_rtl_view_top|lab6_stack_top:U_STACK_SYSTEM|stack7x16:U_STACK|mem_r~261                                                     ; |lab6_stack_rtl_view_top|lab6_stack_top:U_STACK_SYSTEM|stack7x16:U_STACK|mem_r~261                                                     ; out              ;
; |lab6_stack_rtl_view_top|lab6_stack_top:U_STACK_SYSTEM|stack7x16:U_STACK|mem_r~262                                                     ; |lab6_stack_rtl_view_top|lab6_stack_top:U_STACK_SYSTEM|stack7x16:U_STACK|mem_r~262                                                     ; out              ;
; |lab6_stack_rtl_view_top|lab6_stack_top:U_STACK_SYSTEM|stack7x16:U_STACK|mem_r~263                                                     ; |lab6_stack_rtl_view_top|lab6_stack_top:U_STACK_SYSTEM|stack7x16:U_STACK|mem_r~263                                                     ; out              ;
; |lab6_stack_rtl_view_top|lab6_stack_top:U_STACK_SYSTEM|stack7x16:U_STACK|mem_r~264                                                     ; |lab6_stack_rtl_view_top|lab6_stack_top:U_STACK_SYSTEM|stack7x16:U_STACK|mem_r~264                                                     ; out              ;
; |lab6_stack_rtl_view_top|lab6_stack_top:U_STACK_SYSTEM|stack7x16:U_STACK|mem_r~265                                                     ; |lab6_stack_rtl_view_top|lab6_stack_top:U_STACK_SYSTEM|stack7x16:U_STACK|mem_r~265                                                     ; out              ;
; |lab6_stack_rtl_view_top|lab6_stack_top:U_STACK_SYSTEM|stack7x16:U_STACK|mem_r~266                                                     ; |lab6_stack_rtl_view_top|lab6_stack_top:U_STACK_SYSTEM|stack7x16:U_STACK|mem_r~266                                                     ; out              ;
; |lab6_stack_rtl_view_top|lab6_stack_top:U_STACK_SYSTEM|stack7x16:U_STACK|mem_r~267                                                     ; |lab6_stack_rtl_view_top|lab6_stack_top:U_STACK_SYSTEM|stack7x16:U_STACK|mem_r~267                                                     ; out              ;
; |lab6_stack_rtl_view_top|lab6_stack_top:U_STACK_SYSTEM|stack7x16:U_STACK|mem_r~268                                                     ; |lab6_stack_rtl_view_top|lab6_stack_top:U_STACK_SYSTEM|stack7x16:U_STACK|mem_r~268                                                     ; out              ;
; |lab6_stack_rtl_view_top|lab6_stack_top:U_STACK_SYSTEM|stack7x16:U_STACK|mem_r~269                                                     ; |lab6_stack_rtl_view_top|lab6_stack_top:U_STACK_SYSTEM|stack7x16:U_STACK|mem_r~269                                                     ; out              ;
; |lab6_stack_rtl_view_top|lab6_stack_top:U_STACK_SYSTEM|stack7x16:U_STACK|mem_r~270                                                     ; |lab6_stack_rtl_view_top|lab6_stack_top:U_STACK_SYSTEM|stack7x16:U_STACK|mem_r~270                                                     ; out              ;
; |lab6_stack_rtl_view_top|lab6_stack_top:U_STACK_SYSTEM|stack7x16:U_STACK|mem_r~271                                                     ; |lab6_stack_rtl_view_top|lab6_stack_top:U_STACK_SYSTEM|stack7x16:U_STACK|mem_r~271                                                     ; out              ;
; |lab6_stack_rtl_view_top|lab6_stack_top:U_STACK_SYSTEM|stack7x16:U_STACK|mem_r~272                                                     ; |lab6_stack_rtl_view_top|lab6_stack_top:U_STACK_SYSTEM|stack7x16:U_STACK|mem_r~272                                                     ; out              ;
; |lab6_stack_rtl_view_top|lab6_stack_top:U_STACK_SYSTEM|stack7x16:U_STACK|mem_r~273                                                     ; |lab6_stack_rtl_view_top|lab6_stack_top:U_STACK_SYSTEM|stack7x16:U_STACK|mem_r~273                                                     ; out              ;
; |lab6_stack_rtl_view_top|lab6_stack_top:U_STACK_SYSTEM|stack7x16:U_STACK|mem_r~274                                                     ; |lab6_stack_rtl_view_top|lab6_stack_top:U_STACK_SYSTEM|stack7x16:U_STACK|mem_r~274                                                     ; out              ;
; |lab6_stack_rtl_view_top|lab6_stack_top:U_STACK_SYSTEM|stack7x16:U_STACK|mem_r~275                                                     ; |lab6_stack_rtl_view_top|lab6_stack_top:U_STACK_SYSTEM|stack7x16:U_STACK|mem_r~275                                                     ; out              ;
; |lab6_stack_rtl_view_top|lab6_stack_top:U_STACK_SYSTEM|stack7x16:U_STACK|mem_r~276                                                     ; |lab6_stack_rtl_view_top|lab6_stack_top:U_STACK_SYSTEM|stack7x16:U_STACK|mem_r~276                                                     ; out              ;
; |lab6_stack_rtl_view_top|lab6_stack_top:U_STACK_SYSTEM|stack7x16:U_STACK|mem_r~277                                                     ; |lab6_stack_rtl_view_top|lab6_stack_top:U_STACK_SYSTEM|stack7x16:U_STACK|mem_r~277                                                     ; out              ;
; |lab6_stack_rtl_view_top|lab6_stack_top:U_STACK_SYSTEM|stack7x16:U_STACK|mem_r~278                                                     ; |lab6_stack_rtl_view_top|lab6_stack_top:U_STACK_SYSTEM|stack7x16:U_STACK|mem_r~278                                                     ; out              ;
; |lab6_stack_rtl_view_top|lab6_stack_top:U_STACK_SYSTEM|stack7x16:U_STACK|mem_r~279                                                     ; |lab6_stack_rtl_view_top|lab6_stack_top:U_STACK_SYSTEM|stack7x16:U_STACK|mem_r~279                                                     ; out              ;
; |lab6_stack_rtl_view_top|lab6_stack_top:U_STACK_SYSTEM|stack7x16:U_STACK|mem_r~280                                                     ; |lab6_stack_rtl_view_top|lab6_stack_top:U_STACK_SYSTEM|stack7x16:U_STACK|mem_r~280                                                     ; out              ;
; |lab6_stack_rtl_view_top|lab6_stack_top:U_STACK_SYSTEM|stack7x16:U_STACK|mem_r~281                                                     ; |lab6_stack_rtl_view_top|lab6_stack_top:U_STACK_SYSTEM|stack7x16:U_STACK|mem_r~281                                                     ; out              ;
; |lab6_stack_rtl_view_top|lab6_stack_top:U_STACK_SYSTEM|stack7x16:U_STACK|mem_r~282                                                     ; |lab6_stack_rtl_view_top|lab6_stack_top:U_STACK_SYSTEM|stack7x16:U_STACK|mem_r~282                                                     ; out              ;
; |lab6_stack_rtl_view_top|lab6_stack_top:U_STACK_SYSTEM|stack7x16:U_STACK|mem_r~283                                                     ; |lab6_stack_rtl_view_top|lab6_stack_top:U_STACK_SYSTEM|stack7x16:U_STACK|mem_r~283                                                     ; out              ;
; |lab6_stack_rtl_view_top|lab6_stack_top:U_STACK_SYSTEM|stack7x16:U_STACK|mem_r~284                                                     ; |lab6_stack_rtl_view_top|lab6_stack_top:U_STACK_SYSTEM|stack7x16:U_STACK|mem_r~284                                                     ; out              ;
; |lab6_stack_rtl_view_top|lab6_stack_top:U_STACK_SYSTEM|stack7x16:U_STACK|mem_r~285                                                     ; |lab6_stack_rtl_view_top|lab6_stack_top:U_STACK_SYSTEM|stack7x16:U_STACK|mem_r~285                                                     ; out              ;
; |lab6_stack_rtl_view_top|lab6_stack_top:U_STACK_SYSTEM|stack7x16:U_STACK|mem_r~286                                                     ; |lab6_stack_rtl_view_top|lab6_stack_top:U_STACK_SYSTEM|stack7x16:U_STACK|mem_r~286                                                     ; out              ;
; |lab6_stack_rtl_view_top|lab6_stack_top:U_STACK_SYSTEM|stack7x16:U_STACK|mem_r~287                                                     ; |lab6_stack_rtl_view_top|lab6_stack_top:U_STACK_SYSTEM|stack7x16:U_STACK|mem_r~287                                                     ; out              ;
; |lab6_stack_rtl_view_top|lab6_stack_top:U_STACK_SYSTEM|stack7x16:U_STACK|mem_r~288                                                     ; |lab6_stack_rtl_view_top|lab6_stack_top:U_STACK_SYSTEM|stack7x16:U_STACK|mem_r~288                                                     ; out              ;
; |lab6_stack_rtl_view_top|lab6_stack_top:U_STACK_SYSTEM|stack7x16:U_STACK|mem_r~289                                                     ; |lab6_stack_rtl_view_top|lab6_stack_top:U_STACK_SYSTEM|stack7x16:U_STACK|mem_r~289                                                     ; out              ;
; |lab6_stack_rtl_view_top|lab6_stack_top:U_STACK_SYSTEM|stack7x16:U_STACK|mem_r~290                                                     ; |lab6_stack_rtl_view_top|lab6_stack_top:U_STACK_SYSTEM|stack7x16:U_STACK|mem_r~290                                                     ; out              ;
; |lab6_stack_rtl_view_top|lab6_stack_top:U_STACK_SYSTEM|stack7x16:U_STACK|mem_r~291                                                     ; |lab6_stack_rtl_view_top|lab6_stack_top:U_STACK_SYSTEM|stack7x16:U_STACK|mem_r~291                                                     ; out              ;
; |lab6_stack_rtl_view_top|lab6_stack_top:U_STACK_SYSTEM|stack7x16:U_STACK|mem_r~292                                                     ; |lab6_stack_rtl_view_top|lab6_stack_top:U_STACK_SYSTEM|stack7x16:U_STACK|mem_r~292                                                     ; out              ;
; |lab6_stack_rtl_view_top|lab6_stack_top:U_STACK_SYSTEM|stack7x16:U_STACK|mem_r~293                                                     ; |lab6_stack_rtl_view_top|lab6_stack_top:U_STACK_SYSTEM|stack7x16:U_STACK|mem_r~293                                                     ; out              ;
; |lab6_stack_rtl_view_top|lab6_stack_top:U_STACK_SYSTEM|stack7x16:U_STACK|mem_r~294                                                     ; |lab6_stack_rtl_view_top|lab6_stack_top:U_STACK_SYSTEM|stack7x16:U_STACK|mem_r~294                                                     ; out              ;
; |lab6_stack_rtl_view_top|lab6_stack_top:U_STACK_SYSTEM|stack7x16:U_STACK|mem_r~295                                                     ; |lab6_stack_rtl_view_top|lab6_stack_top:U_STACK_SYSTEM|stack7x16:U_STACK|mem_r~295                                                     ; out              ;
; |lab6_stack_rtl_view_top|lab6_stack_top:U_STACK_SYSTEM|stack7x16:U_STACK|mem_r~296                                                     ; |lab6_stack_rtl_view_top|lab6_stack_top:U_STACK_SYSTEM|stack7x16:U_STACK|mem_r~296                                                     ; out              ;
; |lab6_stack_rtl_view_top|lab6_stack_top:U_STACK_SYSTEM|stack7x16:U_STACK|mem_r~297                                                     ; |lab6_stack_rtl_view_top|lab6_stack_top:U_STACK_SYSTEM|stack7x16:U_STACK|mem_r~297                                                     ; out              ;
; |lab6_stack_rtl_view_top|lab6_stack_top:U_STACK_SYSTEM|stack7x16:U_STACK|mem_r~298                                                     ; |lab6_stack_rtl_view_top|lab6_stack_top:U_STACK_SYSTEM|stack7x16:U_STACK|mem_r~298                                                     ; out              ;
; |lab6_stack_rtl_view_top|lab6_stack_top:U_STACK_SYSTEM|stack7x16:U_STACK|mem_r~299                                                     ; |lab6_stack_rtl_view_top|lab6_stack_top:U_STACK_SYSTEM|stack7x16:U_STACK|mem_r~299                                                     ; out              ;
; |lab6_stack_rtl_view_top|lab6_stack_top:U_STACK_SYSTEM|stack7x16:U_STACK|mem_r~300                                                     ; |lab6_stack_rtl_view_top|lab6_stack_top:U_STACK_SYSTEM|stack7x16:U_STACK|mem_r~300                                                     ; out              ;
; |lab6_stack_rtl_view_top|lab6_stack_top:U_STACK_SYSTEM|stack7x16:U_STACK|mem_r~301                                                     ; |lab6_stack_rtl_view_top|lab6_stack_top:U_STACK_SYSTEM|stack7x16:U_STACK|mem_r~301                                                     ; out              ;
; |lab6_stack_rtl_view_top|lab6_stack_top:U_STACK_SYSTEM|stack7x16:U_STACK|mem_r~302                                                     ; |lab6_stack_rtl_view_top|lab6_stack_top:U_STACK_SYSTEM|stack7x16:U_STACK|mem_r~302                                                     ; out              ;
; |lab6_stack_rtl_view_top|lab6_stack_top:U_STACK_SYSTEM|stack7x16:U_STACK|mem_r~303                                                     ; |lab6_stack_rtl_view_top|lab6_stack_top:U_STACK_SYSTEM|stack7x16:U_STACK|mem_r~303                                                     ; out              ;
; |lab6_stack_rtl_view_top|lab6_stack_top:U_STACK_SYSTEM|stack7x16:U_STACK|mem_r~304                                                     ; |lab6_stack_rtl_view_top|lab6_stack_top:U_STACK_SYSTEM|stack7x16:U_STACK|mem_r~304                                                     ; out              ;
; |lab6_stack_rtl_view_top|lab6_stack_top:U_STACK_SYSTEM|stack7x16:U_STACK|mem_r~305                                                     ; |lab6_stack_rtl_view_top|lab6_stack_top:U_STACK_SYSTEM|stack7x16:U_STACK|mem_r~305                                                     ; out              ;
; |lab6_stack_rtl_view_top|lab6_stack_top:U_STACK_SYSTEM|stack7x16:U_STACK|mem_r~306                                                     ; |lab6_stack_rtl_view_top|lab6_stack_top:U_STACK_SYSTEM|stack7x16:U_STACK|mem_r~306                                                     ; out              ;
; |lab6_stack_rtl_view_top|lab6_stack_top:U_STACK_SYSTEM|stack7x16:U_STACK|mem_r~307                                                     ; |lab6_stack_rtl_view_top|lab6_stack_top:U_STACK_SYSTEM|stack7x16:U_STACK|mem_r~307                                                     ; out              ;
; |lab6_stack_rtl_view_top|lab6_stack_top:U_STACK_SYSTEM|stack7x16:U_STACK|mem_r~308                                                     ; |lab6_stack_rtl_view_top|lab6_stack_top:U_STACK_SYSTEM|stack7x16:U_STACK|mem_r~308                                                     ; out              ;
; |lab6_stack_rtl_view_top|lab6_stack_top:U_STACK_SYSTEM|stack7x16:U_STACK|mem_r~309                                                     ; |lab6_stack_rtl_view_top|lab6_stack_top:U_STACK_SYSTEM|stack7x16:U_STACK|mem_r~309                                                     ; out              ;
; |lab6_stack_rtl_view_top|lab6_stack_top:U_STACK_SYSTEM|stack7x16:U_STACK|mem_r~310                                                     ; |lab6_stack_rtl_view_top|lab6_stack_top:U_STACK_SYSTEM|stack7x16:U_STACK|mem_r~310                                                     ; out              ;
; |lab6_stack_rtl_view_top|lab6_stack_top:U_STACK_SYSTEM|stack7x16:U_STACK|mem_r~311                                                     ; |lab6_stack_rtl_view_top|lab6_stack_top:U_STACK_SYSTEM|stack7x16:U_STACK|mem_r~311                                                     ; out              ;
; |lab6_stack_rtl_view_top|lab6_stack_top:U_STACK_SYSTEM|stack7x16:U_STACK|mem_r~312                                                     ; |lab6_stack_rtl_view_top|lab6_stack_top:U_STACK_SYSTEM|stack7x16:U_STACK|mem_r~312                                                     ; out              ;
; |lab6_stack_rtl_view_top|lab6_stack_top:U_STACK_SYSTEM|stack7x16:U_STACK|mem_r~313                                                     ; |lab6_stack_rtl_view_top|lab6_stack_top:U_STACK_SYSTEM|stack7x16:U_STACK|mem_r~313                                                     ; out              ;
; |lab6_stack_rtl_view_top|lab6_stack_top:U_STACK_SYSTEM|stack7x16:U_STACK|mem_r~314                                                     ; |lab6_stack_rtl_view_top|lab6_stack_top:U_STACK_SYSTEM|stack7x16:U_STACK|mem_r~314                                                     ; out              ;
; |lab6_stack_rtl_view_top|lab6_stack_top:U_STACK_SYSTEM|stack7x16:U_STACK|mem_r~315                                                     ; |lab6_stack_rtl_view_top|lab6_stack_top:U_STACK_SYSTEM|stack7x16:U_STACK|mem_r~315                                                     ; out              ;
; |lab6_stack_rtl_view_top|lab6_stack_top:U_STACK_SYSTEM|stack7x16:U_STACK|mem_r~316                                                     ; |lab6_stack_rtl_view_top|lab6_stack_top:U_STACK_SYSTEM|stack7x16:U_STACK|mem_r~316                                                     ; out              ;
; |lab6_stack_rtl_view_top|lab6_stack_top:U_STACK_SYSTEM|stack7x16:U_STACK|mem_r~317                                                     ; |lab6_stack_rtl_view_top|lab6_stack_top:U_STACK_SYSTEM|stack7x16:U_STACK|mem_r~317                                                     ; out              ;
; |lab6_stack_rtl_view_top|lab6_stack_top:U_STACK_SYSTEM|stack7x16:U_STACK|mem_r~318                                                     ; |lab6_stack_rtl_view_top|lab6_stack_top:U_STACK_SYSTEM|stack7x16:U_STACK|mem_r~318                                                     ; out              ;
; |lab6_stack_rtl_view_top|lab6_stack_top:U_STACK_SYSTEM|stack7x16:U_STACK|mem_r~319                                                     ; |lab6_stack_rtl_view_top|lab6_stack_top:U_STACK_SYSTEM|stack7x16:U_STACK|mem_r~319                                                     ; out              ;
; |lab6_stack_rtl_view_top|lab6_stack_top:U_STACK_SYSTEM|stack7x16:U_STACK|mem_r~320                                                     ; |lab6_stack_rtl_view_top|lab6_stack_top:U_STACK_SYSTEM|stack7x16:U_STACK|mem_r~320                                                     ; out              ;
; |lab6_stack_rtl_view_top|lab6_stack_top:U_STACK_SYSTEM|stack7x16:U_STACK|mem_r~321                                                     ; |lab6_stack_rtl_view_top|lab6_stack_top:U_STACK_SYSTEM|stack7x16:U_STACK|mem_r~321                                                     ; out              ;
; |lab6_stack_rtl_view_top|lab6_stack_top:U_STACK_SYSTEM|stack7x16:U_STACK|mem_r~322                                                     ; |lab6_stack_rtl_view_top|lab6_stack_top:U_STACK_SYSTEM|stack7x16:U_STACK|mem_r~322                                                     ; out              ;
; |lab6_stack_rtl_view_top|lab6_stack_top:U_STACK_SYSTEM|stack7x16:U_STACK|mem_r~323                                                     ; |lab6_stack_rtl_view_top|lab6_stack_top:U_STACK_SYSTEM|stack7x16:U_STACK|mem_r~323                                                     ; out              ;
; |lab6_stack_rtl_view_top|lab6_stack_top:U_STACK_SYSTEM|stack7x16:U_STACK|mem_r~324                                                     ; |lab6_stack_rtl_view_top|lab6_stack_top:U_STACK_SYSTEM|stack7x16:U_STACK|mem_r~324                                                     ; out              ;
; |lab6_stack_rtl_view_top|lab6_stack_top:U_STACK_SYSTEM|stack7x16:U_STACK|mem_r~325                                                     ; |lab6_stack_rtl_view_top|lab6_stack_top:U_STACK_SYSTEM|stack7x16:U_STACK|mem_r~325                                                     ; out              ;
; |lab6_stack_rtl_view_top|lab6_stack_top:U_STACK_SYSTEM|stack7x16:U_STACK|mem_r~326                                                     ; |lab6_stack_rtl_view_top|lab6_stack_top:U_STACK_SYSTEM|stack7x16:U_STACK|mem_r~326                                                     ; out              ;
; |lab6_stack_rtl_view_top|lab6_stack_top:U_STACK_SYSTEM|stack7x16:U_STACK|mem_r~327                                                     ; |lab6_stack_rtl_view_top|lab6_stack_top:U_STACK_SYSTEM|stack7x16:U_STACK|mem_r~327                                                     ; out              ;
; |lab6_stack_rtl_view_top|lab6_stack_top:U_STACK_SYSTEM|stack7x16:U_STACK|mem_r~328                                                     ; |lab6_stack_rtl_view_top|lab6_stack_top:U_STACK_SYSTEM|stack7x16:U_STACK|mem_r~328                                                     ; out              ;
; |lab6_stack_rtl_view_top|lab6_stack_top:U_STACK_SYSTEM|stack7x16:U_STACK|mem_r~329                                                     ; |lab6_stack_rtl_view_top|lab6_stack_top:U_STACK_SYSTEM|stack7x16:U_STACK|mem_r~329                                                     ; out              ;
; |lab6_stack_rtl_view_top|lab6_stack_top:U_STACK_SYSTEM|stack7x16:U_STACK|mem_r~330                                                     ; |lab6_stack_rtl_view_top|lab6_stack_top:U_STACK_SYSTEM|stack7x16:U_STACK|mem_r~330                                                     ; out              ;
; |lab6_stack_rtl_view_top|lab6_stack_top:U_STACK_SYSTEM|stack7x16:U_STACK|mem_r~331                                                     ; |lab6_stack_rtl_view_top|lab6_stack_top:U_STACK_SYSTEM|stack7x16:U_STACK|mem_r~331                                                     ; out              ;
; |lab6_stack_rtl_view_top|lab6_stack_top:U_STACK_SYSTEM|stack7x16:U_STACK|mem_r~332                                                     ; |lab6_stack_rtl_view_top|lab6_stack_top:U_STACK_SYSTEM|stack7x16:U_STACK|mem_r~332                                                     ; out              ;
; |lab6_stack_rtl_view_top|lab6_stack_top:U_STACK_SYSTEM|stack7x16:U_STACK|mem_r~333                                                     ; |lab6_stack_rtl_view_top|lab6_stack_top:U_STACK_SYSTEM|stack7x16:U_STACK|mem_r~333                                                     ; out              ;
; |lab6_stack_rtl_view_top|lab6_stack_top:U_STACK_SYSTEM|stack7x16:U_STACK|mem_r~334                                                     ; |lab6_stack_rtl_view_top|lab6_stack_top:U_STACK_SYSTEM|stack7x16:U_STACK|mem_r~334                                                     ; out              ;
; |lab6_stack_rtl_view_top|lab6_stack_top:U_STACK_SYSTEM|stack7x16:U_STACK|mem_r~335                                                     ; |lab6_stack_rtl_view_top|lab6_stack_top:U_STACK_SYSTEM|stack7x16:U_STACK|mem_r~335                                                     ; out              ;
; |lab6_stack_rtl_view_top|lab6_stack_top:U_STACK_SYSTEM|stack7x16:U_STACK|sp_r~0                                                        ; |lab6_stack_rtl_view_top|lab6_stack_top:U_STACK_SYSTEM|stack7x16:U_STACK|sp_r~0                                                        ; out              ;
; |lab6_stack_rtl_view_top|lab6_stack_top:U_STACK_SYSTEM|stack7x16:U_STACK|sp_r~1                                                        ; |lab6_stack_rtl_view_top|lab6_stack_top:U_STACK_SYSTEM|stack7x16:U_STACK|sp_r~1                                                        ; out              ;
; |lab6_stack_rtl_view_top|lab6_stack_top:U_STACK_SYSTEM|stack7x16:U_STACK|sp_r~2                                                        ; |lab6_stack_rtl_view_top|lab6_stack_top:U_STACK_SYSTEM|stack7x16:U_STACK|sp_r~2                                                        ; out              ;
; |lab6_stack_rtl_view_top|lab6_stack_top:U_STACK_SYSTEM|stack7x16:U_STACK|sp_r~3                                                        ; |lab6_stack_rtl_view_top|lab6_stack_top:U_STACK_SYSTEM|stack7x16:U_STACK|sp_r~3                                                        ; out              ;
; |lab6_stack_rtl_view_top|lab6_stack_top:U_STACK_SYSTEM|stack7x16:U_STACK|sp_r~4                                                        ; |lab6_stack_rtl_view_top|lab6_stack_top:U_STACK_SYSTEM|stack7x16:U_STACK|sp_r~4                                                        ; out              ;
; |lab6_stack_rtl_view_top|lab6_stack_top:U_STACK_SYSTEM|stack7x16:U_STACK|sp_r~5                                                        ; |lab6_stack_rtl_view_top|lab6_stack_top:U_STACK_SYSTEM|stack7x16:U_STACK|sp_r~5                                                        ; out              ;
; |lab6_stack_rtl_view_top|lab6_stack_top:U_STACK_SYSTEM|stack7x16:U_STACK|process_0~1                                                   ; |lab6_stack_rtl_view_top|lab6_stack_top:U_STACK_SYSTEM|stack7x16:U_STACK|process_0~1                                                   ; out0             ;
; |lab6_stack_rtl_view_top|lab6_stack_top:U_STACK_SYSTEM|stack7x16:U_STACK|dout_r[8]                                                     ; |lab6_stack_rtl_view_top|lab6_stack_top:U_STACK_SYSTEM|stack7x16:U_STACK|dout_r[8]                                                     ; regout           ;
; |lab6_stack_rtl_view_top|lab6_stack_top:U_STACK_SYSTEM|stack7x16:U_STACK|sp_r~6                                                        ; |lab6_stack_rtl_view_top|lab6_stack_top:U_STACK_SYSTEM|stack7x16:U_STACK|sp_r~6                                                        ; out              ;
; |lab6_stack_rtl_view_top|lab6_stack_top:U_STACK_SYSTEM|stack7x16:U_STACK|sp_r~7                                                        ; |lab6_stack_rtl_view_top|lab6_stack_top:U_STACK_SYSTEM|stack7x16:U_STACK|sp_r~7                                                        ; out              ;
; |lab6_stack_rtl_view_top|lab6_stack_top:U_STACK_SYSTEM|stack7x16:U_STACK|sp_r~8                                                        ; |lab6_stack_rtl_view_top|lab6_stack_top:U_STACK_SYSTEM|stack7x16:U_STACK|sp_r~8                                                        ; out              ;
; |lab6_stack_rtl_view_top|lab6_stack_top:U_STACK_SYSTEM|stack7x16:U_STACK|dout_r~1                                                      ; |lab6_stack_rtl_view_top|lab6_stack_top:U_STACK_SYSTEM|stack7x16:U_STACK|dout_r~1                                                      ; out              ;
; |lab6_stack_rtl_view_top|lab6_stack_top:U_STACK_SYSTEM|stack7x16:U_STACK|dout_r~2                                                      ; |lab6_stack_rtl_view_top|lab6_stack_top:U_STACK_SYSTEM|stack7x16:U_STACK|dout_r~2                                                      ; out              ;
; |lab6_stack_rtl_view_top|lab6_stack_top:U_STACK_SYSTEM|stack7x16:U_STACK|dout_r~3                                                      ; |lab6_stack_rtl_view_top|lab6_stack_top:U_STACK_SYSTEM|stack7x16:U_STACK|dout_r~3                                                      ; out              ;
; |lab6_stack_rtl_view_top|lab6_stack_top:U_STACK_SYSTEM|stack7x16:U_STACK|dout_r~5                                                      ; |lab6_stack_rtl_view_top|lab6_stack_top:U_STACK_SYSTEM|stack7x16:U_STACK|dout_r~5                                                      ; out              ;
; |lab6_stack_rtl_view_top|lab6_stack_top:U_STACK_SYSTEM|stack7x16:U_STACK|dout_r~6                                                      ; |lab6_stack_rtl_view_top|lab6_stack_top:U_STACK_SYSTEM|stack7x16:U_STACK|dout_r~6                                                      ; out              ;
; |lab6_stack_rtl_view_top|lab6_stack_top:U_STACK_SYSTEM|stack7x16:U_STACK|dout_r~7                                                      ; |lab6_stack_rtl_view_top|lab6_stack_top:U_STACK_SYSTEM|stack7x16:U_STACK|dout_r~7                                                      ; out              ;
; |lab6_stack_rtl_view_top|lab6_stack_top:U_STACK_SYSTEM|stack7x16:U_STACK|dout_r~9                                                      ; |lab6_stack_rtl_view_top|lab6_stack_top:U_STACK_SYSTEM|stack7x16:U_STACK|dout_r~9                                                      ; out              ;
; |lab6_stack_rtl_view_top|lab6_stack_top:U_STACK_SYSTEM|stack7x16:U_STACK|dout_r~10                                                     ; |lab6_stack_rtl_view_top|lab6_stack_top:U_STACK_SYSTEM|stack7x16:U_STACK|dout_r~10                                                     ; out              ;
; |lab6_stack_rtl_view_top|lab6_stack_top:U_STACK_SYSTEM|stack7x16:U_STACK|dout_r~11                                                     ; |lab6_stack_rtl_view_top|lab6_stack_top:U_STACK_SYSTEM|stack7x16:U_STACK|dout_r~11                                                     ; out              ;
; |lab6_stack_rtl_view_top|lab6_stack_top:U_STACK_SYSTEM|stack7x16:U_STACK|dout_r~12                                                     ; |lab6_stack_rtl_view_top|lab6_stack_top:U_STACK_SYSTEM|stack7x16:U_STACK|dout_r~12                                                     ; out              ;
; |lab6_stack_rtl_view_top|lab6_stack_top:U_STACK_SYSTEM|stack7x16:U_STACK|dout_r~13                                                     ; |lab6_stack_rtl_view_top|lab6_stack_top:U_STACK_SYSTEM|stack7x16:U_STACK|dout_r~13                                                     ; out              ;
; |lab6_stack_rtl_view_top|lab6_stack_top:U_STACK_SYSTEM|stack7x16:U_STACK|dout_r~14                                                     ; |lab6_stack_rtl_view_top|lab6_stack_top:U_STACK_SYSTEM|stack7x16:U_STACK|dout_r~14                                                     ; out              ;
; |lab6_stack_rtl_view_top|lab6_stack_top:U_STACK_SYSTEM|stack7x16:U_STACK|dout_r~15                                                     ; |lab6_stack_rtl_view_top|lab6_stack_top:U_STACK_SYSTEM|stack7x16:U_STACK|dout_r~15                                                     ; out              ;
; |lab6_stack_rtl_view_top|lab6_stack_top:U_STACK_SYSTEM|stack7x16:U_STACK|sp_r~9                                                        ; |lab6_stack_rtl_view_top|lab6_stack_top:U_STACK_SYSTEM|stack7x16:U_STACK|sp_r~9                                                        ; out              ;
; |lab6_stack_rtl_view_top|lab6_stack_top:U_STACK_SYSTEM|stack7x16:U_STACK|sp_r~10                                                       ; |lab6_stack_rtl_view_top|lab6_stack_top:U_STACK_SYSTEM|stack7x16:U_STACK|sp_r~10                                                       ; out              ;
; |lab6_stack_rtl_view_top|lab6_stack_top:U_STACK_SYSTEM|stack7x16:U_STACK|sp_r~11                                                       ; |lab6_stack_rtl_view_top|lab6_stack_top:U_STACK_SYSTEM|stack7x16:U_STACK|sp_r~11                                                       ; out              ;
; |lab6_stack_rtl_view_top|lab6_stack_top:U_STACK_SYSTEM|stack7x16:U_STACK|overflow_r~0                                                  ; |lab6_stack_rtl_view_top|lab6_stack_top:U_STACK_SYSTEM|stack7x16:U_STACK|overflow_r~0                                                  ; out              ;
; |lab6_stack_rtl_view_top|lab6_stack_top:U_STACK_SYSTEM|stack7x16:U_STACK|mem_r~337                                                     ; |lab6_stack_rtl_view_top|lab6_stack_top:U_STACK_SYSTEM|stack7x16:U_STACK|mem_r~337                                                     ; out              ;
; |lab6_stack_rtl_view_top|lab6_stack_top:U_STACK_SYSTEM|stack7x16:U_STACK|mem_r~338                                                     ; |lab6_stack_rtl_view_top|lab6_stack_top:U_STACK_SYSTEM|stack7x16:U_STACK|mem_r~338                                                     ; out              ;
; |lab6_stack_rtl_view_top|lab6_stack_top:U_STACK_SYSTEM|stack7x16:U_STACK|mem_r~339                                                     ; |lab6_stack_rtl_view_top|lab6_stack_top:U_STACK_SYSTEM|stack7x16:U_STACK|mem_r~339                                                     ; out              ;
; |lab6_stack_rtl_view_top|lab6_stack_top:U_STACK_SYSTEM|stack7x16:U_STACK|mem_r~341                                                     ; |lab6_stack_rtl_view_top|lab6_stack_top:U_STACK_SYSTEM|stack7x16:U_STACK|mem_r~341                                                     ; out              ;
; |lab6_stack_rtl_view_top|lab6_stack_top:U_STACK_SYSTEM|stack7x16:U_STACK|mem_r~342                                                     ; |lab6_stack_rtl_view_top|lab6_stack_top:U_STACK_SYSTEM|stack7x16:U_STACK|mem_r~342                                                     ; out              ;
; |lab6_stack_rtl_view_top|lab6_stack_top:U_STACK_SYSTEM|stack7x16:U_STACK|mem_r~343                                                     ; |lab6_stack_rtl_view_top|lab6_stack_top:U_STACK_SYSTEM|stack7x16:U_STACK|mem_r~343                                                     ; out              ;
; |lab6_stack_rtl_view_top|lab6_stack_top:U_STACK_SYSTEM|stack7x16:U_STACK|mem_r~345                                                     ; |lab6_stack_rtl_view_top|lab6_stack_top:U_STACK_SYSTEM|stack7x16:U_STACK|mem_r~345                                                     ; out              ;
; |lab6_stack_rtl_view_top|lab6_stack_top:U_STACK_SYSTEM|stack7x16:U_STACK|mem_r~346                                                     ; |lab6_stack_rtl_view_top|lab6_stack_top:U_STACK_SYSTEM|stack7x16:U_STACK|mem_r~346                                                     ; out              ;
; |lab6_stack_rtl_view_top|lab6_stack_top:U_STACK_SYSTEM|stack7x16:U_STACK|mem_r~347                                                     ; |lab6_stack_rtl_view_top|lab6_stack_top:U_STACK_SYSTEM|stack7x16:U_STACK|mem_r~347                                                     ; out              ;
; |lab6_stack_rtl_view_top|lab6_stack_top:U_STACK_SYSTEM|stack7x16:U_STACK|mem_r~348                                                     ; |lab6_stack_rtl_view_top|lab6_stack_top:U_STACK_SYSTEM|stack7x16:U_STACK|mem_r~348                                                     ; out              ;
; |lab6_stack_rtl_view_top|lab6_stack_top:U_STACK_SYSTEM|stack7x16:U_STACK|mem_r~349                                                     ; |lab6_stack_rtl_view_top|lab6_stack_top:U_STACK_SYSTEM|stack7x16:U_STACK|mem_r~349                                                     ; out              ;
; |lab6_stack_rtl_view_top|lab6_stack_top:U_STACK_SYSTEM|stack7x16:U_STACK|mem_r~350                                                     ; |lab6_stack_rtl_view_top|lab6_stack_top:U_STACK_SYSTEM|stack7x16:U_STACK|mem_r~350                                                     ; out              ;
; |lab6_stack_rtl_view_top|lab6_stack_top:U_STACK_SYSTEM|stack7x16:U_STACK|mem_r~351                                                     ; |lab6_stack_rtl_view_top|lab6_stack_top:U_STACK_SYSTEM|stack7x16:U_STACK|mem_r~351                                                     ; out              ;
; |lab6_stack_rtl_view_top|lab6_stack_top:U_STACK_SYSTEM|stack7x16:U_STACK|mem_r~354                                                     ; |lab6_stack_rtl_view_top|lab6_stack_top:U_STACK_SYSTEM|stack7x16:U_STACK|mem_r~354                                                     ; out              ;
; |lab6_stack_rtl_view_top|lab6_stack_top:U_STACK_SYSTEM|stack7x16:U_STACK|mem_r~355                                                     ; |lab6_stack_rtl_view_top|lab6_stack_top:U_STACK_SYSTEM|stack7x16:U_STACK|mem_r~355                                                     ; out              ;
; |lab6_stack_rtl_view_top|lab6_stack_top:U_STACK_SYSTEM|stack7x16:U_STACK|mem_r~358                                                     ; |lab6_stack_rtl_view_top|lab6_stack_top:U_STACK_SYSTEM|stack7x16:U_STACK|mem_r~358                                                     ; out              ;
; |lab6_stack_rtl_view_top|lab6_stack_top:U_STACK_SYSTEM|stack7x16:U_STACK|mem_r~359                                                     ; |lab6_stack_rtl_view_top|lab6_stack_top:U_STACK_SYSTEM|stack7x16:U_STACK|mem_r~359                                                     ; out              ;
; |lab6_stack_rtl_view_top|lab6_stack_top:U_STACK_SYSTEM|stack7x16:U_STACK|mem_r~362                                                     ; |lab6_stack_rtl_view_top|lab6_stack_top:U_STACK_SYSTEM|stack7x16:U_STACK|mem_r~362                                                     ; out              ;
; |lab6_stack_rtl_view_top|lab6_stack_top:U_STACK_SYSTEM|stack7x16:U_STACK|mem_r~363                                                     ; |lab6_stack_rtl_view_top|lab6_stack_top:U_STACK_SYSTEM|stack7x16:U_STACK|mem_r~363                                                     ; out              ;
; |lab6_stack_rtl_view_top|lab6_stack_top:U_STACK_SYSTEM|stack7x16:U_STACK|mem_r~367                                                     ; |lab6_stack_rtl_view_top|lab6_stack_top:U_STACK_SYSTEM|stack7x16:U_STACK|mem_r~367                                                     ; out              ;
; |lab6_stack_rtl_view_top|lab6_stack_top:U_STACK_SYSTEM|stack7x16:U_STACK|mem_r~369                                                     ; |lab6_stack_rtl_view_top|lab6_stack_top:U_STACK_SYSTEM|stack7x16:U_STACK|mem_r~369                                                     ; out              ;
; |lab6_stack_rtl_view_top|lab6_stack_top:U_STACK_SYSTEM|stack7x16:U_STACK|mem_r~370                                                     ; |lab6_stack_rtl_view_top|lab6_stack_top:U_STACK_SYSTEM|stack7x16:U_STACK|mem_r~370                                                     ; out              ;
; |lab6_stack_rtl_view_top|lab6_stack_top:U_STACK_SYSTEM|stack7x16:U_STACK|mem_r~371                                                     ; |lab6_stack_rtl_view_top|lab6_stack_top:U_STACK_SYSTEM|stack7x16:U_STACK|mem_r~371                                                     ; out              ;
; |lab6_stack_rtl_view_top|lab6_stack_top:U_STACK_SYSTEM|stack7x16:U_STACK|mem_r~373                                                     ; |lab6_stack_rtl_view_top|lab6_stack_top:U_STACK_SYSTEM|stack7x16:U_STACK|mem_r~373                                                     ; out              ;
; |lab6_stack_rtl_view_top|lab6_stack_top:U_STACK_SYSTEM|stack7x16:U_STACK|mem_r~374                                                     ; |lab6_stack_rtl_view_top|lab6_stack_top:U_STACK_SYSTEM|stack7x16:U_STACK|mem_r~374                                                     ; out              ;
; |lab6_stack_rtl_view_top|lab6_stack_top:U_STACK_SYSTEM|stack7x16:U_STACK|mem_r~375                                                     ; |lab6_stack_rtl_view_top|lab6_stack_top:U_STACK_SYSTEM|stack7x16:U_STACK|mem_r~375                                                     ; out              ;
; |lab6_stack_rtl_view_top|lab6_stack_top:U_STACK_SYSTEM|stack7x16:U_STACK|mem_r~377                                                     ; |lab6_stack_rtl_view_top|lab6_stack_top:U_STACK_SYSTEM|stack7x16:U_STACK|mem_r~377                                                     ; out              ;
; |lab6_stack_rtl_view_top|lab6_stack_top:U_STACK_SYSTEM|stack7x16:U_STACK|mem_r~378                                                     ; |lab6_stack_rtl_view_top|lab6_stack_top:U_STACK_SYSTEM|stack7x16:U_STACK|mem_r~378                                                     ; out              ;
; |lab6_stack_rtl_view_top|lab6_stack_top:U_STACK_SYSTEM|stack7x16:U_STACK|mem_r~379                                                     ; |lab6_stack_rtl_view_top|lab6_stack_top:U_STACK_SYSTEM|stack7x16:U_STACK|mem_r~379                                                     ; out              ;
; |lab6_stack_rtl_view_top|lab6_stack_top:U_STACK_SYSTEM|stack7x16:U_STACK|mem_r~380                                                     ; |lab6_stack_rtl_view_top|lab6_stack_top:U_STACK_SYSTEM|stack7x16:U_STACK|mem_r~380                                                     ; out              ;
; |lab6_stack_rtl_view_top|lab6_stack_top:U_STACK_SYSTEM|stack7x16:U_STACK|mem_r~381                                                     ; |lab6_stack_rtl_view_top|lab6_stack_top:U_STACK_SYSTEM|stack7x16:U_STACK|mem_r~381                                                     ; out              ;
; |lab6_stack_rtl_view_top|lab6_stack_top:U_STACK_SYSTEM|stack7x16:U_STACK|mem_r~382                                                     ; |lab6_stack_rtl_view_top|lab6_stack_top:U_STACK_SYSTEM|stack7x16:U_STACK|mem_r~382                                                     ; out              ;
; |lab6_stack_rtl_view_top|lab6_stack_top:U_STACK_SYSTEM|stack7x16:U_STACK|mem_r~383                                                     ; |lab6_stack_rtl_view_top|lab6_stack_top:U_STACK_SYSTEM|stack7x16:U_STACK|mem_r~383                                                     ; out              ;
; |lab6_stack_rtl_view_top|lab6_stack_top:U_STACK_SYSTEM|stack7x16:U_STACK|mem_r~386                                                     ; |lab6_stack_rtl_view_top|lab6_stack_top:U_STACK_SYSTEM|stack7x16:U_STACK|mem_r~386                                                     ; out              ;
; |lab6_stack_rtl_view_top|lab6_stack_top:U_STACK_SYSTEM|stack7x16:U_STACK|mem_r~387                                                     ; |lab6_stack_rtl_view_top|lab6_stack_top:U_STACK_SYSTEM|stack7x16:U_STACK|mem_r~387                                                     ; out              ;
; |lab6_stack_rtl_view_top|lab6_stack_top:U_STACK_SYSTEM|stack7x16:U_STACK|mem_r~390                                                     ; |lab6_stack_rtl_view_top|lab6_stack_top:U_STACK_SYSTEM|stack7x16:U_STACK|mem_r~390                                                     ; out              ;
; |lab6_stack_rtl_view_top|lab6_stack_top:U_STACK_SYSTEM|stack7x16:U_STACK|mem_r~391                                                     ; |lab6_stack_rtl_view_top|lab6_stack_top:U_STACK_SYSTEM|stack7x16:U_STACK|mem_r~391                                                     ; out              ;
; |lab6_stack_rtl_view_top|lab6_stack_top:U_STACK_SYSTEM|stack7x16:U_STACK|mem_r~394                                                     ; |lab6_stack_rtl_view_top|lab6_stack_top:U_STACK_SYSTEM|stack7x16:U_STACK|mem_r~394                                                     ; out              ;
; |lab6_stack_rtl_view_top|lab6_stack_top:U_STACK_SYSTEM|stack7x16:U_STACK|mem_r~395                                                     ; |lab6_stack_rtl_view_top|lab6_stack_top:U_STACK_SYSTEM|stack7x16:U_STACK|mem_r~395                                                     ; out              ;
; |lab6_stack_rtl_view_top|lab6_stack_top:U_STACK_SYSTEM|stack7x16:U_STACK|mem_r~398                                                     ; |lab6_stack_rtl_view_top|lab6_stack_top:U_STACK_SYSTEM|stack7x16:U_STACK|mem_r~398                                                     ; out              ;
; |lab6_stack_rtl_view_top|lab6_stack_top:U_STACK_SYSTEM|stack7x16:U_STACK|mem_r~399                                                     ; |lab6_stack_rtl_view_top|lab6_stack_top:U_STACK_SYSTEM|stack7x16:U_STACK|mem_r~399                                                     ; out              ;
; |lab6_stack_rtl_view_top|lab6_stack_top:U_STACK_SYSTEM|stack7x16:U_STACK|mem_r~402                                                     ; |lab6_stack_rtl_view_top|lab6_stack_top:U_STACK_SYSTEM|stack7x16:U_STACK|mem_r~402                                                     ; out              ;
; |lab6_stack_rtl_view_top|lab6_stack_top:U_STACK_SYSTEM|stack7x16:U_STACK|mem_r~403                                                     ; |lab6_stack_rtl_view_top|lab6_stack_top:U_STACK_SYSTEM|stack7x16:U_STACK|mem_r~403                                                     ; out              ;
; |lab6_stack_rtl_view_top|lab6_stack_top:U_STACK_SYSTEM|stack7x16:U_STACK|mem_r~406                                                     ; |lab6_stack_rtl_view_top|lab6_stack_top:U_STACK_SYSTEM|stack7x16:U_STACK|mem_r~406                                                     ; out              ;
; |lab6_stack_rtl_view_top|lab6_stack_top:U_STACK_SYSTEM|stack7x16:U_STACK|mem_r~407                                                     ; |lab6_stack_rtl_view_top|lab6_stack_top:U_STACK_SYSTEM|stack7x16:U_STACK|mem_r~407                                                     ; out              ;
; |lab6_stack_rtl_view_top|lab6_stack_top:U_STACK_SYSTEM|stack7x16:U_STACK|mem_r~410                                                     ; |lab6_stack_rtl_view_top|lab6_stack_top:U_STACK_SYSTEM|stack7x16:U_STACK|mem_r~410                                                     ; out              ;
; |lab6_stack_rtl_view_top|lab6_stack_top:U_STACK_SYSTEM|stack7x16:U_STACK|mem_r~411                                                     ; |lab6_stack_rtl_view_top|lab6_stack_top:U_STACK_SYSTEM|stack7x16:U_STACK|mem_r~411                                                     ; out              ;
; |lab6_stack_rtl_view_top|lab6_stack_top:U_STACK_SYSTEM|stack7x16:U_STACK|mem_r~414                                                     ; |lab6_stack_rtl_view_top|lab6_stack_top:U_STACK_SYSTEM|stack7x16:U_STACK|mem_r~414                                                     ; out              ;
; |lab6_stack_rtl_view_top|lab6_stack_top:U_STACK_SYSTEM|stack7x16:U_STACK|mem_r~415                                                     ; |lab6_stack_rtl_view_top|lab6_stack_top:U_STACK_SYSTEM|stack7x16:U_STACK|mem_r~415                                                     ; out              ;
; |lab6_stack_rtl_view_top|lab6_stack_top:U_STACK_SYSTEM|stack7x16:U_STACK|mem_r~419                                                     ; |lab6_stack_rtl_view_top|lab6_stack_top:U_STACK_SYSTEM|stack7x16:U_STACK|mem_r~419                                                     ; out              ;
; |lab6_stack_rtl_view_top|lab6_stack_top:U_STACK_SYSTEM|stack7x16:U_STACK|mem_r~423                                                     ; |lab6_stack_rtl_view_top|lab6_stack_top:U_STACK_SYSTEM|stack7x16:U_STACK|mem_r~423                                                     ; out              ;
; |lab6_stack_rtl_view_top|lab6_stack_top:U_STACK_SYSTEM|stack7x16:U_STACK|mem_r~427                                                     ; |lab6_stack_rtl_view_top|lab6_stack_top:U_STACK_SYSTEM|stack7x16:U_STACK|mem_r~427                                                     ; out              ;
; |lab6_stack_rtl_view_top|lab6_stack_top:U_STACK_SYSTEM|stack7x16:U_STACK|mem_r~431                                                     ; |lab6_stack_rtl_view_top|lab6_stack_top:U_STACK_SYSTEM|stack7x16:U_STACK|mem_r~431                                                     ; out              ;
; |lab6_stack_rtl_view_top|lab6_stack_top:U_STACK_SYSTEM|stack7x16:U_STACK|sp_r~12                                                       ; |lab6_stack_rtl_view_top|lab6_stack_top:U_STACK_SYSTEM|stack7x16:U_STACK|sp_r~12                                                       ; out              ;
; |lab6_stack_rtl_view_top|lab6_stack_top:U_STACK_SYSTEM|stack7x16:U_STACK|sp_r~13                                                       ; |lab6_stack_rtl_view_top|lab6_stack_top:U_STACK_SYSTEM|stack7x16:U_STACK|sp_r~13                                                       ; out              ;
; |lab6_stack_rtl_view_top|lab6_stack_top:U_STACK_SYSTEM|stack7x16:U_STACK|sp_r~14                                                       ; |lab6_stack_rtl_view_top|lab6_stack_top:U_STACK_SYSTEM|stack7x16:U_STACK|sp_r~14                                                       ; out              ;
; |lab6_stack_rtl_view_top|lab6_stack_top:U_STACK_SYSTEM|stack7x16:U_STACK|sp_r~15                                                       ; |lab6_stack_rtl_view_top|lab6_stack_top:U_STACK_SYSTEM|stack7x16:U_STACK|sp_r~15                                                       ; out              ;
; |lab6_stack_rtl_view_top|lab6_stack_top:U_STACK_SYSTEM|stack7x16:U_STACK|sp_r~16                                                       ; |lab6_stack_rtl_view_top|lab6_stack_top:U_STACK_SYSTEM|stack7x16:U_STACK|sp_r~16                                                       ; out              ;
; |lab6_stack_rtl_view_top|lab6_stack_top:U_STACK_SYSTEM|stack7x16:U_STACK|sp_r~17                                                       ; |lab6_stack_rtl_view_top|lab6_stack_top:U_STACK_SYSTEM|stack7x16:U_STACK|sp_r~17                                                       ; out              ;
; |lab6_stack_rtl_view_top|lab6_stack_top:U_STACK_SYSTEM|stack7x16:U_STACK|underflow_r~0                                                 ; |lab6_stack_rtl_view_top|lab6_stack_top:U_STACK_SYSTEM|stack7x16:U_STACK|underflow_r~0                                                 ; out              ;
; |lab6_stack_rtl_view_top|lab6_stack_top:U_STACK_SYSTEM|stack7x16:U_STACK|underflow_r~1                                                 ; |lab6_stack_rtl_view_top|lab6_stack_top:U_STACK_SYSTEM|stack7x16:U_STACK|underflow_r~1                                                 ; out              ;
; |lab6_stack_rtl_view_top|lab6_stack_top:U_STACK_SYSTEM|stack7x16:U_STACK|dout_r~17                                                     ; |lab6_stack_rtl_view_top|lab6_stack_top:U_STACK_SYSTEM|stack7x16:U_STACK|dout_r~17                                                     ; out              ;
; |lab6_stack_rtl_view_top|lab6_stack_top:U_STACK_SYSTEM|stack7x16:U_STACK|dout_r~18                                                     ; |lab6_stack_rtl_view_top|lab6_stack_top:U_STACK_SYSTEM|stack7x16:U_STACK|dout_r~18                                                     ; out              ;
; |lab6_stack_rtl_view_top|lab6_stack_top:U_STACK_SYSTEM|stack7x16:U_STACK|dout_r~19                                                     ; |lab6_stack_rtl_view_top|lab6_stack_top:U_STACK_SYSTEM|stack7x16:U_STACK|dout_r~19                                                     ; out              ;
; |lab6_stack_rtl_view_top|lab6_stack_top:U_STACK_SYSTEM|stack7x16:U_STACK|dout_r~21                                                     ; |lab6_stack_rtl_view_top|lab6_stack_top:U_STACK_SYSTEM|stack7x16:U_STACK|dout_r~21                                                     ; out              ;
; |lab6_stack_rtl_view_top|lab6_stack_top:U_STACK_SYSTEM|stack7x16:U_STACK|dout_r~22                                                     ; |lab6_stack_rtl_view_top|lab6_stack_top:U_STACK_SYSTEM|stack7x16:U_STACK|dout_r~22                                                     ; out              ;
; |lab6_stack_rtl_view_top|lab6_stack_top:U_STACK_SYSTEM|stack7x16:U_STACK|dout_r~23                                                     ; |lab6_stack_rtl_view_top|lab6_stack_top:U_STACK_SYSTEM|stack7x16:U_STACK|dout_r~23                                                     ; out              ;
; |lab6_stack_rtl_view_top|lab6_stack_top:U_STACK_SYSTEM|stack7x16:U_STACK|dout_r~25                                                     ; |lab6_stack_rtl_view_top|lab6_stack_top:U_STACK_SYSTEM|stack7x16:U_STACK|dout_r~25                                                     ; out              ;
; |lab6_stack_rtl_view_top|lab6_stack_top:U_STACK_SYSTEM|stack7x16:U_STACK|dout_r~26                                                     ; |lab6_stack_rtl_view_top|lab6_stack_top:U_STACK_SYSTEM|stack7x16:U_STACK|dout_r~26                                                     ; out              ;
; |lab6_stack_rtl_view_top|lab6_stack_top:U_STACK_SYSTEM|stack7x16:U_STACK|dout_r~27                                                     ; |lab6_stack_rtl_view_top|lab6_stack_top:U_STACK_SYSTEM|stack7x16:U_STACK|dout_r~27                                                     ; out              ;
; |lab6_stack_rtl_view_top|lab6_stack_top:U_STACK_SYSTEM|stack7x16:U_STACK|dout_r~28                                                     ; |lab6_stack_rtl_view_top|lab6_stack_top:U_STACK_SYSTEM|stack7x16:U_STACK|dout_r~28                                                     ; out              ;
; |lab6_stack_rtl_view_top|lab6_stack_top:U_STACK_SYSTEM|stack7x16:U_STACK|dout_r~29                                                     ; |lab6_stack_rtl_view_top|lab6_stack_top:U_STACK_SYSTEM|stack7x16:U_STACK|dout_r~29                                                     ; out              ;
; |lab6_stack_rtl_view_top|lab6_stack_top:U_STACK_SYSTEM|stack7x16:U_STACK|dout_r~30                                                     ; |lab6_stack_rtl_view_top|lab6_stack_top:U_STACK_SYSTEM|stack7x16:U_STACK|dout_r~30                                                     ; out              ;
; |lab6_stack_rtl_view_top|lab6_stack_top:U_STACK_SYSTEM|stack7x16:U_STACK|dout_r~31                                                     ; |lab6_stack_rtl_view_top|lab6_stack_top:U_STACK_SYSTEM|stack7x16:U_STACK|dout_r~31                                                     ; out              ;
; |lab6_stack_rtl_view_top|lab6_stack_top:U_STACK_SYSTEM|stack7x16:U_STACK|dout_r~33                                                     ; |lab6_stack_rtl_view_top|lab6_stack_top:U_STACK_SYSTEM|stack7x16:U_STACK|dout_r~33                                                     ; out              ;
; |lab6_stack_rtl_view_top|lab6_stack_top:U_STACK_SYSTEM|stack7x16:U_STACK|dout_r~34                                                     ; |lab6_stack_rtl_view_top|lab6_stack_top:U_STACK_SYSTEM|stack7x16:U_STACK|dout_r~34                                                     ; out              ;
; |lab6_stack_rtl_view_top|lab6_stack_top:U_STACK_SYSTEM|stack7x16:U_STACK|dout_r~35                                                     ; |lab6_stack_rtl_view_top|lab6_stack_top:U_STACK_SYSTEM|stack7x16:U_STACK|dout_r~35                                                     ; out              ;
; |lab6_stack_rtl_view_top|lab6_stack_top:U_STACK_SYSTEM|stack7x16:U_STACK|dout_r~37                                                     ; |lab6_stack_rtl_view_top|lab6_stack_top:U_STACK_SYSTEM|stack7x16:U_STACK|dout_r~37                                                     ; out              ;
; |lab6_stack_rtl_view_top|lab6_stack_top:U_STACK_SYSTEM|stack7x16:U_STACK|dout_r~38                                                     ; |lab6_stack_rtl_view_top|lab6_stack_top:U_STACK_SYSTEM|stack7x16:U_STACK|dout_r~38                                                     ; out              ;
; |lab6_stack_rtl_view_top|lab6_stack_top:U_STACK_SYSTEM|stack7x16:U_STACK|dout_r~39                                                     ; |lab6_stack_rtl_view_top|lab6_stack_top:U_STACK_SYSTEM|stack7x16:U_STACK|dout_r~39                                                     ; out              ;
; |lab6_stack_rtl_view_top|lab6_stack_top:U_STACK_SYSTEM|stack7x16:U_STACK|dout_r~41                                                     ; |lab6_stack_rtl_view_top|lab6_stack_top:U_STACK_SYSTEM|stack7x16:U_STACK|dout_r~41                                                     ; out              ;
; |lab6_stack_rtl_view_top|lab6_stack_top:U_STACK_SYSTEM|stack7x16:U_STACK|dout_r~42                                                     ; |lab6_stack_rtl_view_top|lab6_stack_top:U_STACK_SYSTEM|stack7x16:U_STACK|dout_r~42                                                     ; out              ;
; |lab6_stack_rtl_view_top|lab6_stack_top:U_STACK_SYSTEM|stack7x16:U_STACK|dout_r~43                                                     ; |lab6_stack_rtl_view_top|lab6_stack_top:U_STACK_SYSTEM|stack7x16:U_STACK|dout_r~43                                                     ; out              ;
; |lab6_stack_rtl_view_top|lab6_stack_top:U_STACK_SYSTEM|stack7x16:U_STACK|dout_r~44                                                     ; |lab6_stack_rtl_view_top|lab6_stack_top:U_STACK_SYSTEM|stack7x16:U_STACK|dout_r~44                                                     ; out              ;
; |lab6_stack_rtl_view_top|lab6_stack_top:U_STACK_SYSTEM|stack7x16:U_STACK|dout_r~45                                                     ; |lab6_stack_rtl_view_top|lab6_stack_top:U_STACK_SYSTEM|stack7x16:U_STACK|dout_r~45                                                     ; out              ;
; |lab6_stack_rtl_view_top|lab6_stack_top:U_STACK_SYSTEM|stack7x16:U_STACK|dout_r~46                                                     ; |lab6_stack_rtl_view_top|lab6_stack_top:U_STACK_SYSTEM|stack7x16:U_STACK|dout_r~46                                                     ; out              ;
; |lab6_stack_rtl_view_top|lab6_stack_top:U_STACK_SYSTEM|stack7x16:U_STACK|dout_r~47                                                     ; |lab6_stack_rtl_view_top|lab6_stack_top:U_STACK_SYSTEM|stack7x16:U_STACK|dout_r~47                                                     ; out              ;
; |lab6_stack_rtl_view_top|lab6_stack_top:U_STACK_SYSTEM|stack7x16:U_STACK|mem_r~449                                                     ; |lab6_stack_rtl_view_top|lab6_stack_top:U_STACK_SYSTEM|stack7x16:U_STACK|mem_r~449                                                     ; out              ;
; |lab6_stack_rtl_view_top|lab6_stack_top:U_STACK_SYSTEM|stack7x16:U_STACK|mem_r~450                                                     ; |lab6_stack_rtl_view_top|lab6_stack_top:U_STACK_SYSTEM|stack7x16:U_STACK|mem_r~450                                                     ; out              ;
; |lab6_stack_rtl_view_top|lab6_stack_top:U_STACK_SYSTEM|stack7x16:U_STACK|mem_r~451                                                     ; |lab6_stack_rtl_view_top|lab6_stack_top:U_STACK_SYSTEM|stack7x16:U_STACK|mem_r~451                                                     ; out              ;
; |lab6_stack_rtl_view_top|lab6_stack_top:U_STACK_SYSTEM|stack7x16:U_STACK|mem_r~453                                                     ; |lab6_stack_rtl_view_top|lab6_stack_top:U_STACK_SYSTEM|stack7x16:U_STACK|mem_r~453                                                     ; out              ;
; |lab6_stack_rtl_view_top|lab6_stack_top:U_STACK_SYSTEM|stack7x16:U_STACK|mem_r~454                                                     ; |lab6_stack_rtl_view_top|lab6_stack_top:U_STACK_SYSTEM|stack7x16:U_STACK|mem_r~454                                                     ; out              ;
; |lab6_stack_rtl_view_top|lab6_stack_top:U_STACK_SYSTEM|stack7x16:U_STACK|mem_r~455                                                     ; |lab6_stack_rtl_view_top|lab6_stack_top:U_STACK_SYSTEM|stack7x16:U_STACK|mem_r~455                                                     ; out              ;
; |lab6_stack_rtl_view_top|lab6_stack_top:U_STACK_SYSTEM|stack7x16:U_STACK|mem_r~457                                                     ; |lab6_stack_rtl_view_top|lab6_stack_top:U_STACK_SYSTEM|stack7x16:U_STACK|mem_r~457                                                     ; out              ;
; |lab6_stack_rtl_view_top|lab6_stack_top:U_STACK_SYSTEM|stack7x16:U_STACK|mem_r~458                                                     ; |lab6_stack_rtl_view_top|lab6_stack_top:U_STACK_SYSTEM|stack7x16:U_STACK|mem_r~458                                                     ; out              ;
; |lab6_stack_rtl_view_top|lab6_stack_top:U_STACK_SYSTEM|stack7x16:U_STACK|mem_r~459                                                     ; |lab6_stack_rtl_view_top|lab6_stack_top:U_STACK_SYSTEM|stack7x16:U_STACK|mem_r~459                                                     ; out              ;
; |lab6_stack_rtl_view_top|lab6_stack_top:U_STACK_SYSTEM|stack7x16:U_STACK|mem_r~460                                                     ; |lab6_stack_rtl_view_top|lab6_stack_top:U_STACK_SYSTEM|stack7x16:U_STACK|mem_r~460                                                     ; out              ;
; |lab6_stack_rtl_view_top|lab6_stack_top:U_STACK_SYSTEM|stack7x16:U_STACK|mem_r~461                                                     ; |lab6_stack_rtl_view_top|lab6_stack_top:U_STACK_SYSTEM|stack7x16:U_STACK|mem_r~461                                                     ; out              ;
; |lab6_stack_rtl_view_top|lab6_stack_top:U_STACK_SYSTEM|stack7x16:U_STACK|mem_r~462                                                     ; |lab6_stack_rtl_view_top|lab6_stack_top:U_STACK_SYSTEM|stack7x16:U_STACK|mem_r~462                                                     ; out              ;
; |lab6_stack_rtl_view_top|lab6_stack_top:U_STACK_SYSTEM|stack7x16:U_STACK|mem_r~463                                                     ; |lab6_stack_rtl_view_top|lab6_stack_top:U_STACK_SYSTEM|stack7x16:U_STACK|mem_r~463                                                     ; out              ;
; |lab6_stack_rtl_view_top|lab6_stack_top:U_STACK_SYSTEM|stack7x16:U_STACK|mem_r~466                                                     ; |lab6_stack_rtl_view_top|lab6_stack_top:U_STACK_SYSTEM|stack7x16:U_STACK|mem_r~466                                                     ; out              ;
; |lab6_stack_rtl_view_top|lab6_stack_top:U_STACK_SYSTEM|stack7x16:U_STACK|mem_r~467                                                     ; |lab6_stack_rtl_view_top|lab6_stack_top:U_STACK_SYSTEM|stack7x16:U_STACK|mem_r~467                                                     ; out              ;
; |lab6_stack_rtl_view_top|lab6_stack_top:U_STACK_SYSTEM|stack7x16:U_STACK|mem_r~470                                                     ; |lab6_stack_rtl_view_top|lab6_stack_top:U_STACK_SYSTEM|stack7x16:U_STACK|mem_r~470                                                     ; out              ;
; |lab6_stack_rtl_view_top|lab6_stack_top:U_STACK_SYSTEM|stack7x16:U_STACK|mem_r~471                                                     ; |lab6_stack_rtl_view_top|lab6_stack_top:U_STACK_SYSTEM|stack7x16:U_STACK|mem_r~471                                                     ; out              ;
; |lab6_stack_rtl_view_top|lab6_stack_top:U_STACK_SYSTEM|stack7x16:U_STACK|mem_r~474                                                     ; |lab6_stack_rtl_view_top|lab6_stack_top:U_STACK_SYSTEM|stack7x16:U_STACK|mem_r~474                                                     ; out              ;
; |lab6_stack_rtl_view_top|lab6_stack_top:U_STACK_SYSTEM|stack7x16:U_STACK|mem_r~475                                                     ; |lab6_stack_rtl_view_top|lab6_stack_top:U_STACK_SYSTEM|stack7x16:U_STACK|mem_r~475                                                     ; out              ;
; |lab6_stack_rtl_view_top|lab6_stack_top:U_STACK_SYSTEM|stack7x16:U_STACK|mem_r~479                                                     ; |lab6_stack_rtl_view_top|lab6_stack_top:U_STACK_SYSTEM|stack7x16:U_STACK|mem_r~479                                                     ; out              ;
; |lab6_stack_rtl_view_top|lab6_stack_top:U_STACK_SYSTEM|stack7x16:U_STACK|mem_r~481                                                     ; |lab6_stack_rtl_view_top|lab6_stack_top:U_STACK_SYSTEM|stack7x16:U_STACK|mem_r~481                                                     ; out              ;
; |lab6_stack_rtl_view_top|lab6_stack_top:U_STACK_SYSTEM|stack7x16:U_STACK|mem_r~482                                                     ; |lab6_stack_rtl_view_top|lab6_stack_top:U_STACK_SYSTEM|stack7x16:U_STACK|mem_r~482                                                     ; out              ;
; |lab6_stack_rtl_view_top|lab6_stack_top:U_STACK_SYSTEM|stack7x16:U_STACK|mem_r~483                                                     ; |lab6_stack_rtl_view_top|lab6_stack_top:U_STACK_SYSTEM|stack7x16:U_STACK|mem_r~483                                                     ; out              ;
; |lab6_stack_rtl_view_top|lab6_stack_top:U_STACK_SYSTEM|stack7x16:U_STACK|mem_r~485                                                     ; |lab6_stack_rtl_view_top|lab6_stack_top:U_STACK_SYSTEM|stack7x16:U_STACK|mem_r~485                                                     ; out              ;
; |lab6_stack_rtl_view_top|lab6_stack_top:U_STACK_SYSTEM|stack7x16:U_STACK|mem_r~486                                                     ; |lab6_stack_rtl_view_top|lab6_stack_top:U_STACK_SYSTEM|stack7x16:U_STACK|mem_r~486                                                     ; out              ;
; |lab6_stack_rtl_view_top|lab6_stack_top:U_STACK_SYSTEM|stack7x16:U_STACK|mem_r~487                                                     ; |lab6_stack_rtl_view_top|lab6_stack_top:U_STACK_SYSTEM|stack7x16:U_STACK|mem_r~487                                                     ; out              ;
; |lab6_stack_rtl_view_top|lab6_stack_top:U_STACK_SYSTEM|stack7x16:U_STACK|mem_r~489                                                     ; |lab6_stack_rtl_view_top|lab6_stack_top:U_STACK_SYSTEM|stack7x16:U_STACK|mem_r~489                                                     ; out              ;
; |lab6_stack_rtl_view_top|lab6_stack_top:U_STACK_SYSTEM|stack7x16:U_STACK|mem_r~490                                                     ; |lab6_stack_rtl_view_top|lab6_stack_top:U_STACK_SYSTEM|stack7x16:U_STACK|mem_r~490                                                     ; out              ;
; |lab6_stack_rtl_view_top|lab6_stack_top:U_STACK_SYSTEM|stack7x16:U_STACK|mem_r~491                                                     ; |lab6_stack_rtl_view_top|lab6_stack_top:U_STACK_SYSTEM|stack7x16:U_STACK|mem_r~491                                                     ; out              ;
; |lab6_stack_rtl_view_top|lab6_stack_top:U_STACK_SYSTEM|stack7x16:U_STACK|mem_r~492                                                     ; |lab6_stack_rtl_view_top|lab6_stack_top:U_STACK_SYSTEM|stack7x16:U_STACK|mem_r~492                                                     ; out              ;
; |lab6_stack_rtl_view_top|lab6_stack_top:U_STACK_SYSTEM|stack7x16:U_STACK|mem_r~493                                                     ; |lab6_stack_rtl_view_top|lab6_stack_top:U_STACK_SYSTEM|stack7x16:U_STACK|mem_r~493                                                     ; out              ;
; |lab6_stack_rtl_view_top|lab6_stack_top:U_STACK_SYSTEM|stack7x16:U_STACK|mem_r~494                                                     ; |lab6_stack_rtl_view_top|lab6_stack_top:U_STACK_SYSTEM|stack7x16:U_STACK|mem_r~494                                                     ; out              ;
; |lab6_stack_rtl_view_top|lab6_stack_top:U_STACK_SYSTEM|stack7x16:U_STACK|mem_r~495                                                     ; |lab6_stack_rtl_view_top|lab6_stack_top:U_STACK_SYSTEM|stack7x16:U_STACK|mem_r~495                                                     ; out              ;
; |lab6_stack_rtl_view_top|lab6_stack_top:U_STACK_SYSTEM|stack7x16:U_STACK|mem_r~498                                                     ; |lab6_stack_rtl_view_top|lab6_stack_top:U_STACK_SYSTEM|stack7x16:U_STACK|mem_r~498                                                     ; out              ;
; |lab6_stack_rtl_view_top|lab6_stack_top:U_STACK_SYSTEM|stack7x16:U_STACK|mem_r~499                                                     ; |lab6_stack_rtl_view_top|lab6_stack_top:U_STACK_SYSTEM|stack7x16:U_STACK|mem_r~499                                                     ; out              ;
; |lab6_stack_rtl_view_top|lab6_stack_top:U_STACK_SYSTEM|stack7x16:U_STACK|mem_r~502                                                     ; |lab6_stack_rtl_view_top|lab6_stack_top:U_STACK_SYSTEM|stack7x16:U_STACK|mem_r~502                                                     ; out              ;
; |lab6_stack_rtl_view_top|lab6_stack_top:U_STACK_SYSTEM|stack7x16:U_STACK|mem_r~503                                                     ; |lab6_stack_rtl_view_top|lab6_stack_top:U_STACK_SYSTEM|stack7x16:U_STACK|mem_r~503                                                     ; out              ;
; |lab6_stack_rtl_view_top|lab6_stack_top:U_STACK_SYSTEM|stack7x16:U_STACK|mem_r~506                                                     ; |lab6_stack_rtl_view_top|lab6_stack_top:U_STACK_SYSTEM|stack7x16:U_STACK|mem_r~506                                                     ; out              ;
; |lab6_stack_rtl_view_top|lab6_stack_top:U_STACK_SYSTEM|stack7x16:U_STACK|mem_r~507                                                     ; |lab6_stack_rtl_view_top|lab6_stack_top:U_STACK_SYSTEM|stack7x16:U_STACK|mem_r~507                                                     ; out              ;
; |lab6_stack_rtl_view_top|lab6_stack_top:U_STACK_SYSTEM|stack7x16:U_STACK|mem_r~510                                                     ; |lab6_stack_rtl_view_top|lab6_stack_top:U_STACK_SYSTEM|stack7x16:U_STACK|mem_r~510                                                     ; out              ;
; |lab6_stack_rtl_view_top|lab6_stack_top:U_STACK_SYSTEM|stack7x16:U_STACK|mem_r~511                                                     ; |lab6_stack_rtl_view_top|lab6_stack_top:U_STACK_SYSTEM|stack7x16:U_STACK|mem_r~511                                                     ; out              ;
; |lab6_stack_rtl_view_top|lab6_stack_top:U_STACK_SYSTEM|stack7x16:U_STACK|mem_r~514                                                     ; |lab6_stack_rtl_view_top|lab6_stack_top:U_STACK_SYSTEM|stack7x16:U_STACK|mem_r~514                                                     ; out              ;
; |lab6_stack_rtl_view_top|lab6_stack_top:U_STACK_SYSTEM|stack7x16:U_STACK|mem_r~515                                                     ; |lab6_stack_rtl_view_top|lab6_stack_top:U_STACK_SYSTEM|stack7x16:U_STACK|mem_r~515                                                     ; out              ;
; |lab6_stack_rtl_view_top|lab6_stack_top:U_STACK_SYSTEM|stack7x16:U_STACK|mem_r~518                                                     ; |lab6_stack_rtl_view_top|lab6_stack_top:U_STACK_SYSTEM|stack7x16:U_STACK|mem_r~518                                                     ; out              ;
; |lab6_stack_rtl_view_top|lab6_stack_top:U_STACK_SYSTEM|stack7x16:U_STACK|mem_r~519                                                     ; |lab6_stack_rtl_view_top|lab6_stack_top:U_STACK_SYSTEM|stack7x16:U_STACK|mem_r~519                                                     ; out              ;
; |lab6_stack_rtl_view_top|lab6_stack_top:U_STACK_SYSTEM|stack7x16:U_STACK|mem_r~522                                                     ; |lab6_stack_rtl_view_top|lab6_stack_top:U_STACK_SYSTEM|stack7x16:U_STACK|mem_r~522                                                     ; out              ;
; |lab6_stack_rtl_view_top|lab6_stack_top:U_STACK_SYSTEM|stack7x16:U_STACK|mem_r~523                                                     ; |lab6_stack_rtl_view_top|lab6_stack_top:U_STACK_SYSTEM|stack7x16:U_STACK|mem_r~523                                                     ; out              ;
; |lab6_stack_rtl_view_top|lab6_stack_top:U_STACK_SYSTEM|stack7x16:U_STACK|mem_r~526                                                     ; |lab6_stack_rtl_view_top|lab6_stack_top:U_STACK_SYSTEM|stack7x16:U_STACK|mem_r~526                                                     ; out              ;
; |lab6_stack_rtl_view_top|lab6_stack_top:U_STACK_SYSTEM|stack7x16:U_STACK|mem_r~527                                                     ; |lab6_stack_rtl_view_top|lab6_stack_top:U_STACK_SYSTEM|stack7x16:U_STACK|mem_r~527                                                     ; out              ;
; |lab6_stack_rtl_view_top|lab6_stack_top:U_STACK_SYSTEM|stack7x16:U_STACK|mem_r~531                                                     ; |lab6_stack_rtl_view_top|lab6_stack_top:U_STACK_SYSTEM|stack7x16:U_STACK|mem_r~531                                                     ; out              ;
; |lab6_stack_rtl_view_top|lab6_stack_top:U_STACK_SYSTEM|stack7x16:U_STACK|mem_r~535                                                     ; |lab6_stack_rtl_view_top|lab6_stack_top:U_STACK_SYSTEM|stack7x16:U_STACK|mem_r~535                                                     ; out              ;
; |lab6_stack_rtl_view_top|lab6_stack_top:U_STACK_SYSTEM|stack7x16:U_STACK|mem_r~539                                                     ; |lab6_stack_rtl_view_top|lab6_stack_top:U_STACK_SYSTEM|stack7x16:U_STACK|mem_r~539                                                     ; out              ;
; |lab6_stack_rtl_view_top|lab6_stack_top:U_STACK_SYSTEM|stack7x16:U_STACK|mem_r~543                                                     ; |lab6_stack_rtl_view_top|lab6_stack_top:U_STACK_SYSTEM|stack7x16:U_STACK|mem_r~543                                                     ; out              ;
; |lab6_stack_rtl_view_top|lab6_stack_top:U_STACK_SYSTEM|stack7x16:U_STACK|sp_r~18                                                       ; |lab6_stack_rtl_view_top|lab6_stack_top:U_STACK_SYSTEM|stack7x16:U_STACK|sp_r~18                                                       ; out              ;
; |lab6_stack_rtl_view_top|lab6_stack_top:U_STACK_SYSTEM|stack7x16:U_STACK|sp_r~19                                                       ; |lab6_stack_rtl_view_top|lab6_stack_top:U_STACK_SYSTEM|stack7x16:U_STACK|sp_r~19                                                       ; out              ;
; |lab6_stack_rtl_view_top|lab6_stack_top:U_STACK_SYSTEM|stack7x16:U_STACK|sp_r~20                                                       ; |lab6_stack_rtl_view_top|lab6_stack_top:U_STACK_SYSTEM|stack7x16:U_STACK|sp_r~20                                                       ; out              ;
; |lab6_stack_rtl_view_top|lab6_stack_top:U_STACK_SYSTEM|stack7x16:U_STACK|dout_r~49                                                     ; |lab6_stack_rtl_view_top|lab6_stack_top:U_STACK_SYSTEM|stack7x16:U_STACK|dout_r~49                                                     ; out              ;
; |lab6_stack_rtl_view_top|lab6_stack_top:U_STACK_SYSTEM|stack7x16:U_STACK|dout_r~50                                                     ; |lab6_stack_rtl_view_top|lab6_stack_top:U_STACK_SYSTEM|stack7x16:U_STACK|dout_r~50                                                     ; out              ;
; |lab6_stack_rtl_view_top|lab6_stack_top:U_STACK_SYSTEM|stack7x16:U_STACK|dout_r~51                                                     ; |lab6_stack_rtl_view_top|lab6_stack_top:U_STACK_SYSTEM|stack7x16:U_STACK|dout_r~51                                                     ; out              ;
; |lab6_stack_rtl_view_top|lab6_stack_top:U_STACK_SYSTEM|stack7x16:U_STACK|dout_r~53                                                     ; |lab6_stack_rtl_view_top|lab6_stack_top:U_STACK_SYSTEM|stack7x16:U_STACK|dout_r~53                                                     ; out              ;
; |lab6_stack_rtl_view_top|lab6_stack_top:U_STACK_SYSTEM|stack7x16:U_STACK|dout_r~54                                                     ; |lab6_stack_rtl_view_top|lab6_stack_top:U_STACK_SYSTEM|stack7x16:U_STACK|dout_r~54                                                     ; out              ;
; |lab6_stack_rtl_view_top|lab6_stack_top:U_STACK_SYSTEM|stack7x16:U_STACK|dout_r~55                                                     ; |lab6_stack_rtl_view_top|lab6_stack_top:U_STACK_SYSTEM|stack7x16:U_STACK|dout_r~55                                                     ; out              ;
; |lab6_stack_rtl_view_top|lab6_stack_top:U_STACK_SYSTEM|stack7x16:U_STACK|dout_r~57                                                     ; |lab6_stack_rtl_view_top|lab6_stack_top:U_STACK_SYSTEM|stack7x16:U_STACK|dout_r~57                                                     ; out              ;
; |lab6_stack_rtl_view_top|lab6_stack_top:U_STACK_SYSTEM|stack7x16:U_STACK|dout_r~58                                                     ; |lab6_stack_rtl_view_top|lab6_stack_top:U_STACK_SYSTEM|stack7x16:U_STACK|dout_r~58                                                     ; out              ;
; |lab6_stack_rtl_view_top|lab6_stack_top:U_STACK_SYSTEM|stack7x16:U_STACK|dout_r~59                                                     ; |lab6_stack_rtl_view_top|lab6_stack_top:U_STACK_SYSTEM|stack7x16:U_STACK|dout_r~59                                                     ; out              ;
; |lab6_stack_rtl_view_top|lab6_stack_top:U_STACK_SYSTEM|stack7x16:U_STACK|dout_r~60                                                     ; |lab6_stack_rtl_view_top|lab6_stack_top:U_STACK_SYSTEM|stack7x16:U_STACK|dout_r~60                                                     ; out              ;
; |lab6_stack_rtl_view_top|lab6_stack_top:U_STACK_SYSTEM|stack7x16:U_STACK|dout_r~61                                                     ; |lab6_stack_rtl_view_top|lab6_stack_top:U_STACK_SYSTEM|stack7x16:U_STACK|dout_r~61                                                     ; out              ;
; |lab6_stack_rtl_view_top|lab6_stack_top:U_STACK_SYSTEM|stack7x16:U_STACK|dout_r~62                                                     ; |lab6_stack_rtl_view_top|lab6_stack_top:U_STACK_SYSTEM|stack7x16:U_STACK|dout_r~62                                                     ; out              ;
; |lab6_stack_rtl_view_top|lab6_stack_top:U_STACK_SYSTEM|stack7x16:U_STACK|dout_r~63                                                     ; |lab6_stack_rtl_view_top|lab6_stack_top:U_STACK_SYSTEM|stack7x16:U_STACK|dout_r~63                                                     ; out              ;
; |lab6_stack_rtl_view_top|lab6_stack_top:U_STACK_SYSTEM|stack7x16:U_STACK|overflow_r~1                                                  ; |lab6_stack_rtl_view_top|lab6_stack_top:U_STACK_SYSTEM|stack7x16:U_STACK|overflow_r~1                                                  ; out              ;
; |lab6_stack_rtl_view_top|lab6_stack_top:U_STACK_SYSTEM|stack7x16:U_STACK|underflow_r~2                                                 ; |lab6_stack_rtl_view_top|lab6_stack_top:U_STACK_SYSTEM|stack7x16:U_STACK|underflow_r~2                                                 ; out              ;
; |lab6_stack_rtl_view_top|lab6_stack_top:U_STACK_SYSTEM|stack7x16:U_STACK|dout_r[6]                                                     ; |lab6_stack_rtl_view_top|lab6_stack_top:U_STACK_SYSTEM|stack7x16:U_STACK|dout_r[6]                                                     ; regout           ;
; |lab6_stack_rtl_view_top|lab6_stack_top:U_STACK_SYSTEM|stack7x16:U_STACK|dout_r[5]                                                     ; |lab6_stack_rtl_view_top|lab6_stack_top:U_STACK_SYSTEM|stack7x16:U_STACK|dout_r[5]                                                     ; regout           ;
; |lab6_stack_rtl_view_top|lab6_stack_top:U_STACK_SYSTEM|stack7x16:U_STACK|dout_r[4]                                                     ; |lab6_stack_rtl_view_top|lab6_stack_top:U_STACK_SYSTEM|stack7x16:U_STACK|dout_r[4]                                                     ; regout           ;
; |lab6_stack_rtl_view_top|lab6_stack_top:U_STACK_SYSTEM|stack7x16:U_STACK|dout_r[3]                                                     ; |lab6_stack_rtl_view_top|lab6_stack_top:U_STACK_SYSTEM|stack7x16:U_STACK|dout_r[3]                                                     ; regout           ;
; |lab6_stack_rtl_view_top|lab6_stack_top:U_STACK_SYSTEM|stack7x16:U_STACK|dout_r[2]                                                     ; |lab6_stack_rtl_view_top|lab6_stack_top:U_STACK_SYSTEM|stack7x16:U_STACK|dout_r[2]                                                     ; regout           ;
; |lab6_stack_rtl_view_top|lab6_stack_top:U_STACK_SYSTEM|stack7x16:U_STACK|dout_r[1]                                                     ; |lab6_stack_rtl_view_top|lab6_stack_top:U_STACK_SYSTEM|stack7x16:U_STACK|dout_r[1]                                                     ; regout           ;
; |lab6_stack_rtl_view_top|lab6_stack_top:U_STACK_SYSTEM|stack7x16:U_STACK|dout_r[0]                                                     ; |lab6_stack_rtl_view_top|lab6_stack_top:U_STACK_SYSTEM|stack7x16:U_STACK|dout_r[0]                                                     ; regout           ;
; |lab6_stack_rtl_view_top|lab6_stack_top:U_STACK_SYSTEM|stack7x16:U_STACK|overflow_r                                                    ; |lab6_stack_rtl_view_top|lab6_stack_top:U_STACK_SYSTEM|stack7x16:U_STACK|overflow_r                                                    ; regout           ;
; |lab6_stack_rtl_view_top|lab6_stack_top:U_STACK_SYSTEM|stack7x16:U_STACK|underflow_r                                                   ; |lab6_stack_rtl_view_top|lab6_stack_top:U_STACK_SYSTEM|stack7x16:U_STACK|underflow_r                                                   ; regout           ;
; |lab6_stack_rtl_view_top|lab6_stack_top:U_STACK_SYSTEM|stack7x16:U_STACK|dout_r[9]                                                     ; |lab6_stack_rtl_view_top|lab6_stack_top:U_STACK_SYSTEM|stack7x16:U_STACK|dout_r[9]                                                     ; regout           ;
; |lab6_stack_rtl_view_top|lab6_stack_top:U_STACK_SYSTEM|stack7x16:U_STACK|dout_r[10]                                                    ; |lab6_stack_rtl_view_top|lab6_stack_top:U_STACK_SYSTEM|stack7x16:U_STACK|dout_r[10]                                                    ; regout           ;
; |lab6_stack_rtl_view_top|lab6_stack_top:U_STACK_SYSTEM|stack7x16:U_STACK|dout_r[12]                                                    ; |lab6_stack_rtl_view_top|lab6_stack_top:U_STACK_SYSTEM|stack7x16:U_STACK|dout_r[12]                                                    ; regout           ;
; |lab6_stack_rtl_view_top|lab6_stack_top:U_STACK_SYSTEM|stack7x16:U_STACK|dout_r[13]                                                    ; |lab6_stack_rtl_view_top|lab6_stack_top:U_STACK_SYSTEM|stack7x16:U_STACK|dout_r[13]                                                    ; regout           ;
; |lab6_stack_rtl_view_top|lab6_stack_top:U_STACK_SYSTEM|stack7x16:U_STACK|dout_r[14]                                                    ; |lab6_stack_rtl_view_top|lab6_stack_top:U_STACK_SYSTEM|stack7x16:U_STACK|dout_r[14]                                                    ; regout           ;
; |lab6_stack_rtl_view_top|lab6_stack_top:U_STACK_SYSTEM|stack7x16:U_STACK|sp_r[0]                                                       ; |lab6_stack_rtl_view_top|lab6_stack_top:U_STACK_SYSTEM|stack7x16:U_STACK|sp_r[0]                                                       ; regout           ;
; |lab6_stack_rtl_view_top|lab6_stack_top:U_STACK_SYSTEM|stack7x16:U_STACK|sp_r[1]                                                       ; |lab6_stack_rtl_view_top|lab6_stack_top:U_STACK_SYSTEM|stack7x16:U_STACK|sp_r[1]                                                       ; regout           ;
; |lab6_stack_rtl_view_top|lab6_stack_top:U_STACK_SYSTEM|stack7x16:U_STACK|sp_r[2]                                                       ; |lab6_stack_rtl_view_top|lab6_stack_top:U_STACK_SYSTEM|stack7x16:U_STACK|sp_r[2]                                                       ; regout           ;
; |lab6_stack_rtl_view_top|lab6_stack_top:U_STACK_SYSTEM|stack7x16:U_STACK|mem_r[1][5]                                                   ; |lab6_stack_rtl_view_top|lab6_stack_top:U_STACK_SYSTEM|stack7x16:U_STACK|mem_r[1][5]                                                   ; regout           ;
; |lab6_stack_rtl_view_top|lab6_stack_top:U_STACK_SYSTEM|stack7x16:U_STACK|mem_r[1][9]                                                   ; |lab6_stack_rtl_view_top|lab6_stack_top:U_STACK_SYSTEM|stack7x16:U_STACK|mem_r[1][9]                                                   ; regout           ;
; |lab6_stack_rtl_view_top|lab6_stack_top:U_STACK_SYSTEM|stack7x16:U_STACK|mem_r[1][13]                                                  ; |lab6_stack_rtl_view_top|lab6_stack_top:U_STACK_SYSTEM|stack7x16:U_STACK|mem_r[1][13]                                                  ; regout           ;
; |lab6_stack_rtl_view_top|lab6_stack_top:U_STACK_SYSTEM|stack7x16:U_STACK|Decoder0~0                                                    ; |lab6_stack_rtl_view_top|lab6_stack_top:U_STACK_SYSTEM|stack7x16:U_STACK|Decoder0~0                                                    ; out0             ;
; |lab6_stack_rtl_view_top|lab6_stack_top:U_STACK_SYSTEM|stack7x16:U_STACK|Decoder0~1                                                    ; |lab6_stack_rtl_view_top|lab6_stack_top:U_STACK_SYSTEM|stack7x16:U_STACK|Decoder0~1                                                    ; out0             ;
; |lab6_stack_rtl_view_top|lab6_stack_top:U_STACK_SYSTEM|stack7x16:U_STACK|Decoder0~2                                                    ; |lab6_stack_rtl_view_top|lab6_stack_top:U_STACK_SYSTEM|stack7x16:U_STACK|Decoder0~2                                                    ; out0             ;
; |lab6_stack_rtl_view_top|lab6_stack_top:U_STACK_SYSTEM|stack7x16:U_STACK|Decoder0~3                                                    ; |lab6_stack_rtl_view_top|lab6_stack_top:U_STACK_SYSTEM|stack7x16:U_STACK|Decoder0~3                                                    ; out0             ;
; |lab6_stack_rtl_view_top|lab6_stack_top:U_STACK_SYSTEM|stack7x16:U_STACK|Decoder0~4                                                    ; |lab6_stack_rtl_view_top|lab6_stack_top:U_STACK_SYSTEM|stack7x16:U_STACK|Decoder0~4                                                    ; out0             ;
; |lab6_stack_rtl_view_top|lab6_stack_top:U_STACK_SYSTEM|stack7x16:U_STACK|Decoder0~5                                                    ; |lab6_stack_rtl_view_top|lab6_stack_top:U_STACK_SYSTEM|stack7x16:U_STACK|Decoder0~5                                                    ; out0             ;
; |lab6_stack_rtl_view_top|lab6_stack_top:U_STACK_SYSTEM|stack7x16:U_STACK|Decoder0~6                                                    ; |lab6_stack_rtl_view_top|lab6_stack_top:U_STACK_SYSTEM|stack7x16:U_STACK|Decoder0~6                                                    ; out0             ;
; |lab6_stack_rtl_view_top|lab6_stack_top:U_STACK_SYSTEM|stack7x16:U_STACK|Add0~0                                                        ; |lab6_stack_rtl_view_top|lab6_stack_top:U_STACK_SYSTEM|stack7x16:U_STACK|Add0~0                                                        ; out0             ;
; |lab6_stack_rtl_view_top|lab6_stack_top:U_STACK_SYSTEM|stack7x16:U_STACK|Add0~1                                                        ; |lab6_stack_rtl_view_top|lab6_stack_top:U_STACK_SYSTEM|stack7x16:U_STACK|Add0~1                                                        ; out0             ;
; |lab6_stack_rtl_view_top|lab6_stack_top:U_STACK_SYSTEM|stack7x16:U_STACK|Add0~2                                                        ; |lab6_stack_rtl_view_top|lab6_stack_top:U_STACK_SYSTEM|stack7x16:U_STACK|Add0~2                                                        ; out0             ;
; |lab6_stack_rtl_view_top|lab6_stack_top:U_STACK_SYSTEM|stack7x16:U_STACK|Add1~0                                                        ; |lab6_stack_rtl_view_top|lab6_stack_top:U_STACK_SYSTEM|stack7x16:U_STACK|Add1~0                                                        ; out0             ;
; |lab6_stack_rtl_view_top|lab6_stack_top:U_STACK_SYSTEM|stack7x16:U_STACK|Add1~1                                                        ; |lab6_stack_rtl_view_top|lab6_stack_top:U_STACK_SYSTEM|stack7x16:U_STACK|Add1~1                                                        ; out0             ;
; |lab6_stack_rtl_view_top|lab6_stack_top:U_STACK_SYSTEM|stack7x16:U_STACK|Add1~2                                                        ; |lab6_stack_rtl_view_top|lab6_stack_top:U_STACK_SYSTEM|stack7x16:U_STACK|Add1~2                                                        ; out0             ;
; |lab6_stack_rtl_view_top|lab6_stack_top:U_STACK_SYSTEM|stack7x16:U_STACK|Add1~3                                                        ; |lab6_stack_rtl_view_top|lab6_stack_top:U_STACK_SYSTEM|stack7x16:U_STACK|Add1~3                                                        ; out0             ;
; |lab6_stack_rtl_view_top|lab6_stack_top:U_STACK_SYSTEM|stack7x16:U_STACK|Equal0~0                                                      ; |lab6_stack_rtl_view_top|lab6_stack_top:U_STACK_SYSTEM|stack7x16:U_STACK|Equal0~0                                                      ; out0             ;
; |lab6_stack_rtl_view_top|lab6_stack_top:U_STACK_SYSTEM|stack7x16:U_STACK|Equal1~0                                                      ; |lab6_stack_rtl_view_top|lab6_stack_top:U_STACK_SYSTEM|stack7x16:U_STACK|Equal1~0                                                      ; out0             ;
; |lab6_stack_rtl_view_top|lab6_stack_top:U_STACK_SYSTEM|stack7x16:U_STACK|Equal2~0                                                      ; |lab6_stack_rtl_view_top|lab6_stack_top:U_STACK_SYSTEM|stack7x16:U_STACK|Equal2~0                                                      ; out0             ;
; |lab6_stack_rtl_view_top|lab6_stack_top:U_STACK_SYSTEM|stack7x16:U_STACK|Equal3~0                                                      ; |lab6_stack_rtl_view_top|lab6_stack_top:U_STACK_SYSTEM|stack7x16:U_STACK|Equal3~0                                                      ; out0             ;
; |lab6_stack_rtl_view_top|lab6_stack_top:U_STACK_SYSTEM|stack7x16:U_STACK|Equal4~0                                                      ; |lab6_stack_rtl_view_top|lab6_stack_top:U_STACK_SYSTEM|stack7x16:U_STACK|Equal4~0                                                      ; out0             ;
; |lab6_stack_rtl_view_top|lab6_stack_top:U_STACK_SYSTEM|stack_control:U_CTRL|lpm_mux:Mux1|mux_0oc:auto_generated|_~0                    ; |lab6_stack_rtl_view_top|lab6_stack_top:U_STACK_SYSTEM|stack_control:U_CTRL|lpm_mux:Mux1|mux_0oc:auto_generated|_~0                    ; out0             ;
; |lab6_stack_rtl_view_top|lab6_stack_top:U_STACK_SYSTEM|stack_control:U_CTRL|lpm_mux:Mux1|mux_0oc:auto_generated|l1_w0_n1_mux_dataout~0 ; |lab6_stack_rtl_view_top|lab6_stack_top:U_STACK_SYSTEM|stack_control:U_CTRL|lpm_mux:Mux1|mux_0oc:auto_generated|l1_w0_n1_mux_dataout~0 ; out0             ;
; |lab6_stack_rtl_view_top|lab6_stack_top:U_STACK_SYSTEM|stack_control:U_CTRL|lpm_mux:Mux1|mux_0oc:auto_generated|_~1                    ; |lab6_stack_rtl_view_top|lab6_stack_top:U_STACK_SYSTEM|stack_control:U_CTRL|lpm_mux:Mux1|mux_0oc:auto_generated|_~1                    ; out0             ;
; |lab6_stack_rtl_view_top|lab6_stack_top:U_STACK_SYSTEM|stack_control:U_CTRL|lpm_mux:Mux1|mux_0oc:auto_generated|l1_w0_n1_mux_dataout   ; |lab6_stack_rtl_view_top|lab6_stack_top:U_STACK_SYSTEM|stack_control:U_CTRL|lpm_mux:Mux1|mux_0oc:auto_generated|l1_w0_n1_mux_dataout   ; out0             ;
; |lab6_stack_rtl_view_top|lab6_stack_top:U_STACK_SYSTEM|stack_control:U_CTRL|lpm_mux:Mux1|mux_0oc:auto_generated|l2_w0_n0_mux_dataout~0 ; |lab6_stack_rtl_view_top|lab6_stack_top:U_STACK_SYSTEM|stack_control:U_CTRL|lpm_mux:Mux1|mux_0oc:auto_generated|l2_w0_n0_mux_dataout~0 ; out0             ;
; |lab6_stack_rtl_view_top|lab6_stack_top:U_STACK_SYSTEM|stack_control:U_CTRL|lpm_mux:Mux1|mux_0oc:auto_generated|_~2                    ; |lab6_stack_rtl_view_top|lab6_stack_top:U_STACK_SYSTEM|stack_control:U_CTRL|lpm_mux:Mux1|mux_0oc:auto_generated|_~2                    ; out0             ;
; |lab6_stack_rtl_view_top|lab6_stack_top:U_STACK_SYSTEM|stack_control:U_CTRL|lpm_mux:Mux1|mux_0oc:auto_generated|l2_w0_n0_mux_dataout   ; |lab6_stack_rtl_view_top|lab6_stack_top:U_STACK_SYSTEM|stack_control:U_CTRL|lpm_mux:Mux1|mux_0oc:auto_generated|l2_w0_n0_mux_dataout   ; out0             ;
; |lab6_stack_rtl_view_top|lab6_stack_top:U_STACK_SYSTEM|stack_control:U_CTRL|lpm_mux:Mux0|mux_0oc:auto_generated|_~0                    ; |lab6_stack_rtl_view_top|lab6_stack_top:U_STACK_SYSTEM|stack_control:U_CTRL|lpm_mux:Mux0|mux_0oc:auto_generated|_~0                    ; out0             ;
; |lab6_stack_rtl_view_top|lab6_stack_top:U_STACK_SYSTEM|stack_control:U_CTRL|lpm_mux:Mux0|mux_0oc:auto_generated|_~1                    ; |lab6_stack_rtl_view_top|lab6_stack_top:U_STACK_SYSTEM|stack_control:U_CTRL|lpm_mux:Mux0|mux_0oc:auto_generated|_~1                    ; out0             ;
; |lab6_stack_rtl_view_top|lab6_stack_top:U_STACK_SYSTEM|stack_control:U_CTRL|lpm_mux:Mux0|mux_0oc:auto_generated|l1_w0_n1_mux_dataout~1 ; |lab6_stack_rtl_view_top|lab6_stack_top:U_STACK_SYSTEM|stack_control:U_CTRL|lpm_mux:Mux0|mux_0oc:auto_generated|l1_w0_n1_mux_dataout~1 ; out0             ;
; |lab6_stack_rtl_view_top|lab6_stack_top:U_STACK_SYSTEM|stack_control:U_CTRL|lpm_mux:Mux0|mux_0oc:auto_generated|l1_w0_n1_mux_dataout   ; |lab6_stack_rtl_view_top|lab6_stack_top:U_STACK_SYSTEM|stack_control:U_CTRL|lpm_mux:Mux0|mux_0oc:auto_generated|l1_w0_n1_mux_dataout   ; out0             ;
; |lab6_stack_rtl_view_top|lab6_stack_top:U_STACK_SYSTEM|stack_control:U_CTRL|lpm_mux:Mux0|mux_0oc:auto_generated|l2_w0_n0_mux_dataout~0 ; |lab6_stack_rtl_view_top|lab6_stack_top:U_STACK_SYSTEM|stack_control:U_CTRL|lpm_mux:Mux0|mux_0oc:auto_generated|l2_w0_n0_mux_dataout~0 ; out0             ;
; |lab6_stack_rtl_view_top|lab6_stack_top:U_STACK_SYSTEM|stack_control:U_CTRL|lpm_mux:Mux0|mux_0oc:auto_generated|_~2                    ; |lab6_stack_rtl_view_top|lab6_stack_top:U_STACK_SYSTEM|stack_control:U_CTRL|lpm_mux:Mux0|mux_0oc:auto_generated|_~2                    ; out0             ;
; |lab6_stack_rtl_view_top|lab6_stack_top:U_STACK_SYSTEM|stack_control:U_CTRL|lpm_mux:Mux0|mux_0oc:auto_generated|l2_w0_n0_mux_dataout   ; |lab6_stack_rtl_view_top|lab6_stack_top:U_STACK_SYSTEM|stack_control:U_CTRL|lpm_mux:Mux0|mux_0oc:auto_generated|l2_w0_n0_mux_dataout   ; out0             ;
; |lab6_stack_rtl_view_top|lab6_stack_top:U_STACK_SYSTEM|stack7x16:U_STACK|lpm_mux:Mux15|mux_5oc:auto_generated|l1_w0_n0_mux_dataout~0   ; |lab6_stack_rtl_view_top|lab6_stack_top:U_STACK_SYSTEM|stack7x16:U_STACK|lpm_mux:Mux15|mux_5oc:auto_generated|l1_w0_n0_mux_dataout~0   ; out0             ;
; |lab6_stack_rtl_view_top|lab6_stack_top:U_STACK_SYSTEM|stack7x16:U_STACK|lpm_mux:Mux15|mux_5oc:auto_generated|_~0                      ; |lab6_stack_rtl_view_top|lab6_stack_top:U_STACK_SYSTEM|stack7x16:U_STACK|lpm_mux:Mux15|mux_5oc:auto_generated|_~0                      ; out0             ;
; |lab6_stack_rtl_view_top|lab6_stack_top:U_STACK_SYSTEM|stack7x16:U_STACK|lpm_mux:Mux15|mux_5oc:auto_generated|l1_w0_n0_mux_dataout~1   ; |lab6_stack_rtl_view_top|lab6_stack_top:U_STACK_SYSTEM|stack7x16:U_STACK|lpm_mux:Mux15|mux_5oc:auto_generated|l1_w0_n0_mux_dataout~1   ; out0             ;
; |lab6_stack_rtl_view_top|lab6_stack_top:U_STACK_SYSTEM|stack7x16:U_STACK|lpm_mux:Mux15|mux_5oc:auto_generated|l1_w0_n0_mux_dataout     ; |lab6_stack_rtl_view_top|lab6_stack_top:U_STACK_SYSTEM|stack7x16:U_STACK|lpm_mux:Mux15|mux_5oc:auto_generated|l1_w0_n0_mux_dataout     ; out0             ;
; |lab6_stack_rtl_view_top|lab6_stack_top:U_STACK_SYSTEM|stack7x16:U_STACK|lpm_mux:Mux15|mux_5oc:auto_generated|_~1                      ; |lab6_stack_rtl_view_top|lab6_stack_top:U_STACK_SYSTEM|stack7x16:U_STACK|lpm_mux:Mux15|mux_5oc:auto_generated|_~1                      ; out0             ;
; |lab6_stack_rtl_view_top|lab6_stack_top:U_STACK_SYSTEM|stack7x16:U_STACK|lpm_mux:Mux15|mux_5oc:auto_generated|l1_w0_n1_mux_dataout~1   ; |lab6_stack_rtl_view_top|lab6_stack_top:U_STACK_SYSTEM|stack7x16:U_STACK|lpm_mux:Mux15|mux_5oc:auto_generated|l1_w0_n1_mux_dataout~1   ; out0             ;
; |lab6_stack_rtl_view_top|lab6_stack_top:U_STACK_SYSTEM|stack7x16:U_STACK|lpm_mux:Mux15|mux_5oc:auto_generated|l1_w0_n1_mux_dataout     ; |lab6_stack_rtl_view_top|lab6_stack_top:U_STACK_SYSTEM|stack7x16:U_STACK|lpm_mux:Mux15|mux_5oc:auto_generated|l1_w0_n1_mux_dataout     ; out0             ;
; |lab6_stack_rtl_view_top|lab6_stack_top:U_STACK_SYSTEM|stack7x16:U_STACK|lpm_mux:Mux15|mux_5oc:auto_generated|_~2                      ; |lab6_stack_rtl_view_top|lab6_stack_top:U_STACK_SYSTEM|stack7x16:U_STACK|lpm_mux:Mux15|mux_5oc:auto_generated|_~2                      ; out0             ;
; |lab6_stack_rtl_view_top|lab6_stack_top:U_STACK_SYSTEM|stack7x16:U_STACK|lpm_mux:Mux15|mux_5oc:auto_generated|l1_w0_n2_mux_dataout~1   ; |lab6_stack_rtl_view_top|lab6_stack_top:U_STACK_SYSTEM|stack7x16:U_STACK|lpm_mux:Mux15|mux_5oc:auto_generated|l1_w0_n2_mux_dataout~1   ; out0             ;
; |lab6_stack_rtl_view_top|lab6_stack_top:U_STACK_SYSTEM|stack7x16:U_STACK|lpm_mux:Mux15|mux_5oc:auto_generated|l1_w0_n2_mux_dataout     ; |lab6_stack_rtl_view_top|lab6_stack_top:U_STACK_SYSTEM|stack7x16:U_STACK|lpm_mux:Mux15|mux_5oc:auto_generated|l1_w0_n2_mux_dataout     ; out0             ;
; |lab6_stack_rtl_view_top|lab6_stack_top:U_STACK_SYSTEM|stack7x16:U_STACK|lpm_mux:Mux15|mux_5oc:auto_generated|_~3                      ; |lab6_stack_rtl_view_top|lab6_stack_top:U_STACK_SYSTEM|stack7x16:U_STACK|lpm_mux:Mux15|mux_5oc:auto_generated|_~3                      ; out0             ;
; |lab6_stack_rtl_view_top|lab6_stack_top:U_STACK_SYSTEM|stack7x16:U_STACK|lpm_mux:Mux15|mux_5oc:auto_generated|l1_w0_n3_mux_dataout~1   ; |lab6_stack_rtl_view_top|lab6_stack_top:U_STACK_SYSTEM|stack7x16:U_STACK|lpm_mux:Mux15|mux_5oc:auto_generated|l1_w0_n3_mux_dataout~1   ; out0             ;
; |lab6_stack_rtl_view_top|lab6_stack_top:U_STACK_SYSTEM|stack7x16:U_STACK|lpm_mux:Mux15|mux_5oc:auto_generated|l1_w0_n3_mux_dataout     ; |lab6_stack_rtl_view_top|lab6_stack_top:U_STACK_SYSTEM|stack7x16:U_STACK|lpm_mux:Mux15|mux_5oc:auto_generated|l1_w0_n3_mux_dataout     ; out0             ;
; |lab6_stack_rtl_view_top|lab6_stack_top:U_STACK_SYSTEM|stack7x16:U_STACK|lpm_mux:Mux15|mux_5oc:auto_generated|l2_w0_n0_mux_dataout~0   ; |lab6_stack_rtl_view_top|lab6_stack_top:U_STACK_SYSTEM|stack7x16:U_STACK|lpm_mux:Mux15|mux_5oc:auto_generated|l2_w0_n0_mux_dataout~0   ; out0             ;
; |lab6_stack_rtl_view_top|lab6_stack_top:U_STACK_SYSTEM|stack7x16:U_STACK|lpm_mux:Mux15|mux_5oc:auto_generated|_~4                      ; |lab6_stack_rtl_view_top|lab6_stack_top:U_STACK_SYSTEM|stack7x16:U_STACK|lpm_mux:Mux15|mux_5oc:auto_generated|_~4                      ; out0             ;
; |lab6_stack_rtl_view_top|lab6_stack_top:U_STACK_SYSTEM|stack7x16:U_STACK|lpm_mux:Mux15|mux_5oc:auto_generated|l2_w0_n0_mux_dataout~1   ; |lab6_stack_rtl_view_top|lab6_stack_top:U_STACK_SYSTEM|stack7x16:U_STACK|lpm_mux:Mux15|mux_5oc:auto_generated|l2_w0_n0_mux_dataout~1   ; out0             ;
; |lab6_stack_rtl_view_top|lab6_stack_top:U_STACK_SYSTEM|stack7x16:U_STACK|lpm_mux:Mux15|mux_5oc:auto_generated|l2_w0_n0_mux_dataout     ; |lab6_stack_rtl_view_top|lab6_stack_top:U_STACK_SYSTEM|stack7x16:U_STACK|lpm_mux:Mux15|mux_5oc:auto_generated|l2_w0_n0_mux_dataout     ; out0             ;
; |lab6_stack_rtl_view_top|lab6_stack_top:U_STACK_SYSTEM|stack7x16:U_STACK|lpm_mux:Mux15|mux_5oc:auto_generated|l2_w0_n1_mux_dataout~0   ; |lab6_stack_rtl_view_top|lab6_stack_top:U_STACK_SYSTEM|stack7x16:U_STACK|lpm_mux:Mux15|mux_5oc:auto_generated|l2_w0_n1_mux_dataout~0   ; out0             ;
; |lab6_stack_rtl_view_top|lab6_stack_top:U_STACK_SYSTEM|stack7x16:U_STACK|lpm_mux:Mux15|mux_5oc:auto_generated|_~5                      ; |lab6_stack_rtl_view_top|lab6_stack_top:U_STACK_SYSTEM|stack7x16:U_STACK|lpm_mux:Mux15|mux_5oc:auto_generated|_~5                      ; out0             ;
; |lab6_stack_rtl_view_top|lab6_stack_top:U_STACK_SYSTEM|stack7x16:U_STACK|lpm_mux:Mux15|mux_5oc:auto_generated|l2_w0_n1_mux_dataout~1   ; |lab6_stack_rtl_view_top|lab6_stack_top:U_STACK_SYSTEM|stack7x16:U_STACK|lpm_mux:Mux15|mux_5oc:auto_generated|l2_w0_n1_mux_dataout~1   ; out0             ;
; |lab6_stack_rtl_view_top|lab6_stack_top:U_STACK_SYSTEM|stack7x16:U_STACK|lpm_mux:Mux15|mux_5oc:auto_generated|l2_w0_n1_mux_dataout     ; |lab6_stack_rtl_view_top|lab6_stack_top:U_STACK_SYSTEM|stack7x16:U_STACK|lpm_mux:Mux15|mux_5oc:auto_generated|l2_w0_n1_mux_dataout     ; out0             ;
; |lab6_stack_rtl_view_top|lab6_stack_top:U_STACK_SYSTEM|stack7x16:U_STACK|lpm_mux:Mux15|mux_5oc:auto_generated|l3_w0_n0_mux_dataout~0   ; |lab6_stack_rtl_view_top|lab6_stack_top:U_STACK_SYSTEM|stack7x16:U_STACK|lpm_mux:Mux15|mux_5oc:auto_generated|l3_w0_n0_mux_dataout~0   ; out0             ;
; |lab6_stack_rtl_view_top|lab6_stack_top:U_STACK_SYSTEM|stack7x16:U_STACK|lpm_mux:Mux15|mux_5oc:auto_generated|_~6                      ; |lab6_stack_rtl_view_top|lab6_stack_top:U_STACK_SYSTEM|stack7x16:U_STACK|lpm_mux:Mux15|mux_5oc:auto_generated|_~6                      ; out0             ;
; |lab6_stack_rtl_view_top|lab6_stack_top:U_STACK_SYSTEM|stack7x16:U_STACK|lpm_mux:Mux15|mux_5oc:auto_generated|l3_w0_n0_mux_dataout~1   ; |lab6_stack_rtl_view_top|lab6_stack_top:U_STACK_SYSTEM|stack7x16:U_STACK|lpm_mux:Mux15|mux_5oc:auto_generated|l3_w0_n0_mux_dataout~1   ; out0             ;
; |lab6_stack_rtl_view_top|lab6_stack_top:U_STACK_SYSTEM|stack7x16:U_STACK|lpm_mux:Mux15|mux_5oc:auto_generated|l3_w0_n0_mux_dataout     ; |lab6_stack_rtl_view_top|lab6_stack_top:U_STACK_SYSTEM|stack7x16:U_STACK|lpm_mux:Mux15|mux_5oc:auto_generated|l3_w0_n0_mux_dataout     ; out0             ;
; |lab6_stack_rtl_view_top|lab6_stack_top:U_STACK_SYSTEM|stack7x16:U_STACK|lpm_mux:Mux14|mux_5oc:auto_generated|l1_w0_n0_mux_dataout~0   ; |lab6_stack_rtl_view_top|lab6_stack_top:U_STACK_SYSTEM|stack7x16:U_STACK|lpm_mux:Mux14|mux_5oc:auto_generated|l1_w0_n0_mux_dataout~0   ; out0             ;
; |lab6_stack_rtl_view_top|lab6_stack_top:U_STACK_SYSTEM|stack7x16:U_STACK|lpm_mux:Mux14|mux_5oc:auto_generated|_~0                      ; |lab6_stack_rtl_view_top|lab6_stack_top:U_STACK_SYSTEM|stack7x16:U_STACK|lpm_mux:Mux14|mux_5oc:auto_generated|_~0                      ; out0             ;
; |lab6_stack_rtl_view_top|lab6_stack_top:U_STACK_SYSTEM|stack7x16:U_STACK|lpm_mux:Mux14|mux_5oc:auto_generated|l1_w0_n0_mux_dataout     ; |lab6_stack_rtl_view_top|lab6_stack_top:U_STACK_SYSTEM|stack7x16:U_STACK|lpm_mux:Mux14|mux_5oc:auto_generated|l1_w0_n0_mux_dataout     ; out0             ;
; |lab6_stack_rtl_view_top|lab6_stack_top:U_STACK_SYSTEM|stack7x16:U_STACK|lpm_mux:Mux14|mux_5oc:auto_generated|_~1                      ; |lab6_stack_rtl_view_top|lab6_stack_top:U_STACK_SYSTEM|stack7x16:U_STACK|lpm_mux:Mux14|mux_5oc:auto_generated|_~1                      ; out0             ;
; |lab6_stack_rtl_view_top|lab6_stack_top:U_STACK_SYSTEM|stack7x16:U_STACK|lpm_mux:Mux14|mux_5oc:auto_generated|l1_w0_n1_mux_dataout~1   ; |lab6_stack_rtl_view_top|lab6_stack_top:U_STACK_SYSTEM|stack7x16:U_STACK|lpm_mux:Mux14|mux_5oc:auto_generated|l1_w0_n1_mux_dataout~1   ; out0             ;
; |lab6_stack_rtl_view_top|lab6_stack_top:U_STACK_SYSTEM|stack7x16:U_STACK|lpm_mux:Mux14|mux_5oc:auto_generated|l1_w0_n1_mux_dataout     ; |lab6_stack_rtl_view_top|lab6_stack_top:U_STACK_SYSTEM|stack7x16:U_STACK|lpm_mux:Mux14|mux_5oc:auto_generated|l1_w0_n1_mux_dataout     ; out0             ;
; |lab6_stack_rtl_view_top|lab6_stack_top:U_STACK_SYSTEM|stack7x16:U_STACK|lpm_mux:Mux14|mux_5oc:auto_generated|l1_w0_n2_mux_dataout~0   ; |lab6_stack_rtl_view_top|lab6_stack_top:U_STACK_SYSTEM|stack7x16:U_STACK|lpm_mux:Mux14|mux_5oc:auto_generated|l1_w0_n2_mux_dataout~0   ; out0             ;
; |lab6_stack_rtl_view_top|lab6_stack_top:U_STACK_SYSTEM|stack7x16:U_STACK|lpm_mux:Mux14|mux_5oc:auto_generated|_~2                      ; |lab6_stack_rtl_view_top|lab6_stack_top:U_STACK_SYSTEM|stack7x16:U_STACK|lpm_mux:Mux14|mux_5oc:auto_generated|_~2                      ; out0             ;
; |lab6_stack_rtl_view_top|lab6_stack_top:U_STACK_SYSTEM|stack7x16:U_STACK|lpm_mux:Mux14|mux_5oc:auto_generated|l1_w0_n2_mux_dataout     ; |lab6_stack_rtl_view_top|lab6_stack_top:U_STACK_SYSTEM|stack7x16:U_STACK|lpm_mux:Mux14|mux_5oc:auto_generated|l1_w0_n2_mux_dataout     ; out0             ;
; |lab6_stack_rtl_view_top|lab6_stack_top:U_STACK_SYSTEM|stack7x16:U_STACK|lpm_mux:Mux14|mux_5oc:auto_generated|_~3                      ; |lab6_stack_rtl_view_top|lab6_stack_top:U_STACK_SYSTEM|stack7x16:U_STACK|lpm_mux:Mux14|mux_5oc:auto_generated|_~3                      ; out0             ;
; |lab6_stack_rtl_view_top|lab6_stack_top:U_STACK_SYSTEM|stack7x16:U_STACK|lpm_mux:Mux14|mux_5oc:auto_generated|l1_w0_n3_mux_dataout~1   ; |lab6_stack_rtl_view_top|lab6_stack_top:U_STACK_SYSTEM|stack7x16:U_STACK|lpm_mux:Mux14|mux_5oc:auto_generated|l1_w0_n3_mux_dataout~1   ; out0             ;
; |lab6_stack_rtl_view_top|lab6_stack_top:U_STACK_SYSTEM|stack7x16:U_STACK|lpm_mux:Mux14|mux_5oc:auto_generated|l1_w0_n3_mux_dataout     ; |lab6_stack_rtl_view_top|lab6_stack_top:U_STACK_SYSTEM|stack7x16:U_STACK|lpm_mux:Mux14|mux_5oc:auto_generated|l1_w0_n3_mux_dataout     ; out0             ;
; |lab6_stack_rtl_view_top|lab6_stack_top:U_STACK_SYSTEM|stack7x16:U_STACK|lpm_mux:Mux14|mux_5oc:auto_generated|l2_w0_n0_mux_dataout~0   ; |lab6_stack_rtl_view_top|lab6_stack_top:U_STACK_SYSTEM|stack7x16:U_STACK|lpm_mux:Mux14|mux_5oc:auto_generated|l2_w0_n0_mux_dataout~0   ; out0             ;
; |lab6_stack_rtl_view_top|lab6_stack_top:U_STACK_SYSTEM|stack7x16:U_STACK|lpm_mux:Mux14|mux_5oc:auto_generated|_~4                      ; |lab6_stack_rtl_view_top|lab6_stack_top:U_STACK_SYSTEM|stack7x16:U_STACK|lpm_mux:Mux14|mux_5oc:auto_generated|_~4                      ; out0             ;
; |lab6_stack_rtl_view_top|lab6_stack_top:U_STACK_SYSTEM|stack7x16:U_STACK|lpm_mux:Mux14|mux_5oc:auto_generated|l2_w0_n0_mux_dataout~1   ; |lab6_stack_rtl_view_top|lab6_stack_top:U_STACK_SYSTEM|stack7x16:U_STACK|lpm_mux:Mux14|mux_5oc:auto_generated|l2_w0_n0_mux_dataout~1   ; out0             ;
; |lab6_stack_rtl_view_top|lab6_stack_top:U_STACK_SYSTEM|stack7x16:U_STACK|lpm_mux:Mux14|mux_5oc:auto_generated|l2_w0_n0_mux_dataout     ; |lab6_stack_rtl_view_top|lab6_stack_top:U_STACK_SYSTEM|stack7x16:U_STACK|lpm_mux:Mux14|mux_5oc:auto_generated|l2_w0_n0_mux_dataout     ; out0             ;
; |lab6_stack_rtl_view_top|lab6_stack_top:U_STACK_SYSTEM|stack7x16:U_STACK|lpm_mux:Mux14|mux_5oc:auto_generated|l2_w0_n1_mux_dataout~0   ; |lab6_stack_rtl_view_top|lab6_stack_top:U_STACK_SYSTEM|stack7x16:U_STACK|lpm_mux:Mux14|mux_5oc:auto_generated|l2_w0_n1_mux_dataout~0   ; out0             ;
; |lab6_stack_rtl_view_top|lab6_stack_top:U_STACK_SYSTEM|stack7x16:U_STACK|lpm_mux:Mux14|mux_5oc:auto_generated|_~5                      ; |lab6_stack_rtl_view_top|lab6_stack_top:U_STACK_SYSTEM|stack7x16:U_STACK|lpm_mux:Mux14|mux_5oc:auto_generated|_~5                      ; out0             ;
; |lab6_stack_rtl_view_top|lab6_stack_top:U_STACK_SYSTEM|stack7x16:U_STACK|lpm_mux:Mux14|mux_5oc:auto_generated|l2_w0_n1_mux_dataout~1   ; |lab6_stack_rtl_view_top|lab6_stack_top:U_STACK_SYSTEM|stack7x16:U_STACK|lpm_mux:Mux14|mux_5oc:auto_generated|l2_w0_n1_mux_dataout~1   ; out0             ;
; |lab6_stack_rtl_view_top|lab6_stack_top:U_STACK_SYSTEM|stack7x16:U_STACK|lpm_mux:Mux14|mux_5oc:auto_generated|l2_w0_n1_mux_dataout     ; |lab6_stack_rtl_view_top|lab6_stack_top:U_STACK_SYSTEM|stack7x16:U_STACK|lpm_mux:Mux14|mux_5oc:auto_generated|l2_w0_n1_mux_dataout     ; out0             ;
; |lab6_stack_rtl_view_top|lab6_stack_top:U_STACK_SYSTEM|stack7x16:U_STACK|lpm_mux:Mux14|mux_5oc:auto_generated|l3_w0_n0_mux_dataout~0   ; |lab6_stack_rtl_view_top|lab6_stack_top:U_STACK_SYSTEM|stack7x16:U_STACK|lpm_mux:Mux14|mux_5oc:auto_generated|l3_w0_n0_mux_dataout~0   ; out0             ;
; |lab6_stack_rtl_view_top|lab6_stack_top:U_STACK_SYSTEM|stack7x16:U_STACK|lpm_mux:Mux14|mux_5oc:auto_generated|_~6                      ; |lab6_stack_rtl_view_top|lab6_stack_top:U_STACK_SYSTEM|stack7x16:U_STACK|lpm_mux:Mux14|mux_5oc:auto_generated|_~6                      ; out0             ;
; |lab6_stack_rtl_view_top|lab6_stack_top:U_STACK_SYSTEM|stack7x16:U_STACK|lpm_mux:Mux14|mux_5oc:auto_generated|l3_w0_n0_mux_dataout~1   ; |lab6_stack_rtl_view_top|lab6_stack_top:U_STACK_SYSTEM|stack7x16:U_STACK|lpm_mux:Mux14|mux_5oc:auto_generated|l3_w0_n0_mux_dataout~1   ; out0             ;
; |lab6_stack_rtl_view_top|lab6_stack_top:U_STACK_SYSTEM|stack7x16:U_STACK|lpm_mux:Mux14|mux_5oc:auto_generated|l3_w0_n0_mux_dataout     ; |lab6_stack_rtl_view_top|lab6_stack_top:U_STACK_SYSTEM|stack7x16:U_STACK|lpm_mux:Mux14|mux_5oc:auto_generated|l3_w0_n0_mux_dataout     ; out0             ;
; |lab6_stack_rtl_view_top|lab6_stack_top:U_STACK_SYSTEM|stack7x16:U_STACK|lpm_mux:Mux13|mux_5oc:auto_generated|l1_w0_n0_mux_dataout~0   ; |lab6_stack_rtl_view_top|lab6_stack_top:U_STACK_SYSTEM|stack7x16:U_STACK|lpm_mux:Mux13|mux_5oc:auto_generated|l1_w0_n0_mux_dataout~0   ; out0             ;
; |lab6_stack_rtl_view_top|lab6_stack_top:U_STACK_SYSTEM|stack7x16:U_STACK|lpm_mux:Mux13|mux_5oc:auto_generated|_~0                      ; |lab6_stack_rtl_view_top|lab6_stack_top:U_STACK_SYSTEM|stack7x16:U_STACK|lpm_mux:Mux13|mux_5oc:auto_generated|_~0                      ; out0             ;
; |lab6_stack_rtl_view_top|lab6_stack_top:U_STACK_SYSTEM|stack7x16:U_STACK|lpm_mux:Mux13|mux_5oc:auto_generated|l1_w0_n0_mux_dataout     ; |lab6_stack_rtl_view_top|lab6_stack_top:U_STACK_SYSTEM|stack7x16:U_STACK|lpm_mux:Mux13|mux_5oc:auto_generated|l1_w0_n0_mux_dataout     ; out0             ;
; |lab6_stack_rtl_view_top|lab6_stack_top:U_STACK_SYSTEM|stack7x16:U_STACK|lpm_mux:Mux13|mux_5oc:auto_generated|l1_w0_n1_mux_dataout~0   ; |lab6_stack_rtl_view_top|lab6_stack_top:U_STACK_SYSTEM|stack7x16:U_STACK|lpm_mux:Mux13|mux_5oc:auto_generated|l1_w0_n1_mux_dataout~0   ; out0             ;
; |lab6_stack_rtl_view_top|lab6_stack_top:U_STACK_SYSTEM|stack7x16:U_STACK|lpm_mux:Mux13|mux_5oc:auto_generated|_~1                      ; |lab6_stack_rtl_view_top|lab6_stack_top:U_STACK_SYSTEM|stack7x16:U_STACK|lpm_mux:Mux13|mux_5oc:auto_generated|_~1                      ; out0             ;
; |lab6_stack_rtl_view_top|lab6_stack_top:U_STACK_SYSTEM|stack7x16:U_STACK|lpm_mux:Mux13|mux_5oc:auto_generated|l1_w0_n1_mux_dataout     ; |lab6_stack_rtl_view_top|lab6_stack_top:U_STACK_SYSTEM|stack7x16:U_STACK|lpm_mux:Mux13|mux_5oc:auto_generated|l1_w0_n1_mux_dataout     ; out0             ;
; |lab6_stack_rtl_view_top|lab6_stack_top:U_STACK_SYSTEM|stack7x16:U_STACK|lpm_mux:Mux13|mux_5oc:auto_generated|l1_w0_n2_mux_dataout~0   ; |lab6_stack_rtl_view_top|lab6_stack_top:U_STACK_SYSTEM|stack7x16:U_STACK|lpm_mux:Mux13|mux_5oc:auto_generated|l1_w0_n2_mux_dataout~0   ; out0             ;
; |lab6_stack_rtl_view_top|lab6_stack_top:U_STACK_SYSTEM|stack7x16:U_STACK|lpm_mux:Mux13|mux_5oc:auto_generated|_~2                      ; |lab6_stack_rtl_view_top|lab6_stack_top:U_STACK_SYSTEM|stack7x16:U_STACK|lpm_mux:Mux13|mux_5oc:auto_generated|_~2                      ; out0             ;
; |lab6_stack_rtl_view_top|lab6_stack_top:U_STACK_SYSTEM|stack7x16:U_STACK|lpm_mux:Mux13|mux_5oc:auto_generated|l1_w0_n2_mux_dataout~1   ; |lab6_stack_rtl_view_top|lab6_stack_top:U_STACK_SYSTEM|stack7x16:U_STACK|lpm_mux:Mux13|mux_5oc:auto_generated|l1_w0_n2_mux_dataout~1   ; out0             ;
; |lab6_stack_rtl_view_top|lab6_stack_top:U_STACK_SYSTEM|stack7x16:U_STACK|lpm_mux:Mux13|mux_5oc:auto_generated|l1_w0_n2_mux_dataout     ; |lab6_stack_rtl_view_top|lab6_stack_top:U_STACK_SYSTEM|stack7x16:U_STACK|lpm_mux:Mux13|mux_5oc:auto_generated|l1_w0_n2_mux_dataout     ; out0             ;
; |lab6_stack_rtl_view_top|lab6_stack_top:U_STACK_SYSTEM|stack7x16:U_STACK|lpm_mux:Mux13|mux_5oc:auto_generated|_~3                      ; |lab6_stack_rtl_view_top|lab6_stack_top:U_STACK_SYSTEM|stack7x16:U_STACK|lpm_mux:Mux13|mux_5oc:auto_generated|_~3                      ; out0             ;
; |lab6_stack_rtl_view_top|lab6_stack_top:U_STACK_SYSTEM|stack7x16:U_STACK|lpm_mux:Mux13|mux_5oc:auto_generated|l1_w0_n3_mux_dataout~1   ; |lab6_stack_rtl_view_top|lab6_stack_top:U_STACK_SYSTEM|stack7x16:U_STACK|lpm_mux:Mux13|mux_5oc:auto_generated|l1_w0_n3_mux_dataout~1   ; out0             ;
; |lab6_stack_rtl_view_top|lab6_stack_top:U_STACK_SYSTEM|stack7x16:U_STACK|lpm_mux:Mux13|mux_5oc:auto_generated|l1_w0_n3_mux_dataout     ; |lab6_stack_rtl_view_top|lab6_stack_top:U_STACK_SYSTEM|stack7x16:U_STACK|lpm_mux:Mux13|mux_5oc:auto_generated|l1_w0_n3_mux_dataout     ; out0             ;
; |lab6_stack_rtl_view_top|lab6_stack_top:U_STACK_SYSTEM|stack7x16:U_STACK|lpm_mux:Mux13|mux_5oc:auto_generated|l2_w0_n0_mux_dataout~0   ; |lab6_stack_rtl_view_top|lab6_stack_top:U_STACK_SYSTEM|stack7x16:U_STACK|lpm_mux:Mux13|mux_5oc:auto_generated|l2_w0_n0_mux_dataout~0   ; out0             ;
; |lab6_stack_rtl_view_top|lab6_stack_top:U_STACK_SYSTEM|stack7x16:U_STACK|lpm_mux:Mux13|mux_5oc:auto_generated|_~4                      ; |lab6_stack_rtl_view_top|lab6_stack_top:U_STACK_SYSTEM|stack7x16:U_STACK|lpm_mux:Mux13|mux_5oc:auto_generated|_~4                      ; out0             ;
; |lab6_stack_rtl_view_top|lab6_stack_top:U_STACK_SYSTEM|stack7x16:U_STACK|lpm_mux:Mux13|mux_5oc:auto_generated|l2_w0_n0_mux_dataout~1   ; |lab6_stack_rtl_view_top|lab6_stack_top:U_STACK_SYSTEM|stack7x16:U_STACK|lpm_mux:Mux13|mux_5oc:auto_generated|l2_w0_n0_mux_dataout~1   ; out0             ;
; |lab6_stack_rtl_view_top|lab6_stack_top:U_STACK_SYSTEM|stack7x16:U_STACK|lpm_mux:Mux13|mux_5oc:auto_generated|l2_w0_n0_mux_dataout     ; |lab6_stack_rtl_view_top|lab6_stack_top:U_STACK_SYSTEM|stack7x16:U_STACK|lpm_mux:Mux13|mux_5oc:auto_generated|l2_w0_n0_mux_dataout     ; out0             ;
; |lab6_stack_rtl_view_top|lab6_stack_top:U_STACK_SYSTEM|stack7x16:U_STACK|lpm_mux:Mux13|mux_5oc:auto_generated|l2_w0_n1_mux_dataout~0   ; |lab6_stack_rtl_view_top|lab6_stack_top:U_STACK_SYSTEM|stack7x16:U_STACK|lpm_mux:Mux13|mux_5oc:auto_generated|l2_w0_n1_mux_dataout~0   ; out0             ;
; |lab6_stack_rtl_view_top|lab6_stack_top:U_STACK_SYSTEM|stack7x16:U_STACK|lpm_mux:Mux13|mux_5oc:auto_generated|_~5                      ; |lab6_stack_rtl_view_top|lab6_stack_top:U_STACK_SYSTEM|stack7x16:U_STACK|lpm_mux:Mux13|mux_5oc:auto_generated|_~5                      ; out0             ;
; |lab6_stack_rtl_view_top|lab6_stack_top:U_STACK_SYSTEM|stack7x16:U_STACK|lpm_mux:Mux13|mux_5oc:auto_generated|l2_w0_n1_mux_dataout~1   ; |lab6_stack_rtl_view_top|lab6_stack_top:U_STACK_SYSTEM|stack7x16:U_STACK|lpm_mux:Mux13|mux_5oc:auto_generated|l2_w0_n1_mux_dataout~1   ; out0             ;
; |lab6_stack_rtl_view_top|lab6_stack_top:U_STACK_SYSTEM|stack7x16:U_STACK|lpm_mux:Mux13|mux_5oc:auto_generated|l2_w0_n1_mux_dataout     ; |lab6_stack_rtl_view_top|lab6_stack_top:U_STACK_SYSTEM|stack7x16:U_STACK|lpm_mux:Mux13|mux_5oc:auto_generated|l2_w0_n1_mux_dataout     ; out0             ;
; |lab6_stack_rtl_view_top|lab6_stack_top:U_STACK_SYSTEM|stack7x16:U_STACK|lpm_mux:Mux13|mux_5oc:auto_generated|l3_w0_n0_mux_dataout~0   ; |lab6_stack_rtl_view_top|lab6_stack_top:U_STACK_SYSTEM|stack7x16:U_STACK|lpm_mux:Mux13|mux_5oc:auto_generated|l3_w0_n0_mux_dataout~0   ; out0             ;
; |lab6_stack_rtl_view_top|lab6_stack_top:U_STACK_SYSTEM|stack7x16:U_STACK|lpm_mux:Mux13|mux_5oc:auto_generated|_~6                      ; |lab6_stack_rtl_view_top|lab6_stack_top:U_STACK_SYSTEM|stack7x16:U_STACK|lpm_mux:Mux13|mux_5oc:auto_generated|_~6                      ; out0             ;
; |lab6_stack_rtl_view_top|lab6_stack_top:U_STACK_SYSTEM|stack7x16:U_STACK|lpm_mux:Mux13|mux_5oc:auto_generated|l3_w0_n0_mux_dataout~1   ; |lab6_stack_rtl_view_top|lab6_stack_top:U_STACK_SYSTEM|stack7x16:U_STACK|lpm_mux:Mux13|mux_5oc:auto_generated|l3_w0_n0_mux_dataout~1   ; out0             ;
; |lab6_stack_rtl_view_top|lab6_stack_top:U_STACK_SYSTEM|stack7x16:U_STACK|lpm_mux:Mux13|mux_5oc:auto_generated|l3_w0_n0_mux_dataout     ; |lab6_stack_rtl_view_top|lab6_stack_top:U_STACK_SYSTEM|stack7x16:U_STACK|lpm_mux:Mux13|mux_5oc:auto_generated|l3_w0_n0_mux_dataout     ; out0             ;
; |lab6_stack_rtl_view_top|lab6_stack_top:U_STACK_SYSTEM|stack7x16:U_STACK|lpm_mux:Mux12|mux_5oc:auto_generated|l1_w0_n0_mux_dataout~0   ; |lab6_stack_rtl_view_top|lab6_stack_top:U_STACK_SYSTEM|stack7x16:U_STACK|lpm_mux:Mux12|mux_5oc:auto_generated|l1_w0_n0_mux_dataout~0   ; out0             ;
; |lab6_stack_rtl_view_top|lab6_stack_top:U_STACK_SYSTEM|stack7x16:U_STACK|lpm_mux:Mux12|mux_5oc:auto_generated|_~0                      ; |lab6_stack_rtl_view_top|lab6_stack_top:U_STACK_SYSTEM|stack7x16:U_STACK|lpm_mux:Mux12|mux_5oc:auto_generated|_~0                      ; out0             ;
; |lab6_stack_rtl_view_top|lab6_stack_top:U_STACK_SYSTEM|stack7x16:U_STACK|lpm_mux:Mux12|mux_5oc:auto_generated|l1_w0_n0_mux_dataout     ; |lab6_stack_rtl_view_top|lab6_stack_top:U_STACK_SYSTEM|stack7x16:U_STACK|lpm_mux:Mux12|mux_5oc:auto_generated|l1_w0_n0_mux_dataout     ; out0             ;
; |lab6_stack_rtl_view_top|lab6_stack_top:U_STACK_SYSTEM|stack7x16:U_STACK|lpm_mux:Mux12|mux_5oc:auto_generated|_~1                      ; |lab6_stack_rtl_view_top|lab6_stack_top:U_STACK_SYSTEM|stack7x16:U_STACK|lpm_mux:Mux12|mux_5oc:auto_generated|_~1                      ; out0             ;
; |lab6_stack_rtl_view_top|lab6_stack_top:U_STACK_SYSTEM|stack7x16:U_STACK|lpm_mux:Mux12|mux_5oc:auto_generated|_~2                      ; |lab6_stack_rtl_view_top|lab6_stack_top:U_STACK_SYSTEM|stack7x16:U_STACK|lpm_mux:Mux12|mux_5oc:auto_generated|_~2                      ; out0             ;
; |lab6_stack_rtl_view_top|lab6_stack_top:U_STACK_SYSTEM|stack7x16:U_STACK|lpm_mux:Mux12|mux_5oc:auto_generated|_~3                      ; |lab6_stack_rtl_view_top|lab6_stack_top:U_STACK_SYSTEM|stack7x16:U_STACK|lpm_mux:Mux12|mux_5oc:auto_generated|_~3                      ; out0             ;
; |lab6_stack_rtl_view_top|lab6_stack_top:U_STACK_SYSTEM|stack7x16:U_STACK|lpm_mux:Mux12|mux_5oc:auto_generated|_~4                      ; |lab6_stack_rtl_view_top|lab6_stack_top:U_STACK_SYSTEM|stack7x16:U_STACK|lpm_mux:Mux12|mux_5oc:auto_generated|_~4                      ; out0             ;
; |lab6_stack_rtl_view_top|lab6_stack_top:U_STACK_SYSTEM|stack7x16:U_STACK|lpm_mux:Mux12|mux_5oc:auto_generated|l2_w0_n0_mux_dataout~1   ; |lab6_stack_rtl_view_top|lab6_stack_top:U_STACK_SYSTEM|stack7x16:U_STACK|lpm_mux:Mux12|mux_5oc:auto_generated|l2_w0_n0_mux_dataout~1   ; out0             ;
; |lab6_stack_rtl_view_top|lab6_stack_top:U_STACK_SYSTEM|stack7x16:U_STACK|lpm_mux:Mux12|mux_5oc:auto_generated|l2_w0_n0_mux_dataout     ; |lab6_stack_rtl_view_top|lab6_stack_top:U_STACK_SYSTEM|stack7x16:U_STACK|lpm_mux:Mux12|mux_5oc:auto_generated|l2_w0_n0_mux_dataout     ; out0             ;
; |lab6_stack_rtl_view_top|lab6_stack_top:U_STACK_SYSTEM|stack7x16:U_STACK|lpm_mux:Mux12|mux_5oc:auto_generated|_~5                      ; |lab6_stack_rtl_view_top|lab6_stack_top:U_STACK_SYSTEM|stack7x16:U_STACK|lpm_mux:Mux12|mux_5oc:auto_generated|_~5                      ; out0             ;
; |lab6_stack_rtl_view_top|lab6_stack_top:U_STACK_SYSTEM|stack7x16:U_STACK|lpm_mux:Mux12|mux_5oc:auto_generated|_~6                      ; |lab6_stack_rtl_view_top|lab6_stack_top:U_STACK_SYSTEM|stack7x16:U_STACK|lpm_mux:Mux12|mux_5oc:auto_generated|_~6                      ; out0             ;
; |lab6_stack_rtl_view_top|lab6_stack_top:U_STACK_SYSTEM|stack7x16:U_STACK|lpm_mux:Mux12|mux_5oc:auto_generated|l3_w0_n0_mux_dataout~1   ; |lab6_stack_rtl_view_top|lab6_stack_top:U_STACK_SYSTEM|stack7x16:U_STACK|lpm_mux:Mux12|mux_5oc:auto_generated|l3_w0_n0_mux_dataout~1   ; out0             ;
; |lab6_stack_rtl_view_top|lab6_stack_top:U_STACK_SYSTEM|stack7x16:U_STACK|lpm_mux:Mux12|mux_5oc:auto_generated|l3_w0_n0_mux_dataout     ; |lab6_stack_rtl_view_top|lab6_stack_top:U_STACK_SYSTEM|stack7x16:U_STACK|lpm_mux:Mux12|mux_5oc:auto_generated|l3_w0_n0_mux_dataout     ; out0             ;
; |lab6_stack_rtl_view_top|lab6_stack_top:U_STACK_SYSTEM|stack7x16:U_STACK|lpm_mux:Mux11|mux_5oc:auto_generated|_~0                      ; |lab6_stack_rtl_view_top|lab6_stack_top:U_STACK_SYSTEM|stack7x16:U_STACK|lpm_mux:Mux11|mux_5oc:auto_generated|_~0                      ; out0             ;
; |lab6_stack_rtl_view_top|lab6_stack_top:U_STACK_SYSTEM|stack7x16:U_STACK|lpm_mux:Mux11|mux_5oc:auto_generated|l1_w0_n0_mux_dataout~1   ; |lab6_stack_rtl_view_top|lab6_stack_top:U_STACK_SYSTEM|stack7x16:U_STACK|lpm_mux:Mux11|mux_5oc:auto_generated|l1_w0_n0_mux_dataout~1   ; out0             ;
; |lab6_stack_rtl_view_top|lab6_stack_top:U_STACK_SYSTEM|stack7x16:U_STACK|lpm_mux:Mux11|mux_5oc:auto_generated|l1_w0_n0_mux_dataout     ; |lab6_stack_rtl_view_top|lab6_stack_top:U_STACK_SYSTEM|stack7x16:U_STACK|lpm_mux:Mux11|mux_5oc:auto_generated|l1_w0_n0_mux_dataout     ; out0             ;
; |lab6_stack_rtl_view_top|lab6_stack_top:U_STACK_SYSTEM|stack7x16:U_STACK|lpm_mux:Mux11|mux_5oc:auto_generated|_~1                      ; |lab6_stack_rtl_view_top|lab6_stack_top:U_STACK_SYSTEM|stack7x16:U_STACK|lpm_mux:Mux11|mux_5oc:auto_generated|_~1                      ; out0             ;
; |lab6_stack_rtl_view_top|lab6_stack_top:U_STACK_SYSTEM|stack7x16:U_STACK|lpm_mux:Mux11|mux_5oc:auto_generated|l1_w0_n1_mux_dataout~1   ; |lab6_stack_rtl_view_top|lab6_stack_top:U_STACK_SYSTEM|stack7x16:U_STACK|lpm_mux:Mux11|mux_5oc:auto_generated|l1_w0_n1_mux_dataout~1   ; out0             ;
; |lab6_stack_rtl_view_top|lab6_stack_top:U_STACK_SYSTEM|stack7x16:U_STACK|lpm_mux:Mux11|mux_5oc:auto_generated|l1_w0_n1_mux_dataout     ; |lab6_stack_rtl_view_top|lab6_stack_top:U_STACK_SYSTEM|stack7x16:U_STACK|lpm_mux:Mux11|mux_5oc:auto_generated|l1_w0_n1_mux_dataout     ; out0             ;
; |lab6_stack_rtl_view_top|lab6_stack_top:U_STACK_SYSTEM|stack7x16:U_STACK|lpm_mux:Mux11|mux_5oc:auto_generated|_~2                      ; |lab6_stack_rtl_view_top|lab6_stack_top:U_STACK_SYSTEM|stack7x16:U_STACK|lpm_mux:Mux11|mux_5oc:auto_generated|_~2                      ; out0             ;
; |lab6_stack_rtl_view_top|lab6_stack_top:U_STACK_SYSTEM|stack7x16:U_STACK|lpm_mux:Mux11|mux_5oc:auto_generated|l1_w0_n2_mux_dataout~1   ; |lab6_stack_rtl_view_top|lab6_stack_top:U_STACK_SYSTEM|stack7x16:U_STACK|lpm_mux:Mux11|mux_5oc:auto_generated|l1_w0_n2_mux_dataout~1   ; out0             ;
; |lab6_stack_rtl_view_top|lab6_stack_top:U_STACK_SYSTEM|stack7x16:U_STACK|lpm_mux:Mux11|mux_5oc:auto_generated|l1_w0_n2_mux_dataout     ; |lab6_stack_rtl_view_top|lab6_stack_top:U_STACK_SYSTEM|stack7x16:U_STACK|lpm_mux:Mux11|mux_5oc:auto_generated|l1_w0_n2_mux_dataout     ; out0             ;
; |lab6_stack_rtl_view_top|lab6_stack_top:U_STACK_SYSTEM|stack7x16:U_STACK|lpm_mux:Mux11|mux_5oc:auto_generated|_~3                      ; |lab6_stack_rtl_view_top|lab6_stack_top:U_STACK_SYSTEM|stack7x16:U_STACK|lpm_mux:Mux11|mux_5oc:auto_generated|_~3                      ; out0             ;
; |lab6_stack_rtl_view_top|lab6_stack_top:U_STACK_SYSTEM|stack7x16:U_STACK|lpm_mux:Mux11|mux_5oc:auto_generated|l1_w0_n3_mux_dataout~1   ; |lab6_stack_rtl_view_top|lab6_stack_top:U_STACK_SYSTEM|stack7x16:U_STACK|lpm_mux:Mux11|mux_5oc:auto_generated|l1_w0_n3_mux_dataout~1   ; out0             ;
; |lab6_stack_rtl_view_top|lab6_stack_top:U_STACK_SYSTEM|stack7x16:U_STACK|lpm_mux:Mux11|mux_5oc:auto_generated|l1_w0_n3_mux_dataout     ; |lab6_stack_rtl_view_top|lab6_stack_top:U_STACK_SYSTEM|stack7x16:U_STACK|lpm_mux:Mux11|mux_5oc:auto_generated|l1_w0_n3_mux_dataout     ; out0             ;
; |lab6_stack_rtl_view_top|lab6_stack_top:U_STACK_SYSTEM|stack7x16:U_STACK|lpm_mux:Mux11|mux_5oc:auto_generated|l2_w0_n0_mux_dataout~0   ; |lab6_stack_rtl_view_top|lab6_stack_top:U_STACK_SYSTEM|stack7x16:U_STACK|lpm_mux:Mux11|mux_5oc:auto_generated|l2_w0_n0_mux_dataout~0   ; out0             ;
; |lab6_stack_rtl_view_top|lab6_stack_top:U_STACK_SYSTEM|stack7x16:U_STACK|lpm_mux:Mux11|mux_5oc:auto_generated|_~4                      ; |lab6_stack_rtl_view_top|lab6_stack_top:U_STACK_SYSTEM|stack7x16:U_STACK|lpm_mux:Mux11|mux_5oc:auto_generated|_~4                      ; out0             ;
; |lab6_stack_rtl_view_top|lab6_stack_top:U_STACK_SYSTEM|stack7x16:U_STACK|lpm_mux:Mux11|mux_5oc:auto_generated|l2_w0_n0_mux_dataout~1   ; |lab6_stack_rtl_view_top|lab6_stack_top:U_STACK_SYSTEM|stack7x16:U_STACK|lpm_mux:Mux11|mux_5oc:auto_generated|l2_w0_n0_mux_dataout~1   ; out0             ;
; |lab6_stack_rtl_view_top|lab6_stack_top:U_STACK_SYSTEM|stack7x16:U_STACK|lpm_mux:Mux11|mux_5oc:auto_generated|l2_w0_n0_mux_dataout     ; |lab6_stack_rtl_view_top|lab6_stack_top:U_STACK_SYSTEM|stack7x16:U_STACK|lpm_mux:Mux11|mux_5oc:auto_generated|l2_w0_n0_mux_dataout     ; out0             ;
; |lab6_stack_rtl_view_top|lab6_stack_top:U_STACK_SYSTEM|stack7x16:U_STACK|lpm_mux:Mux11|mux_5oc:auto_generated|l2_w0_n1_mux_dataout~0   ; |lab6_stack_rtl_view_top|lab6_stack_top:U_STACK_SYSTEM|stack7x16:U_STACK|lpm_mux:Mux11|mux_5oc:auto_generated|l2_w0_n1_mux_dataout~0   ; out0             ;
; |lab6_stack_rtl_view_top|lab6_stack_top:U_STACK_SYSTEM|stack7x16:U_STACK|lpm_mux:Mux11|mux_5oc:auto_generated|_~5                      ; |lab6_stack_rtl_view_top|lab6_stack_top:U_STACK_SYSTEM|stack7x16:U_STACK|lpm_mux:Mux11|mux_5oc:auto_generated|_~5                      ; out0             ;
; |lab6_stack_rtl_view_top|lab6_stack_top:U_STACK_SYSTEM|stack7x16:U_STACK|lpm_mux:Mux11|mux_5oc:auto_generated|l2_w0_n1_mux_dataout~1   ; |lab6_stack_rtl_view_top|lab6_stack_top:U_STACK_SYSTEM|stack7x16:U_STACK|lpm_mux:Mux11|mux_5oc:auto_generated|l2_w0_n1_mux_dataout~1   ; out0             ;
; |lab6_stack_rtl_view_top|lab6_stack_top:U_STACK_SYSTEM|stack7x16:U_STACK|lpm_mux:Mux11|mux_5oc:auto_generated|l2_w0_n1_mux_dataout     ; |lab6_stack_rtl_view_top|lab6_stack_top:U_STACK_SYSTEM|stack7x16:U_STACK|lpm_mux:Mux11|mux_5oc:auto_generated|l2_w0_n1_mux_dataout     ; out0             ;
; |lab6_stack_rtl_view_top|lab6_stack_top:U_STACK_SYSTEM|stack7x16:U_STACK|lpm_mux:Mux11|mux_5oc:auto_generated|l3_w0_n0_mux_dataout~0   ; |lab6_stack_rtl_view_top|lab6_stack_top:U_STACK_SYSTEM|stack7x16:U_STACK|lpm_mux:Mux11|mux_5oc:auto_generated|l3_w0_n0_mux_dataout~0   ; out0             ;
; |lab6_stack_rtl_view_top|lab6_stack_top:U_STACK_SYSTEM|stack7x16:U_STACK|lpm_mux:Mux11|mux_5oc:auto_generated|_~6                      ; |lab6_stack_rtl_view_top|lab6_stack_top:U_STACK_SYSTEM|stack7x16:U_STACK|lpm_mux:Mux11|mux_5oc:auto_generated|_~6                      ; out0             ;
; |lab6_stack_rtl_view_top|lab6_stack_top:U_STACK_SYSTEM|stack7x16:U_STACK|lpm_mux:Mux11|mux_5oc:auto_generated|l3_w0_n0_mux_dataout~1   ; |lab6_stack_rtl_view_top|lab6_stack_top:U_STACK_SYSTEM|stack7x16:U_STACK|lpm_mux:Mux11|mux_5oc:auto_generated|l3_w0_n0_mux_dataout~1   ; out0             ;
; |lab6_stack_rtl_view_top|lab6_stack_top:U_STACK_SYSTEM|stack7x16:U_STACK|lpm_mux:Mux11|mux_5oc:auto_generated|l3_w0_n0_mux_dataout     ; |lab6_stack_rtl_view_top|lab6_stack_top:U_STACK_SYSTEM|stack7x16:U_STACK|lpm_mux:Mux11|mux_5oc:auto_generated|l3_w0_n0_mux_dataout     ; out0             ;
; |lab6_stack_rtl_view_top|lab6_stack_top:U_STACK_SYSTEM|stack7x16:U_STACK|lpm_mux:Mux10|mux_5oc:auto_generated|l1_w0_n0_mux_dataout~0   ; |lab6_stack_rtl_view_top|lab6_stack_top:U_STACK_SYSTEM|stack7x16:U_STACK|lpm_mux:Mux10|mux_5oc:auto_generated|l1_w0_n0_mux_dataout~0   ; out0             ;
; |lab6_stack_rtl_view_top|lab6_stack_top:U_STACK_SYSTEM|stack7x16:U_STACK|lpm_mux:Mux10|mux_5oc:auto_generated|_~0                      ; |lab6_stack_rtl_view_top|lab6_stack_top:U_STACK_SYSTEM|stack7x16:U_STACK|lpm_mux:Mux10|mux_5oc:auto_generated|_~0                      ; out0             ;
; |lab6_stack_rtl_view_top|lab6_stack_top:U_STACK_SYSTEM|stack7x16:U_STACK|lpm_mux:Mux10|mux_5oc:auto_generated|l1_w0_n0_mux_dataout     ; |lab6_stack_rtl_view_top|lab6_stack_top:U_STACK_SYSTEM|stack7x16:U_STACK|lpm_mux:Mux10|mux_5oc:auto_generated|l1_w0_n0_mux_dataout     ; out0             ;
; |lab6_stack_rtl_view_top|lab6_stack_top:U_STACK_SYSTEM|stack7x16:U_STACK|lpm_mux:Mux10|mux_5oc:auto_generated|_~1                      ; |lab6_stack_rtl_view_top|lab6_stack_top:U_STACK_SYSTEM|stack7x16:U_STACK|lpm_mux:Mux10|mux_5oc:auto_generated|_~1                      ; out0             ;
; |lab6_stack_rtl_view_top|lab6_stack_top:U_STACK_SYSTEM|stack7x16:U_STACK|lpm_mux:Mux10|mux_5oc:auto_generated|l1_w0_n1_mux_dataout~1   ; |lab6_stack_rtl_view_top|lab6_stack_top:U_STACK_SYSTEM|stack7x16:U_STACK|lpm_mux:Mux10|mux_5oc:auto_generated|l1_w0_n1_mux_dataout~1   ; out0             ;
; |lab6_stack_rtl_view_top|lab6_stack_top:U_STACK_SYSTEM|stack7x16:U_STACK|lpm_mux:Mux10|mux_5oc:auto_generated|l1_w0_n1_mux_dataout     ; |lab6_stack_rtl_view_top|lab6_stack_top:U_STACK_SYSTEM|stack7x16:U_STACK|lpm_mux:Mux10|mux_5oc:auto_generated|l1_w0_n1_mux_dataout     ; out0             ;
; |lab6_stack_rtl_view_top|lab6_stack_top:U_STACK_SYSTEM|stack7x16:U_STACK|lpm_mux:Mux10|mux_5oc:auto_generated|l1_w0_n2_mux_dataout~0   ; |lab6_stack_rtl_view_top|lab6_stack_top:U_STACK_SYSTEM|stack7x16:U_STACK|lpm_mux:Mux10|mux_5oc:auto_generated|l1_w0_n2_mux_dataout~0   ; out0             ;
; |lab6_stack_rtl_view_top|lab6_stack_top:U_STACK_SYSTEM|stack7x16:U_STACK|lpm_mux:Mux10|mux_5oc:auto_generated|_~2                      ; |lab6_stack_rtl_view_top|lab6_stack_top:U_STACK_SYSTEM|stack7x16:U_STACK|lpm_mux:Mux10|mux_5oc:auto_generated|_~2                      ; out0             ;
; |lab6_stack_rtl_view_top|lab6_stack_top:U_STACK_SYSTEM|stack7x16:U_STACK|lpm_mux:Mux10|mux_5oc:auto_generated|l1_w0_n2_mux_dataout     ; |lab6_stack_rtl_view_top|lab6_stack_top:U_STACK_SYSTEM|stack7x16:U_STACK|lpm_mux:Mux10|mux_5oc:auto_generated|l1_w0_n2_mux_dataout     ; out0             ;
; |lab6_stack_rtl_view_top|lab6_stack_top:U_STACK_SYSTEM|stack7x16:U_STACK|lpm_mux:Mux10|mux_5oc:auto_generated|_~3                      ; |lab6_stack_rtl_view_top|lab6_stack_top:U_STACK_SYSTEM|stack7x16:U_STACK|lpm_mux:Mux10|mux_5oc:auto_generated|_~3                      ; out0             ;
; |lab6_stack_rtl_view_top|lab6_stack_top:U_STACK_SYSTEM|stack7x16:U_STACK|lpm_mux:Mux10|mux_5oc:auto_generated|l1_w0_n3_mux_dataout~1   ; |lab6_stack_rtl_view_top|lab6_stack_top:U_STACK_SYSTEM|stack7x16:U_STACK|lpm_mux:Mux10|mux_5oc:auto_generated|l1_w0_n3_mux_dataout~1   ; out0             ;
; |lab6_stack_rtl_view_top|lab6_stack_top:U_STACK_SYSTEM|stack7x16:U_STACK|lpm_mux:Mux10|mux_5oc:auto_generated|l1_w0_n3_mux_dataout     ; |lab6_stack_rtl_view_top|lab6_stack_top:U_STACK_SYSTEM|stack7x16:U_STACK|lpm_mux:Mux10|mux_5oc:auto_generated|l1_w0_n3_mux_dataout     ; out0             ;
; |lab6_stack_rtl_view_top|lab6_stack_top:U_STACK_SYSTEM|stack7x16:U_STACK|lpm_mux:Mux10|mux_5oc:auto_generated|l2_w0_n0_mux_dataout~0   ; |lab6_stack_rtl_view_top|lab6_stack_top:U_STACK_SYSTEM|stack7x16:U_STACK|lpm_mux:Mux10|mux_5oc:auto_generated|l2_w0_n0_mux_dataout~0   ; out0             ;
; |lab6_stack_rtl_view_top|lab6_stack_top:U_STACK_SYSTEM|stack7x16:U_STACK|lpm_mux:Mux10|mux_5oc:auto_generated|_~4                      ; |lab6_stack_rtl_view_top|lab6_stack_top:U_STACK_SYSTEM|stack7x16:U_STACK|lpm_mux:Mux10|mux_5oc:auto_generated|_~4                      ; out0             ;
; |lab6_stack_rtl_view_top|lab6_stack_top:U_STACK_SYSTEM|stack7x16:U_STACK|lpm_mux:Mux10|mux_5oc:auto_generated|l2_w0_n0_mux_dataout~1   ; |lab6_stack_rtl_view_top|lab6_stack_top:U_STACK_SYSTEM|stack7x16:U_STACK|lpm_mux:Mux10|mux_5oc:auto_generated|l2_w0_n0_mux_dataout~1   ; out0             ;
; |lab6_stack_rtl_view_top|lab6_stack_top:U_STACK_SYSTEM|stack7x16:U_STACK|lpm_mux:Mux10|mux_5oc:auto_generated|l2_w0_n0_mux_dataout     ; |lab6_stack_rtl_view_top|lab6_stack_top:U_STACK_SYSTEM|stack7x16:U_STACK|lpm_mux:Mux10|mux_5oc:auto_generated|l2_w0_n0_mux_dataout     ; out0             ;
; |lab6_stack_rtl_view_top|lab6_stack_top:U_STACK_SYSTEM|stack7x16:U_STACK|lpm_mux:Mux10|mux_5oc:auto_generated|l2_w0_n1_mux_dataout~0   ; |lab6_stack_rtl_view_top|lab6_stack_top:U_STACK_SYSTEM|stack7x16:U_STACK|lpm_mux:Mux10|mux_5oc:auto_generated|l2_w0_n1_mux_dataout~0   ; out0             ;
; |lab6_stack_rtl_view_top|lab6_stack_top:U_STACK_SYSTEM|stack7x16:U_STACK|lpm_mux:Mux10|mux_5oc:auto_generated|_~5                      ; |lab6_stack_rtl_view_top|lab6_stack_top:U_STACK_SYSTEM|stack7x16:U_STACK|lpm_mux:Mux10|mux_5oc:auto_generated|_~5                      ; out0             ;
; |lab6_stack_rtl_view_top|lab6_stack_top:U_STACK_SYSTEM|stack7x16:U_STACK|lpm_mux:Mux10|mux_5oc:auto_generated|l2_w0_n1_mux_dataout~1   ; |lab6_stack_rtl_view_top|lab6_stack_top:U_STACK_SYSTEM|stack7x16:U_STACK|lpm_mux:Mux10|mux_5oc:auto_generated|l2_w0_n1_mux_dataout~1   ; out0             ;
; |lab6_stack_rtl_view_top|lab6_stack_top:U_STACK_SYSTEM|stack7x16:U_STACK|lpm_mux:Mux10|mux_5oc:auto_generated|l2_w0_n1_mux_dataout     ; |lab6_stack_rtl_view_top|lab6_stack_top:U_STACK_SYSTEM|stack7x16:U_STACK|lpm_mux:Mux10|mux_5oc:auto_generated|l2_w0_n1_mux_dataout     ; out0             ;
; |lab6_stack_rtl_view_top|lab6_stack_top:U_STACK_SYSTEM|stack7x16:U_STACK|lpm_mux:Mux10|mux_5oc:auto_generated|l3_w0_n0_mux_dataout~0   ; |lab6_stack_rtl_view_top|lab6_stack_top:U_STACK_SYSTEM|stack7x16:U_STACK|lpm_mux:Mux10|mux_5oc:auto_generated|l3_w0_n0_mux_dataout~0   ; out0             ;
; |lab6_stack_rtl_view_top|lab6_stack_top:U_STACK_SYSTEM|stack7x16:U_STACK|lpm_mux:Mux10|mux_5oc:auto_generated|_~6                      ; |lab6_stack_rtl_view_top|lab6_stack_top:U_STACK_SYSTEM|stack7x16:U_STACK|lpm_mux:Mux10|mux_5oc:auto_generated|_~6                      ; out0             ;
; |lab6_stack_rtl_view_top|lab6_stack_top:U_STACK_SYSTEM|stack7x16:U_STACK|lpm_mux:Mux10|mux_5oc:auto_generated|l3_w0_n0_mux_dataout~1   ; |lab6_stack_rtl_view_top|lab6_stack_top:U_STACK_SYSTEM|stack7x16:U_STACK|lpm_mux:Mux10|mux_5oc:auto_generated|l3_w0_n0_mux_dataout~1   ; out0             ;
; |lab6_stack_rtl_view_top|lab6_stack_top:U_STACK_SYSTEM|stack7x16:U_STACK|lpm_mux:Mux10|mux_5oc:auto_generated|l3_w0_n0_mux_dataout     ; |lab6_stack_rtl_view_top|lab6_stack_top:U_STACK_SYSTEM|stack7x16:U_STACK|lpm_mux:Mux10|mux_5oc:auto_generated|l3_w0_n0_mux_dataout     ; out0             ;
; |lab6_stack_rtl_view_top|lab6_stack_top:U_STACK_SYSTEM|stack7x16:U_STACK|lpm_mux:Mux9|mux_5oc:auto_generated|_~0                       ; |lab6_stack_rtl_view_top|lab6_stack_top:U_STACK_SYSTEM|stack7x16:U_STACK|lpm_mux:Mux9|mux_5oc:auto_generated|_~0                       ; out0             ;
; |lab6_stack_rtl_view_top|lab6_stack_top:U_STACK_SYSTEM|stack7x16:U_STACK|lpm_mux:Mux9|mux_5oc:auto_generated|l1_w0_n1_mux_dataout~0    ; |lab6_stack_rtl_view_top|lab6_stack_top:U_STACK_SYSTEM|stack7x16:U_STACK|lpm_mux:Mux9|mux_5oc:auto_generated|l1_w0_n1_mux_dataout~0    ; out0             ;
; |lab6_stack_rtl_view_top|lab6_stack_top:U_STACK_SYSTEM|stack7x16:U_STACK|lpm_mux:Mux9|mux_5oc:auto_generated|_~1                       ; |lab6_stack_rtl_view_top|lab6_stack_top:U_STACK_SYSTEM|stack7x16:U_STACK|lpm_mux:Mux9|mux_5oc:auto_generated|_~1                       ; out0             ;
; |lab6_stack_rtl_view_top|lab6_stack_top:U_STACK_SYSTEM|stack7x16:U_STACK|lpm_mux:Mux9|mux_5oc:auto_generated|l1_w0_n1_mux_dataout      ; |lab6_stack_rtl_view_top|lab6_stack_top:U_STACK_SYSTEM|stack7x16:U_STACK|lpm_mux:Mux9|mux_5oc:auto_generated|l1_w0_n1_mux_dataout      ; out0             ;
; |lab6_stack_rtl_view_top|lab6_stack_top:U_STACK_SYSTEM|stack7x16:U_STACK|lpm_mux:Mux9|mux_5oc:auto_generated|l1_w0_n2_mux_dataout~0    ; |lab6_stack_rtl_view_top|lab6_stack_top:U_STACK_SYSTEM|stack7x16:U_STACK|lpm_mux:Mux9|mux_5oc:auto_generated|l1_w0_n2_mux_dataout~0    ; out0             ;
; |lab6_stack_rtl_view_top|lab6_stack_top:U_STACK_SYSTEM|stack7x16:U_STACK|lpm_mux:Mux9|mux_5oc:auto_generated|_~2                       ; |lab6_stack_rtl_view_top|lab6_stack_top:U_STACK_SYSTEM|stack7x16:U_STACK|lpm_mux:Mux9|mux_5oc:auto_generated|_~2                       ; out0             ;
; |lab6_stack_rtl_view_top|lab6_stack_top:U_STACK_SYSTEM|stack7x16:U_STACK|lpm_mux:Mux9|mux_5oc:auto_generated|l1_w0_n2_mux_dataout~1    ; |lab6_stack_rtl_view_top|lab6_stack_top:U_STACK_SYSTEM|stack7x16:U_STACK|lpm_mux:Mux9|mux_5oc:auto_generated|l1_w0_n2_mux_dataout~1    ; out0             ;
; |lab6_stack_rtl_view_top|lab6_stack_top:U_STACK_SYSTEM|stack7x16:U_STACK|lpm_mux:Mux9|mux_5oc:auto_generated|l1_w0_n2_mux_dataout      ; |lab6_stack_rtl_view_top|lab6_stack_top:U_STACK_SYSTEM|stack7x16:U_STACK|lpm_mux:Mux9|mux_5oc:auto_generated|l1_w0_n2_mux_dataout      ; out0             ;
; |lab6_stack_rtl_view_top|lab6_stack_top:U_STACK_SYSTEM|stack7x16:U_STACK|lpm_mux:Mux9|mux_5oc:auto_generated|_~3                       ; |lab6_stack_rtl_view_top|lab6_stack_top:U_STACK_SYSTEM|stack7x16:U_STACK|lpm_mux:Mux9|mux_5oc:auto_generated|_~3                       ; out0             ;
; |lab6_stack_rtl_view_top|lab6_stack_top:U_STACK_SYSTEM|stack7x16:U_STACK|lpm_mux:Mux9|mux_5oc:auto_generated|l1_w0_n3_mux_dataout~1    ; |lab6_stack_rtl_view_top|lab6_stack_top:U_STACK_SYSTEM|stack7x16:U_STACK|lpm_mux:Mux9|mux_5oc:auto_generated|l1_w0_n3_mux_dataout~1    ; out0             ;
; |lab6_stack_rtl_view_top|lab6_stack_top:U_STACK_SYSTEM|stack7x16:U_STACK|lpm_mux:Mux9|mux_5oc:auto_generated|l1_w0_n3_mux_dataout      ; |lab6_stack_rtl_view_top|lab6_stack_top:U_STACK_SYSTEM|stack7x16:U_STACK|lpm_mux:Mux9|mux_5oc:auto_generated|l1_w0_n3_mux_dataout      ; out0             ;
; |lab6_stack_rtl_view_top|lab6_stack_top:U_STACK_SYSTEM|stack7x16:U_STACK|lpm_mux:Mux9|mux_5oc:auto_generated|l2_w0_n0_mux_dataout~0    ; |lab6_stack_rtl_view_top|lab6_stack_top:U_STACK_SYSTEM|stack7x16:U_STACK|lpm_mux:Mux9|mux_5oc:auto_generated|l2_w0_n0_mux_dataout~0    ; out0             ;
; |lab6_stack_rtl_view_top|lab6_stack_top:U_STACK_SYSTEM|stack7x16:U_STACK|lpm_mux:Mux9|mux_5oc:auto_generated|_~4                       ; |lab6_stack_rtl_view_top|lab6_stack_top:U_STACK_SYSTEM|stack7x16:U_STACK|lpm_mux:Mux9|mux_5oc:auto_generated|_~4                       ; out0             ;
; |lab6_stack_rtl_view_top|lab6_stack_top:U_STACK_SYSTEM|stack7x16:U_STACK|lpm_mux:Mux9|mux_5oc:auto_generated|l2_w0_n0_mux_dataout      ; |lab6_stack_rtl_view_top|lab6_stack_top:U_STACK_SYSTEM|stack7x16:U_STACK|lpm_mux:Mux9|mux_5oc:auto_generated|l2_w0_n0_mux_dataout      ; out0             ;
; |lab6_stack_rtl_view_top|lab6_stack_top:U_STACK_SYSTEM|stack7x16:U_STACK|lpm_mux:Mux9|mux_5oc:auto_generated|l2_w0_n1_mux_dataout~0    ; |lab6_stack_rtl_view_top|lab6_stack_top:U_STACK_SYSTEM|stack7x16:U_STACK|lpm_mux:Mux9|mux_5oc:auto_generated|l2_w0_n1_mux_dataout~0    ; out0             ;
; |lab6_stack_rtl_view_top|lab6_stack_top:U_STACK_SYSTEM|stack7x16:U_STACK|lpm_mux:Mux9|mux_5oc:auto_generated|_~5                       ; |lab6_stack_rtl_view_top|lab6_stack_top:U_STACK_SYSTEM|stack7x16:U_STACK|lpm_mux:Mux9|mux_5oc:auto_generated|_~5                       ; out0             ;
; |lab6_stack_rtl_view_top|lab6_stack_top:U_STACK_SYSTEM|stack7x16:U_STACK|lpm_mux:Mux9|mux_5oc:auto_generated|l2_w0_n1_mux_dataout~1    ; |lab6_stack_rtl_view_top|lab6_stack_top:U_STACK_SYSTEM|stack7x16:U_STACK|lpm_mux:Mux9|mux_5oc:auto_generated|l2_w0_n1_mux_dataout~1    ; out0             ;
; |lab6_stack_rtl_view_top|lab6_stack_top:U_STACK_SYSTEM|stack7x16:U_STACK|lpm_mux:Mux9|mux_5oc:auto_generated|l2_w0_n1_mux_dataout      ; |lab6_stack_rtl_view_top|lab6_stack_top:U_STACK_SYSTEM|stack7x16:U_STACK|lpm_mux:Mux9|mux_5oc:auto_generated|l2_w0_n1_mux_dataout      ; out0             ;
; |lab6_stack_rtl_view_top|lab6_stack_top:U_STACK_SYSTEM|stack7x16:U_STACK|lpm_mux:Mux9|mux_5oc:auto_generated|l3_w0_n0_mux_dataout~0    ; |lab6_stack_rtl_view_top|lab6_stack_top:U_STACK_SYSTEM|stack7x16:U_STACK|lpm_mux:Mux9|mux_5oc:auto_generated|l3_w0_n0_mux_dataout~0    ; out0             ;
; |lab6_stack_rtl_view_top|lab6_stack_top:U_STACK_SYSTEM|stack7x16:U_STACK|lpm_mux:Mux9|mux_5oc:auto_generated|_~6                       ; |lab6_stack_rtl_view_top|lab6_stack_top:U_STACK_SYSTEM|stack7x16:U_STACK|lpm_mux:Mux9|mux_5oc:auto_generated|_~6                       ; out0             ;
; |lab6_stack_rtl_view_top|lab6_stack_top:U_STACK_SYSTEM|stack7x16:U_STACK|lpm_mux:Mux9|mux_5oc:auto_generated|l3_w0_n0_mux_dataout~1    ; |lab6_stack_rtl_view_top|lab6_stack_top:U_STACK_SYSTEM|stack7x16:U_STACK|lpm_mux:Mux9|mux_5oc:auto_generated|l3_w0_n0_mux_dataout~1    ; out0             ;
; |lab6_stack_rtl_view_top|lab6_stack_top:U_STACK_SYSTEM|stack7x16:U_STACK|lpm_mux:Mux9|mux_5oc:auto_generated|l3_w0_n0_mux_dataout      ; |lab6_stack_rtl_view_top|lab6_stack_top:U_STACK_SYSTEM|stack7x16:U_STACK|lpm_mux:Mux9|mux_5oc:auto_generated|l3_w0_n0_mux_dataout      ; out0             ;
; |lab6_stack_rtl_view_top|lab6_stack_top:U_STACK_SYSTEM|stack7x16:U_STACK|lpm_mux:Mux8|mux_5oc:auto_generated|_~0                       ; |lab6_stack_rtl_view_top|lab6_stack_top:U_STACK_SYSTEM|stack7x16:U_STACK|lpm_mux:Mux8|mux_5oc:auto_generated|_~0                       ; out0             ;
; |lab6_stack_rtl_view_top|lab6_stack_top:U_STACK_SYSTEM|stack7x16:U_STACK|lpm_mux:Mux8|mux_5oc:auto_generated|_~1                       ; |lab6_stack_rtl_view_top|lab6_stack_top:U_STACK_SYSTEM|stack7x16:U_STACK|lpm_mux:Mux8|mux_5oc:auto_generated|_~1                       ; out0             ;
; |lab6_stack_rtl_view_top|lab6_stack_top:U_STACK_SYSTEM|stack7x16:U_STACK|lpm_mux:Mux8|mux_5oc:auto_generated|_~2                       ; |lab6_stack_rtl_view_top|lab6_stack_top:U_STACK_SYSTEM|stack7x16:U_STACK|lpm_mux:Mux8|mux_5oc:auto_generated|_~2                       ; out0             ;
; |lab6_stack_rtl_view_top|lab6_stack_top:U_STACK_SYSTEM|stack7x16:U_STACK|lpm_mux:Mux8|mux_5oc:auto_generated|_~3                       ; |lab6_stack_rtl_view_top|lab6_stack_top:U_STACK_SYSTEM|stack7x16:U_STACK|lpm_mux:Mux8|mux_5oc:auto_generated|_~3                       ; out0             ;
; |lab6_stack_rtl_view_top|lab6_stack_top:U_STACK_SYSTEM|stack7x16:U_STACK|lpm_mux:Mux8|mux_5oc:auto_generated|_~4                       ; |lab6_stack_rtl_view_top|lab6_stack_top:U_STACK_SYSTEM|stack7x16:U_STACK|lpm_mux:Mux8|mux_5oc:auto_generated|_~4                       ; out0             ;
; |lab6_stack_rtl_view_top|lab6_stack_top:U_STACK_SYSTEM|stack7x16:U_STACK|lpm_mux:Mux8|mux_5oc:auto_generated|_~5                       ; |lab6_stack_rtl_view_top|lab6_stack_top:U_STACK_SYSTEM|stack7x16:U_STACK|lpm_mux:Mux8|mux_5oc:auto_generated|_~5                       ; out0             ;
; |lab6_stack_rtl_view_top|lab6_stack_top:U_STACK_SYSTEM|stack7x16:U_STACK|lpm_mux:Mux8|mux_5oc:auto_generated|_~6                       ; |lab6_stack_rtl_view_top|lab6_stack_top:U_STACK_SYSTEM|stack7x16:U_STACK|lpm_mux:Mux8|mux_5oc:auto_generated|_~6                       ; out0             ;
; |lab6_stack_rtl_view_top|lab6_stack_top:U_STACK_SYSTEM|stack7x16:U_STACK|lpm_mux:Mux7|mux_5oc:auto_generated|_~0                       ; |lab6_stack_rtl_view_top|lab6_stack_top:U_STACK_SYSTEM|stack7x16:U_STACK|lpm_mux:Mux7|mux_5oc:auto_generated|_~0                       ; out0             ;
; |lab6_stack_rtl_view_top|lab6_stack_top:U_STACK_SYSTEM|stack7x16:U_STACK|lpm_mux:Mux7|mux_5oc:auto_generated|l1_w0_n0_mux_dataout~1    ; |lab6_stack_rtl_view_top|lab6_stack_top:U_STACK_SYSTEM|stack7x16:U_STACK|lpm_mux:Mux7|mux_5oc:auto_generated|l1_w0_n0_mux_dataout~1    ; out0             ;
; |lab6_stack_rtl_view_top|lab6_stack_top:U_STACK_SYSTEM|stack7x16:U_STACK|lpm_mux:Mux7|mux_5oc:auto_generated|l1_w0_n0_mux_dataout      ; |lab6_stack_rtl_view_top|lab6_stack_top:U_STACK_SYSTEM|stack7x16:U_STACK|lpm_mux:Mux7|mux_5oc:auto_generated|l1_w0_n0_mux_dataout      ; out0             ;
; |lab6_stack_rtl_view_top|lab6_stack_top:U_STACK_SYSTEM|stack7x16:U_STACK|lpm_mux:Mux7|mux_5oc:auto_generated|_~1                       ; |lab6_stack_rtl_view_top|lab6_stack_top:U_STACK_SYSTEM|stack7x16:U_STACK|lpm_mux:Mux7|mux_5oc:auto_generated|_~1                       ; out0             ;
; |lab6_stack_rtl_view_top|lab6_stack_top:U_STACK_SYSTEM|stack7x16:U_STACK|lpm_mux:Mux7|mux_5oc:auto_generated|l1_w0_n1_mux_dataout~1    ; |lab6_stack_rtl_view_top|lab6_stack_top:U_STACK_SYSTEM|stack7x16:U_STACK|lpm_mux:Mux7|mux_5oc:auto_generated|l1_w0_n1_mux_dataout~1    ; out0             ;
; |lab6_stack_rtl_view_top|lab6_stack_top:U_STACK_SYSTEM|stack7x16:U_STACK|lpm_mux:Mux7|mux_5oc:auto_generated|l1_w0_n1_mux_dataout      ; |lab6_stack_rtl_view_top|lab6_stack_top:U_STACK_SYSTEM|stack7x16:U_STACK|lpm_mux:Mux7|mux_5oc:auto_generated|l1_w0_n1_mux_dataout      ; out0             ;
; |lab6_stack_rtl_view_top|lab6_stack_top:U_STACK_SYSTEM|stack7x16:U_STACK|lpm_mux:Mux7|mux_5oc:auto_generated|_~2                       ; |lab6_stack_rtl_view_top|lab6_stack_top:U_STACK_SYSTEM|stack7x16:U_STACK|lpm_mux:Mux7|mux_5oc:auto_generated|_~2                       ; out0             ;
; |lab6_stack_rtl_view_top|lab6_stack_top:U_STACK_SYSTEM|stack7x16:U_STACK|lpm_mux:Mux7|mux_5oc:auto_generated|l1_w0_n2_mux_dataout~1    ; |lab6_stack_rtl_view_top|lab6_stack_top:U_STACK_SYSTEM|stack7x16:U_STACK|lpm_mux:Mux7|mux_5oc:auto_generated|l1_w0_n2_mux_dataout~1    ; out0             ;
; |lab6_stack_rtl_view_top|lab6_stack_top:U_STACK_SYSTEM|stack7x16:U_STACK|lpm_mux:Mux7|mux_5oc:auto_generated|l1_w0_n2_mux_dataout      ; |lab6_stack_rtl_view_top|lab6_stack_top:U_STACK_SYSTEM|stack7x16:U_STACK|lpm_mux:Mux7|mux_5oc:auto_generated|l1_w0_n2_mux_dataout      ; out0             ;
; |lab6_stack_rtl_view_top|lab6_stack_top:U_STACK_SYSTEM|stack7x16:U_STACK|lpm_mux:Mux7|mux_5oc:auto_generated|_~3                       ; |lab6_stack_rtl_view_top|lab6_stack_top:U_STACK_SYSTEM|stack7x16:U_STACK|lpm_mux:Mux7|mux_5oc:auto_generated|_~3                       ; out0             ;
; |lab6_stack_rtl_view_top|lab6_stack_top:U_STACK_SYSTEM|stack7x16:U_STACK|lpm_mux:Mux7|mux_5oc:auto_generated|l1_w0_n3_mux_dataout~1    ; |lab6_stack_rtl_view_top|lab6_stack_top:U_STACK_SYSTEM|stack7x16:U_STACK|lpm_mux:Mux7|mux_5oc:auto_generated|l1_w0_n3_mux_dataout~1    ; out0             ;
; |lab6_stack_rtl_view_top|lab6_stack_top:U_STACK_SYSTEM|stack7x16:U_STACK|lpm_mux:Mux7|mux_5oc:auto_generated|l1_w0_n3_mux_dataout      ; |lab6_stack_rtl_view_top|lab6_stack_top:U_STACK_SYSTEM|stack7x16:U_STACK|lpm_mux:Mux7|mux_5oc:auto_generated|l1_w0_n3_mux_dataout      ; out0             ;
; |lab6_stack_rtl_view_top|lab6_stack_top:U_STACK_SYSTEM|stack7x16:U_STACK|lpm_mux:Mux7|mux_5oc:auto_generated|l2_w0_n0_mux_dataout~0    ; |lab6_stack_rtl_view_top|lab6_stack_top:U_STACK_SYSTEM|stack7x16:U_STACK|lpm_mux:Mux7|mux_5oc:auto_generated|l2_w0_n0_mux_dataout~0    ; out0             ;
; |lab6_stack_rtl_view_top|lab6_stack_top:U_STACK_SYSTEM|stack7x16:U_STACK|lpm_mux:Mux7|mux_5oc:auto_generated|_~4                       ; |lab6_stack_rtl_view_top|lab6_stack_top:U_STACK_SYSTEM|stack7x16:U_STACK|lpm_mux:Mux7|mux_5oc:auto_generated|_~4                       ; out0             ;
; |lab6_stack_rtl_view_top|lab6_stack_top:U_STACK_SYSTEM|stack7x16:U_STACK|lpm_mux:Mux7|mux_5oc:auto_generated|l2_w0_n0_mux_dataout~1    ; |lab6_stack_rtl_view_top|lab6_stack_top:U_STACK_SYSTEM|stack7x16:U_STACK|lpm_mux:Mux7|mux_5oc:auto_generated|l2_w0_n0_mux_dataout~1    ; out0             ;
; |lab6_stack_rtl_view_top|lab6_stack_top:U_STACK_SYSTEM|stack7x16:U_STACK|lpm_mux:Mux7|mux_5oc:auto_generated|l2_w0_n0_mux_dataout      ; |lab6_stack_rtl_view_top|lab6_stack_top:U_STACK_SYSTEM|stack7x16:U_STACK|lpm_mux:Mux7|mux_5oc:auto_generated|l2_w0_n0_mux_dataout      ; out0             ;
; |lab6_stack_rtl_view_top|lab6_stack_top:U_STACK_SYSTEM|stack7x16:U_STACK|lpm_mux:Mux7|mux_5oc:auto_generated|l2_w0_n1_mux_dataout~0    ; |lab6_stack_rtl_view_top|lab6_stack_top:U_STACK_SYSTEM|stack7x16:U_STACK|lpm_mux:Mux7|mux_5oc:auto_generated|l2_w0_n1_mux_dataout~0    ; out0             ;
; |lab6_stack_rtl_view_top|lab6_stack_top:U_STACK_SYSTEM|stack7x16:U_STACK|lpm_mux:Mux7|mux_5oc:auto_generated|_~5                       ; |lab6_stack_rtl_view_top|lab6_stack_top:U_STACK_SYSTEM|stack7x16:U_STACK|lpm_mux:Mux7|mux_5oc:auto_generated|_~5                       ; out0             ;
; |lab6_stack_rtl_view_top|lab6_stack_top:U_STACK_SYSTEM|stack7x16:U_STACK|lpm_mux:Mux7|mux_5oc:auto_generated|l2_w0_n1_mux_dataout~1    ; |lab6_stack_rtl_view_top|lab6_stack_top:U_STACK_SYSTEM|stack7x16:U_STACK|lpm_mux:Mux7|mux_5oc:auto_generated|l2_w0_n1_mux_dataout~1    ; out0             ;
; |lab6_stack_rtl_view_top|lab6_stack_top:U_STACK_SYSTEM|stack7x16:U_STACK|lpm_mux:Mux7|mux_5oc:auto_generated|l2_w0_n1_mux_dataout      ; |lab6_stack_rtl_view_top|lab6_stack_top:U_STACK_SYSTEM|stack7x16:U_STACK|lpm_mux:Mux7|mux_5oc:auto_generated|l2_w0_n1_mux_dataout      ; out0             ;
; |lab6_stack_rtl_view_top|lab6_stack_top:U_STACK_SYSTEM|stack7x16:U_STACK|lpm_mux:Mux7|mux_5oc:auto_generated|l3_w0_n0_mux_dataout~0    ; |lab6_stack_rtl_view_top|lab6_stack_top:U_STACK_SYSTEM|stack7x16:U_STACK|lpm_mux:Mux7|mux_5oc:auto_generated|l3_w0_n0_mux_dataout~0    ; out0             ;
; |lab6_stack_rtl_view_top|lab6_stack_top:U_STACK_SYSTEM|stack7x16:U_STACK|lpm_mux:Mux7|mux_5oc:auto_generated|_~6                       ; |lab6_stack_rtl_view_top|lab6_stack_top:U_STACK_SYSTEM|stack7x16:U_STACK|lpm_mux:Mux7|mux_5oc:auto_generated|_~6                       ; out0             ;
; |lab6_stack_rtl_view_top|lab6_stack_top:U_STACK_SYSTEM|stack7x16:U_STACK|lpm_mux:Mux7|mux_5oc:auto_generated|l3_w0_n0_mux_dataout~1    ; |lab6_stack_rtl_view_top|lab6_stack_top:U_STACK_SYSTEM|stack7x16:U_STACK|lpm_mux:Mux7|mux_5oc:auto_generated|l3_w0_n0_mux_dataout~1    ; out0             ;
; |lab6_stack_rtl_view_top|lab6_stack_top:U_STACK_SYSTEM|stack7x16:U_STACK|lpm_mux:Mux7|mux_5oc:auto_generated|l3_w0_n0_mux_dataout      ; |lab6_stack_rtl_view_top|lab6_stack_top:U_STACK_SYSTEM|stack7x16:U_STACK|lpm_mux:Mux7|mux_5oc:auto_generated|l3_w0_n0_mux_dataout      ; out0             ;
; |lab6_stack_rtl_view_top|lab6_stack_top:U_STACK_SYSTEM|stack7x16:U_STACK|lpm_mux:Mux6|mux_5oc:auto_generated|l1_w0_n0_mux_dataout~0    ; |lab6_stack_rtl_view_top|lab6_stack_top:U_STACK_SYSTEM|stack7x16:U_STACK|lpm_mux:Mux6|mux_5oc:auto_generated|l1_w0_n0_mux_dataout~0    ; out0             ;
; |lab6_stack_rtl_view_top|lab6_stack_top:U_STACK_SYSTEM|stack7x16:U_STACK|lpm_mux:Mux6|mux_5oc:auto_generated|_~0                       ; |lab6_stack_rtl_view_top|lab6_stack_top:U_STACK_SYSTEM|stack7x16:U_STACK|lpm_mux:Mux6|mux_5oc:auto_generated|_~0                       ; out0             ;
; |lab6_stack_rtl_view_top|lab6_stack_top:U_STACK_SYSTEM|stack7x16:U_STACK|lpm_mux:Mux6|mux_5oc:auto_generated|l1_w0_n0_mux_dataout      ; |lab6_stack_rtl_view_top|lab6_stack_top:U_STACK_SYSTEM|stack7x16:U_STACK|lpm_mux:Mux6|mux_5oc:auto_generated|l1_w0_n0_mux_dataout      ; out0             ;
; |lab6_stack_rtl_view_top|lab6_stack_top:U_STACK_SYSTEM|stack7x16:U_STACK|lpm_mux:Mux6|mux_5oc:auto_generated|_~1                       ; |lab6_stack_rtl_view_top|lab6_stack_top:U_STACK_SYSTEM|stack7x16:U_STACK|lpm_mux:Mux6|mux_5oc:auto_generated|_~1                       ; out0             ;
; |lab6_stack_rtl_view_top|lab6_stack_top:U_STACK_SYSTEM|stack7x16:U_STACK|lpm_mux:Mux6|mux_5oc:auto_generated|l1_w0_n1_mux_dataout~1    ; |lab6_stack_rtl_view_top|lab6_stack_top:U_STACK_SYSTEM|stack7x16:U_STACK|lpm_mux:Mux6|mux_5oc:auto_generated|l1_w0_n1_mux_dataout~1    ; out0             ;
; |lab6_stack_rtl_view_top|lab6_stack_top:U_STACK_SYSTEM|stack7x16:U_STACK|lpm_mux:Mux6|mux_5oc:auto_generated|l1_w0_n1_mux_dataout      ; |lab6_stack_rtl_view_top|lab6_stack_top:U_STACK_SYSTEM|stack7x16:U_STACK|lpm_mux:Mux6|mux_5oc:auto_generated|l1_w0_n1_mux_dataout      ; out0             ;
; |lab6_stack_rtl_view_top|lab6_stack_top:U_STACK_SYSTEM|stack7x16:U_STACK|lpm_mux:Mux6|mux_5oc:auto_generated|l1_w0_n2_mux_dataout~0    ; |lab6_stack_rtl_view_top|lab6_stack_top:U_STACK_SYSTEM|stack7x16:U_STACK|lpm_mux:Mux6|mux_5oc:auto_generated|l1_w0_n2_mux_dataout~0    ; out0             ;
; |lab6_stack_rtl_view_top|lab6_stack_top:U_STACK_SYSTEM|stack7x16:U_STACK|lpm_mux:Mux6|mux_5oc:auto_generated|_~2                       ; |lab6_stack_rtl_view_top|lab6_stack_top:U_STACK_SYSTEM|stack7x16:U_STACK|lpm_mux:Mux6|mux_5oc:auto_generated|_~2                       ; out0             ;
; |lab6_stack_rtl_view_top|lab6_stack_top:U_STACK_SYSTEM|stack7x16:U_STACK|lpm_mux:Mux6|mux_5oc:auto_generated|l1_w0_n2_mux_dataout      ; |lab6_stack_rtl_view_top|lab6_stack_top:U_STACK_SYSTEM|stack7x16:U_STACK|lpm_mux:Mux6|mux_5oc:auto_generated|l1_w0_n2_mux_dataout      ; out0             ;
; |lab6_stack_rtl_view_top|lab6_stack_top:U_STACK_SYSTEM|stack7x16:U_STACK|lpm_mux:Mux6|mux_5oc:auto_generated|_~3                       ; |lab6_stack_rtl_view_top|lab6_stack_top:U_STACK_SYSTEM|stack7x16:U_STACK|lpm_mux:Mux6|mux_5oc:auto_generated|_~3                       ; out0             ;
; |lab6_stack_rtl_view_top|lab6_stack_top:U_STACK_SYSTEM|stack7x16:U_STACK|lpm_mux:Mux6|mux_5oc:auto_generated|l1_w0_n3_mux_dataout~1    ; |lab6_stack_rtl_view_top|lab6_stack_top:U_STACK_SYSTEM|stack7x16:U_STACK|lpm_mux:Mux6|mux_5oc:auto_generated|l1_w0_n3_mux_dataout~1    ; out0             ;
; |lab6_stack_rtl_view_top|lab6_stack_top:U_STACK_SYSTEM|stack7x16:U_STACK|lpm_mux:Mux6|mux_5oc:auto_generated|l1_w0_n3_mux_dataout      ; |lab6_stack_rtl_view_top|lab6_stack_top:U_STACK_SYSTEM|stack7x16:U_STACK|lpm_mux:Mux6|mux_5oc:auto_generated|l1_w0_n3_mux_dataout      ; out0             ;
; |lab6_stack_rtl_view_top|lab6_stack_top:U_STACK_SYSTEM|stack7x16:U_STACK|lpm_mux:Mux6|mux_5oc:auto_generated|l2_w0_n0_mux_dataout~0    ; |lab6_stack_rtl_view_top|lab6_stack_top:U_STACK_SYSTEM|stack7x16:U_STACK|lpm_mux:Mux6|mux_5oc:auto_generated|l2_w0_n0_mux_dataout~0    ; out0             ;
; |lab6_stack_rtl_view_top|lab6_stack_top:U_STACK_SYSTEM|stack7x16:U_STACK|lpm_mux:Mux6|mux_5oc:auto_generated|_~4                       ; |lab6_stack_rtl_view_top|lab6_stack_top:U_STACK_SYSTEM|stack7x16:U_STACK|lpm_mux:Mux6|mux_5oc:auto_generated|_~4                       ; out0             ;
; |lab6_stack_rtl_view_top|lab6_stack_top:U_STACK_SYSTEM|stack7x16:U_STACK|lpm_mux:Mux6|mux_5oc:auto_generated|l2_w0_n0_mux_dataout~1    ; |lab6_stack_rtl_view_top|lab6_stack_top:U_STACK_SYSTEM|stack7x16:U_STACK|lpm_mux:Mux6|mux_5oc:auto_generated|l2_w0_n0_mux_dataout~1    ; out0             ;
; |lab6_stack_rtl_view_top|lab6_stack_top:U_STACK_SYSTEM|stack7x16:U_STACK|lpm_mux:Mux6|mux_5oc:auto_generated|l2_w0_n0_mux_dataout      ; |lab6_stack_rtl_view_top|lab6_stack_top:U_STACK_SYSTEM|stack7x16:U_STACK|lpm_mux:Mux6|mux_5oc:auto_generated|l2_w0_n0_mux_dataout      ; out0             ;
; |lab6_stack_rtl_view_top|lab6_stack_top:U_STACK_SYSTEM|stack7x16:U_STACK|lpm_mux:Mux6|mux_5oc:auto_generated|l2_w0_n1_mux_dataout~0    ; |lab6_stack_rtl_view_top|lab6_stack_top:U_STACK_SYSTEM|stack7x16:U_STACK|lpm_mux:Mux6|mux_5oc:auto_generated|l2_w0_n1_mux_dataout~0    ; out0             ;
; |lab6_stack_rtl_view_top|lab6_stack_top:U_STACK_SYSTEM|stack7x16:U_STACK|lpm_mux:Mux6|mux_5oc:auto_generated|_~5                       ; |lab6_stack_rtl_view_top|lab6_stack_top:U_STACK_SYSTEM|stack7x16:U_STACK|lpm_mux:Mux6|mux_5oc:auto_generated|_~5                       ; out0             ;
; |lab6_stack_rtl_view_top|lab6_stack_top:U_STACK_SYSTEM|stack7x16:U_STACK|lpm_mux:Mux6|mux_5oc:auto_generated|l2_w0_n1_mux_dataout~1    ; |lab6_stack_rtl_view_top|lab6_stack_top:U_STACK_SYSTEM|stack7x16:U_STACK|lpm_mux:Mux6|mux_5oc:auto_generated|l2_w0_n1_mux_dataout~1    ; out0             ;
; |lab6_stack_rtl_view_top|lab6_stack_top:U_STACK_SYSTEM|stack7x16:U_STACK|lpm_mux:Mux6|mux_5oc:auto_generated|l2_w0_n1_mux_dataout      ; |lab6_stack_rtl_view_top|lab6_stack_top:U_STACK_SYSTEM|stack7x16:U_STACK|lpm_mux:Mux6|mux_5oc:auto_generated|l2_w0_n1_mux_dataout      ; out0             ;
; |lab6_stack_rtl_view_top|lab6_stack_top:U_STACK_SYSTEM|stack7x16:U_STACK|lpm_mux:Mux6|mux_5oc:auto_generated|l3_w0_n0_mux_dataout~0    ; |lab6_stack_rtl_view_top|lab6_stack_top:U_STACK_SYSTEM|stack7x16:U_STACK|lpm_mux:Mux6|mux_5oc:auto_generated|l3_w0_n0_mux_dataout~0    ; out0             ;
; |lab6_stack_rtl_view_top|lab6_stack_top:U_STACK_SYSTEM|stack7x16:U_STACK|lpm_mux:Mux6|mux_5oc:auto_generated|_~6                       ; |lab6_stack_rtl_view_top|lab6_stack_top:U_STACK_SYSTEM|stack7x16:U_STACK|lpm_mux:Mux6|mux_5oc:auto_generated|_~6                       ; out0             ;
; |lab6_stack_rtl_view_top|lab6_stack_top:U_STACK_SYSTEM|stack7x16:U_STACK|lpm_mux:Mux6|mux_5oc:auto_generated|l3_w0_n0_mux_dataout~1    ; |lab6_stack_rtl_view_top|lab6_stack_top:U_STACK_SYSTEM|stack7x16:U_STACK|lpm_mux:Mux6|mux_5oc:auto_generated|l3_w0_n0_mux_dataout~1    ; out0             ;
; |lab6_stack_rtl_view_top|lab6_stack_top:U_STACK_SYSTEM|stack7x16:U_STACK|lpm_mux:Mux6|mux_5oc:auto_generated|l3_w0_n0_mux_dataout      ; |lab6_stack_rtl_view_top|lab6_stack_top:U_STACK_SYSTEM|stack7x16:U_STACK|lpm_mux:Mux6|mux_5oc:auto_generated|l3_w0_n0_mux_dataout      ; out0             ;
; |lab6_stack_rtl_view_top|lab6_stack_top:U_STACK_SYSTEM|stack7x16:U_STACK|lpm_mux:Mux5|mux_5oc:auto_generated|_~0                       ; |lab6_stack_rtl_view_top|lab6_stack_top:U_STACK_SYSTEM|stack7x16:U_STACK|lpm_mux:Mux5|mux_5oc:auto_generated|_~0                       ; out0             ;
; |lab6_stack_rtl_view_top|lab6_stack_top:U_STACK_SYSTEM|stack7x16:U_STACK|lpm_mux:Mux5|mux_5oc:auto_generated|l1_w0_n1_mux_dataout~0    ; |lab6_stack_rtl_view_top|lab6_stack_top:U_STACK_SYSTEM|stack7x16:U_STACK|lpm_mux:Mux5|mux_5oc:auto_generated|l1_w0_n1_mux_dataout~0    ; out0             ;
; |lab6_stack_rtl_view_top|lab6_stack_top:U_STACK_SYSTEM|stack7x16:U_STACK|lpm_mux:Mux5|mux_5oc:auto_generated|_~1                       ; |lab6_stack_rtl_view_top|lab6_stack_top:U_STACK_SYSTEM|stack7x16:U_STACK|lpm_mux:Mux5|mux_5oc:auto_generated|_~1                       ; out0             ;
; |lab6_stack_rtl_view_top|lab6_stack_top:U_STACK_SYSTEM|stack7x16:U_STACK|lpm_mux:Mux5|mux_5oc:auto_generated|l1_w0_n1_mux_dataout      ; |lab6_stack_rtl_view_top|lab6_stack_top:U_STACK_SYSTEM|stack7x16:U_STACK|lpm_mux:Mux5|mux_5oc:auto_generated|l1_w0_n1_mux_dataout      ; out0             ;
; |lab6_stack_rtl_view_top|lab6_stack_top:U_STACK_SYSTEM|stack7x16:U_STACK|lpm_mux:Mux5|mux_5oc:auto_generated|l1_w0_n2_mux_dataout~0    ; |lab6_stack_rtl_view_top|lab6_stack_top:U_STACK_SYSTEM|stack7x16:U_STACK|lpm_mux:Mux5|mux_5oc:auto_generated|l1_w0_n2_mux_dataout~0    ; out0             ;
; |lab6_stack_rtl_view_top|lab6_stack_top:U_STACK_SYSTEM|stack7x16:U_STACK|lpm_mux:Mux5|mux_5oc:auto_generated|_~2                       ; |lab6_stack_rtl_view_top|lab6_stack_top:U_STACK_SYSTEM|stack7x16:U_STACK|lpm_mux:Mux5|mux_5oc:auto_generated|_~2                       ; out0             ;
; |lab6_stack_rtl_view_top|lab6_stack_top:U_STACK_SYSTEM|stack7x16:U_STACK|lpm_mux:Mux5|mux_5oc:auto_generated|l1_w0_n2_mux_dataout~1    ; |lab6_stack_rtl_view_top|lab6_stack_top:U_STACK_SYSTEM|stack7x16:U_STACK|lpm_mux:Mux5|mux_5oc:auto_generated|l1_w0_n2_mux_dataout~1    ; out0             ;
; |lab6_stack_rtl_view_top|lab6_stack_top:U_STACK_SYSTEM|stack7x16:U_STACK|lpm_mux:Mux5|mux_5oc:auto_generated|l1_w0_n2_mux_dataout      ; |lab6_stack_rtl_view_top|lab6_stack_top:U_STACK_SYSTEM|stack7x16:U_STACK|lpm_mux:Mux5|mux_5oc:auto_generated|l1_w0_n2_mux_dataout      ; out0             ;
; |lab6_stack_rtl_view_top|lab6_stack_top:U_STACK_SYSTEM|stack7x16:U_STACK|lpm_mux:Mux5|mux_5oc:auto_generated|_~3                       ; |lab6_stack_rtl_view_top|lab6_stack_top:U_STACK_SYSTEM|stack7x16:U_STACK|lpm_mux:Mux5|mux_5oc:auto_generated|_~3                       ; out0             ;
; |lab6_stack_rtl_view_top|lab6_stack_top:U_STACK_SYSTEM|stack7x16:U_STACK|lpm_mux:Mux5|mux_5oc:auto_generated|l1_w0_n3_mux_dataout~1    ; |lab6_stack_rtl_view_top|lab6_stack_top:U_STACK_SYSTEM|stack7x16:U_STACK|lpm_mux:Mux5|mux_5oc:auto_generated|l1_w0_n3_mux_dataout~1    ; out0             ;
; |lab6_stack_rtl_view_top|lab6_stack_top:U_STACK_SYSTEM|stack7x16:U_STACK|lpm_mux:Mux5|mux_5oc:auto_generated|l1_w0_n3_mux_dataout      ; |lab6_stack_rtl_view_top|lab6_stack_top:U_STACK_SYSTEM|stack7x16:U_STACK|lpm_mux:Mux5|mux_5oc:auto_generated|l1_w0_n3_mux_dataout      ; out0             ;
; |lab6_stack_rtl_view_top|lab6_stack_top:U_STACK_SYSTEM|stack7x16:U_STACK|lpm_mux:Mux5|mux_5oc:auto_generated|l2_w0_n0_mux_dataout~0    ; |lab6_stack_rtl_view_top|lab6_stack_top:U_STACK_SYSTEM|stack7x16:U_STACK|lpm_mux:Mux5|mux_5oc:auto_generated|l2_w0_n0_mux_dataout~0    ; out0             ;
; |lab6_stack_rtl_view_top|lab6_stack_top:U_STACK_SYSTEM|stack7x16:U_STACK|lpm_mux:Mux5|mux_5oc:auto_generated|_~4                       ; |lab6_stack_rtl_view_top|lab6_stack_top:U_STACK_SYSTEM|stack7x16:U_STACK|lpm_mux:Mux5|mux_5oc:auto_generated|_~4                       ; out0             ;
; |lab6_stack_rtl_view_top|lab6_stack_top:U_STACK_SYSTEM|stack7x16:U_STACK|lpm_mux:Mux5|mux_5oc:auto_generated|l2_w0_n0_mux_dataout      ; |lab6_stack_rtl_view_top|lab6_stack_top:U_STACK_SYSTEM|stack7x16:U_STACK|lpm_mux:Mux5|mux_5oc:auto_generated|l2_w0_n0_mux_dataout      ; out0             ;
; |lab6_stack_rtl_view_top|lab6_stack_top:U_STACK_SYSTEM|stack7x16:U_STACK|lpm_mux:Mux5|mux_5oc:auto_generated|l2_w0_n1_mux_dataout~0    ; |lab6_stack_rtl_view_top|lab6_stack_top:U_STACK_SYSTEM|stack7x16:U_STACK|lpm_mux:Mux5|mux_5oc:auto_generated|l2_w0_n1_mux_dataout~0    ; out0             ;
; |lab6_stack_rtl_view_top|lab6_stack_top:U_STACK_SYSTEM|stack7x16:U_STACK|lpm_mux:Mux5|mux_5oc:auto_generated|_~5                       ; |lab6_stack_rtl_view_top|lab6_stack_top:U_STACK_SYSTEM|stack7x16:U_STACK|lpm_mux:Mux5|mux_5oc:auto_generated|_~5                       ; out0             ;
; |lab6_stack_rtl_view_top|lab6_stack_top:U_STACK_SYSTEM|stack7x16:U_STACK|lpm_mux:Mux5|mux_5oc:auto_generated|l2_w0_n1_mux_dataout~1    ; |lab6_stack_rtl_view_top|lab6_stack_top:U_STACK_SYSTEM|stack7x16:U_STACK|lpm_mux:Mux5|mux_5oc:auto_generated|l2_w0_n1_mux_dataout~1    ; out0             ;
; |lab6_stack_rtl_view_top|lab6_stack_top:U_STACK_SYSTEM|stack7x16:U_STACK|lpm_mux:Mux5|mux_5oc:auto_generated|l2_w0_n1_mux_dataout      ; |lab6_stack_rtl_view_top|lab6_stack_top:U_STACK_SYSTEM|stack7x16:U_STACK|lpm_mux:Mux5|mux_5oc:auto_generated|l2_w0_n1_mux_dataout      ; out0             ;
; |lab6_stack_rtl_view_top|lab6_stack_top:U_STACK_SYSTEM|stack7x16:U_STACK|lpm_mux:Mux5|mux_5oc:auto_generated|l3_w0_n0_mux_dataout~0    ; |lab6_stack_rtl_view_top|lab6_stack_top:U_STACK_SYSTEM|stack7x16:U_STACK|lpm_mux:Mux5|mux_5oc:auto_generated|l3_w0_n0_mux_dataout~0    ; out0             ;
; |lab6_stack_rtl_view_top|lab6_stack_top:U_STACK_SYSTEM|stack7x16:U_STACK|lpm_mux:Mux5|mux_5oc:auto_generated|_~6                       ; |lab6_stack_rtl_view_top|lab6_stack_top:U_STACK_SYSTEM|stack7x16:U_STACK|lpm_mux:Mux5|mux_5oc:auto_generated|_~6                       ; out0             ;
; |lab6_stack_rtl_view_top|lab6_stack_top:U_STACK_SYSTEM|stack7x16:U_STACK|lpm_mux:Mux5|mux_5oc:auto_generated|l3_w0_n0_mux_dataout~1    ; |lab6_stack_rtl_view_top|lab6_stack_top:U_STACK_SYSTEM|stack7x16:U_STACK|lpm_mux:Mux5|mux_5oc:auto_generated|l3_w0_n0_mux_dataout~1    ; out0             ;
; |lab6_stack_rtl_view_top|lab6_stack_top:U_STACK_SYSTEM|stack7x16:U_STACK|lpm_mux:Mux5|mux_5oc:auto_generated|l3_w0_n0_mux_dataout      ; |lab6_stack_rtl_view_top|lab6_stack_top:U_STACK_SYSTEM|stack7x16:U_STACK|lpm_mux:Mux5|mux_5oc:auto_generated|l3_w0_n0_mux_dataout      ; out0             ;
; |lab6_stack_rtl_view_top|lab6_stack_top:U_STACK_SYSTEM|stack7x16:U_STACK|lpm_mux:Mux4|mux_5oc:auto_generated|_~0                       ; |lab6_stack_rtl_view_top|lab6_stack_top:U_STACK_SYSTEM|stack7x16:U_STACK|lpm_mux:Mux4|mux_5oc:auto_generated|_~0                       ; out0             ;
; |lab6_stack_rtl_view_top|lab6_stack_top:U_STACK_SYSTEM|stack7x16:U_STACK|lpm_mux:Mux4|mux_5oc:auto_generated|_~1                       ; |lab6_stack_rtl_view_top|lab6_stack_top:U_STACK_SYSTEM|stack7x16:U_STACK|lpm_mux:Mux4|mux_5oc:auto_generated|_~1                       ; out0             ;
; |lab6_stack_rtl_view_top|lab6_stack_top:U_STACK_SYSTEM|stack7x16:U_STACK|lpm_mux:Mux4|mux_5oc:auto_generated|_~2                       ; |lab6_stack_rtl_view_top|lab6_stack_top:U_STACK_SYSTEM|stack7x16:U_STACK|lpm_mux:Mux4|mux_5oc:auto_generated|_~2                       ; out0             ;
; |lab6_stack_rtl_view_top|lab6_stack_top:U_STACK_SYSTEM|stack7x16:U_STACK|lpm_mux:Mux4|mux_5oc:auto_generated|_~3                       ; |lab6_stack_rtl_view_top|lab6_stack_top:U_STACK_SYSTEM|stack7x16:U_STACK|lpm_mux:Mux4|mux_5oc:auto_generated|_~3                       ; out0             ;
; |lab6_stack_rtl_view_top|lab6_stack_top:U_STACK_SYSTEM|stack7x16:U_STACK|lpm_mux:Mux4|mux_5oc:auto_generated|_~4                       ; |lab6_stack_rtl_view_top|lab6_stack_top:U_STACK_SYSTEM|stack7x16:U_STACK|lpm_mux:Mux4|mux_5oc:auto_generated|_~4                       ; out0             ;
; |lab6_stack_rtl_view_top|lab6_stack_top:U_STACK_SYSTEM|stack7x16:U_STACK|lpm_mux:Mux4|mux_5oc:auto_generated|_~5                       ; |lab6_stack_rtl_view_top|lab6_stack_top:U_STACK_SYSTEM|stack7x16:U_STACK|lpm_mux:Mux4|mux_5oc:auto_generated|_~5                       ; out0             ;
; |lab6_stack_rtl_view_top|lab6_stack_top:U_STACK_SYSTEM|stack7x16:U_STACK|lpm_mux:Mux4|mux_5oc:auto_generated|_~6                       ; |lab6_stack_rtl_view_top|lab6_stack_top:U_STACK_SYSTEM|stack7x16:U_STACK|lpm_mux:Mux4|mux_5oc:auto_generated|_~6                       ; out0             ;
; |lab6_stack_rtl_view_top|lab6_stack_top:U_STACK_SYSTEM|stack7x16:U_STACK|lpm_mux:Mux3|mux_5oc:auto_generated|_~0                       ; |lab6_stack_rtl_view_top|lab6_stack_top:U_STACK_SYSTEM|stack7x16:U_STACK|lpm_mux:Mux3|mux_5oc:auto_generated|_~0                       ; out0             ;
; |lab6_stack_rtl_view_top|lab6_stack_top:U_STACK_SYSTEM|stack7x16:U_STACK|lpm_mux:Mux3|mux_5oc:auto_generated|l1_w0_n0_mux_dataout~1    ; |lab6_stack_rtl_view_top|lab6_stack_top:U_STACK_SYSTEM|stack7x16:U_STACK|lpm_mux:Mux3|mux_5oc:auto_generated|l1_w0_n0_mux_dataout~1    ; out0             ;
; |lab6_stack_rtl_view_top|lab6_stack_top:U_STACK_SYSTEM|stack7x16:U_STACK|lpm_mux:Mux3|mux_5oc:auto_generated|l1_w0_n0_mux_dataout      ; |lab6_stack_rtl_view_top|lab6_stack_top:U_STACK_SYSTEM|stack7x16:U_STACK|lpm_mux:Mux3|mux_5oc:auto_generated|l1_w0_n0_mux_dataout      ; out0             ;
; |lab6_stack_rtl_view_top|lab6_stack_top:U_STACK_SYSTEM|stack7x16:U_STACK|lpm_mux:Mux3|mux_5oc:auto_generated|_~1                       ; |lab6_stack_rtl_view_top|lab6_stack_top:U_STACK_SYSTEM|stack7x16:U_STACK|lpm_mux:Mux3|mux_5oc:auto_generated|_~1                       ; out0             ;
; |lab6_stack_rtl_view_top|lab6_stack_top:U_STACK_SYSTEM|stack7x16:U_STACK|lpm_mux:Mux3|mux_5oc:auto_generated|l1_w0_n1_mux_dataout~1    ; |lab6_stack_rtl_view_top|lab6_stack_top:U_STACK_SYSTEM|stack7x16:U_STACK|lpm_mux:Mux3|mux_5oc:auto_generated|l1_w0_n1_mux_dataout~1    ; out0             ;
; |lab6_stack_rtl_view_top|lab6_stack_top:U_STACK_SYSTEM|stack7x16:U_STACK|lpm_mux:Mux3|mux_5oc:auto_generated|l1_w0_n1_mux_dataout      ; |lab6_stack_rtl_view_top|lab6_stack_top:U_STACK_SYSTEM|stack7x16:U_STACK|lpm_mux:Mux3|mux_5oc:auto_generated|l1_w0_n1_mux_dataout      ; out0             ;
; |lab6_stack_rtl_view_top|lab6_stack_top:U_STACK_SYSTEM|stack7x16:U_STACK|lpm_mux:Mux3|mux_5oc:auto_generated|_~2                       ; |lab6_stack_rtl_view_top|lab6_stack_top:U_STACK_SYSTEM|stack7x16:U_STACK|lpm_mux:Mux3|mux_5oc:auto_generated|_~2                       ; out0             ;
; |lab6_stack_rtl_view_top|lab6_stack_top:U_STACK_SYSTEM|stack7x16:U_STACK|lpm_mux:Mux3|mux_5oc:auto_generated|l1_w0_n2_mux_dataout~1    ; |lab6_stack_rtl_view_top|lab6_stack_top:U_STACK_SYSTEM|stack7x16:U_STACK|lpm_mux:Mux3|mux_5oc:auto_generated|l1_w0_n2_mux_dataout~1    ; out0             ;
; |lab6_stack_rtl_view_top|lab6_stack_top:U_STACK_SYSTEM|stack7x16:U_STACK|lpm_mux:Mux3|mux_5oc:auto_generated|l1_w0_n2_mux_dataout      ; |lab6_stack_rtl_view_top|lab6_stack_top:U_STACK_SYSTEM|stack7x16:U_STACK|lpm_mux:Mux3|mux_5oc:auto_generated|l1_w0_n2_mux_dataout      ; out0             ;
; |lab6_stack_rtl_view_top|lab6_stack_top:U_STACK_SYSTEM|stack7x16:U_STACK|lpm_mux:Mux3|mux_5oc:auto_generated|_~3                       ; |lab6_stack_rtl_view_top|lab6_stack_top:U_STACK_SYSTEM|stack7x16:U_STACK|lpm_mux:Mux3|mux_5oc:auto_generated|_~3                       ; out0             ;
; |lab6_stack_rtl_view_top|lab6_stack_top:U_STACK_SYSTEM|stack7x16:U_STACK|lpm_mux:Mux3|mux_5oc:auto_generated|l1_w0_n3_mux_dataout~1    ; |lab6_stack_rtl_view_top|lab6_stack_top:U_STACK_SYSTEM|stack7x16:U_STACK|lpm_mux:Mux3|mux_5oc:auto_generated|l1_w0_n3_mux_dataout~1    ; out0             ;
; |lab6_stack_rtl_view_top|lab6_stack_top:U_STACK_SYSTEM|stack7x16:U_STACK|lpm_mux:Mux3|mux_5oc:auto_generated|l1_w0_n3_mux_dataout      ; |lab6_stack_rtl_view_top|lab6_stack_top:U_STACK_SYSTEM|stack7x16:U_STACK|lpm_mux:Mux3|mux_5oc:auto_generated|l1_w0_n3_mux_dataout      ; out0             ;
; |lab6_stack_rtl_view_top|lab6_stack_top:U_STACK_SYSTEM|stack7x16:U_STACK|lpm_mux:Mux3|mux_5oc:auto_generated|l2_w0_n0_mux_dataout~0    ; |lab6_stack_rtl_view_top|lab6_stack_top:U_STACK_SYSTEM|stack7x16:U_STACK|lpm_mux:Mux3|mux_5oc:auto_generated|l2_w0_n0_mux_dataout~0    ; out0             ;
; |lab6_stack_rtl_view_top|lab6_stack_top:U_STACK_SYSTEM|stack7x16:U_STACK|lpm_mux:Mux3|mux_5oc:auto_generated|_~4                       ; |lab6_stack_rtl_view_top|lab6_stack_top:U_STACK_SYSTEM|stack7x16:U_STACK|lpm_mux:Mux3|mux_5oc:auto_generated|_~4                       ; out0             ;
; |lab6_stack_rtl_view_top|lab6_stack_top:U_STACK_SYSTEM|stack7x16:U_STACK|lpm_mux:Mux3|mux_5oc:auto_generated|l2_w0_n0_mux_dataout~1    ; |lab6_stack_rtl_view_top|lab6_stack_top:U_STACK_SYSTEM|stack7x16:U_STACK|lpm_mux:Mux3|mux_5oc:auto_generated|l2_w0_n0_mux_dataout~1    ; out0             ;
; |lab6_stack_rtl_view_top|lab6_stack_top:U_STACK_SYSTEM|stack7x16:U_STACK|lpm_mux:Mux3|mux_5oc:auto_generated|l2_w0_n0_mux_dataout      ; |lab6_stack_rtl_view_top|lab6_stack_top:U_STACK_SYSTEM|stack7x16:U_STACK|lpm_mux:Mux3|mux_5oc:auto_generated|l2_w0_n0_mux_dataout      ; out0             ;
; |lab6_stack_rtl_view_top|lab6_stack_top:U_STACK_SYSTEM|stack7x16:U_STACK|lpm_mux:Mux3|mux_5oc:auto_generated|l2_w0_n1_mux_dataout~0    ; |lab6_stack_rtl_view_top|lab6_stack_top:U_STACK_SYSTEM|stack7x16:U_STACK|lpm_mux:Mux3|mux_5oc:auto_generated|l2_w0_n1_mux_dataout~0    ; out0             ;
; |lab6_stack_rtl_view_top|lab6_stack_top:U_STACK_SYSTEM|stack7x16:U_STACK|lpm_mux:Mux3|mux_5oc:auto_generated|_~5                       ; |lab6_stack_rtl_view_top|lab6_stack_top:U_STACK_SYSTEM|stack7x16:U_STACK|lpm_mux:Mux3|mux_5oc:auto_generated|_~5                       ; out0             ;
; |lab6_stack_rtl_view_top|lab6_stack_top:U_STACK_SYSTEM|stack7x16:U_STACK|lpm_mux:Mux3|mux_5oc:auto_generated|l2_w0_n1_mux_dataout~1    ; |lab6_stack_rtl_view_top|lab6_stack_top:U_STACK_SYSTEM|stack7x16:U_STACK|lpm_mux:Mux3|mux_5oc:auto_generated|l2_w0_n1_mux_dataout~1    ; out0             ;
; |lab6_stack_rtl_view_top|lab6_stack_top:U_STACK_SYSTEM|stack7x16:U_STACK|lpm_mux:Mux3|mux_5oc:auto_generated|l2_w0_n1_mux_dataout      ; |lab6_stack_rtl_view_top|lab6_stack_top:U_STACK_SYSTEM|stack7x16:U_STACK|lpm_mux:Mux3|mux_5oc:auto_generated|l2_w0_n1_mux_dataout      ; out0             ;
; |lab6_stack_rtl_view_top|lab6_stack_top:U_STACK_SYSTEM|stack7x16:U_STACK|lpm_mux:Mux3|mux_5oc:auto_generated|l3_w0_n0_mux_dataout~0    ; |lab6_stack_rtl_view_top|lab6_stack_top:U_STACK_SYSTEM|stack7x16:U_STACK|lpm_mux:Mux3|mux_5oc:auto_generated|l3_w0_n0_mux_dataout~0    ; out0             ;
; |lab6_stack_rtl_view_top|lab6_stack_top:U_STACK_SYSTEM|stack7x16:U_STACK|lpm_mux:Mux3|mux_5oc:auto_generated|_~6                       ; |lab6_stack_rtl_view_top|lab6_stack_top:U_STACK_SYSTEM|stack7x16:U_STACK|lpm_mux:Mux3|mux_5oc:auto_generated|_~6                       ; out0             ;
; |lab6_stack_rtl_view_top|lab6_stack_top:U_STACK_SYSTEM|stack7x16:U_STACK|lpm_mux:Mux3|mux_5oc:auto_generated|l3_w0_n0_mux_dataout~1    ; |lab6_stack_rtl_view_top|lab6_stack_top:U_STACK_SYSTEM|stack7x16:U_STACK|lpm_mux:Mux3|mux_5oc:auto_generated|l3_w0_n0_mux_dataout~1    ; out0             ;
; |lab6_stack_rtl_view_top|lab6_stack_top:U_STACK_SYSTEM|stack7x16:U_STACK|lpm_mux:Mux3|mux_5oc:auto_generated|l3_w0_n0_mux_dataout      ; |lab6_stack_rtl_view_top|lab6_stack_top:U_STACK_SYSTEM|stack7x16:U_STACK|lpm_mux:Mux3|mux_5oc:auto_generated|l3_w0_n0_mux_dataout      ; out0             ;
; |lab6_stack_rtl_view_top|lab6_stack_top:U_STACK_SYSTEM|stack7x16:U_STACK|lpm_mux:Mux2|mux_5oc:auto_generated|l1_w0_n0_mux_dataout~0    ; |lab6_stack_rtl_view_top|lab6_stack_top:U_STACK_SYSTEM|stack7x16:U_STACK|lpm_mux:Mux2|mux_5oc:auto_generated|l1_w0_n0_mux_dataout~0    ; out0             ;
; |lab6_stack_rtl_view_top|lab6_stack_top:U_STACK_SYSTEM|stack7x16:U_STACK|lpm_mux:Mux2|mux_5oc:auto_generated|_~0                       ; |lab6_stack_rtl_view_top|lab6_stack_top:U_STACK_SYSTEM|stack7x16:U_STACK|lpm_mux:Mux2|mux_5oc:auto_generated|_~0                       ; out0             ;
; |lab6_stack_rtl_view_top|lab6_stack_top:U_STACK_SYSTEM|stack7x16:U_STACK|lpm_mux:Mux2|mux_5oc:auto_generated|l1_w0_n0_mux_dataout      ; |lab6_stack_rtl_view_top|lab6_stack_top:U_STACK_SYSTEM|stack7x16:U_STACK|lpm_mux:Mux2|mux_5oc:auto_generated|l1_w0_n0_mux_dataout      ; out0             ;
; |lab6_stack_rtl_view_top|lab6_stack_top:U_STACK_SYSTEM|stack7x16:U_STACK|lpm_mux:Mux2|mux_5oc:auto_generated|_~1                       ; |lab6_stack_rtl_view_top|lab6_stack_top:U_STACK_SYSTEM|stack7x16:U_STACK|lpm_mux:Mux2|mux_5oc:auto_generated|_~1                       ; out0             ;
; |lab6_stack_rtl_view_top|lab6_stack_top:U_STACK_SYSTEM|stack7x16:U_STACK|lpm_mux:Mux2|mux_5oc:auto_generated|l1_w0_n1_mux_dataout~1    ; |lab6_stack_rtl_view_top|lab6_stack_top:U_STACK_SYSTEM|stack7x16:U_STACK|lpm_mux:Mux2|mux_5oc:auto_generated|l1_w0_n1_mux_dataout~1    ; out0             ;
; |lab6_stack_rtl_view_top|lab6_stack_top:U_STACK_SYSTEM|stack7x16:U_STACK|lpm_mux:Mux2|mux_5oc:auto_generated|l1_w0_n1_mux_dataout      ; |lab6_stack_rtl_view_top|lab6_stack_top:U_STACK_SYSTEM|stack7x16:U_STACK|lpm_mux:Mux2|mux_5oc:auto_generated|l1_w0_n1_mux_dataout      ; out0             ;
; |lab6_stack_rtl_view_top|lab6_stack_top:U_STACK_SYSTEM|stack7x16:U_STACK|lpm_mux:Mux2|mux_5oc:auto_generated|l1_w0_n2_mux_dataout~0    ; |lab6_stack_rtl_view_top|lab6_stack_top:U_STACK_SYSTEM|stack7x16:U_STACK|lpm_mux:Mux2|mux_5oc:auto_generated|l1_w0_n2_mux_dataout~0    ; out0             ;
; |lab6_stack_rtl_view_top|lab6_stack_top:U_STACK_SYSTEM|stack7x16:U_STACK|lpm_mux:Mux2|mux_5oc:auto_generated|_~2                       ; |lab6_stack_rtl_view_top|lab6_stack_top:U_STACK_SYSTEM|stack7x16:U_STACK|lpm_mux:Mux2|mux_5oc:auto_generated|_~2                       ; out0             ;
; |lab6_stack_rtl_view_top|lab6_stack_top:U_STACK_SYSTEM|stack7x16:U_STACK|lpm_mux:Mux2|mux_5oc:auto_generated|l1_w0_n2_mux_dataout      ; |lab6_stack_rtl_view_top|lab6_stack_top:U_STACK_SYSTEM|stack7x16:U_STACK|lpm_mux:Mux2|mux_5oc:auto_generated|l1_w0_n2_mux_dataout      ; out0             ;
; |lab6_stack_rtl_view_top|lab6_stack_top:U_STACK_SYSTEM|stack7x16:U_STACK|lpm_mux:Mux2|mux_5oc:auto_generated|_~3                       ; |lab6_stack_rtl_view_top|lab6_stack_top:U_STACK_SYSTEM|stack7x16:U_STACK|lpm_mux:Mux2|mux_5oc:auto_generated|_~3                       ; out0             ;
; |lab6_stack_rtl_view_top|lab6_stack_top:U_STACK_SYSTEM|stack7x16:U_STACK|lpm_mux:Mux2|mux_5oc:auto_generated|l1_w0_n3_mux_dataout~1    ; |lab6_stack_rtl_view_top|lab6_stack_top:U_STACK_SYSTEM|stack7x16:U_STACK|lpm_mux:Mux2|mux_5oc:auto_generated|l1_w0_n3_mux_dataout~1    ; out0             ;
; |lab6_stack_rtl_view_top|lab6_stack_top:U_STACK_SYSTEM|stack7x16:U_STACK|lpm_mux:Mux2|mux_5oc:auto_generated|l1_w0_n3_mux_dataout      ; |lab6_stack_rtl_view_top|lab6_stack_top:U_STACK_SYSTEM|stack7x16:U_STACK|lpm_mux:Mux2|mux_5oc:auto_generated|l1_w0_n3_mux_dataout      ; out0             ;
; |lab6_stack_rtl_view_top|lab6_stack_top:U_STACK_SYSTEM|stack7x16:U_STACK|lpm_mux:Mux2|mux_5oc:auto_generated|l2_w0_n0_mux_dataout~0    ; |lab6_stack_rtl_view_top|lab6_stack_top:U_STACK_SYSTEM|stack7x16:U_STACK|lpm_mux:Mux2|mux_5oc:auto_generated|l2_w0_n0_mux_dataout~0    ; out0             ;
; |lab6_stack_rtl_view_top|lab6_stack_top:U_STACK_SYSTEM|stack7x16:U_STACK|lpm_mux:Mux2|mux_5oc:auto_generated|_~4                       ; |lab6_stack_rtl_view_top|lab6_stack_top:U_STACK_SYSTEM|stack7x16:U_STACK|lpm_mux:Mux2|mux_5oc:auto_generated|_~4                       ; out0             ;
; |lab6_stack_rtl_view_top|lab6_stack_top:U_STACK_SYSTEM|stack7x16:U_STACK|lpm_mux:Mux2|mux_5oc:auto_generated|l2_w0_n0_mux_dataout~1    ; |lab6_stack_rtl_view_top|lab6_stack_top:U_STACK_SYSTEM|stack7x16:U_STACK|lpm_mux:Mux2|mux_5oc:auto_generated|l2_w0_n0_mux_dataout~1    ; out0             ;
; |lab6_stack_rtl_view_top|lab6_stack_top:U_STACK_SYSTEM|stack7x16:U_STACK|lpm_mux:Mux2|mux_5oc:auto_generated|l2_w0_n0_mux_dataout      ; |lab6_stack_rtl_view_top|lab6_stack_top:U_STACK_SYSTEM|stack7x16:U_STACK|lpm_mux:Mux2|mux_5oc:auto_generated|l2_w0_n0_mux_dataout      ; out0             ;
; |lab6_stack_rtl_view_top|lab6_stack_top:U_STACK_SYSTEM|stack7x16:U_STACK|lpm_mux:Mux2|mux_5oc:auto_generated|l2_w0_n1_mux_dataout~0    ; |lab6_stack_rtl_view_top|lab6_stack_top:U_STACK_SYSTEM|stack7x16:U_STACK|lpm_mux:Mux2|mux_5oc:auto_generated|l2_w0_n1_mux_dataout~0    ; out0             ;
; |lab6_stack_rtl_view_top|lab6_stack_top:U_STACK_SYSTEM|stack7x16:U_STACK|lpm_mux:Mux2|mux_5oc:auto_generated|_~5                       ; |lab6_stack_rtl_view_top|lab6_stack_top:U_STACK_SYSTEM|stack7x16:U_STACK|lpm_mux:Mux2|mux_5oc:auto_generated|_~5                       ; out0             ;
; |lab6_stack_rtl_view_top|lab6_stack_top:U_STACK_SYSTEM|stack7x16:U_STACK|lpm_mux:Mux2|mux_5oc:auto_generated|l2_w0_n1_mux_dataout~1    ; |lab6_stack_rtl_view_top|lab6_stack_top:U_STACK_SYSTEM|stack7x16:U_STACK|lpm_mux:Mux2|mux_5oc:auto_generated|l2_w0_n1_mux_dataout~1    ; out0             ;
; |lab6_stack_rtl_view_top|lab6_stack_top:U_STACK_SYSTEM|stack7x16:U_STACK|lpm_mux:Mux2|mux_5oc:auto_generated|l2_w0_n1_mux_dataout      ; |lab6_stack_rtl_view_top|lab6_stack_top:U_STACK_SYSTEM|stack7x16:U_STACK|lpm_mux:Mux2|mux_5oc:auto_generated|l2_w0_n1_mux_dataout      ; out0             ;
; |lab6_stack_rtl_view_top|lab6_stack_top:U_STACK_SYSTEM|stack7x16:U_STACK|lpm_mux:Mux2|mux_5oc:auto_generated|l3_w0_n0_mux_dataout~0    ; |lab6_stack_rtl_view_top|lab6_stack_top:U_STACK_SYSTEM|stack7x16:U_STACK|lpm_mux:Mux2|mux_5oc:auto_generated|l3_w0_n0_mux_dataout~0    ; out0             ;
; |lab6_stack_rtl_view_top|lab6_stack_top:U_STACK_SYSTEM|stack7x16:U_STACK|lpm_mux:Mux2|mux_5oc:auto_generated|_~6                       ; |lab6_stack_rtl_view_top|lab6_stack_top:U_STACK_SYSTEM|stack7x16:U_STACK|lpm_mux:Mux2|mux_5oc:auto_generated|_~6                       ; out0             ;
; |lab6_stack_rtl_view_top|lab6_stack_top:U_STACK_SYSTEM|stack7x16:U_STACK|lpm_mux:Mux2|mux_5oc:auto_generated|l3_w0_n0_mux_dataout~1    ; |lab6_stack_rtl_view_top|lab6_stack_top:U_STACK_SYSTEM|stack7x16:U_STACK|lpm_mux:Mux2|mux_5oc:auto_generated|l3_w0_n0_mux_dataout~1    ; out0             ;
; |lab6_stack_rtl_view_top|lab6_stack_top:U_STACK_SYSTEM|stack7x16:U_STACK|lpm_mux:Mux2|mux_5oc:auto_generated|l3_w0_n0_mux_dataout      ; |lab6_stack_rtl_view_top|lab6_stack_top:U_STACK_SYSTEM|stack7x16:U_STACK|lpm_mux:Mux2|mux_5oc:auto_generated|l3_w0_n0_mux_dataout      ; out0             ;
; |lab6_stack_rtl_view_top|lab6_stack_top:U_STACK_SYSTEM|stack7x16:U_STACK|lpm_mux:Mux1|mux_5oc:auto_generated|_~0                       ; |lab6_stack_rtl_view_top|lab6_stack_top:U_STACK_SYSTEM|stack7x16:U_STACK|lpm_mux:Mux1|mux_5oc:auto_generated|_~0                       ; out0             ;
; |lab6_stack_rtl_view_top|lab6_stack_top:U_STACK_SYSTEM|stack7x16:U_STACK|lpm_mux:Mux1|mux_5oc:auto_generated|l1_w0_n1_mux_dataout~0    ; |lab6_stack_rtl_view_top|lab6_stack_top:U_STACK_SYSTEM|stack7x16:U_STACK|lpm_mux:Mux1|mux_5oc:auto_generated|l1_w0_n1_mux_dataout~0    ; out0             ;
; |lab6_stack_rtl_view_top|lab6_stack_top:U_STACK_SYSTEM|stack7x16:U_STACK|lpm_mux:Mux1|mux_5oc:auto_generated|_~1                       ; |lab6_stack_rtl_view_top|lab6_stack_top:U_STACK_SYSTEM|stack7x16:U_STACK|lpm_mux:Mux1|mux_5oc:auto_generated|_~1                       ; out0             ;
; |lab6_stack_rtl_view_top|lab6_stack_top:U_STACK_SYSTEM|stack7x16:U_STACK|lpm_mux:Mux1|mux_5oc:auto_generated|l1_w0_n1_mux_dataout      ; |lab6_stack_rtl_view_top|lab6_stack_top:U_STACK_SYSTEM|stack7x16:U_STACK|lpm_mux:Mux1|mux_5oc:auto_generated|l1_w0_n1_mux_dataout      ; out0             ;
; |lab6_stack_rtl_view_top|lab6_stack_top:U_STACK_SYSTEM|stack7x16:U_STACK|lpm_mux:Mux1|mux_5oc:auto_generated|l1_w0_n2_mux_dataout~0    ; |lab6_stack_rtl_view_top|lab6_stack_top:U_STACK_SYSTEM|stack7x16:U_STACK|lpm_mux:Mux1|mux_5oc:auto_generated|l1_w0_n2_mux_dataout~0    ; out0             ;
; |lab6_stack_rtl_view_top|lab6_stack_top:U_STACK_SYSTEM|stack7x16:U_STACK|lpm_mux:Mux1|mux_5oc:auto_generated|_~2                       ; |lab6_stack_rtl_view_top|lab6_stack_top:U_STACK_SYSTEM|stack7x16:U_STACK|lpm_mux:Mux1|mux_5oc:auto_generated|_~2                       ; out0             ;
; |lab6_stack_rtl_view_top|lab6_stack_top:U_STACK_SYSTEM|stack7x16:U_STACK|lpm_mux:Mux1|mux_5oc:auto_generated|l1_w0_n2_mux_dataout~1    ; |lab6_stack_rtl_view_top|lab6_stack_top:U_STACK_SYSTEM|stack7x16:U_STACK|lpm_mux:Mux1|mux_5oc:auto_generated|l1_w0_n2_mux_dataout~1    ; out0             ;
; |lab6_stack_rtl_view_top|lab6_stack_top:U_STACK_SYSTEM|stack7x16:U_STACK|lpm_mux:Mux1|mux_5oc:auto_generated|l1_w0_n2_mux_dataout      ; |lab6_stack_rtl_view_top|lab6_stack_top:U_STACK_SYSTEM|stack7x16:U_STACK|lpm_mux:Mux1|mux_5oc:auto_generated|l1_w0_n2_mux_dataout      ; out0             ;
; |lab6_stack_rtl_view_top|lab6_stack_top:U_STACK_SYSTEM|stack7x16:U_STACK|lpm_mux:Mux1|mux_5oc:auto_generated|_~3                       ; |lab6_stack_rtl_view_top|lab6_stack_top:U_STACK_SYSTEM|stack7x16:U_STACK|lpm_mux:Mux1|mux_5oc:auto_generated|_~3                       ; out0             ;
; |lab6_stack_rtl_view_top|lab6_stack_top:U_STACK_SYSTEM|stack7x16:U_STACK|lpm_mux:Mux1|mux_5oc:auto_generated|l1_w0_n3_mux_dataout~1    ; |lab6_stack_rtl_view_top|lab6_stack_top:U_STACK_SYSTEM|stack7x16:U_STACK|lpm_mux:Mux1|mux_5oc:auto_generated|l1_w0_n3_mux_dataout~1    ; out0             ;
; |lab6_stack_rtl_view_top|lab6_stack_top:U_STACK_SYSTEM|stack7x16:U_STACK|lpm_mux:Mux1|mux_5oc:auto_generated|l1_w0_n3_mux_dataout      ; |lab6_stack_rtl_view_top|lab6_stack_top:U_STACK_SYSTEM|stack7x16:U_STACK|lpm_mux:Mux1|mux_5oc:auto_generated|l1_w0_n3_mux_dataout      ; out0             ;
; |lab6_stack_rtl_view_top|lab6_stack_top:U_STACK_SYSTEM|stack7x16:U_STACK|lpm_mux:Mux1|mux_5oc:auto_generated|l2_w0_n0_mux_dataout~0    ; |lab6_stack_rtl_view_top|lab6_stack_top:U_STACK_SYSTEM|stack7x16:U_STACK|lpm_mux:Mux1|mux_5oc:auto_generated|l2_w0_n0_mux_dataout~0    ; out0             ;
; |lab6_stack_rtl_view_top|lab6_stack_top:U_STACK_SYSTEM|stack7x16:U_STACK|lpm_mux:Mux1|mux_5oc:auto_generated|_~4                       ; |lab6_stack_rtl_view_top|lab6_stack_top:U_STACK_SYSTEM|stack7x16:U_STACK|lpm_mux:Mux1|mux_5oc:auto_generated|_~4                       ; out0             ;
; |lab6_stack_rtl_view_top|lab6_stack_top:U_STACK_SYSTEM|stack7x16:U_STACK|lpm_mux:Mux1|mux_5oc:auto_generated|l2_w0_n0_mux_dataout      ; |lab6_stack_rtl_view_top|lab6_stack_top:U_STACK_SYSTEM|stack7x16:U_STACK|lpm_mux:Mux1|mux_5oc:auto_generated|l2_w0_n0_mux_dataout      ; out0             ;
; |lab6_stack_rtl_view_top|lab6_stack_top:U_STACK_SYSTEM|stack7x16:U_STACK|lpm_mux:Mux1|mux_5oc:auto_generated|l2_w0_n1_mux_dataout~0    ; |lab6_stack_rtl_view_top|lab6_stack_top:U_STACK_SYSTEM|stack7x16:U_STACK|lpm_mux:Mux1|mux_5oc:auto_generated|l2_w0_n1_mux_dataout~0    ; out0             ;
; |lab6_stack_rtl_view_top|lab6_stack_top:U_STACK_SYSTEM|stack7x16:U_STACK|lpm_mux:Mux1|mux_5oc:auto_generated|_~5                       ; |lab6_stack_rtl_view_top|lab6_stack_top:U_STACK_SYSTEM|stack7x16:U_STACK|lpm_mux:Mux1|mux_5oc:auto_generated|_~5                       ; out0             ;
; |lab6_stack_rtl_view_top|lab6_stack_top:U_STACK_SYSTEM|stack7x16:U_STACK|lpm_mux:Mux1|mux_5oc:auto_generated|l2_w0_n1_mux_dataout~1    ; |lab6_stack_rtl_view_top|lab6_stack_top:U_STACK_SYSTEM|stack7x16:U_STACK|lpm_mux:Mux1|mux_5oc:auto_generated|l2_w0_n1_mux_dataout~1    ; out0             ;
; |lab6_stack_rtl_view_top|lab6_stack_top:U_STACK_SYSTEM|stack7x16:U_STACK|lpm_mux:Mux1|mux_5oc:auto_generated|l2_w0_n1_mux_dataout      ; |lab6_stack_rtl_view_top|lab6_stack_top:U_STACK_SYSTEM|stack7x16:U_STACK|lpm_mux:Mux1|mux_5oc:auto_generated|l2_w0_n1_mux_dataout      ; out0             ;
; |lab6_stack_rtl_view_top|lab6_stack_top:U_STACK_SYSTEM|stack7x16:U_STACK|lpm_mux:Mux1|mux_5oc:auto_generated|l3_w0_n0_mux_dataout~0    ; |lab6_stack_rtl_view_top|lab6_stack_top:U_STACK_SYSTEM|stack7x16:U_STACK|lpm_mux:Mux1|mux_5oc:auto_generated|l3_w0_n0_mux_dataout~0    ; out0             ;
; |lab6_stack_rtl_view_top|lab6_stack_top:U_STACK_SYSTEM|stack7x16:U_STACK|lpm_mux:Mux1|mux_5oc:auto_generated|_~6                       ; |lab6_stack_rtl_view_top|lab6_stack_top:U_STACK_SYSTEM|stack7x16:U_STACK|lpm_mux:Mux1|mux_5oc:auto_generated|_~6                       ; out0             ;
; |lab6_stack_rtl_view_top|lab6_stack_top:U_STACK_SYSTEM|stack7x16:U_STACK|lpm_mux:Mux1|mux_5oc:auto_generated|l3_w0_n0_mux_dataout~1    ; |lab6_stack_rtl_view_top|lab6_stack_top:U_STACK_SYSTEM|stack7x16:U_STACK|lpm_mux:Mux1|mux_5oc:auto_generated|l3_w0_n0_mux_dataout~1    ; out0             ;
; |lab6_stack_rtl_view_top|lab6_stack_top:U_STACK_SYSTEM|stack7x16:U_STACK|lpm_mux:Mux1|mux_5oc:auto_generated|l3_w0_n0_mux_dataout      ; |lab6_stack_rtl_view_top|lab6_stack_top:U_STACK_SYSTEM|stack7x16:U_STACK|lpm_mux:Mux1|mux_5oc:auto_generated|l3_w0_n0_mux_dataout      ; out0             ;
; |lab6_stack_rtl_view_top|lab6_stack_top:U_STACK_SYSTEM|stack7x16:U_STACK|lpm_mux:Mux0|mux_5oc:auto_generated|_~0                       ; |lab6_stack_rtl_view_top|lab6_stack_top:U_STACK_SYSTEM|stack7x16:U_STACK|lpm_mux:Mux0|mux_5oc:auto_generated|_~0                       ; out0             ;
; |lab6_stack_rtl_view_top|lab6_stack_top:U_STACK_SYSTEM|stack7x16:U_STACK|lpm_mux:Mux0|mux_5oc:auto_generated|_~1                       ; |lab6_stack_rtl_view_top|lab6_stack_top:U_STACK_SYSTEM|stack7x16:U_STACK|lpm_mux:Mux0|mux_5oc:auto_generated|_~1                       ; out0             ;
; |lab6_stack_rtl_view_top|lab6_stack_top:U_STACK_SYSTEM|stack7x16:U_STACK|lpm_mux:Mux0|mux_5oc:auto_generated|_~2                       ; |lab6_stack_rtl_view_top|lab6_stack_top:U_STACK_SYSTEM|stack7x16:U_STACK|lpm_mux:Mux0|mux_5oc:auto_generated|_~2                       ; out0             ;
; |lab6_stack_rtl_view_top|lab6_stack_top:U_STACK_SYSTEM|stack7x16:U_STACK|lpm_mux:Mux0|mux_5oc:auto_generated|_~3                       ; |lab6_stack_rtl_view_top|lab6_stack_top:U_STACK_SYSTEM|stack7x16:U_STACK|lpm_mux:Mux0|mux_5oc:auto_generated|_~3                       ; out0             ;
; |lab6_stack_rtl_view_top|lab6_stack_top:U_STACK_SYSTEM|stack7x16:U_STACK|lpm_mux:Mux0|mux_5oc:auto_generated|_~4                       ; |lab6_stack_rtl_view_top|lab6_stack_top:U_STACK_SYSTEM|stack7x16:U_STACK|lpm_mux:Mux0|mux_5oc:auto_generated|_~4                       ; out0             ;
; |lab6_stack_rtl_view_top|lab6_stack_top:U_STACK_SYSTEM|stack7x16:U_STACK|lpm_mux:Mux0|mux_5oc:auto_generated|_~5                       ; |lab6_stack_rtl_view_top|lab6_stack_top:U_STACK_SYSTEM|stack7x16:U_STACK|lpm_mux:Mux0|mux_5oc:auto_generated|_~5                       ; out0             ;
; |lab6_stack_rtl_view_top|lab6_stack_top:U_STACK_SYSTEM|stack7x16:U_STACK|lpm_mux:Mux0|mux_5oc:auto_generated|_~6                       ; |lab6_stack_rtl_view_top|lab6_stack_top:U_STACK_SYSTEM|stack7x16:U_STACK|lpm_mux:Mux0|mux_5oc:auto_generated|_~6                       ; out0             ;
+----------------------------------------------------------------------------------------------------------------------------------------+----------------------------------------------------------------------------------------------------------------------------------------+------------------+


The following table displays output ports that do not toggle to 1 during simulation.
+----------------------------------------------------------------------------------------------------------------------------------------------------------------------------------------------------------------------------------------------------------------------------------------------------+
; Missing 1-Value Coverage                                                                                                                                                                                                                                                                           ;
+----------------------------------------------------------------------------------------------------------------------------------------+----------------------------------------------------------------------------------------------------------------------------------------+------------------+
; Node Name                                                                                                                              ; Output Port Name                                                                                                                       ; Output Port Type ;
+----------------------------------------------------------------------------------------------------------------------------------------+----------------------------------------------------------------------------------------------------------------------------------------+------------------+
; |lab6_stack_rtl_view_top|reset_i                                                                                                       ; |lab6_stack_rtl_view_top|reset_i                                                                                                       ; out              ;
; |lab6_stack_rtl_view_top|alu_result_for_push_i[4]                                                                                      ; |lab6_stack_rtl_view_top|alu_result_for_push_i[4]                                                                                      ; out              ;
; |lab6_stack_rtl_view_top|alu_result_for_push_i[5]                                                                                      ; |lab6_stack_rtl_view_top|alu_result_for_push_i[5]                                                                                      ; out              ;
; |lab6_stack_rtl_view_top|alu_result_for_push_i[6]                                                                                      ; |lab6_stack_rtl_view_top|alu_result_for_push_i[6]                                                                                      ; out              ;
; |lab6_stack_rtl_view_top|alu_result_for_push_i[7]                                                                                      ; |lab6_stack_rtl_view_top|alu_result_for_push_i[7]                                                                                      ; out              ;
; |lab6_stack_rtl_view_top|alu_result_for_push_i[8]                                                                                      ; |lab6_stack_rtl_view_top|alu_result_for_push_i[8]                                                                                      ; out              ;
; |lab6_stack_rtl_view_top|alu_result_for_push_i[9]                                                                                      ; |lab6_stack_rtl_view_top|alu_result_for_push_i[9]                                                                                      ; out              ;
; |lab6_stack_rtl_view_top|alu_result_for_push_i[10]                                                                                     ; |lab6_stack_rtl_view_top|alu_result_for_push_i[10]                                                                                     ; out              ;
; |lab6_stack_rtl_view_top|alu_result_for_push_i[11]                                                                                     ; |lab6_stack_rtl_view_top|alu_result_for_push_i[11]                                                                                     ; out              ;
; |lab6_stack_rtl_view_top|alu_result_for_push_i[12]                                                                                     ; |lab6_stack_rtl_view_top|alu_result_for_push_i[12]                                                                                     ; out              ;
; |lab6_stack_rtl_view_top|alu_result_for_push_i[13]                                                                                     ; |lab6_stack_rtl_view_top|alu_result_for_push_i[13]                                                                                     ; out              ;
; |lab6_stack_rtl_view_top|alu_result_for_push_i[14]                                                                                     ; |lab6_stack_rtl_view_top|alu_result_for_push_i[14]                                                                                     ; out              ;
; |lab6_stack_rtl_view_top|alu_result_for_push_i[15]                                                                                     ; |lab6_stack_rtl_view_top|alu_result_for_push_i[15]                                                                                     ; out              ;
; |lab6_stack_rtl_view_top|data_popped_to_register_file_o[7]                                                                             ; |lab6_stack_rtl_view_top|data_popped_to_register_file_o[7]                                                                             ; pin_out          ;
; |lab6_stack_rtl_view_top|data_popped_to_register_file_o[11]                                                                            ; |lab6_stack_rtl_view_top|data_popped_to_register_file_o[11]                                                                            ; pin_out          ;
; |lab6_stack_rtl_view_top|data_popped_to_register_file_o[15]                                                                            ; |lab6_stack_rtl_view_top|data_popped_to_register_file_o[15]                                                                            ; pin_out          ;
; |lab6_stack_rtl_view_top|lab6_stack_top:U_STACK_SYSTEM|stack7x16:U_STACK|mem_r~81                                                      ; |lab6_stack_rtl_view_top|lab6_stack_top:U_STACK_SYSTEM|stack7x16:U_STACK|mem_r~81                                                      ; out              ;
; |lab6_stack_rtl_view_top|lab6_stack_top:U_STACK_SYSTEM|stack7x16:U_STACK|mem_r~85                                                      ; |lab6_stack_rtl_view_top|lab6_stack_top:U_STACK_SYSTEM|stack7x16:U_STACK|mem_r~85                                                      ; out              ;
; |lab6_stack_rtl_view_top|lab6_stack_top:U_STACK_SYSTEM|stack7x16:U_STACK|mem_r~89                                                      ; |lab6_stack_rtl_view_top|lab6_stack_top:U_STACK_SYSTEM|stack7x16:U_STACK|mem_r~89                                                      ; out              ;
; |lab6_stack_rtl_view_top|lab6_stack_top:U_STACK_SYSTEM|stack7x16:U_STACK|mem_r~129                                                     ; |lab6_stack_rtl_view_top|lab6_stack_top:U_STACK_SYSTEM|stack7x16:U_STACK|mem_r~129                                                     ; out              ;
; |lab6_stack_rtl_view_top|lab6_stack_top:U_STACK_SYSTEM|stack7x16:U_STACK|mem_r~133                                                     ; |lab6_stack_rtl_view_top|lab6_stack_top:U_STACK_SYSTEM|stack7x16:U_STACK|mem_r~133                                                     ; out              ;
; |lab6_stack_rtl_view_top|lab6_stack_top:U_STACK_SYSTEM|stack7x16:U_STACK|mem_r~137                                                     ; |lab6_stack_rtl_view_top|lab6_stack_top:U_STACK_SYSTEM|stack7x16:U_STACK|mem_r~137                                                     ; out              ;
; |lab6_stack_rtl_view_top|lab6_stack_top:U_STACK_SYSTEM|stack7x16:U_STACK|mem_r~241                                                     ; |lab6_stack_rtl_view_top|lab6_stack_top:U_STACK_SYSTEM|stack7x16:U_STACK|mem_r~241                                                     ; out              ;
; |lab6_stack_rtl_view_top|lab6_stack_top:U_STACK_SYSTEM|stack7x16:U_STACK|mem_r~245                                                     ; |lab6_stack_rtl_view_top|lab6_stack_top:U_STACK_SYSTEM|stack7x16:U_STACK|mem_r~245                                                     ; out              ;
; |lab6_stack_rtl_view_top|lab6_stack_top:U_STACK_SYSTEM|stack7x16:U_STACK|mem_r~249                                                     ; |lab6_stack_rtl_view_top|lab6_stack_top:U_STACK_SYSTEM|stack7x16:U_STACK|mem_r~249                                                     ; out              ;
; |lab6_stack_rtl_view_top|lab6_stack_top:U_STACK_SYSTEM|stack7x16:U_STACK|dout_r~0                                                      ; |lab6_stack_rtl_view_top|lab6_stack_top:U_STACK_SYSTEM|stack7x16:U_STACK|dout_r~0                                                      ; out              ;
; |lab6_stack_rtl_view_top|lab6_stack_top:U_STACK_SYSTEM|stack7x16:U_STACK|dout_r~4                                                      ; |lab6_stack_rtl_view_top|lab6_stack_top:U_STACK_SYSTEM|stack7x16:U_STACK|dout_r~4                                                      ; out              ;
; |lab6_stack_rtl_view_top|lab6_stack_top:U_STACK_SYSTEM|stack7x16:U_STACK|dout_r~8                                                      ; |lab6_stack_rtl_view_top|lab6_stack_top:U_STACK_SYSTEM|stack7x16:U_STACK|dout_r~8                                                      ; out              ;
; |lab6_stack_rtl_view_top|lab6_stack_top:U_STACK_SYSTEM|stack7x16:U_STACK|mem_r~336                                                     ; |lab6_stack_rtl_view_top|lab6_stack_top:U_STACK_SYSTEM|stack7x16:U_STACK|mem_r~336                                                     ; out              ;
; |lab6_stack_rtl_view_top|lab6_stack_top:U_STACK_SYSTEM|stack7x16:U_STACK|mem_r~340                                                     ; |lab6_stack_rtl_view_top|lab6_stack_top:U_STACK_SYSTEM|stack7x16:U_STACK|mem_r~340                                                     ; out              ;
; |lab6_stack_rtl_view_top|lab6_stack_top:U_STACK_SYSTEM|stack7x16:U_STACK|mem_r~344                                                     ; |lab6_stack_rtl_view_top|lab6_stack_top:U_STACK_SYSTEM|stack7x16:U_STACK|mem_r~344                                                     ; out              ;
; |lab6_stack_rtl_view_top|lab6_stack_top:U_STACK_SYSTEM|stack7x16:U_STACK|mem_r~352                                                     ; |lab6_stack_rtl_view_top|lab6_stack_top:U_STACK_SYSTEM|stack7x16:U_STACK|mem_r~352                                                     ; out              ;
; |lab6_stack_rtl_view_top|lab6_stack_top:U_STACK_SYSTEM|stack7x16:U_STACK|mem_r~353                                                     ; |lab6_stack_rtl_view_top|lab6_stack_top:U_STACK_SYSTEM|stack7x16:U_STACK|mem_r~353                                                     ; out              ;
; |lab6_stack_rtl_view_top|lab6_stack_top:U_STACK_SYSTEM|stack7x16:U_STACK|mem_r~356                                                     ; |lab6_stack_rtl_view_top|lab6_stack_top:U_STACK_SYSTEM|stack7x16:U_STACK|mem_r~356                                                     ; out              ;
; |lab6_stack_rtl_view_top|lab6_stack_top:U_STACK_SYSTEM|stack7x16:U_STACK|mem_r~357                                                     ; |lab6_stack_rtl_view_top|lab6_stack_top:U_STACK_SYSTEM|stack7x16:U_STACK|mem_r~357                                                     ; out              ;
; |lab6_stack_rtl_view_top|lab6_stack_top:U_STACK_SYSTEM|stack7x16:U_STACK|mem_r~360                                                     ; |lab6_stack_rtl_view_top|lab6_stack_top:U_STACK_SYSTEM|stack7x16:U_STACK|mem_r~360                                                     ; out              ;
; |lab6_stack_rtl_view_top|lab6_stack_top:U_STACK_SYSTEM|stack7x16:U_STACK|mem_r~361                                                     ; |lab6_stack_rtl_view_top|lab6_stack_top:U_STACK_SYSTEM|stack7x16:U_STACK|mem_r~361                                                     ; out              ;
; |lab6_stack_rtl_view_top|lab6_stack_top:U_STACK_SYSTEM|stack7x16:U_STACK|mem_r~368                                                     ; |lab6_stack_rtl_view_top|lab6_stack_top:U_STACK_SYSTEM|stack7x16:U_STACK|mem_r~368                                                     ; out              ;
; |lab6_stack_rtl_view_top|lab6_stack_top:U_STACK_SYSTEM|stack7x16:U_STACK|mem_r~372                                                     ; |lab6_stack_rtl_view_top|lab6_stack_top:U_STACK_SYSTEM|stack7x16:U_STACK|mem_r~372                                                     ; out              ;
; |lab6_stack_rtl_view_top|lab6_stack_top:U_STACK_SYSTEM|stack7x16:U_STACK|mem_r~376                                                     ; |lab6_stack_rtl_view_top|lab6_stack_top:U_STACK_SYSTEM|stack7x16:U_STACK|mem_r~376                                                     ; out              ;
; |lab6_stack_rtl_view_top|lab6_stack_top:U_STACK_SYSTEM|stack7x16:U_STACK|mem_r~384                                                     ; |lab6_stack_rtl_view_top|lab6_stack_top:U_STACK_SYSTEM|stack7x16:U_STACK|mem_r~384                                                     ; out              ;
; |lab6_stack_rtl_view_top|lab6_stack_top:U_STACK_SYSTEM|stack7x16:U_STACK|mem_r~388                                                     ; |lab6_stack_rtl_view_top|lab6_stack_top:U_STACK_SYSTEM|stack7x16:U_STACK|mem_r~388                                                     ; out              ;
; |lab6_stack_rtl_view_top|lab6_stack_top:U_STACK_SYSTEM|stack7x16:U_STACK|mem_r~392                                                     ; |lab6_stack_rtl_view_top|lab6_stack_top:U_STACK_SYSTEM|stack7x16:U_STACK|mem_r~392                                                     ; out              ;
; |lab6_stack_rtl_view_top|lab6_stack_top:U_STACK_SYSTEM|stack7x16:U_STACK|mem_r~396                                                     ; |lab6_stack_rtl_view_top|lab6_stack_top:U_STACK_SYSTEM|stack7x16:U_STACK|mem_r~396                                                     ; out              ;
; |lab6_stack_rtl_view_top|lab6_stack_top:U_STACK_SYSTEM|stack7x16:U_STACK|mem_r~400                                                     ; |lab6_stack_rtl_view_top|lab6_stack_top:U_STACK_SYSTEM|stack7x16:U_STACK|mem_r~400                                                     ; out              ;
; |lab6_stack_rtl_view_top|lab6_stack_top:U_STACK_SYSTEM|stack7x16:U_STACK|mem_r~404                                                     ; |lab6_stack_rtl_view_top|lab6_stack_top:U_STACK_SYSTEM|stack7x16:U_STACK|mem_r~404                                                     ; out              ;
; |lab6_stack_rtl_view_top|lab6_stack_top:U_STACK_SYSTEM|stack7x16:U_STACK|mem_r~408                                                     ; |lab6_stack_rtl_view_top|lab6_stack_top:U_STACK_SYSTEM|stack7x16:U_STACK|mem_r~408                                                     ; out              ;
; |lab6_stack_rtl_view_top|lab6_stack_top:U_STACK_SYSTEM|stack7x16:U_STACK|mem_r~412                                                     ; |lab6_stack_rtl_view_top|lab6_stack_top:U_STACK_SYSTEM|stack7x16:U_STACK|mem_r~412                                                     ; out              ;
; |lab6_stack_rtl_view_top|lab6_stack_top:U_STACK_SYSTEM|stack7x16:U_STACK|mem_r~416                                                     ; |lab6_stack_rtl_view_top|lab6_stack_top:U_STACK_SYSTEM|stack7x16:U_STACK|mem_r~416                                                     ; out              ;
; |lab6_stack_rtl_view_top|lab6_stack_top:U_STACK_SYSTEM|stack7x16:U_STACK|mem_r~420                                                     ; |lab6_stack_rtl_view_top|lab6_stack_top:U_STACK_SYSTEM|stack7x16:U_STACK|mem_r~420                                                     ; out              ;
; |lab6_stack_rtl_view_top|lab6_stack_top:U_STACK_SYSTEM|stack7x16:U_STACK|mem_r~424                                                     ; |lab6_stack_rtl_view_top|lab6_stack_top:U_STACK_SYSTEM|stack7x16:U_STACK|mem_r~424                                                     ; out              ;
; |lab6_stack_rtl_view_top|lab6_stack_top:U_STACK_SYSTEM|stack7x16:U_STACK|mem_r~428                                                     ; |lab6_stack_rtl_view_top|lab6_stack_top:U_STACK_SYSTEM|stack7x16:U_STACK|mem_r~428                                                     ; out              ;
; |lab6_stack_rtl_view_top|lab6_stack_top:U_STACK_SYSTEM|stack7x16:U_STACK|mem_r~432                                                     ; |lab6_stack_rtl_view_top|lab6_stack_top:U_STACK_SYSTEM|stack7x16:U_STACK|mem_r~432                                                     ; out              ;
; |lab6_stack_rtl_view_top|lab6_stack_top:U_STACK_SYSTEM|stack7x16:U_STACK|mem_r~436                                                     ; |lab6_stack_rtl_view_top|lab6_stack_top:U_STACK_SYSTEM|stack7x16:U_STACK|mem_r~436                                                     ; out              ;
; |lab6_stack_rtl_view_top|lab6_stack_top:U_STACK_SYSTEM|stack7x16:U_STACK|mem_r~440                                                     ; |lab6_stack_rtl_view_top|lab6_stack_top:U_STACK_SYSTEM|stack7x16:U_STACK|mem_r~440                                                     ; out              ;
; |lab6_stack_rtl_view_top|lab6_stack_top:U_STACK_SYSTEM|stack7x16:U_STACK|mem_r~444                                                     ; |lab6_stack_rtl_view_top|lab6_stack_top:U_STACK_SYSTEM|stack7x16:U_STACK|mem_r~444                                                     ; out              ;
; |lab6_stack_rtl_view_top|lab6_stack_top:U_STACK_SYSTEM|stack7x16:U_STACK|dout_r~16                                                     ; |lab6_stack_rtl_view_top|lab6_stack_top:U_STACK_SYSTEM|stack7x16:U_STACK|dout_r~16                                                     ; out              ;
; |lab6_stack_rtl_view_top|lab6_stack_top:U_STACK_SYSTEM|stack7x16:U_STACK|dout_r~20                                                     ; |lab6_stack_rtl_view_top|lab6_stack_top:U_STACK_SYSTEM|stack7x16:U_STACK|dout_r~20                                                     ; out              ;
; |lab6_stack_rtl_view_top|lab6_stack_top:U_STACK_SYSTEM|stack7x16:U_STACK|dout_r~24                                                     ; |lab6_stack_rtl_view_top|lab6_stack_top:U_STACK_SYSTEM|stack7x16:U_STACK|dout_r~24                                                     ; out              ;
; |lab6_stack_rtl_view_top|lab6_stack_top:U_STACK_SYSTEM|stack7x16:U_STACK|dout_r~32                                                     ; |lab6_stack_rtl_view_top|lab6_stack_top:U_STACK_SYSTEM|stack7x16:U_STACK|dout_r~32                                                     ; out              ;
; |lab6_stack_rtl_view_top|lab6_stack_top:U_STACK_SYSTEM|stack7x16:U_STACK|dout_r~36                                                     ; |lab6_stack_rtl_view_top|lab6_stack_top:U_STACK_SYSTEM|stack7x16:U_STACK|dout_r~36                                                     ; out              ;
; |lab6_stack_rtl_view_top|lab6_stack_top:U_STACK_SYSTEM|stack7x16:U_STACK|dout_r~40                                                     ; |lab6_stack_rtl_view_top|lab6_stack_top:U_STACK_SYSTEM|stack7x16:U_STACK|dout_r~40                                                     ; out              ;
; |lab6_stack_rtl_view_top|lab6_stack_top:U_STACK_SYSTEM|stack7x16:U_STACK|mem_r~448                                                     ; |lab6_stack_rtl_view_top|lab6_stack_top:U_STACK_SYSTEM|stack7x16:U_STACK|mem_r~448                                                     ; out              ;
; |lab6_stack_rtl_view_top|lab6_stack_top:U_STACK_SYSTEM|stack7x16:U_STACK|mem_r~452                                                     ; |lab6_stack_rtl_view_top|lab6_stack_top:U_STACK_SYSTEM|stack7x16:U_STACK|mem_r~452                                                     ; out              ;
; |lab6_stack_rtl_view_top|lab6_stack_top:U_STACK_SYSTEM|stack7x16:U_STACK|mem_r~456                                                     ; |lab6_stack_rtl_view_top|lab6_stack_top:U_STACK_SYSTEM|stack7x16:U_STACK|mem_r~456                                                     ; out              ;
; |lab6_stack_rtl_view_top|lab6_stack_top:U_STACK_SYSTEM|stack7x16:U_STACK|mem_r~464                                                     ; |lab6_stack_rtl_view_top|lab6_stack_top:U_STACK_SYSTEM|stack7x16:U_STACK|mem_r~464                                                     ; out              ;
; |lab6_stack_rtl_view_top|lab6_stack_top:U_STACK_SYSTEM|stack7x16:U_STACK|mem_r~465                                                     ; |lab6_stack_rtl_view_top|lab6_stack_top:U_STACK_SYSTEM|stack7x16:U_STACK|mem_r~465                                                     ; out              ;
; |lab6_stack_rtl_view_top|lab6_stack_top:U_STACK_SYSTEM|stack7x16:U_STACK|mem_r~468                                                     ; |lab6_stack_rtl_view_top|lab6_stack_top:U_STACK_SYSTEM|stack7x16:U_STACK|mem_r~468                                                     ; out              ;
; |lab6_stack_rtl_view_top|lab6_stack_top:U_STACK_SYSTEM|stack7x16:U_STACK|mem_r~469                                                     ; |lab6_stack_rtl_view_top|lab6_stack_top:U_STACK_SYSTEM|stack7x16:U_STACK|mem_r~469                                                     ; out              ;
; |lab6_stack_rtl_view_top|lab6_stack_top:U_STACK_SYSTEM|stack7x16:U_STACK|mem_r~472                                                     ; |lab6_stack_rtl_view_top|lab6_stack_top:U_STACK_SYSTEM|stack7x16:U_STACK|mem_r~472                                                     ; out              ;
; |lab6_stack_rtl_view_top|lab6_stack_top:U_STACK_SYSTEM|stack7x16:U_STACK|mem_r~473                                                     ; |lab6_stack_rtl_view_top|lab6_stack_top:U_STACK_SYSTEM|stack7x16:U_STACK|mem_r~473                                                     ; out              ;
; |lab6_stack_rtl_view_top|lab6_stack_top:U_STACK_SYSTEM|stack7x16:U_STACK|mem_r~480                                                     ; |lab6_stack_rtl_view_top|lab6_stack_top:U_STACK_SYSTEM|stack7x16:U_STACK|mem_r~480                                                     ; out              ;
; |lab6_stack_rtl_view_top|lab6_stack_top:U_STACK_SYSTEM|stack7x16:U_STACK|mem_r~484                                                     ; |lab6_stack_rtl_view_top|lab6_stack_top:U_STACK_SYSTEM|stack7x16:U_STACK|mem_r~484                                                     ; out              ;
; |lab6_stack_rtl_view_top|lab6_stack_top:U_STACK_SYSTEM|stack7x16:U_STACK|mem_r~488                                                     ; |lab6_stack_rtl_view_top|lab6_stack_top:U_STACK_SYSTEM|stack7x16:U_STACK|mem_r~488                                                     ; out              ;
; |lab6_stack_rtl_view_top|lab6_stack_top:U_STACK_SYSTEM|stack7x16:U_STACK|mem_r~496                                                     ; |lab6_stack_rtl_view_top|lab6_stack_top:U_STACK_SYSTEM|stack7x16:U_STACK|mem_r~496                                                     ; out              ;
; |lab6_stack_rtl_view_top|lab6_stack_top:U_STACK_SYSTEM|stack7x16:U_STACK|mem_r~500                                                     ; |lab6_stack_rtl_view_top|lab6_stack_top:U_STACK_SYSTEM|stack7x16:U_STACK|mem_r~500                                                     ; out              ;
; |lab6_stack_rtl_view_top|lab6_stack_top:U_STACK_SYSTEM|stack7x16:U_STACK|mem_r~504                                                     ; |lab6_stack_rtl_view_top|lab6_stack_top:U_STACK_SYSTEM|stack7x16:U_STACK|mem_r~504                                                     ; out              ;
; |lab6_stack_rtl_view_top|lab6_stack_top:U_STACK_SYSTEM|stack7x16:U_STACK|mem_r~508                                                     ; |lab6_stack_rtl_view_top|lab6_stack_top:U_STACK_SYSTEM|stack7x16:U_STACK|mem_r~508                                                     ; out              ;
; |lab6_stack_rtl_view_top|lab6_stack_top:U_STACK_SYSTEM|stack7x16:U_STACK|mem_r~512                                                     ; |lab6_stack_rtl_view_top|lab6_stack_top:U_STACK_SYSTEM|stack7x16:U_STACK|mem_r~512                                                     ; out              ;
; |lab6_stack_rtl_view_top|lab6_stack_top:U_STACK_SYSTEM|stack7x16:U_STACK|mem_r~516                                                     ; |lab6_stack_rtl_view_top|lab6_stack_top:U_STACK_SYSTEM|stack7x16:U_STACK|mem_r~516                                                     ; out              ;
; |lab6_stack_rtl_view_top|lab6_stack_top:U_STACK_SYSTEM|stack7x16:U_STACK|mem_r~520                                                     ; |lab6_stack_rtl_view_top|lab6_stack_top:U_STACK_SYSTEM|stack7x16:U_STACK|mem_r~520                                                     ; out              ;
; |lab6_stack_rtl_view_top|lab6_stack_top:U_STACK_SYSTEM|stack7x16:U_STACK|mem_r~524                                                     ; |lab6_stack_rtl_view_top|lab6_stack_top:U_STACK_SYSTEM|stack7x16:U_STACK|mem_r~524                                                     ; out              ;
; |lab6_stack_rtl_view_top|lab6_stack_top:U_STACK_SYSTEM|stack7x16:U_STACK|mem_r~528                                                     ; |lab6_stack_rtl_view_top|lab6_stack_top:U_STACK_SYSTEM|stack7x16:U_STACK|mem_r~528                                                     ; out              ;
; |lab6_stack_rtl_view_top|lab6_stack_top:U_STACK_SYSTEM|stack7x16:U_STACK|mem_r~532                                                     ; |lab6_stack_rtl_view_top|lab6_stack_top:U_STACK_SYSTEM|stack7x16:U_STACK|mem_r~532                                                     ; out              ;
; |lab6_stack_rtl_view_top|lab6_stack_top:U_STACK_SYSTEM|stack7x16:U_STACK|mem_r~536                                                     ; |lab6_stack_rtl_view_top|lab6_stack_top:U_STACK_SYSTEM|stack7x16:U_STACK|mem_r~536                                                     ; out              ;
; |lab6_stack_rtl_view_top|lab6_stack_top:U_STACK_SYSTEM|stack7x16:U_STACK|mem_r~540                                                     ; |lab6_stack_rtl_view_top|lab6_stack_top:U_STACK_SYSTEM|stack7x16:U_STACK|mem_r~540                                                     ; out              ;
; |lab6_stack_rtl_view_top|lab6_stack_top:U_STACK_SYSTEM|stack7x16:U_STACK|mem_r~544                                                     ; |lab6_stack_rtl_view_top|lab6_stack_top:U_STACK_SYSTEM|stack7x16:U_STACK|mem_r~544                                                     ; out              ;
; |lab6_stack_rtl_view_top|lab6_stack_top:U_STACK_SYSTEM|stack7x16:U_STACK|mem_r~548                                                     ; |lab6_stack_rtl_view_top|lab6_stack_top:U_STACK_SYSTEM|stack7x16:U_STACK|mem_r~548                                                     ; out              ;
; |lab6_stack_rtl_view_top|lab6_stack_top:U_STACK_SYSTEM|stack7x16:U_STACK|mem_r~552                                                     ; |lab6_stack_rtl_view_top|lab6_stack_top:U_STACK_SYSTEM|stack7x16:U_STACK|mem_r~552                                                     ; out              ;
; |lab6_stack_rtl_view_top|lab6_stack_top:U_STACK_SYSTEM|stack7x16:U_STACK|mem_r~556                                                     ; |lab6_stack_rtl_view_top|lab6_stack_top:U_STACK_SYSTEM|stack7x16:U_STACK|mem_r~556                                                     ; out              ;
; |lab6_stack_rtl_view_top|lab6_stack_top:U_STACK_SYSTEM|stack7x16:U_STACK|dout_r~48                                                     ; |lab6_stack_rtl_view_top|lab6_stack_top:U_STACK_SYSTEM|stack7x16:U_STACK|dout_r~48                                                     ; out              ;
; |lab6_stack_rtl_view_top|lab6_stack_top:U_STACK_SYSTEM|stack7x16:U_STACK|dout_r~52                                                     ; |lab6_stack_rtl_view_top|lab6_stack_top:U_STACK_SYSTEM|stack7x16:U_STACK|dout_r~52                                                     ; out              ;
; |lab6_stack_rtl_view_top|lab6_stack_top:U_STACK_SYSTEM|stack7x16:U_STACK|dout_r~56                                                     ; |lab6_stack_rtl_view_top|lab6_stack_top:U_STACK_SYSTEM|stack7x16:U_STACK|dout_r~56                                                     ; out              ;
; |lab6_stack_rtl_view_top|lab6_stack_top:U_STACK_SYSTEM|stack7x16:U_STACK|dout_r[7]                                                     ; |lab6_stack_rtl_view_top|lab6_stack_top:U_STACK_SYSTEM|stack7x16:U_STACK|dout_r[7]                                                     ; regout           ;
; |lab6_stack_rtl_view_top|lab6_stack_top:U_STACK_SYSTEM|stack7x16:U_STACK|dout_r[11]                                                    ; |lab6_stack_rtl_view_top|lab6_stack_top:U_STACK_SYSTEM|stack7x16:U_STACK|dout_r[11]                                                    ; regout           ;
; |lab6_stack_rtl_view_top|lab6_stack_top:U_STACK_SYSTEM|stack7x16:U_STACK|dout_r[15]                                                    ; |lab6_stack_rtl_view_top|lab6_stack_top:U_STACK_SYSTEM|stack7x16:U_STACK|dout_r[15]                                                    ; regout           ;
; |lab6_stack_rtl_view_top|lab6_stack_top:U_STACK_SYSTEM|stack7x16:U_STACK|mem_r[6][3]                                                   ; |lab6_stack_rtl_view_top|lab6_stack_top:U_STACK_SYSTEM|stack7x16:U_STACK|mem_r[6][3]                                                   ; regout           ;
; |lab6_stack_rtl_view_top|lab6_stack_top:U_STACK_SYSTEM|stack7x16:U_STACK|mem_r[6][7]                                                   ; |lab6_stack_rtl_view_top|lab6_stack_top:U_STACK_SYSTEM|stack7x16:U_STACK|mem_r[6][7]                                                   ; regout           ;
; |lab6_stack_rtl_view_top|lab6_stack_top:U_STACK_SYSTEM|stack7x16:U_STACK|mem_r[6][11]                                                  ; |lab6_stack_rtl_view_top|lab6_stack_top:U_STACK_SYSTEM|stack7x16:U_STACK|mem_r[6][11]                                                  ; regout           ;
; |lab6_stack_rtl_view_top|lab6_stack_top:U_STACK_SYSTEM|stack7x16:U_STACK|mem_r[6][15]                                                  ; |lab6_stack_rtl_view_top|lab6_stack_top:U_STACK_SYSTEM|stack7x16:U_STACK|mem_r[6][15]                                                  ; regout           ;
; |lab6_stack_rtl_view_top|lab6_stack_top:U_STACK_SYSTEM|stack7x16:U_STACK|mem_r[5][0]                                                   ; |lab6_stack_rtl_view_top|lab6_stack_top:U_STACK_SYSTEM|stack7x16:U_STACK|mem_r[5][0]                                                   ; regout           ;
; |lab6_stack_rtl_view_top|lab6_stack_top:U_STACK_SYSTEM|stack7x16:U_STACK|mem_r[5][3]                                                   ; |lab6_stack_rtl_view_top|lab6_stack_top:U_STACK_SYSTEM|stack7x16:U_STACK|mem_r[5][3]                                                   ; regout           ;
; |lab6_stack_rtl_view_top|lab6_stack_top:U_STACK_SYSTEM|stack7x16:U_STACK|mem_r[5][4]                                                   ; |lab6_stack_rtl_view_top|lab6_stack_top:U_STACK_SYSTEM|stack7x16:U_STACK|mem_r[5][4]                                                   ; regout           ;
; |lab6_stack_rtl_view_top|lab6_stack_top:U_STACK_SYSTEM|stack7x16:U_STACK|mem_r[5][7]                                                   ; |lab6_stack_rtl_view_top|lab6_stack_top:U_STACK_SYSTEM|stack7x16:U_STACK|mem_r[5][7]                                                   ; regout           ;
; |lab6_stack_rtl_view_top|lab6_stack_top:U_STACK_SYSTEM|stack7x16:U_STACK|mem_r[5][8]                                                   ; |lab6_stack_rtl_view_top|lab6_stack_top:U_STACK_SYSTEM|stack7x16:U_STACK|mem_r[5][8]                                                   ; regout           ;
; |lab6_stack_rtl_view_top|lab6_stack_top:U_STACK_SYSTEM|stack7x16:U_STACK|mem_r[5][11]                                                  ; |lab6_stack_rtl_view_top|lab6_stack_top:U_STACK_SYSTEM|stack7x16:U_STACK|mem_r[5][11]                                                  ; regout           ;
; |lab6_stack_rtl_view_top|lab6_stack_top:U_STACK_SYSTEM|stack7x16:U_STACK|mem_r[5][12]                                                  ; |lab6_stack_rtl_view_top|lab6_stack_top:U_STACK_SYSTEM|stack7x16:U_STACK|mem_r[5][12]                                                  ; regout           ;
; |lab6_stack_rtl_view_top|lab6_stack_top:U_STACK_SYSTEM|stack7x16:U_STACK|mem_r[5][15]                                                  ; |lab6_stack_rtl_view_top|lab6_stack_top:U_STACK_SYSTEM|stack7x16:U_STACK|mem_r[5][15]                                                  ; regout           ;
; |lab6_stack_rtl_view_top|lab6_stack_top:U_STACK_SYSTEM|stack7x16:U_STACK|mem_r[4][1]                                                   ; |lab6_stack_rtl_view_top|lab6_stack_top:U_STACK_SYSTEM|stack7x16:U_STACK|mem_r[4][1]                                                   ; regout           ;
; |lab6_stack_rtl_view_top|lab6_stack_top:U_STACK_SYSTEM|stack7x16:U_STACK|mem_r[4][3]                                                   ; |lab6_stack_rtl_view_top|lab6_stack_top:U_STACK_SYSTEM|stack7x16:U_STACK|mem_r[4][3]                                                   ; regout           ;
; |lab6_stack_rtl_view_top|lab6_stack_top:U_STACK_SYSTEM|stack7x16:U_STACK|mem_r[4][5]                                                   ; |lab6_stack_rtl_view_top|lab6_stack_top:U_STACK_SYSTEM|stack7x16:U_STACK|mem_r[4][5]                                                   ; regout           ;
; |lab6_stack_rtl_view_top|lab6_stack_top:U_STACK_SYSTEM|stack7x16:U_STACK|mem_r[4][7]                                                   ; |lab6_stack_rtl_view_top|lab6_stack_top:U_STACK_SYSTEM|stack7x16:U_STACK|mem_r[4][7]                                                   ; regout           ;
; |lab6_stack_rtl_view_top|lab6_stack_top:U_STACK_SYSTEM|stack7x16:U_STACK|mem_r[4][9]                                                   ; |lab6_stack_rtl_view_top|lab6_stack_top:U_STACK_SYSTEM|stack7x16:U_STACK|mem_r[4][9]                                                   ; regout           ;
; |lab6_stack_rtl_view_top|lab6_stack_top:U_STACK_SYSTEM|stack7x16:U_STACK|mem_r[4][11]                                                  ; |lab6_stack_rtl_view_top|lab6_stack_top:U_STACK_SYSTEM|stack7x16:U_STACK|mem_r[4][11]                                                  ; regout           ;
; |lab6_stack_rtl_view_top|lab6_stack_top:U_STACK_SYSTEM|stack7x16:U_STACK|mem_r[4][13]                                                  ; |lab6_stack_rtl_view_top|lab6_stack_top:U_STACK_SYSTEM|stack7x16:U_STACK|mem_r[4][13]                                                  ; regout           ;
; |lab6_stack_rtl_view_top|lab6_stack_top:U_STACK_SYSTEM|stack7x16:U_STACK|mem_r[4][15]                                                  ; |lab6_stack_rtl_view_top|lab6_stack_top:U_STACK_SYSTEM|stack7x16:U_STACK|mem_r[4][15]                                                  ; regout           ;
; |lab6_stack_rtl_view_top|lab6_stack_top:U_STACK_SYSTEM|stack7x16:U_STACK|mem_r[3][0]                                                   ; |lab6_stack_rtl_view_top|lab6_stack_top:U_STACK_SYSTEM|stack7x16:U_STACK|mem_r[3][0]                                                   ; regout           ;
; |lab6_stack_rtl_view_top|lab6_stack_top:U_STACK_SYSTEM|stack7x16:U_STACK|mem_r[3][1]                                                   ; |lab6_stack_rtl_view_top|lab6_stack_top:U_STACK_SYSTEM|stack7x16:U_STACK|mem_r[3][1]                                                   ; regout           ;
; |lab6_stack_rtl_view_top|lab6_stack_top:U_STACK_SYSTEM|stack7x16:U_STACK|mem_r[3][3]                                                   ; |lab6_stack_rtl_view_top|lab6_stack_top:U_STACK_SYSTEM|stack7x16:U_STACK|mem_r[3][3]                                                   ; regout           ;
; |lab6_stack_rtl_view_top|lab6_stack_top:U_STACK_SYSTEM|stack7x16:U_STACK|mem_r[3][4]                                                   ; |lab6_stack_rtl_view_top|lab6_stack_top:U_STACK_SYSTEM|stack7x16:U_STACK|mem_r[3][4]                                                   ; regout           ;
; |lab6_stack_rtl_view_top|lab6_stack_top:U_STACK_SYSTEM|stack7x16:U_STACK|mem_r[3][5]                                                   ; |lab6_stack_rtl_view_top|lab6_stack_top:U_STACK_SYSTEM|stack7x16:U_STACK|mem_r[3][5]                                                   ; regout           ;
; |lab6_stack_rtl_view_top|lab6_stack_top:U_STACK_SYSTEM|stack7x16:U_STACK|mem_r[3][7]                                                   ; |lab6_stack_rtl_view_top|lab6_stack_top:U_STACK_SYSTEM|stack7x16:U_STACK|mem_r[3][7]                                                   ; regout           ;
; |lab6_stack_rtl_view_top|lab6_stack_top:U_STACK_SYSTEM|stack7x16:U_STACK|mem_r[3][8]                                                   ; |lab6_stack_rtl_view_top|lab6_stack_top:U_STACK_SYSTEM|stack7x16:U_STACK|mem_r[3][8]                                                   ; regout           ;
; |lab6_stack_rtl_view_top|lab6_stack_top:U_STACK_SYSTEM|stack7x16:U_STACK|mem_r[3][9]                                                   ; |lab6_stack_rtl_view_top|lab6_stack_top:U_STACK_SYSTEM|stack7x16:U_STACK|mem_r[3][9]                                                   ; regout           ;
; |lab6_stack_rtl_view_top|lab6_stack_top:U_STACK_SYSTEM|stack7x16:U_STACK|mem_r[3][11]                                                  ; |lab6_stack_rtl_view_top|lab6_stack_top:U_STACK_SYSTEM|stack7x16:U_STACK|mem_r[3][11]                                                  ; regout           ;
; |lab6_stack_rtl_view_top|lab6_stack_top:U_STACK_SYSTEM|stack7x16:U_STACK|mem_r[3][12]                                                  ; |lab6_stack_rtl_view_top|lab6_stack_top:U_STACK_SYSTEM|stack7x16:U_STACK|mem_r[3][12]                                                  ; regout           ;
; |lab6_stack_rtl_view_top|lab6_stack_top:U_STACK_SYSTEM|stack7x16:U_STACK|mem_r[3][13]                                                  ; |lab6_stack_rtl_view_top|lab6_stack_top:U_STACK_SYSTEM|stack7x16:U_STACK|mem_r[3][13]                                                  ; regout           ;
; |lab6_stack_rtl_view_top|lab6_stack_top:U_STACK_SYSTEM|stack7x16:U_STACK|mem_r[3][15]                                                  ; |lab6_stack_rtl_view_top|lab6_stack_top:U_STACK_SYSTEM|stack7x16:U_STACK|mem_r[3][15]                                                  ; regout           ;
; |lab6_stack_rtl_view_top|lab6_stack_top:U_STACK_SYSTEM|stack7x16:U_STACK|mem_r[2][2]                                                   ; |lab6_stack_rtl_view_top|lab6_stack_top:U_STACK_SYSTEM|stack7x16:U_STACK|mem_r[2][2]                                                   ; regout           ;
; |lab6_stack_rtl_view_top|lab6_stack_top:U_STACK_SYSTEM|stack7x16:U_STACK|mem_r[2][3]                                                   ; |lab6_stack_rtl_view_top|lab6_stack_top:U_STACK_SYSTEM|stack7x16:U_STACK|mem_r[2][3]                                                   ; regout           ;
; |lab6_stack_rtl_view_top|lab6_stack_top:U_STACK_SYSTEM|stack7x16:U_STACK|mem_r[2][6]                                                   ; |lab6_stack_rtl_view_top|lab6_stack_top:U_STACK_SYSTEM|stack7x16:U_STACK|mem_r[2][6]                                                   ; regout           ;
; |lab6_stack_rtl_view_top|lab6_stack_top:U_STACK_SYSTEM|stack7x16:U_STACK|mem_r[2][7]                                                   ; |lab6_stack_rtl_view_top|lab6_stack_top:U_STACK_SYSTEM|stack7x16:U_STACK|mem_r[2][7]                                                   ; regout           ;
; |lab6_stack_rtl_view_top|lab6_stack_top:U_STACK_SYSTEM|stack7x16:U_STACK|mem_r[2][10]                                                  ; |lab6_stack_rtl_view_top|lab6_stack_top:U_STACK_SYSTEM|stack7x16:U_STACK|mem_r[2][10]                                                  ; regout           ;
; |lab6_stack_rtl_view_top|lab6_stack_top:U_STACK_SYSTEM|stack7x16:U_STACK|mem_r[2][11]                                                  ; |lab6_stack_rtl_view_top|lab6_stack_top:U_STACK_SYSTEM|stack7x16:U_STACK|mem_r[2][11]                                                  ; regout           ;
; |lab6_stack_rtl_view_top|lab6_stack_top:U_STACK_SYSTEM|stack7x16:U_STACK|mem_r[2][14]                                                  ; |lab6_stack_rtl_view_top|lab6_stack_top:U_STACK_SYSTEM|stack7x16:U_STACK|mem_r[2][14]                                                  ; regout           ;
; |lab6_stack_rtl_view_top|lab6_stack_top:U_STACK_SYSTEM|stack7x16:U_STACK|mem_r[2][15]                                                  ; |lab6_stack_rtl_view_top|lab6_stack_top:U_STACK_SYSTEM|stack7x16:U_STACK|mem_r[2][15]                                                  ; regout           ;
; |lab6_stack_rtl_view_top|lab6_stack_top:U_STACK_SYSTEM|stack7x16:U_STACK|mem_r[1][4]                                                   ; |lab6_stack_rtl_view_top|lab6_stack_top:U_STACK_SYSTEM|stack7x16:U_STACK|mem_r[1][4]                                                   ; regout           ;
; |lab6_stack_rtl_view_top|lab6_stack_top:U_STACK_SYSTEM|stack7x16:U_STACK|mem_r[1][6]                                                   ; |lab6_stack_rtl_view_top|lab6_stack_top:U_STACK_SYSTEM|stack7x16:U_STACK|mem_r[1][6]                                                   ; regout           ;
; |lab6_stack_rtl_view_top|lab6_stack_top:U_STACK_SYSTEM|stack7x16:U_STACK|mem_r[1][7]                                                   ; |lab6_stack_rtl_view_top|lab6_stack_top:U_STACK_SYSTEM|stack7x16:U_STACK|mem_r[1][7]                                                   ; regout           ;
; |lab6_stack_rtl_view_top|lab6_stack_top:U_STACK_SYSTEM|stack7x16:U_STACK|mem_r[1][8]                                                   ; |lab6_stack_rtl_view_top|lab6_stack_top:U_STACK_SYSTEM|stack7x16:U_STACK|mem_r[1][8]                                                   ; regout           ;
; |lab6_stack_rtl_view_top|lab6_stack_top:U_STACK_SYSTEM|stack7x16:U_STACK|mem_r[1][10]                                                  ; |lab6_stack_rtl_view_top|lab6_stack_top:U_STACK_SYSTEM|stack7x16:U_STACK|mem_r[1][10]                                                  ; regout           ;
; |lab6_stack_rtl_view_top|lab6_stack_top:U_STACK_SYSTEM|stack7x16:U_STACK|mem_r[1][11]                                                  ; |lab6_stack_rtl_view_top|lab6_stack_top:U_STACK_SYSTEM|stack7x16:U_STACK|mem_r[1][11]                                                  ; regout           ;
; |lab6_stack_rtl_view_top|lab6_stack_top:U_STACK_SYSTEM|stack7x16:U_STACK|mem_r[1][12]                                                  ; |lab6_stack_rtl_view_top|lab6_stack_top:U_STACK_SYSTEM|stack7x16:U_STACK|mem_r[1][12]                                                  ; regout           ;
; |lab6_stack_rtl_view_top|lab6_stack_top:U_STACK_SYSTEM|stack7x16:U_STACK|mem_r[1][14]                                                  ; |lab6_stack_rtl_view_top|lab6_stack_top:U_STACK_SYSTEM|stack7x16:U_STACK|mem_r[1][14]                                                  ; regout           ;
; |lab6_stack_rtl_view_top|lab6_stack_top:U_STACK_SYSTEM|stack7x16:U_STACK|mem_r[1][15]                                                  ; |lab6_stack_rtl_view_top|lab6_stack_top:U_STACK_SYSTEM|stack7x16:U_STACK|mem_r[1][15]                                                  ; regout           ;
; |lab6_stack_rtl_view_top|lab6_stack_top:U_STACK_SYSTEM|stack7x16:U_STACK|mem_r[0][1]                                                   ; |lab6_stack_rtl_view_top|lab6_stack_top:U_STACK_SYSTEM|stack7x16:U_STACK|mem_r[0][1]                                                   ; regout           ;
; |lab6_stack_rtl_view_top|lab6_stack_top:U_STACK_SYSTEM|stack7x16:U_STACK|mem_r[0][2]                                                   ; |lab6_stack_rtl_view_top|lab6_stack_top:U_STACK_SYSTEM|stack7x16:U_STACK|mem_r[0][2]                                                   ; regout           ;
; |lab6_stack_rtl_view_top|lab6_stack_top:U_STACK_SYSTEM|stack7x16:U_STACK|mem_r[0][3]                                                   ; |lab6_stack_rtl_view_top|lab6_stack_top:U_STACK_SYSTEM|stack7x16:U_STACK|mem_r[0][3]                                                   ; regout           ;
; |lab6_stack_rtl_view_top|lab6_stack_top:U_STACK_SYSTEM|stack7x16:U_STACK|mem_r[0][5]                                                   ; |lab6_stack_rtl_view_top|lab6_stack_top:U_STACK_SYSTEM|stack7x16:U_STACK|mem_r[0][5]                                                   ; regout           ;
; |lab6_stack_rtl_view_top|lab6_stack_top:U_STACK_SYSTEM|stack7x16:U_STACK|mem_r[0][6]                                                   ; |lab6_stack_rtl_view_top|lab6_stack_top:U_STACK_SYSTEM|stack7x16:U_STACK|mem_r[0][6]                                                   ; regout           ;
; |lab6_stack_rtl_view_top|lab6_stack_top:U_STACK_SYSTEM|stack7x16:U_STACK|mem_r[0][7]                                                   ; |lab6_stack_rtl_view_top|lab6_stack_top:U_STACK_SYSTEM|stack7x16:U_STACK|mem_r[0][7]                                                   ; regout           ;
; |lab6_stack_rtl_view_top|lab6_stack_top:U_STACK_SYSTEM|stack7x16:U_STACK|mem_r[0][9]                                                   ; |lab6_stack_rtl_view_top|lab6_stack_top:U_STACK_SYSTEM|stack7x16:U_STACK|mem_r[0][9]                                                   ; regout           ;
; |lab6_stack_rtl_view_top|lab6_stack_top:U_STACK_SYSTEM|stack7x16:U_STACK|mem_r[0][10]                                                  ; |lab6_stack_rtl_view_top|lab6_stack_top:U_STACK_SYSTEM|stack7x16:U_STACK|mem_r[0][10]                                                  ; regout           ;
; |lab6_stack_rtl_view_top|lab6_stack_top:U_STACK_SYSTEM|stack7x16:U_STACK|mem_r[0][11]                                                  ; |lab6_stack_rtl_view_top|lab6_stack_top:U_STACK_SYSTEM|stack7x16:U_STACK|mem_r[0][11]                                                  ; regout           ;
; |lab6_stack_rtl_view_top|lab6_stack_top:U_STACK_SYSTEM|stack7x16:U_STACK|mem_r[0][13]                                                  ; |lab6_stack_rtl_view_top|lab6_stack_top:U_STACK_SYSTEM|stack7x16:U_STACK|mem_r[0][13]                                                  ; regout           ;
; |lab6_stack_rtl_view_top|lab6_stack_top:U_STACK_SYSTEM|stack7x16:U_STACK|mem_r[0][14]                                                  ; |lab6_stack_rtl_view_top|lab6_stack_top:U_STACK_SYSTEM|stack7x16:U_STACK|mem_r[0][14]                                                  ; regout           ;
; |lab6_stack_rtl_view_top|lab6_stack_top:U_STACK_SYSTEM|stack7x16:U_STACK|mem_r[0][15]                                                  ; |lab6_stack_rtl_view_top|lab6_stack_top:U_STACK_SYSTEM|stack7x16:U_STACK|mem_r[0][15]                                                  ; regout           ;
; |lab6_stack_rtl_view_top|lab6_stack_top:U_STACK_SYSTEM|stack_control:U_CTRL|lpm_mux:Mux1|mux_0oc:auto_generated|l1_w0_n0_mux_dataout~0 ; |lab6_stack_rtl_view_top|lab6_stack_top:U_STACK_SYSTEM|stack_control:U_CTRL|lpm_mux:Mux1|mux_0oc:auto_generated|l1_w0_n0_mux_dataout~0 ; out0             ;
; |lab6_stack_rtl_view_top|lab6_stack_top:U_STACK_SYSTEM|stack_control:U_CTRL|lpm_mux:Mux1|mux_0oc:auto_generated|l1_w0_n0_mux_dataout~1 ; |lab6_stack_rtl_view_top|lab6_stack_top:U_STACK_SYSTEM|stack_control:U_CTRL|lpm_mux:Mux1|mux_0oc:auto_generated|l1_w0_n0_mux_dataout~1 ; out0             ;
; |lab6_stack_rtl_view_top|lab6_stack_top:U_STACK_SYSTEM|stack_control:U_CTRL|lpm_mux:Mux1|mux_0oc:auto_generated|l1_w0_n0_mux_dataout   ; |lab6_stack_rtl_view_top|lab6_stack_top:U_STACK_SYSTEM|stack_control:U_CTRL|lpm_mux:Mux1|mux_0oc:auto_generated|l1_w0_n0_mux_dataout   ; out0             ;
; |lab6_stack_rtl_view_top|lab6_stack_top:U_STACK_SYSTEM|stack_control:U_CTRL|lpm_mux:Mux1|mux_0oc:auto_generated|l1_w0_n1_mux_dataout~1 ; |lab6_stack_rtl_view_top|lab6_stack_top:U_STACK_SYSTEM|stack_control:U_CTRL|lpm_mux:Mux1|mux_0oc:auto_generated|l1_w0_n1_mux_dataout~1 ; out0             ;
; |lab6_stack_rtl_view_top|lab6_stack_top:U_STACK_SYSTEM|stack_control:U_CTRL|lpm_mux:Mux1|mux_0oc:auto_generated|l2_w0_n0_mux_dataout~1 ; |lab6_stack_rtl_view_top|lab6_stack_top:U_STACK_SYSTEM|stack_control:U_CTRL|lpm_mux:Mux1|mux_0oc:auto_generated|l2_w0_n0_mux_dataout~1 ; out0             ;
; |lab6_stack_rtl_view_top|lab6_stack_top:U_STACK_SYSTEM|stack_control:U_CTRL|lpm_mux:Mux0|mux_0oc:auto_generated|l1_w0_n0_mux_dataout~0 ; |lab6_stack_rtl_view_top|lab6_stack_top:U_STACK_SYSTEM|stack_control:U_CTRL|lpm_mux:Mux0|mux_0oc:auto_generated|l1_w0_n0_mux_dataout~0 ; out0             ;
; |lab6_stack_rtl_view_top|lab6_stack_top:U_STACK_SYSTEM|stack_control:U_CTRL|lpm_mux:Mux0|mux_0oc:auto_generated|l1_w0_n0_mux_dataout~1 ; |lab6_stack_rtl_view_top|lab6_stack_top:U_STACK_SYSTEM|stack_control:U_CTRL|lpm_mux:Mux0|mux_0oc:auto_generated|l1_w0_n0_mux_dataout~1 ; out0             ;
; |lab6_stack_rtl_view_top|lab6_stack_top:U_STACK_SYSTEM|stack_control:U_CTRL|lpm_mux:Mux0|mux_0oc:auto_generated|l1_w0_n0_mux_dataout   ; |lab6_stack_rtl_view_top|lab6_stack_top:U_STACK_SYSTEM|stack_control:U_CTRL|lpm_mux:Mux0|mux_0oc:auto_generated|l1_w0_n0_mux_dataout   ; out0             ;
; |lab6_stack_rtl_view_top|lab6_stack_top:U_STACK_SYSTEM|stack_control:U_CTRL|lpm_mux:Mux0|mux_0oc:auto_generated|l1_w0_n1_mux_dataout~0 ; |lab6_stack_rtl_view_top|lab6_stack_top:U_STACK_SYSTEM|stack_control:U_CTRL|lpm_mux:Mux0|mux_0oc:auto_generated|l1_w0_n1_mux_dataout~0 ; out0             ;
; |lab6_stack_rtl_view_top|lab6_stack_top:U_STACK_SYSTEM|stack_control:U_CTRL|lpm_mux:Mux0|mux_0oc:auto_generated|l2_w0_n0_mux_dataout~1 ; |lab6_stack_rtl_view_top|lab6_stack_top:U_STACK_SYSTEM|stack_control:U_CTRL|lpm_mux:Mux0|mux_0oc:auto_generated|l2_w0_n0_mux_dataout~1 ; out0             ;
; |lab6_stack_rtl_view_top|lab6_stack_top:U_STACK_SYSTEM|stack7x16:U_STACK|lpm_mux:Mux15|mux_5oc:auto_generated|l1_w0_n1_mux_dataout~0   ; |lab6_stack_rtl_view_top|lab6_stack_top:U_STACK_SYSTEM|stack7x16:U_STACK|lpm_mux:Mux15|mux_5oc:auto_generated|l1_w0_n1_mux_dataout~0   ; out0             ;
; |lab6_stack_rtl_view_top|lab6_stack_top:U_STACK_SYSTEM|stack7x16:U_STACK|lpm_mux:Mux15|mux_5oc:auto_generated|l1_w0_n2_mux_dataout~0   ; |lab6_stack_rtl_view_top|lab6_stack_top:U_STACK_SYSTEM|stack7x16:U_STACK|lpm_mux:Mux15|mux_5oc:auto_generated|l1_w0_n2_mux_dataout~0   ; out0             ;
; |lab6_stack_rtl_view_top|lab6_stack_top:U_STACK_SYSTEM|stack7x16:U_STACK|lpm_mux:Mux15|mux_5oc:auto_generated|l1_w0_n3_mux_dataout~0   ; |lab6_stack_rtl_view_top|lab6_stack_top:U_STACK_SYSTEM|stack7x16:U_STACK|lpm_mux:Mux15|mux_5oc:auto_generated|l1_w0_n3_mux_dataout~0   ; out0             ;
; |lab6_stack_rtl_view_top|lab6_stack_top:U_STACK_SYSTEM|stack7x16:U_STACK|lpm_mux:Mux14|mux_5oc:auto_generated|l1_w0_n0_mux_dataout~1   ; |lab6_stack_rtl_view_top|lab6_stack_top:U_STACK_SYSTEM|stack7x16:U_STACK|lpm_mux:Mux14|mux_5oc:auto_generated|l1_w0_n0_mux_dataout~1   ; out0             ;
; |lab6_stack_rtl_view_top|lab6_stack_top:U_STACK_SYSTEM|stack7x16:U_STACK|lpm_mux:Mux14|mux_5oc:auto_generated|l1_w0_n1_mux_dataout~0   ; |lab6_stack_rtl_view_top|lab6_stack_top:U_STACK_SYSTEM|stack7x16:U_STACK|lpm_mux:Mux14|mux_5oc:auto_generated|l1_w0_n1_mux_dataout~0   ; out0             ;
; |lab6_stack_rtl_view_top|lab6_stack_top:U_STACK_SYSTEM|stack7x16:U_STACK|lpm_mux:Mux14|mux_5oc:auto_generated|l1_w0_n2_mux_dataout~1   ; |lab6_stack_rtl_view_top|lab6_stack_top:U_STACK_SYSTEM|stack7x16:U_STACK|lpm_mux:Mux14|mux_5oc:auto_generated|l1_w0_n2_mux_dataout~1   ; out0             ;
; |lab6_stack_rtl_view_top|lab6_stack_top:U_STACK_SYSTEM|stack7x16:U_STACK|lpm_mux:Mux14|mux_5oc:auto_generated|l1_w0_n3_mux_dataout~0   ; |lab6_stack_rtl_view_top|lab6_stack_top:U_STACK_SYSTEM|stack7x16:U_STACK|lpm_mux:Mux14|mux_5oc:auto_generated|l1_w0_n3_mux_dataout~0   ; out0             ;
; |lab6_stack_rtl_view_top|lab6_stack_top:U_STACK_SYSTEM|stack7x16:U_STACK|lpm_mux:Mux13|mux_5oc:auto_generated|l1_w0_n0_mux_dataout~1   ; |lab6_stack_rtl_view_top|lab6_stack_top:U_STACK_SYSTEM|stack7x16:U_STACK|lpm_mux:Mux13|mux_5oc:auto_generated|l1_w0_n0_mux_dataout~1   ; out0             ;
; |lab6_stack_rtl_view_top|lab6_stack_top:U_STACK_SYSTEM|stack7x16:U_STACK|lpm_mux:Mux13|mux_5oc:auto_generated|l1_w0_n1_mux_dataout~1   ; |lab6_stack_rtl_view_top|lab6_stack_top:U_STACK_SYSTEM|stack7x16:U_STACK|lpm_mux:Mux13|mux_5oc:auto_generated|l1_w0_n1_mux_dataout~1   ; out0             ;
; |lab6_stack_rtl_view_top|lab6_stack_top:U_STACK_SYSTEM|stack7x16:U_STACK|lpm_mux:Mux13|mux_5oc:auto_generated|l1_w0_n3_mux_dataout~0   ; |lab6_stack_rtl_view_top|lab6_stack_top:U_STACK_SYSTEM|stack7x16:U_STACK|lpm_mux:Mux13|mux_5oc:auto_generated|l1_w0_n3_mux_dataout~0   ; out0             ;
; |lab6_stack_rtl_view_top|lab6_stack_top:U_STACK_SYSTEM|stack7x16:U_STACK|lpm_mux:Mux12|mux_5oc:auto_generated|l1_w0_n0_mux_dataout~1   ; |lab6_stack_rtl_view_top|lab6_stack_top:U_STACK_SYSTEM|stack7x16:U_STACK|lpm_mux:Mux12|mux_5oc:auto_generated|l1_w0_n0_mux_dataout~1   ; out0             ;
; |lab6_stack_rtl_view_top|lab6_stack_top:U_STACK_SYSTEM|stack7x16:U_STACK|lpm_mux:Mux12|mux_5oc:auto_generated|l1_w0_n1_mux_dataout~0   ; |lab6_stack_rtl_view_top|lab6_stack_top:U_STACK_SYSTEM|stack7x16:U_STACK|lpm_mux:Mux12|mux_5oc:auto_generated|l1_w0_n1_mux_dataout~0   ; out0             ;
; |lab6_stack_rtl_view_top|lab6_stack_top:U_STACK_SYSTEM|stack7x16:U_STACK|lpm_mux:Mux12|mux_5oc:auto_generated|l1_w0_n1_mux_dataout~1   ; |lab6_stack_rtl_view_top|lab6_stack_top:U_STACK_SYSTEM|stack7x16:U_STACK|lpm_mux:Mux12|mux_5oc:auto_generated|l1_w0_n1_mux_dataout~1   ; out0             ;
; |lab6_stack_rtl_view_top|lab6_stack_top:U_STACK_SYSTEM|stack7x16:U_STACK|lpm_mux:Mux12|mux_5oc:auto_generated|l1_w0_n1_mux_dataout     ; |lab6_stack_rtl_view_top|lab6_stack_top:U_STACK_SYSTEM|stack7x16:U_STACK|lpm_mux:Mux12|mux_5oc:auto_generated|l1_w0_n1_mux_dataout     ; out0             ;
; |lab6_stack_rtl_view_top|lab6_stack_top:U_STACK_SYSTEM|stack7x16:U_STACK|lpm_mux:Mux12|mux_5oc:auto_generated|l1_w0_n2_mux_dataout~0   ; |lab6_stack_rtl_view_top|lab6_stack_top:U_STACK_SYSTEM|stack7x16:U_STACK|lpm_mux:Mux12|mux_5oc:auto_generated|l1_w0_n2_mux_dataout~0   ; out0             ;
; |lab6_stack_rtl_view_top|lab6_stack_top:U_STACK_SYSTEM|stack7x16:U_STACK|lpm_mux:Mux12|mux_5oc:auto_generated|l1_w0_n2_mux_dataout~1   ; |lab6_stack_rtl_view_top|lab6_stack_top:U_STACK_SYSTEM|stack7x16:U_STACK|lpm_mux:Mux12|mux_5oc:auto_generated|l1_w0_n2_mux_dataout~1   ; out0             ;
; |lab6_stack_rtl_view_top|lab6_stack_top:U_STACK_SYSTEM|stack7x16:U_STACK|lpm_mux:Mux12|mux_5oc:auto_generated|l1_w0_n2_mux_dataout     ; |lab6_stack_rtl_view_top|lab6_stack_top:U_STACK_SYSTEM|stack7x16:U_STACK|lpm_mux:Mux12|mux_5oc:auto_generated|l1_w0_n2_mux_dataout     ; out0             ;
; |lab6_stack_rtl_view_top|lab6_stack_top:U_STACK_SYSTEM|stack7x16:U_STACK|lpm_mux:Mux12|mux_5oc:auto_generated|l1_w0_n3_mux_dataout~0   ; |lab6_stack_rtl_view_top|lab6_stack_top:U_STACK_SYSTEM|stack7x16:U_STACK|lpm_mux:Mux12|mux_5oc:auto_generated|l1_w0_n3_mux_dataout~0   ; out0             ;
; |lab6_stack_rtl_view_top|lab6_stack_top:U_STACK_SYSTEM|stack7x16:U_STACK|lpm_mux:Mux12|mux_5oc:auto_generated|l1_w0_n3_mux_dataout~1   ; |lab6_stack_rtl_view_top|lab6_stack_top:U_STACK_SYSTEM|stack7x16:U_STACK|lpm_mux:Mux12|mux_5oc:auto_generated|l1_w0_n3_mux_dataout~1   ; out0             ;
; |lab6_stack_rtl_view_top|lab6_stack_top:U_STACK_SYSTEM|stack7x16:U_STACK|lpm_mux:Mux12|mux_5oc:auto_generated|l1_w0_n3_mux_dataout     ; |lab6_stack_rtl_view_top|lab6_stack_top:U_STACK_SYSTEM|stack7x16:U_STACK|lpm_mux:Mux12|mux_5oc:auto_generated|l1_w0_n3_mux_dataout     ; out0             ;
; |lab6_stack_rtl_view_top|lab6_stack_top:U_STACK_SYSTEM|stack7x16:U_STACK|lpm_mux:Mux12|mux_5oc:auto_generated|l2_w0_n0_mux_dataout~0   ; |lab6_stack_rtl_view_top|lab6_stack_top:U_STACK_SYSTEM|stack7x16:U_STACK|lpm_mux:Mux12|mux_5oc:auto_generated|l2_w0_n0_mux_dataout~0   ; out0             ;
; |lab6_stack_rtl_view_top|lab6_stack_top:U_STACK_SYSTEM|stack7x16:U_STACK|lpm_mux:Mux12|mux_5oc:auto_generated|l2_w0_n1_mux_dataout~0   ; |lab6_stack_rtl_view_top|lab6_stack_top:U_STACK_SYSTEM|stack7x16:U_STACK|lpm_mux:Mux12|mux_5oc:auto_generated|l2_w0_n1_mux_dataout~0   ; out0             ;
; |lab6_stack_rtl_view_top|lab6_stack_top:U_STACK_SYSTEM|stack7x16:U_STACK|lpm_mux:Mux12|mux_5oc:auto_generated|l2_w0_n1_mux_dataout~1   ; |lab6_stack_rtl_view_top|lab6_stack_top:U_STACK_SYSTEM|stack7x16:U_STACK|lpm_mux:Mux12|mux_5oc:auto_generated|l2_w0_n1_mux_dataout~1   ; out0             ;
; |lab6_stack_rtl_view_top|lab6_stack_top:U_STACK_SYSTEM|stack7x16:U_STACK|lpm_mux:Mux12|mux_5oc:auto_generated|l2_w0_n1_mux_dataout     ; |lab6_stack_rtl_view_top|lab6_stack_top:U_STACK_SYSTEM|stack7x16:U_STACK|lpm_mux:Mux12|mux_5oc:auto_generated|l2_w0_n1_mux_dataout     ; out0             ;
; |lab6_stack_rtl_view_top|lab6_stack_top:U_STACK_SYSTEM|stack7x16:U_STACK|lpm_mux:Mux12|mux_5oc:auto_generated|l3_w0_n0_mux_dataout~0   ; |lab6_stack_rtl_view_top|lab6_stack_top:U_STACK_SYSTEM|stack7x16:U_STACK|lpm_mux:Mux12|mux_5oc:auto_generated|l3_w0_n0_mux_dataout~0   ; out0             ;
; |lab6_stack_rtl_view_top|lab6_stack_top:U_STACK_SYSTEM|stack7x16:U_STACK|lpm_mux:Mux11|mux_5oc:auto_generated|l1_w0_n0_mux_dataout~0   ; |lab6_stack_rtl_view_top|lab6_stack_top:U_STACK_SYSTEM|stack7x16:U_STACK|lpm_mux:Mux11|mux_5oc:auto_generated|l1_w0_n0_mux_dataout~0   ; out0             ;
; |lab6_stack_rtl_view_top|lab6_stack_top:U_STACK_SYSTEM|stack7x16:U_STACK|lpm_mux:Mux11|mux_5oc:auto_generated|l1_w0_n1_mux_dataout~0   ; |lab6_stack_rtl_view_top|lab6_stack_top:U_STACK_SYSTEM|stack7x16:U_STACK|lpm_mux:Mux11|mux_5oc:auto_generated|l1_w0_n1_mux_dataout~0   ; out0             ;
; |lab6_stack_rtl_view_top|lab6_stack_top:U_STACK_SYSTEM|stack7x16:U_STACK|lpm_mux:Mux11|mux_5oc:auto_generated|l1_w0_n2_mux_dataout~0   ; |lab6_stack_rtl_view_top|lab6_stack_top:U_STACK_SYSTEM|stack7x16:U_STACK|lpm_mux:Mux11|mux_5oc:auto_generated|l1_w0_n2_mux_dataout~0   ; out0             ;
; |lab6_stack_rtl_view_top|lab6_stack_top:U_STACK_SYSTEM|stack7x16:U_STACK|lpm_mux:Mux11|mux_5oc:auto_generated|l1_w0_n3_mux_dataout~0   ; |lab6_stack_rtl_view_top|lab6_stack_top:U_STACK_SYSTEM|stack7x16:U_STACK|lpm_mux:Mux11|mux_5oc:auto_generated|l1_w0_n3_mux_dataout~0   ; out0             ;
; |lab6_stack_rtl_view_top|lab6_stack_top:U_STACK_SYSTEM|stack7x16:U_STACK|lpm_mux:Mux10|mux_5oc:auto_generated|l1_w0_n0_mux_dataout~1   ; |lab6_stack_rtl_view_top|lab6_stack_top:U_STACK_SYSTEM|stack7x16:U_STACK|lpm_mux:Mux10|mux_5oc:auto_generated|l1_w0_n0_mux_dataout~1   ; out0             ;
; |lab6_stack_rtl_view_top|lab6_stack_top:U_STACK_SYSTEM|stack7x16:U_STACK|lpm_mux:Mux10|mux_5oc:auto_generated|l1_w0_n1_mux_dataout~0   ; |lab6_stack_rtl_view_top|lab6_stack_top:U_STACK_SYSTEM|stack7x16:U_STACK|lpm_mux:Mux10|mux_5oc:auto_generated|l1_w0_n1_mux_dataout~0   ; out0             ;
; |lab6_stack_rtl_view_top|lab6_stack_top:U_STACK_SYSTEM|stack7x16:U_STACK|lpm_mux:Mux10|mux_5oc:auto_generated|l1_w0_n2_mux_dataout~1   ; |lab6_stack_rtl_view_top|lab6_stack_top:U_STACK_SYSTEM|stack7x16:U_STACK|lpm_mux:Mux10|mux_5oc:auto_generated|l1_w0_n2_mux_dataout~1   ; out0             ;
; |lab6_stack_rtl_view_top|lab6_stack_top:U_STACK_SYSTEM|stack7x16:U_STACK|lpm_mux:Mux10|mux_5oc:auto_generated|l1_w0_n3_mux_dataout~0   ; |lab6_stack_rtl_view_top|lab6_stack_top:U_STACK_SYSTEM|stack7x16:U_STACK|lpm_mux:Mux10|mux_5oc:auto_generated|l1_w0_n3_mux_dataout~0   ; out0             ;
; |lab6_stack_rtl_view_top|lab6_stack_top:U_STACK_SYSTEM|stack7x16:U_STACK|lpm_mux:Mux9|mux_5oc:auto_generated|l1_w0_n0_mux_dataout~0    ; |lab6_stack_rtl_view_top|lab6_stack_top:U_STACK_SYSTEM|stack7x16:U_STACK|lpm_mux:Mux9|mux_5oc:auto_generated|l1_w0_n0_mux_dataout~0    ; out0             ;
; |lab6_stack_rtl_view_top|lab6_stack_top:U_STACK_SYSTEM|stack7x16:U_STACK|lpm_mux:Mux9|mux_5oc:auto_generated|l1_w0_n0_mux_dataout~1    ; |lab6_stack_rtl_view_top|lab6_stack_top:U_STACK_SYSTEM|stack7x16:U_STACK|lpm_mux:Mux9|mux_5oc:auto_generated|l1_w0_n0_mux_dataout~1    ; out0             ;
; |lab6_stack_rtl_view_top|lab6_stack_top:U_STACK_SYSTEM|stack7x16:U_STACK|lpm_mux:Mux9|mux_5oc:auto_generated|l1_w0_n0_mux_dataout      ; |lab6_stack_rtl_view_top|lab6_stack_top:U_STACK_SYSTEM|stack7x16:U_STACK|lpm_mux:Mux9|mux_5oc:auto_generated|l1_w0_n0_mux_dataout      ; out0             ;
; |lab6_stack_rtl_view_top|lab6_stack_top:U_STACK_SYSTEM|stack7x16:U_STACK|lpm_mux:Mux9|mux_5oc:auto_generated|l1_w0_n1_mux_dataout~1    ; |lab6_stack_rtl_view_top|lab6_stack_top:U_STACK_SYSTEM|stack7x16:U_STACK|lpm_mux:Mux9|mux_5oc:auto_generated|l1_w0_n1_mux_dataout~1    ; out0             ;
; |lab6_stack_rtl_view_top|lab6_stack_top:U_STACK_SYSTEM|stack7x16:U_STACK|lpm_mux:Mux9|mux_5oc:auto_generated|l1_w0_n3_mux_dataout~0    ; |lab6_stack_rtl_view_top|lab6_stack_top:U_STACK_SYSTEM|stack7x16:U_STACK|lpm_mux:Mux9|mux_5oc:auto_generated|l1_w0_n3_mux_dataout~0    ; out0             ;
; |lab6_stack_rtl_view_top|lab6_stack_top:U_STACK_SYSTEM|stack7x16:U_STACK|lpm_mux:Mux9|mux_5oc:auto_generated|l2_w0_n0_mux_dataout~1    ; |lab6_stack_rtl_view_top|lab6_stack_top:U_STACK_SYSTEM|stack7x16:U_STACK|lpm_mux:Mux9|mux_5oc:auto_generated|l2_w0_n0_mux_dataout~1    ; out0             ;
; |lab6_stack_rtl_view_top|lab6_stack_top:U_STACK_SYSTEM|stack7x16:U_STACK|lpm_mux:Mux8|mux_5oc:auto_generated|l1_w0_n0_mux_dataout~0    ; |lab6_stack_rtl_view_top|lab6_stack_top:U_STACK_SYSTEM|stack7x16:U_STACK|lpm_mux:Mux8|mux_5oc:auto_generated|l1_w0_n0_mux_dataout~0    ; out0             ;
; |lab6_stack_rtl_view_top|lab6_stack_top:U_STACK_SYSTEM|stack7x16:U_STACK|lpm_mux:Mux8|mux_5oc:auto_generated|l1_w0_n0_mux_dataout~1    ; |lab6_stack_rtl_view_top|lab6_stack_top:U_STACK_SYSTEM|stack7x16:U_STACK|lpm_mux:Mux8|mux_5oc:auto_generated|l1_w0_n0_mux_dataout~1    ; out0             ;
; |lab6_stack_rtl_view_top|lab6_stack_top:U_STACK_SYSTEM|stack7x16:U_STACK|lpm_mux:Mux8|mux_5oc:auto_generated|l1_w0_n0_mux_dataout      ; |lab6_stack_rtl_view_top|lab6_stack_top:U_STACK_SYSTEM|stack7x16:U_STACK|lpm_mux:Mux8|mux_5oc:auto_generated|l1_w0_n0_mux_dataout      ; out0             ;
; |lab6_stack_rtl_view_top|lab6_stack_top:U_STACK_SYSTEM|stack7x16:U_STACK|lpm_mux:Mux8|mux_5oc:auto_generated|l1_w0_n1_mux_dataout~0    ; |lab6_stack_rtl_view_top|lab6_stack_top:U_STACK_SYSTEM|stack7x16:U_STACK|lpm_mux:Mux8|mux_5oc:auto_generated|l1_w0_n1_mux_dataout~0    ; out0             ;
; |lab6_stack_rtl_view_top|lab6_stack_top:U_STACK_SYSTEM|stack7x16:U_STACK|lpm_mux:Mux8|mux_5oc:auto_generated|l1_w0_n1_mux_dataout~1    ; |lab6_stack_rtl_view_top|lab6_stack_top:U_STACK_SYSTEM|stack7x16:U_STACK|lpm_mux:Mux8|mux_5oc:auto_generated|l1_w0_n1_mux_dataout~1    ; out0             ;
; |lab6_stack_rtl_view_top|lab6_stack_top:U_STACK_SYSTEM|stack7x16:U_STACK|lpm_mux:Mux8|mux_5oc:auto_generated|l1_w0_n1_mux_dataout      ; |lab6_stack_rtl_view_top|lab6_stack_top:U_STACK_SYSTEM|stack7x16:U_STACK|lpm_mux:Mux8|mux_5oc:auto_generated|l1_w0_n1_mux_dataout      ; out0             ;
; |lab6_stack_rtl_view_top|lab6_stack_top:U_STACK_SYSTEM|stack7x16:U_STACK|lpm_mux:Mux8|mux_5oc:auto_generated|l1_w0_n2_mux_dataout~0    ; |lab6_stack_rtl_view_top|lab6_stack_top:U_STACK_SYSTEM|stack7x16:U_STACK|lpm_mux:Mux8|mux_5oc:auto_generated|l1_w0_n2_mux_dataout~0    ; out0             ;
; |lab6_stack_rtl_view_top|lab6_stack_top:U_STACK_SYSTEM|stack7x16:U_STACK|lpm_mux:Mux8|mux_5oc:auto_generated|l1_w0_n2_mux_dataout~1    ; |lab6_stack_rtl_view_top|lab6_stack_top:U_STACK_SYSTEM|stack7x16:U_STACK|lpm_mux:Mux8|mux_5oc:auto_generated|l1_w0_n2_mux_dataout~1    ; out0             ;
; |lab6_stack_rtl_view_top|lab6_stack_top:U_STACK_SYSTEM|stack7x16:U_STACK|lpm_mux:Mux8|mux_5oc:auto_generated|l1_w0_n2_mux_dataout      ; |lab6_stack_rtl_view_top|lab6_stack_top:U_STACK_SYSTEM|stack7x16:U_STACK|lpm_mux:Mux8|mux_5oc:auto_generated|l1_w0_n2_mux_dataout      ; out0             ;
; |lab6_stack_rtl_view_top|lab6_stack_top:U_STACK_SYSTEM|stack7x16:U_STACK|lpm_mux:Mux8|mux_5oc:auto_generated|l1_w0_n3_mux_dataout~0    ; |lab6_stack_rtl_view_top|lab6_stack_top:U_STACK_SYSTEM|stack7x16:U_STACK|lpm_mux:Mux8|mux_5oc:auto_generated|l1_w0_n3_mux_dataout~0    ; out0             ;
; |lab6_stack_rtl_view_top|lab6_stack_top:U_STACK_SYSTEM|stack7x16:U_STACK|lpm_mux:Mux8|mux_5oc:auto_generated|l1_w0_n3_mux_dataout~1    ; |lab6_stack_rtl_view_top|lab6_stack_top:U_STACK_SYSTEM|stack7x16:U_STACK|lpm_mux:Mux8|mux_5oc:auto_generated|l1_w0_n3_mux_dataout~1    ; out0             ;
; |lab6_stack_rtl_view_top|lab6_stack_top:U_STACK_SYSTEM|stack7x16:U_STACK|lpm_mux:Mux8|mux_5oc:auto_generated|l1_w0_n3_mux_dataout      ; |lab6_stack_rtl_view_top|lab6_stack_top:U_STACK_SYSTEM|stack7x16:U_STACK|lpm_mux:Mux8|mux_5oc:auto_generated|l1_w0_n3_mux_dataout      ; out0             ;
; |lab6_stack_rtl_view_top|lab6_stack_top:U_STACK_SYSTEM|stack7x16:U_STACK|lpm_mux:Mux8|mux_5oc:auto_generated|l2_w0_n0_mux_dataout~0    ; |lab6_stack_rtl_view_top|lab6_stack_top:U_STACK_SYSTEM|stack7x16:U_STACK|lpm_mux:Mux8|mux_5oc:auto_generated|l2_w0_n0_mux_dataout~0    ; out0             ;
; |lab6_stack_rtl_view_top|lab6_stack_top:U_STACK_SYSTEM|stack7x16:U_STACK|lpm_mux:Mux8|mux_5oc:auto_generated|l2_w0_n0_mux_dataout~1    ; |lab6_stack_rtl_view_top|lab6_stack_top:U_STACK_SYSTEM|stack7x16:U_STACK|lpm_mux:Mux8|mux_5oc:auto_generated|l2_w0_n0_mux_dataout~1    ; out0             ;
; |lab6_stack_rtl_view_top|lab6_stack_top:U_STACK_SYSTEM|stack7x16:U_STACK|lpm_mux:Mux8|mux_5oc:auto_generated|l2_w0_n0_mux_dataout      ; |lab6_stack_rtl_view_top|lab6_stack_top:U_STACK_SYSTEM|stack7x16:U_STACK|lpm_mux:Mux8|mux_5oc:auto_generated|l2_w0_n0_mux_dataout      ; out0             ;
; |lab6_stack_rtl_view_top|lab6_stack_top:U_STACK_SYSTEM|stack7x16:U_STACK|lpm_mux:Mux8|mux_5oc:auto_generated|l2_w0_n1_mux_dataout~0    ; |lab6_stack_rtl_view_top|lab6_stack_top:U_STACK_SYSTEM|stack7x16:U_STACK|lpm_mux:Mux8|mux_5oc:auto_generated|l2_w0_n1_mux_dataout~0    ; out0             ;
; |lab6_stack_rtl_view_top|lab6_stack_top:U_STACK_SYSTEM|stack7x16:U_STACK|lpm_mux:Mux8|mux_5oc:auto_generated|l2_w0_n1_mux_dataout~1    ; |lab6_stack_rtl_view_top|lab6_stack_top:U_STACK_SYSTEM|stack7x16:U_STACK|lpm_mux:Mux8|mux_5oc:auto_generated|l2_w0_n1_mux_dataout~1    ; out0             ;
; |lab6_stack_rtl_view_top|lab6_stack_top:U_STACK_SYSTEM|stack7x16:U_STACK|lpm_mux:Mux8|mux_5oc:auto_generated|l2_w0_n1_mux_dataout      ; |lab6_stack_rtl_view_top|lab6_stack_top:U_STACK_SYSTEM|stack7x16:U_STACK|lpm_mux:Mux8|mux_5oc:auto_generated|l2_w0_n1_mux_dataout      ; out0             ;
; |lab6_stack_rtl_view_top|lab6_stack_top:U_STACK_SYSTEM|stack7x16:U_STACK|lpm_mux:Mux8|mux_5oc:auto_generated|l3_w0_n0_mux_dataout~0    ; |lab6_stack_rtl_view_top|lab6_stack_top:U_STACK_SYSTEM|stack7x16:U_STACK|lpm_mux:Mux8|mux_5oc:auto_generated|l3_w0_n0_mux_dataout~0    ; out0             ;
; |lab6_stack_rtl_view_top|lab6_stack_top:U_STACK_SYSTEM|stack7x16:U_STACK|lpm_mux:Mux8|mux_5oc:auto_generated|l3_w0_n0_mux_dataout~1    ; |lab6_stack_rtl_view_top|lab6_stack_top:U_STACK_SYSTEM|stack7x16:U_STACK|lpm_mux:Mux8|mux_5oc:auto_generated|l3_w0_n0_mux_dataout~1    ; out0             ;
; |lab6_stack_rtl_view_top|lab6_stack_top:U_STACK_SYSTEM|stack7x16:U_STACK|lpm_mux:Mux8|mux_5oc:auto_generated|l3_w0_n0_mux_dataout      ; |lab6_stack_rtl_view_top|lab6_stack_top:U_STACK_SYSTEM|stack7x16:U_STACK|lpm_mux:Mux8|mux_5oc:auto_generated|l3_w0_n0_mux_dataout      ; out0             ;
; |lab6_stack_rtl_view_top|lab6_stack_top:U_STACK_SYSTEM|stack7x16:U_STACK|lpm_mux:Mux7|mux_5oc:auto_generated|l1_w0_n0_mux_dataout~0    ; |lab6_stack_rtl_view_top|lab6_stack_top:U_STACK_SYSTEM|stack7x16:U_STACK|lpm_mux:Mux7|mux_5oc:auto_generated|l1_w0_n0_mux_dataout~0    ; out0             ;
; |lab6_stack_rtl_view_top|lab6_stack_top:U_STACK_SYSTEM|stack7x16:U_STACK|lpm_mux:Mux7|mux_5oc:auto_generated|l1_w0_n1_mux_dataout~0    ; |lab6_stack_rtl_view_top|lab6_stack_top:U_STACK_SYSTEM|stack7x16:U_STACK|lpm_mux:Mux7|mux_5oc:auto_generated|l1_w0_n1_mux_dataout~0    ; out0             ;
; |lab6_stack_rtl_view_top|lab6_stack_top:U_STACK_SYSTEM|stack7x16:U_STACK|lpm_mux:Mux7|mux_5oc:auto_generated|l1_w0_n2_mux_dataout~0    ; |lab6_stack_rtl_view_top|lab6_stack_top:U_STACK_SYSTEM|stack7x16:U_STACK|lpm_mux:Mux7|mux_5oc:auto_generated|l1_w0_n2_mux_dataout~0    ; out0             ;
; |lab6_stack_rtl_view_top|lab6_stack_top:U_STACK_SYSTEM|stack7x16:U_STACK|lpm_mux:Mux7|mux_5oc:auto_generated|l1_w0_n3_mux_dataout~0    ; |lab6_stack_rtl_view_top|lab6_stack_top:U_STACK_SYSTEM|stack7x16:U_STACK|lpm_mux:Mux7|mux_5oc:auto_generated|l1_w0_n3_mux_dataout~0    ; out0             ;
; |lab6_stack_rtl_view_top|lab6_stack_top:U_STACK_SYSTEM|stack7x16:U_STACK|lpm_mux:Mux6|mux_5oc:auto_generated|l1_w0_n0_mux_dataout~1    ; |lab6_stack_rtl_view_top|lab6_stack_top:U_STACK_SYSTEM|stack7x16:U_STACK|lpm_mux:Mux6|mux_5oc:auto_generated|l1_w0_n0_mux_dataout~1    ; out0             ;
; |lab6_stack_rtl_view_top|lab6_stack_top:U_STACK_SYSTEM|stack7x16:U_STACK|lpm_mux:Mux6|mux_5oc:auto_generated|l1_w0_n1_mux_dataout~0    ; |lab6_stack_rtl_view_top|lab6_stack_top:U_STACK_SYSTEM|stack7x16:U_STACK|lpm_mux:Mux6|mux_5oc:auto_generated|l1_w0_n1_mux_dataout~0    ; out0             ;
; |lab6_stack_rtl_view_top|lab6_stack_top:U_STACK_SYSTEM|stack7x16:U_STACK|lpm_mux:Mux6|mux_5oc:auto_generated|l1_w0_n2_mux_dataout~1    ; |lab6_stack_rtl_view_top|lab6_stack_top:U_STACK_SYSTEM|stack7x16:U_STACK|lpm_mux:Mux6|mux_5oc:auto_generated|l1_w0_n2_mux_dataout~1    ; out0             ;
; |lab6_stack_rtl_view_top|lab6_stack_top:U_STACK_SYSTEM|stack7x16:U_STACK|lpm_mux:Mux6|mux_5oc:auto_generated|l1_w0_n3_mux_dataout~0    ; |lab6_stack_rtl_view_top|lab6_stack_top:U_STACK_SYSTEM|stack7x16:U_STACK|lpm_mux:Mux6|mux_5oc:auto_generated|l1_w0_n3_mux_dataout~0    ; out0             ;
; |lab6_stack_rtl_view_top|lab6_stack_top:U_STACK_SYSTEM|stack7x16:U_STACK|lpm_mux:Mux5|mux_5oc:auto_generated|l1_w0_n0_mux_dataout~0    ; |lab6_stack_rtl_view_top|lab6_stack_top:U_STACK_SYSTEM|stack7x16:U_STACK|lpm_mux:Mux5|mux_5oc:auto_generated|l1_w0_n0_mux_dataout~0    ; out0             ;
; |lab6_stack_rtl_view_top|lab6_stack_top:U_STACK_SYSTEM|stack7x16:U_STACK|lpm_mux:Mux5|mux_5oc:auto_generated|l1_w0_n0_mux_dataout~1    ; |lab6_stack_rtl_view_top|lab6_stack_top:U_STACK_SYSTEM|stack7x16:U_STACK|lpm_mux:Mux5|mux_5oc:auto_generated|l1_w0_n0_mux_dataout~1    ; out0             ;
; |lab6_stack_rtl_view_top|lab6_stack_top:U_STACK_SYSTEM|stack7x16:U_STACK|lpm_mux:Mux5|mux_5oc:auto_generated|l1_w0_n0_mux_dataout      ; |lab6_stack_rtl_view_top|lab6_stack_top:U_STACK_SYSTEM|stack7x16:U_STACK|lpm_mux:Mux5|mux_5oc:auto_generated|l1_w0_n0_mux_dataout      ; out0             ;
; |lab6_stack_rtl_view_top|lab6_stack_top:U_STACK_SYSTEM|stack7x16:U_STACK|lpm_mux:Mux5|mux_5oc:auto_generated|l1_w0_n1_mux_dataout~1    ; |lab6_stack_rtl_view_top|lab6_stack_top:U_STACK_SYSTEM|stack7x16:U_STACK|lpm_mux:Mux5|mux_5oc:auto_generated|l1_w0_n1_mux_dataout~1    ; out0             ;
; |lab6_stack_rtl_view_top|lab6_stack_top:U_STACK_SYSTEM|stack7x16:U_STACK|lpm_mux:Mux5|mux_5oc:auto_generated|l1_w0_n3_mux_dataout~0    ; |lab6_stack_rtl_view_top|lab6_stack_top:U_STACK_SYSTEM|stack7x16:U_STACK|lpm_mux:Mux5|mux_5oc:auto_generated|l1_w0_n3_mux_dataout~0    ; out0             ;
; |lab6_stack_rtl_view_top|lab6_stack_top:U_STACK_SYSTEM|stack7x16:U_STACK|lpm_mux:Mux5|mux_5oc:auto_generated|l2_w0_n0_mux_dataout~1    ; |lab6_stack_rtl_view_top|lab6_stack_top:U_STACK_SYSTEM|stack7x16:U_STACK|lpm_mux:Mux5|mux_5oc:auto_generated|l2_w0_n0_mux_dataout~1    ; out0             ;
; |lab6_stack_rtl_view_top|lab6_stack_top:U_STACK_SYSTEM|stack7x16:U_STACK|lpm_mux:Mux4|mux_5oc:auto_generated|l1_w0_n0_mux_dataout~0    ; |lab6_stack_rtl_view_top|lab6_stack_top:U_STACK_SYSTEM|stack7x16:U_STACK|lpm_mux:Mux4|mux_5oc:auto_generated|l1_w0_n0_mux_dataout~0    ; out0             ;
; |lab6_stack_rtl_view_top|lab6_stack_top:U_STACK_SYSTEM|stack7x16:U_STACK|lpm_mux:Mux4|mux_5oc:auto_generated|l1_w0_n0_mux_dataout~1    ; |lab6_stack_rtl_view_top|lab6_stack_top:U_STACK_SYSTEM|stack7x16:U_STACK|lpm_mux:Mux4|mux_5oc:auto_generated|l1_w0_n0_mux_dataout~1    ; out0             ;
; |lab6_stack_rtl_view_top|lab6_stack_top:U_STACK_SYSTEM|stack7x16:U_STACK|lpm_mux:Mux4|mux_5oc:auto_generated|l1_w0_n0_mux_dataout      ; |lab6_stack_rtl_view_top|lab6_stack_top:U_STACK_SYSTEM|stack7x16:U_STACK|lpm_mux:Mux4|mux_5oc:auto_generated|l1_w0_n0_mux_dataout      ; out0             ;
; |lab6_stack_rtl_view_top|lab6_stack_top:U_STACK_SYSTEM|stack7x16:U_STACK|lpm_mux:Mux4|mux_5oc:auto_generated|l1_w0_n1_mux_dataout~0    ; |lab6_stack_rtl_view_top|lab6_stack_top:U_STACK_SYSTEM|stack7x16:U_STACK|lpm_mux:Mux4|mux_5oc:auto_generated|l1_w0_n1_mux_dataout~0    ; out0             ;
; |lab6_stack_rtl_view_top|lab6_stack_top:U_STACK_SYSTEM|stack7x16:U_STACK|lpm_mux:Mux4|mux_5oc:auto_generated|l1_w0_n1_mux_dataout~1    ; |lab6_stack_rtl_view_top|lab6_stack_top:U_STACK_SYSTEM|stack7x16:U_STACK|lpm_mux:Mux4|mux_5oc:auto_generated|l1_w0_n1_mux_dataout~1    ; out0             ;
; |lab6_stack_rtl_view_top|lab6_stack_top:U_STACK_SYSTEM|stack7x16:U_STACK|lpm_mux:Mux4|mux_5oc:auto_generated|l1_w0_n1_mux_dataout      ; |lab6_stack_rtl_view_top|lab6_stack_top:U_STACK_SYSTEM|stack7x16:U_STACK|lpm_mux:Mux4|mux_5oc:auto_generated|l1_w0_n1_mux_dataout      ; out0             ;
; |lab6_stack_rtl_view_top|lab6_stack_top:U_STACK_SYSTEM|stack7x16:U_STACK|lpm_mux:Mux4|mux_5oc:auto_generated|l1_w0_n2_mux_dataout~0    ; |lab6_stack_rtl_view_top|lab6_stack_top:U_STACK_SYSTEM|stack7x16:U_STACK|lpm_mux:Mux4|mux_5oc:auto_generated|l1_w0_n2_mux_dataout~0    ; out0             ;
; |lab6_stack_rtl_view_top|lab6_stack_top:U_STACK_SYSTEM|stack7x16:U_STACK|lpm_mux:Mux4|mux_5oc:auto_generated|l1_w0_n2_mux_dataout~1    ; |lab6_stack_rtl_view_top|lab6_stack_top:U_STACK_SYSTEM|stack7x16:U_STACK|lpm_mux:Mux4|mux_5oc:auto_generated|l1_w0_n2_mux_dataout~1    ; out0             ;
; |lab6_stack_rtl_view_top|lab6_stack_top:U_STACK_SYSTEM|stack7x16:U_STACK|lpm_mux:Mux4|mux_5oc:auto_generated|l1_w0_n2_mux_dataout      ; |lab6_stack_rtl_view_top|lab6_stack_top:U_STACK_SYSTEM|stack7x16:U_STACK|lpm_mux:Mux4|mux_5oc:auto_generated|l1_w0_n2_mux_dataout      ; out0             ;
; |lab6_stack_rtl_view_top|lab6_stack_top:U_STACK_SYSTEM|stack7x16:U_STACK|lpm_mux:Mux4|mux_5oc:auto_generated|l1_w0_n3_mux_dataout~0    ; |lab6_stack_rtl_view_top|lab6_stack_top:U_STACK_SYSTEM|stack7x16:U_STACK|lpm_mux:Mux4|mux_5oc:auto_generated|l1_w0_n3_mux_dataout~0    ; out0             ;
; |lab6_stack_rtl_view_top|lab6_stack_top:U_STACK_SYSTEM|stack7x16:U_STACK|lpm_mux:Mux4|mux_5oc:auto_generated|l1_w0_n3_mux_dataout~1    ; |lab6_stack_rtl_view_top|lab6_stack_top:U_STACK_SYSTEM|stack7x16:U_STACK|lpm_mux:Mux4|mux_5oc:auto_generated|l1_w0_n3_mux_dataout~1    ; out0             ;
; |lab6_stack_rtl_view_top|lab6_stack_top:U_STACK_SYSTEM|stack7x16:U_STACK|lpm_mux:Mux4|mux_5oc:auto_generated|l1_w0_n3_mux_dataout      ; |lab6_stack_rtl_view_top|lab6_stack_top:U_STACK_SYSTEM|stack7x16:U_STACK|lpm_mux:Mux4|mux_5oc:auto_generated|l1_w0_n3_mux_dataout      ; out0             ;
; |lab6_stack_rtl_view_top|lab6_stack_top:U_STACK_SYSTEM|stack7x16:U_STACK|lpm_mux:Mux4|mux_5oc:auto_generated|l2_w0_n0_mux_dataout~0    ; |lab6_stack_rtl_view_top|lab6_stack_top:U_STACK_SYSTEM|stack7x16:U_STACK|lpm_mux:Mux4|mux_5oc:auto_generated|l2_w0_n0_mux_dataout~0    ; out0             ;
; |lab6_stack_rtl_view_top|lab6_stack_top:U_STACK_SYSTEM|stack7x16:U_STACK|lpm_mux:Mux4|mux_5oc:auto_generated|l2_w0_n0_mux_dataout~1    ; |lab6_stack_rtl_view_top|lab6_stack_top:U_STACK_SYSTEM|stack7x16:U_STACK|lpm_mux:Mux4|mux_5oc:auto_generated|l2_w0_n0_mux_dataout~1    ; out0             ;
; |lab6_stack_rtl_view_top|lab6_stack_top:U_STACK_SYSTEM|stack7x16:U_STACK|lpm_mux:Mux4|mux_5oc:auto_generated|l2_w0_n0_mux_dataout      ; |lab6_stack_rtl_view_top|lab6_stack_top:U_STACK_SYSTEM|stack7x16:U_STACK|lpm_mux:Mux4|mux_5oc:auto_generated|l2_w0_n0_mux_dataout      ; out0             ;
; |lab6_stack_rtl_view_top|lab6_stack_top:U_STACK_SYSTEM|stack7x16:U_STACK|lpm_mux:Mux4|mux_5oc:auto_generated|l2_w0_n1_mux_dataout~0    ; |lab6_stack_rtl_view_top|lab6_stack_top:U_STACK_SYSTEM|stack7x16:U_STACK|lpm_mux:Mux4|mux_5oc:auto_generated|l2_w0_n1_mux_dataout~0    ; out0             ;
; |lab6_stack_rtl_view_top|lab6_stack_top:U_STACK_SYSTEM|stack7x16:U_STACK|lpm_mux:Mux4|mux_5oc:auto_generated|l2_w0_n1_mux_dataout~1    ; |lab6_stack_rtl_view_top|lab6_stack_top:U_STACK_SYSTEM|stack7x16:U_STACK|lpm_mux:Mux4|mux_5oc:auto_generated|l2_w0_n1_mux_dataout~1    ; out0             ;
; |lab6_stack_rtl_view_top|lab6_stack_top:U_STACK_SYSTEM|stack7x16:U_STACK|lpm_mux:Mux4|mux_5oc:auto_generated|l2_w0_n1_mux_dataout      ; |lab6_stack_rtl_view_top|lab6_stack_top:U_STACK_SYSTEM|stack7x16:U_STACK|lpm_mux:Mux4|mux_5oc:auto_generated|l2_w0_n1_mux_dataout      ; out0             ;
; |lab6_stack_rtl_view_top|lab6_stack_top:U_STACK_SYSTEM|stack7x16:U_STACK|lpm_mux:Mux4|mux_5oc:auto_generated|l3_w0_n0_mux_dataout~0    ; |lab6_stack_rtl_view_top|lab6_stack_top:U_STACK_SYSTEM|stack7x16:U_STACK|lpm_mux:Mux4|mux_5oc:auto_generated|l3_w0_n0_mux_dataout~0    ; out0             ;
; |lab6_stack_rtl_view_top|lab6_stack_top:U_STACK_SYSTEM|stack7x16:U_STACK|lpm_mux:Mux4|mux_5oc:auto_generated|l3_w0_n0_mux_dataout~1    ; |lab6_stack_rtl_view_top|lab6_stack_top:U_STACK_SYSTEM|stack7x16:U_STACK|lpm_mux:Mux4|mux_5oc:auto_generated|l3_w0_n0_mux_dataout~1    ; out0             ;
; |lab6_stack_rtl_view_top|lab6_stack_top:U_STACK_SYSTEM|stack7x16:U_STACK|lpm_mux:Mux4|mux_5oc:auto_generated|l3_w0_n0_mux_dataout      ; |lab6_stack_rtl_view_top|lab6_stack_top:U_STACK_SYSTEM|stack7x16:U_STACK|lpm_mux:Mux4|mux_5oc:auto_generated|l3_w0_n0_mux_dataout      ; out0             ;
; |lab6_stack_rtl_view_top|lab6_stack_top:U_STACK_SYSTEM|stack7x16:U_STACK|lpm_mux:Mux3|mux_5oc:auto_generated|l1_w0_n0_mux_dataout~0    ; |lab6_stack_rtl_view_top|lab6_stack_top:U_STACK_SYSTEM|stack7x16:U_STACK|lpm_mux:Mux3|mux_5oc:auto_generated|l1_w0_n0_mux_dataout~0    ; out0             ;
; |lab6_stack_rtl_view_top|lab6_stack_top:U_STACK_SYSTEM|stack7x16:U_STACK|lpm_mux:Mux3|mux_5oc:auto_generated|l1_w0_n1_mux_dataout~0    ; |lab6_stack_rtl_view_top|lab6_stack_top:U_STACK_SYSTEM|stack7x16:U_STACK|lpm_mux:Mux3|mux_5oc:auto_generated|l1_w0_n1_mux_dataout~0    ; out0             ;
; |lab6_stack_rtl_view_top|lab6_stack_top:U_STACK_SYSTEM|stack7x16:U_STACK|lpm_mux:Mux3|mux_5oc:auto_generated|l1_w0_n2_mux_dataout~0    ; |lab6_stack_rtl_view_top|lab6_stack_top:U_STACK_SYSTEM|stack7x16:U_STACK|lpm_mux:Mux3|mux_5oc:auto_generated|l1_w0_n2_mux_dataout~0    ; out0             ;
; |lab6_stack_rtl_view_top|lab6_stack_top:U_STACK_SYSTEM|stack7x16:U_STACK|lpm_mux:Mux3|mux_5oc:auto_generated|l1_w0_n3_mux_dataout~0    ; |lab6_stack_rtl_view_top|lab6_stack_top:U_STACK_SYSTEM|stack7x16:U_STACK|lpm_mux:Mux3|mux_5oc:auto_generated|l1_w0_n3_mux_dataout~0    ; out0             ;
; |lab6_stack_rtl_view_top|lab6_stack_top:U_STACK_SYSTEM|stack7x16:U_STACK|lpm_mux:Mux2|mux_5oc:auto_generated|l1_w0_n0_mux_dataout~1    ; |lab6_stack_rtl_view_top|lab6_stack_top:U_STACK_SYSTEM|stack7x16:U_STACK|lpm_mux:Mux2|mux_5oc:auto_generated|l1_w0_n0_mux_dataout~1    ; out0             ;
; |lab6_stack_rtl_view_top|lab6_stack_top:U_STACK_SYSTEM|stack7x16:U_STACK|lpm_mux:Mux2|mux_5oc:auto_generated|l1_w0_n1_mux_dataout~0    ; |lab6_stack_rtl_view_top|lab6_stack_top:U_STACK_SYSTEM|stack7x16:U_STACK|lpm_mux:Mux2|mux_5oc:auto_generated|l1_w0_n1_mux_dataout~0    ; out0             ;
; |lab6_stack_rtl_view_top|lab6_stack_top:U_STACK_SYSTEM|stack7x16:U_STACK|lpm_mux:Mux2|mux_5oc:auto_generated|l1_w0_n2_mux_dataout~1    ; |lab6_stack_rtl_view_top|lab6_stack_top:U_STACK_SYSTEM|stack7x16:U_STACK|lpm_mux:Mux2|mux_5oc:auto_generated|l1_w0_n2_mux_dataout~1    ; out0             ;
; |lab6_stack_rtl_view_top|lab6_stack_top:U_STACK_SYSTEM|stack7x16:U_STACK|lpm_mux:Mux2|mux_5oc:auto_generated|l1_w0_n3_mux_dataout~0    ; |lab6_stack_rtl_view_top|lab6_stack_top:U_STACK_SYSTEM|stack7x16:U_STACK|lpm_mux:Mux2|mux_5oc:auto_generated|l1_w0_n3_mux_dataout~0    ; out0             ;
; |lab6_stack_rtl_view_top|lab6_stack_top:U_STACK_SYSTEM|stack7x16:U_STACK|lpm_mux:Mux1|mux_5oc:auto_generated|l1_w0_n0_mux_dataout~0    ; |lab6_stack_rtl_view_top|lab6_stack_top:U_STACK_SYSTEM|stack7x16:U_STACK|lpm_mux:Mux1|mux_5oc:auto_generated|l1_w0_n0_mux_dataout~0    ; out0             ;
; |lab6_stack_rtl_view_top|lab6_stack_top:U_STACK_SYSTEM|stack7x16:U_STACK|lpm_mux:Mux1|mux_5oc:auto_generated|l1_w0_n0_mux_dataout~1    ; |lab6_stack_rtl_view_top|lab6_stack_top:U_STACK_SYSTEM|stack7x16:U_STACK|lpm_mux:Mux1|mux_5oc:auto_generated|l1_w0_n0_mux_dataout~1    ; out0             ;
; |lab6_stack_rtl_view_top|lab6_stack_top:U_STACK_SYSTEM|stack7x16:U_STACK|lpm_mux:Mux1|mux_5oc:auto_generated|l1_w0_n0_mux_dataout      ; |lab6_stack_rtl_view_top|lab6_stack_top:U_STACK_SYSTEM|stack7x16:U_STACK|lpm_mux:Mux1|mux_5oc:auto_generated|l1_w0_n0_mux_dataout      ; out0             ;
; |lab6_stack_rtl_view_top|lab6_stack_top:U_STACK_SYSTEM|stack7x16:U_STACK|lpm_mux:Mux1|mux_5oc:auto_generated|l1_w0_n1_mux_dataout~1    ; |lab6_stack_rtl_view_top|lab6_stack_top:U_STACK_SYSTEM|stack7x16:U_STACK|lpm_mux:Mux1|mux_5oc:auto_generated|l1_w0_n1_mux_dataout~1    ; out0             ;
; |lab6_stack_rtl_view_top|lab6_stack_top:U_STACK_SYSTEM|stack7x16:U_STACK|lpm_mux:Mux1|mux_5oc:auto_generated|l1_w0_n3_mux_dataout~0    ; |lab6_stack_rtl_view_top|lab6_stack_top:U_STACK_SYSTEM|stack7x16:U_STACK|lpm_mux:Mux1|mux_5oc:auto_generated|l1_w0_n3_mux_dataout~0    ; out0             ;
; |lab6_stack_rtl_view_top|lab6_stack_top:U_STACK_SYSTEM|stack7x16:U_STACK|lpm_mux:Mux1|mux_5oc:auto_generated|l2_w0_n0_mux_dataout~1    ; |lab6_stack_rtl_view_top|lab6_stack_top:U_STACK_SYSTEM|stack7x16:U_STACK|lpm_mux:Mux1|mux_5oc:auto_generated|l2_w0_n0_mux_dataout~1    ; out0             ;
; |lab6_stack_rtl_view_top|lab6_stack_top:U_STACK_SYSTEM|stack7x16:U_STACK|lpm_mux:Mux0|mux_5oc:auto_generated|l1_w0_n0_mux_dataout~0    ; |lab6_stack_rtl_view_top|lab6_stack_top:U_STACK_SYSTEM|stack7x16:U_STACK|lpm_mux:Mux0|mux_5oc:auto_generated|l1_w0_n0_mux_dataout~0    ; out0             ;
; |lab6_stack_rtl_view_top|lab6_stack_top:U_STACK_SYSTEM|stack7x16:U_STACK|lpm_mux:Mux0|mux_5oc:auto_generated|l1_w0_n0_mux_dataout~1    ; |lab6_stack_rtl_view_top|lab6_stack_top:U_STACK_SYSTEM|stack7x16:U_STACK|lpm_mux:Mux0|mux_5oc:auto_generated|l1_w0_n0_mux_dataout~1    ; out0             ;
; |lab6_stack_rtl_view_top|lab6_stack_top:U_STACK_SYSTEM|stack7x16:U_STACK|lpm_mux:Mux0|mux_5oc:auto_generated|l1_w0_n0_mux_dataout      ; |lab6_stack_rtl_view_top|lab6_stack_top:U_STACK_SYSTEM|stack7x16:U_STACK|lpm_mux:Mux0|mux_5oc:auto_generated|l1_w0_n0_mux_dataout      ; out0             ;
; |lab6_stack_rtl_view_top|lab6_stack_top:U_STACK_SYSTEM|stack7x16:U_STACK|lpm_mux:Mux0|mux_5oc:auto_generated|l1_w0_n1_mux_dataout~0    ; |lab6_stack_rtl_view_top|lab6_stack_top:U_STACK_SYSTEM|stack7x16:U_STACK|lpm_mux:Mux0|mux_5oc:auto_generated|l1_w0_n1_mux_dataout~0    ; out0             ;
; |lab6_stack_rtl_view_top|lab6_stack_top:U_STACK_SYSTEM|stack7x16:U_STACK|lpm_mux:Mux0|mux_5oc:auto_generated|l1_w0_n1_mux_dataout~1    ; |lab6_stack_rtl_view_top|lab6_stack_top:U_STACK_SYSTEM|stack7x16:U_STACK|lpm_mux:Mux0|mux_5oc:auto_generated|l1_w0_n1_mux_dataout~1    ; out0             ;
; |lab6_stack_rtl_view_top|lab6_stack_top:U_STACK_SYSTEM|stack7x16:U_STACK|lpm_mux:Mux0|mux_5oc:auto_generated|l1_w0_n1_mux_dataout      ; |lab6_stack_rtl_view_top|lab6_stack_top:U_STACK_SYSTEM|stack7x16:U_STACK|lpm_mux:Mux0|mux_5oc:auto_generated|l1_w0_n1_mux_dataout      ; out0             ;
; |lab6_stack_rtl_view_top|lab6_stack_top:U_STACK_SYSTEM|stack7x16:U_STACK|lpm_mux:Mux0|mux_5oc:auto_generated|l1_w0_n2_mux_dataout~0    ; |lab6_stack_rtl_view_top|lab6_stack_top:U_STACK_SYSTEM|stack7x16:U_STACK|lpm_mux:Mux0|mux_5oc:auto_generated|l1_w0_n2_mux_dataout~0    ; out0             ;
; |lab6_stack_rtl_view_top|lab6_stack_top:U_STACK_SYSTEM|stack7x16:U_STACK|lpm_mux:Mux0|mux_5oc:auto_generated|l1_w0_n2_mux_dataout~1    ; |lab6_stack_rtl_view_top|lab6_stack_top:U_STACK_SYSTEM|stack7x16:U_STACK|lpm_mux:Mux0|mux_5oc:auto_generated|l1_w0_n2_mux_dataout~1    ; out0             ;
; |lab6_stack_rtl_view_top|lab6_stack_top:U_STACK_SYSTEM|stack7x16:U_STACK|lpm_mux:Mux0|mux_5oc:auto_generated|l1_w0_n2_mux_dataout      ; |lab6_stack_rtl_view_top|lab6_stack_top:U_STACK_SYSTEM|stack7x16:U_STACK|lpm_mux:Mux0|mux_5oc:auto_generated|l1_w0_n2_mux_dataout      ; out0             ;
; |lab6_stack_rtl_view_top|lab6_stack_top:U_STACK_SYSTEM|stack7x16:U_STACK|lpm_mux:Mux0|mux_5oc:auto_generated|l1_w0_n3_mux_dataout~0    ; |lab6_stack_rtl_view_top|lab6_stack_top:U_STACK_SYSTEM|stack7x16:U_STACK|lpm_mux:Mux0|mux_5oc:auto_generated|l1_w0_n3_mux_dataout~0    ; out0             ;
; |lab6_stack_rtl_view_top|lab6_stack_top:U_STACK_SYSTEM|stack7x16:U_STACK|lpm_mux:Mux0|mux_5oc:auto_generated|l1_w0_n3_mux_dataout~1    ; |lab6_stack_rtl_view_top|lab6_stack_top:U_STACK_SYSTEM|stack7x16:U_STACK|lpm_mux:Mux0|mux_5oc:auto_generated|l1_w0_n3_mux_dataout~1    ; out0             ;
; |lab6_stack_rtl_view_top|lab6_stack_top:U_STACK_SYSTEM|stack7x16:U_STACK|lpm_mux:Mux0|mux_5oc:auto_generated|l1_w0_n3_mux_dataout      ; |lab6_stack_rtl_view_top|lab6_stack_top:U_STACK_SYSTEM|stack7x16:U_STACK|lpm_mux:Mux0|mux_5oc:auto_generated|l1_w0_n3_mux_dataout      ; out0             ;
; |lab6_stack_rtl_view_top|lab6_stack_top:U_STACK_SYSTEM|stack7x16:U_STACK|lpm_mux:Mux0|mux_5oc:auto_generated|l2_w0_n0_mux_dataout~0    ; |lab6_stack_rtl_view_top|lab6_stack_top:U_STACK_SYSTEM|stack7x16:U_STACK|lpm_mux:Mux0|mux_5oc:auto_generated|l2_w0_n0_mux_dataout~0    ; out0             ;
; |lab6_stack_rtl_view_top|lab6_stack_top:U_STACK_SYSTEM|stack7x16:U_STACK|lpm_mux:Mux0|mux_5oc:auto_generated|l2_w0_n0_mux_dataout~1    ; |lab6_stack_rtl_view_top|lab6_stack_top:U_STACK_SYSTEM|stack7x16:U_STACK|lpm_mux:Mux0|mux_5oc:auto_generated|l2_w0_n0_mux_dataout~1    ; out0             ;
; |lab6_stack_rtl_view_top|lab6_stack_top:U_STACK_SYSTEM|stack7x16:U_STACK|lpm_mux:Mux0|mux_5oc:auto_generated|l2_w0_n0_mux_dataout      ; |lab6_stack_rtl_view_top|lab6_stack_top:U_STACK_SYSTEM|stack7x16:U_STACK|lpm_mux:Mux0|mux_5oc:auto_generated|l2_w0_n0_mux_dataout      ; out0             ;
; |lab6_stack_rtl_view_top|lab6_stack_top:U_STACK_SYSTEM|stack7x16:U_STACK|lpm_mux:Mux0|mux_5oc:auto_generated|l2_w0_n1_mux_dataout~0    ; |lab6_stack_rtl_view_top|lab6_stack_top:U_STACK_SYSTEM|stack7x16:U_STACK|lpm_mux:Mux0|mux_5oc:auto_generated|l2_w0_n1_mux_dataout~0    ; out0             ;
; |lab6_stack_rtl_view_top|lab6_stack_top:U_STACK_SYSTEM|stack7x16:U_STACK|lpm_mux:Mux0|mux_5oc:auto_generated|l2_w0_n1_mux_dataout~1    ; |lab6_stack_rtl_view_top|lab6_stack_top:U_STACK_SYSTEM|stack7x16:U_STACK|lpm_mux:Mux0|mux_5oc:auto_generated|l2_w0_n1_mux_dataout~1    ; out0             ;
; |lab6_stack_rtl_view_top|lab6_stack_top:U_STACK_SYSTEM|stack7x16:U_STACK|lpm_mux:Mux0|mux_5oc:auto_generated|l2_w0_n1_mux_dataout      ; |lab6_stack_rtl_view_top|lab6_stack_top:U_STACK_SYSTEM|stack7x16:U_STACK|lpm_mux:Mux0|mux_5oc:auto_generated|l2_w0_n1_mux_dataout      ; out0             ;
; |lab6_stack_rtl_view_top|lab6_stack_top:U_STACK_SYSTEM|stack7x16:U_STACK|lpm_mux:Mux0|mux_5oc:auto_generated|l3_w0_n0_mux_dataout~0    ; |lab6_stack_rtl_view_top|lab6_stack_top:U_STACK_SYSTEM|stack7x16:U_STACK|lpm_mux:Mux0|mux_5oc:auto_generated|l3_w0_n0_mux_dataout~0    ; out0             ;
; |lab6_stack_rtl_view_top|lab6_stack_top:U_STACK_SYSTEM|stack7x16:U_STACK|lpm_mux:Mux0|mux_5oc:auto_generated|l3_w0_n0_mux_dataout~1    ; |lab6_stack_rtl_view_top|lab6_stack_top:U_STACK_SYSTEM|stack7x16:U_STACK|lpm_mux:Mux0|mux_5oc:auto_generated|l3_w0_n0_mux_dataout~1    ; out0             ;
; |lab6_stack_rtl_view_top|lab6_stack_top:U_STACK_SYSTEM|stack7x16:U_STACK|lpm_mux:Mux0|mux_5oc:auto_generated|l3_w0_n0_mux_dataout      ; |lab6_stack_rtl_view_top|lab6_stack_top:U_STACK_SYSTEM|stack7x16:U_STACK|lpm_mux:Mux0|mux_5oc:auto_generated|l3_w0_n0_mux_dataout      ; out0             ;
+----------------------------------------------------------------------------------------------------------------------------------------+----------------------------------------------------------------------------------------------------------------------------------------+------------------+


The following table displays output ports that do not toggle to 0 during simulation.
+----------------------------------------------------------------------------------------------------------------------------------------------------------------------------------------------------------------------------------------------------------------------------------------------------+
; Missing 0-Value Coverage                                                                                                                                                                                                                                                                           ;
+----------------------------------------------------------------------------------------------------------------------------------------+----------------------------------------------------------------------------------------------------------------------------------------+------------------+
; Node Name                                                                                                                              ; Output Port Name                                                                                                                       ; Output Port Type ;
+----------------------------------------------------------------------------------------------------------------------------------------+----------------------------------------------------------------------------------------------------------------------------------------+------------------+
; |lab6_stack_rtl_view_top|data_from_register_file_i[3]                                                                                  ; |lab6_stack_rtl_view_top|data_from_register_file_i[3]                                                                                  ; out              ;
; |lab6_stack_rtl_view_top|data_from_register_file_i[7]                                                                                  ; |lab6_stack_rtl_view_top|data_from_register_file_i[7]                                                                                  ; out              ;
; |lab6_stack_rtl_view_top|data_from_register_file_i[11]                                                                                 ; |lab6_stack_rtl_view_top|data_from_register_file_i[11]                                                                                 ; out              ;
; |lab6_stack_rtl_view_top|data_from_register_file_i[15]                                                                                 ; |lab6_stack_rtl_view_top|data_from_register_file_i[15]                                                                                 ; out              ;
; |lab6_stack_rtl_view_top|alu_result_for_push_i[0]                                                                                      ; |lab6_stack_rtl_view_top|alu_result_for_push_i[0]                                                                                      ; out              ;
; |lab6_stack_rtl_view_top|alu_result_for_push_i[1]                                                                                      ; |lab6_stack_rtl_view_top|alu_result_for_push_i[1]                                                                                      ; out              ;
; |lab6_stack_rtl_view_top|alu_result_for_push_i[2]                                                                                      ; |lab6_stack_rtl_view_top|alu_result_for_push_i[2]                                                                                      ; out              ;
; |lab6_stack_rtl_view_top|alu_result_for_push_i[3]                                                                                      ; |lab6_stack_rtl_view_top|alu_result_for_push_i[3]                                                                                      ; out              ;
; |lab6_stack_rtl_view_top|alu_result_for_push_i[4]                                                                                      ; |lab6_stack_rtl_view_top|alu_result_for_push_i[4]                                                                                      ; out              ;
; |lab6_stack_rtl_view_top|alu_result_for_push_i[5]                                                                                      ; |lab6_stack_rtl_view_top|alu_result_for_push_i[5]                                                                                      ; out              ;
; |lab6_stack_rtl_view_top|alu_result_for_push_i[6]                                                                                      ; |lab6_stack_rtl_view_top|alu_result_for_push_i[6]                                                                                      ; out              ;
; |lab6_stack_rtl_view_top|alu_result_for_push_i[7]                                                                                      ; |lab6_stack_rtl_view_top|alu_result_for_push_i[7]                                                                                      ; out              ;
; |lab6_stack_rtl_view_top|alu_result_for_push_i[8]                                                                                      ; |lab6_stack_rtl_view_top|alu_result_for_push_i[8]                                                                                      ; out              ;
; |lab6_stack_rtl_view_top|alu_result_for_push_i[9]                                                                                      ; |lab6_stack_rtl_view_top|alu_result_for_push_i[9]                                                                                      ; out              ;
; |lab6_stack_rtl_view_top|alu_result_for_push_i[10]                                                                                     ; |lab6_stack_rtl_view_top|alu_result_for_push_i[10]                                                                                     ; out              ;
; |lab6_stack_rtl_view_top|alu_result_for_push_i[11]                                                                                     ; |lab6_stack_rtl_view_top|alu_result_for_push_i[11]                                                                                     ; out              ;
; |lab6_stack_rtl_view_top|alu_result_for_push_i[12]                                                                                     ; |lab6_stack_rtl_view_top|alu_result_for_push_i[12]                                                                                     ; out              ;
; |lab6_stack_rtl_view_top|alu_result_for_push_i[13]                                                                                     ; |lab6_stack_rtl_view_top|alu_result_for_push_i[13]                                                                                     ; out              ;
; |lab6_stack_rtl_view_top|alu_result_for_push_i[14]                                                                                     ; |lab6_stack_rtl_view_top|alu_result_for_push_i[14]                                                                                     ; out              ;
; |lab6_stack_rtl_view_top|alu_result_for_push_i[15]                                                                                     ; |lab6_stack_rtl_view_top|alu_result_for_push_i[15]                                                                                     ; out              ;
; |lab6_stack_rtl_view_top|data_popped_to_register_file_o[7]                                                                             ; |lab6_stack_rtl_view_top|data_popped_to_register_file_o[7]                                                                             ; pin_out          ;
; |lab6_stack_rtl_view_top|data_popped_to_register_file_o[11]                                                                            ; |lab6_stack_rtl_view_top|data_popped_to_register_file_o[11]                                                                            ; pin_out          ;
; |lab6_stack_rtl_view_top|data_popped_to_register_file_o[15]                                                                            ; |lab6_stack_rtl_view_top|data_popped_to_register_file_o[15]                                                                            ; pin_out          ;
; |lab6_stack_rtl_view_top|lab6_stack_top:U_STACK_SYSTEM|stack7x16:U_STACK|mem_r~81                                                      ; |lab6_stack_rtl_view_top|lab6_stack_top:U_STACK_SYSTEM|stack7x16:U_STACK|mem_r~81                                                      ; out              ;
; |lab6_stack_rtl_view_top|lab6_stack_top:U_STACK_SYSTEM|stack7x16:U_STACK|mem_r~85                                                      ; |lab6_stack_rtl_view_top|lab6_stack_top:U_STACK_SYSTEM|stack7x16:U_STACK|mem_r~85                                                      ; out              ;
; |lab6_stack_rtl_view_top|lab6_stack_top:U_STACK_SYSTEM|stack7x16:U_STACK|mem_r~89                                                      ; |lab6_stack_rtl_view_top|lab6_stack_top:U_STACK_SYSTEM|stack7x16:U_STACK|mem_r~89                                                      ; out              ;
; |lab6_stack_rtl_view_top|lab6_stack_top:U_STACK_SYSTEM|stack7x16:U_STACK|mem_r~92                                                      ; |lab6_stack_rtl_view_top|lab6_stack_top:U_STACK_SYSTEM|stack7x16:U_STACK|mem_r~92                                                      ; out              ;
; |lab6_stack_rtl_view_top|lab6_stack_top:U_STACK_SYSTEM|stack7x16:U_STACK|mem_r~96                                                      ; |lab6_stack_rtl_view_top|lab6_stack_top:U_STACK_SYSTEM|stack7x16:U_STACK|mem_r~96                                                      ; out              ;
; |lab6_stack_rtl_view_top|lab6_stack_top:U_STACK_SYSTEM|stack7x16:U_STACK|mem_r~100                                                     ; |lab6_stack_rtl_view_top|lab6_stack_top:U_STACK_SYSTEM|stack7x16:U_STACK|mem_r~100                                                     ; out              ;
; |lab6_stack_rtl_view_top|lab6_stack_top:U_STACK_SYSTEM|stack7x16:U_STACK|mem_r~104                                                     ; |lab6_stack_rtl_view_top|lab6_stack_top:U_STACK_SYSTEM|stack7x16:U_STACK|mem_r~104                                                     ; out              ;
; |lab6_stack_rtl_view_top|lab6_stack_top:U_STACK_SYSTEM|stack7x16:U_STACK|mem_r~112                                                     ; |lab6_stack_rtl_view_top|lab6_stack_top:U_STACK_SYSTEM|stack7x16:U_STACK|mem_r~112                                                     ; out              ;
; |lab6_stack_rtl_view_top|lab6_stack_top:U_STACK_SYSTEM|stack7x16:U_STACK|mem_r~116                                                     ; |lab6_stack_rtl_view_top|lab6_stack_top:U_STACK_SYSTEM|stack7x16:U_STACK|mem_r~116                                                     ; out              ;
; |lab6_stack_rtl_view_top|lab6_stack_top:U_STACK_SYSTEM|stack7x16:U_STACK|mem_r~120                                                     ; |lab6_stack_rtl_view_top|lab6_stack_top:U_STACK_SYSTEM|stack7x16:U_STACK|mem_r~120                                                     ; out              ;
; |lab6_stack_rtl_view_top|lab6_stack_top:U_STACK_SYSTEM|stack7x16:U_STACK|mem_r~129                                                     ; |lab6_stack_rtl_view_top|lab6_stack_top:U_STACK_SYSTEM|stack7x16:U_STACK|mem_r~129                                                     ; out              ;
; |lab6_stack_rtl_view_top|lab6_stack_top:U_STACK_SYSTEM|stack7x16:U_STACK|mem_r~133                                                     ; |lab6_stack_rtl_view_top|lab6_stack_top:U_STACK_SYSTEM|stack7x16:U_STACK|mem_r~133                                                     ; out              ;
; |lab6_stack_rtl_view_top|lab6_stack_top:U_STACK_SYSTEM|stack7x16:U_STACK|mem_r~137                                                     ; |lab6_stack_rtl_view_top|lab6_stack_top:U_STACK_SYSTEM|stack7x16:U_STACK|mem_r~137                                                     ; out              ;
; |lab6_stack_rtl_view_top|lab6_stack_top:U_STACK_SYSTEM|stack7x16:U_STACK|mem_r~140                                                     ; |lab6_stack_rtl_view_top|lab6_stack_top:U_STACK_SYSTEM|stack7x16:U_STACK|mem_r~140                                                     ; out              ;
; |lab6_stack_rtl_view_top|lab6_stack_top:U_STACK_SYSTEM|stack7x16:U_STACK|mem_r~224                                                     ; |lab6_stack_rtl_view_top|lab6_stack_top:U_STACK_SYSTEM|stack7x16:U_STACK|mem_r~224                                                     ; out              ;
; |lab6_stack_rtl_view_top|lab6_stack_top:U_STACK_SYSTEM|stack7x16:U_STACK|mem_r~228                                                     ; |lab6_stack_rtl_view_top|lab6_stack_top:U_STACK_SYSTEM|stack7x16:U_STACK|mem_r~228                                                     ; out              ;
; |lab6_stack_rtl_view_top|lab6_stack_top:U_STACK_SYSTEM|stack7x16:U_STACK|mem_r~232                                                     ; |lab6_stack_rtl_view_top|lab6_stack_top:U_STACK_SYSTEM|stack7x16:U_STACK|mem_r~232                                                     ; out              ;
; |lab6_stack_rtl_view_top|lab6_stack_top:U_STACK_SYSTEM|stack7x16:U_STACK|mem_r~241                                                     ; |lab6_stack_rtl_view_top|lab6_stack_top:U_STACK_SYSTEM|stack7x16:U_STACK|mem_r~241                                                     ; out              ;
; |lab6_stack_rtl_view_top|lab6_stack_top:U_STACK_SYSTEM|stack7x16:U_STACK|mem_r~245                                                     ; |lab6_stack_rtl_view_top|lab6_stack_top:U_STACK_SYSTEM|stack7x16:U_STACK|mem_r~245                                                     ; out              ;
; |lab6_stack_rtl_view_top|lab6_stack_top:U_STACK_SYSTEM|stack7x16:U_STACK|mem_r~249                                                     ; |lab6_stack_rtl_view_top|lab6_stack_top:U_STACK_SYSTEM|stack7x16:U_STACK|mem_r~249                                                     ; out              ;
; |lab6_stack_rtl_view_top|lab6_stack_top:U_STACK_SYSTEM|stack7x16:U_STACK|mem_r~252                                                     ; |lab6_stack_rtl_view_top|lab6_stack_top:U_STACK_SYSTEM|stack7x16:U_STACK|mem_r~252                                                     ; out              ;
; |lab6_stack_rtl_view_top|lab6_stack_top:U_STACK_SYSTEM|stack7x16:U_STACK|dout_r~0                                                      ; |lab6_stack_rtl_view_top|lab6_stack_top:U_STACK_SYSTEM|stack7x16:U_STACK|dout_r~0                                                      ; out              ;
; |lab6_stack_rtl_view_top|lab6_stack_top:U_STACK_SYSTEM|stack7x16:U_STACK|dout_r~4                                                      ; |lab6_stack_rtl_view_top|lab6_stack_top:U_STACK_SYSTEM|stack7x16:U_STACK|dout_r~4                                                      ; out              ;
; |lab6_stack_rtl_view_top|lab6_stack_top:U_STACK_SYSTEM|stack7x16:U_STACK|dout_r~8                                                      ; |lab6_stack_rtl_view_top|lab6_stack_top:U_STACK_SYSTEM|stack7x16:U_STACK|dout_r~8                                                      ; out              ;
; |lab6_stack_rtl_view_top|lab6_stack_top:U_STACK_SYSTEM|stack7x16:U_STACK|mem_r~336                                                     ; |lab6_stack_rtl_view_top|lab6_stack_top:U_STACK_SYSTEM|stack7x16:U_STACK|mem_r~336                                                     ; out              ;
; |lab6_stack_rtl_view_top|lab6_stack_top:U_STACK_SYSTEM|stack7x16:U_STACK|mem_r~340                                                     ; |lab6_stack_rtl_view_top|lab6_stack_top:U_STACK_SYSTEM|stack7x16:U_STACK|mem_r~340                                                     ; out              ;
; |lab6_stack_rtl_view_top|lab6_stack_top:U_STACK_SYSTEM|stack7x16:U_STACK|mem_r~344                                                     ; |lab6_stack_rtl_view_top|lab6_stack_top:U_STACK_SYSTEM|stack7x16:U_STACK|mem_r~344                                                     ; out              ;
; |lab6_stack_rtl_view_top|lab6_stack_top:U_STACK_SYSTEM|stack7x16:U_STACK|mem_r~352                                                     ; |lab6_stack_rtl_view_top|lab6_stack_top:U_STACK_SYSTEM|stack7x16:U_STACK|mem_r~352                                                     ; out              ;
; |lab6_stack_rtl_view_top|lab6_stack_top:U_STACK_SYSTEM|stack7x16:U_STACK|mem_r~353                                                     ; |lab6_stack_rtl_view_top|lab6_stack_top:U_STACK_SYSTEM|stack7x16:U_STACK|mem_r~353                                                     ; out              ;
; |lab6_stack_rtl_view_top|lab6_stack_top:U_STACK_SYSTEM|stack7x16:U_STACK|mem_r~356                                                     ; |lab6_stack_rtl_view_top|lab6_stack_top:U_STACK_SYSTEM|stack7x16:U_STACK|mem_r~356                                                     ; out              ;
; |lab6_stack_rtl_view_top|lab6_stack_top:U_STACK_SYSTEM|stack7x16:U_STACK|mem_r~357                                                     ; |lab6_stack_rtl_view_top|lab6_stack_top:U_STACK_SYSTEM|stack7x16:U_STACK|mem_r~357                                                     ; out              ;
; |lab6_stack_rtl_view_top|lab6_stack_top:U_STACK_SYSTEM|stack7x16:U_STACK|mem_r~360                                                     ; |lab6_stack_rtl_view_top|lab6_stack_top:U_STACK_SYSTEM|stack7x16:U_STACK|mem_r~360                                                     ; out              ;
; |lab6_stack_rtl_view_top|lab6_stack_top:U_STACK_SYSTEM|stack7x16:U_STACK|mem_r~361                                                     ; |lab6_stack_rtl_view_top|lab6_stack_top:U_STACK_SYSTEM|stack7x16:U_STACK|mem_r~361                                                     ; out              ;
; |lab6_stack_rtl_view_top|lab6_stack_top:U_STACK_SYSTEM|stack7x16:U_STACK|mem_r~364                                                     ; |lab6_stack_rtl_view_top|lab6_stack_top:U_STACK_SYSTEM|stack7x16:U_STACK|mem_r~364                                                     ; out              ;
; |lab6_stack_rtl_view_top|lab6_stack_top:U_STACK_SYSTEM|stack7x16:U_STACK|mem_r~365                                                     ; |lab6_stack_rtl_view_top|lab6_stack_top:U_STACK_SYSTEM|stack7x16:U_STACK|mem_r~365                                                     ; out              ;
; |lab6_stack_rtl_view_top|lab6_stack_top:U_STACK_SYSTEM|stack7x16:U_STACK|mem_r~366                                                     ; |lab6_stack_rtl_view_top|lab6_stack_top:U_STACK_SYSTEM|stack7x16:U_STACK|mem_r~366                                                     ; out              ;
; |lab6_stack_rtl_view_top|lab6_stack_top:U_STACK_SYSTEM|stack7x16:U_STACK|mem_r~368                                                     ; |lab6_stack_rtl_view_top|lab6_stack_top:U_STACK_SYSTEM|stack7x16:U_STACK|mem_r~368                                                     ; out              ;
; |lab6_stack_rtl_view_top|lab6_stack_top:U_STACK_SYSTEM|stack7x16:U_STACK|mem_r~372                                                     ; |lab6_stack_rtl_view_top|lab6_stack_top:U_STACK_SYSTEM|stack7x16:U_STACK|mem_r~372                                                     ; out              ;
; |lab6_stack_rtl_view_top|lab6_stack_top:U_STACK_SYSTEM|stack7x16:U_STACK|mem_r~376                                                     ; |lab6_stack_rtl_view_top|lab6_stack_top:U_STACK_SYSTEM|stack7x16:U_STACK|mem_r~376                                                     ; out              ;
; |lab6_stack_rtl_view_top|lab6_stack_top:U_STACK_SYSTEM|stack7x16:U_STACK|mem_r~384                                                     ; |lab6_stack_rtl_view_top|lab6_stack_top:U_STACK_SYSTEM|stack7x16:U_STACK|mem_r~384                                                     ; out              ;
; |lab6_stack_rtl_view_top|lab6_stack_top:U_STACK_SYSTEM|stack7x16:U_STACK|mem_r~385                                                     ; |lab6_stack_rtl_view_top|lab6_stack_top:U_STACK_SYSTEM|stack7x16:U_STACK|mem_r~385                                                     ; out              ;
; |lab6_stack_rtl_view_top|lab6_stack_top:U_STACK_SYSTEM|stack7x16:U_STACK|mem_r~388                                                     ; |lab6_stack_rtl_view_top|lab6_stack_top:U_STACK_SYSTEM|stack7x16:U_STACK|mem_r~388                                                     ; out              ;
; |lab6_stack_rtl_view_top|lab6_stack_top:U_STACK_SYSTEM|stack7x16:U_STACK|mem_r~389                                                     ; |lab6_stack_rtl_view_top|lab6_stack_top:U_STACK_SYSTEM|stack7x16:U_STACK|mem_r~389                                                     ; out              ;
; |lab6_stack_rtl_view_top|lab6_stack_top:U_STACK_SYSTEM|stack7x16:U_STACK|mem_r~392                                                     ; |lab6_stack_rtl_view_top|lab6_stack_top:U_STACK_SYSTEM|stack7x16:U_STACK|mem_r~392                                                     ; out              ;
; |lab6_stack_rtl_view_top|lab6_stack_top:U_STACK_SYSTEM|stack7x16:U_STACK|mem_r~393                                                     ; |lab6_stack_rtl_view_top|lab6_stack_top:U_STACK_SYSTEM|stack7x16:U_STACK|mem_r~393                                                     ; out              ;
; |lab6_stack_rtl_view_top|lab6_stack_top:U_STACK_SYSTEM|stack7x16:U_STACK|mem_r~396                                                     ; |lab6_stack_rtl_view_top|lab6_stack_top:U_STACK_SYSTEM|stack7x16:U_STACK|mem_r~396                                                     ; out              ;
; |lab6_stack_rtl_view_top|lab6_stack_top:U_STACK_SYSTEM|stack7x16:U_STACK|mem_r~397                                                     ; |lab6_stack_rtl_view_top|lab6_stack_top:U_STACK_SYSTEM|stack7x16:U_STACK|mem_r~397                                                     ; out              ;
; |lab6_stack_rtl_view_top|lab6_stack_top:U_STACK_SYSTEM|stack7x16:U_STACK|mem_r~400                                                     ; |lab6_stack_rtl_view_top|lab6_stack_top:U_STACK_SYSTEM|stack7x16:U_STACK|mem_r~400                                                     ; out              ;
; |lab6_stack_rtl_view_top|lab6_stack_top:U_STACK_SYSTEM|stack7x16:U_STACK|mem_r~401                                                     ; |lab6_stack_rtl_view_top|lab6_stack_top:U_STACK_SYSTEM|stack7x16:U_STACK|mem_r~401                                                     ; out              ;
; |lab6_stack_rtl_view_top|lab6_stack_top:U_STACK_SYSTEM|stack7x16:U_STACK|mem_r~404                                                     ; |lab6_stack_rtl_view_top|lab6_stack_top:U_STACK_SYSTEM|stack7x16:U_STACK|mem_r~404                                                     ; out              ;
; |lab6_stack_rtl_view_top|lab6_stack_top:U_STACK_SYSTEM|stack7x16:U_STACK|mem_r~405                                                     ; |lab6_stack_rtl_view_top|lab6_stack_top:U_STACK_SYSTEM|stack7x16:U_STACK|mem_r~405                                                     ; out              ;
; |lab6_stack_rtl_view_top|lab6_stack_top:U_STACK_SYSTEM|stack7x16:U_STACK|mem_r~408                                                     ; |lab6_stack_rtl_view_top|lab6_stack_top:U_STACK_SYSTEM|stack7x16:U_STACK|mem_r~408                                                     ; out              ;
; |lab6_stack_rtl_view_top|lab6_stack_top:U_STACK_SYSTEM|stack7x16:U_STACK|mem_r~409                                                     ; |lab6_stack_rtl_view_top|lab6_stack_top:U_STACK_SYSTEM|stack7x16:U_STACK|mem_r~409                                                     ; out              ;
; |lab6_stack_rtl_view_top|lab6_stack_top:U_STACK_SYSTEM|stack7x16:U_STACK|mem_r~412                                                     ; |lab6_stack_rtl_view_top|lab6_stack_top:U_STACK_SYSTEM|stack7x16:U_STACK|mem_r~412                                                     ; out              ;
; |lab6_stack_rtl_view_top|lab6_stack_top:U_STACK_SYSTEM|stack7x16:U_STACK|mem_r~413                                                     ; |lab6_stack_rtl_view_top|lab6_stack_top:U_STACK_SYSTEM|stack7x16:U_STACK|mem_r~413                                                     ; out              ;
; |lab6_stack_rtl_view_top|lab6_stack_top:U_STACK_SYSTEM|stack7x16:U_STACK|mem_r~416                                                     ; |lab6_stack_rtl_view_top|lab6_stack_top:U_STACK_SYSTEM|stack7x16:U_STACK|mem_r~416                                                     ; out              ;
; |lab6_stack_rtl_view_top|lab6_stack_top:U_STACK_SYSTEM|stack7x16:U_STACK|mem_r~417                                                     ; |lab6_stack_rtl_view_top|lab6_stack_top:U_STACK_SYSTEM|stack7x16:U_STACK|mem_r~417                                                     ; out              ;
; |lab6_stack_rtl_view_top|lab6_stack_top:U_STACK_SYSTEM|stack7x16:U_STACK|mem_r~418                                                     ; |lab6_stack_rtl_view_top|lab6_stack_top:U_STACK_SYSTEM|stack7x16:U_STACK|mem_r~418                                                     ; out              ;
; |lab6_stack_rtl_view_top|lab6_stack_top:U_STACK_SYSTEM|stack7x16:U_STACK|mem_r~420                                                     ; |lab6_stack_rtl_view_top|lab6_stack_top:U_STACK_SYSTEM|stack7x16:U_STACK|mem_r~420                                                     ; out              ;
; |lab6_stack_rtl_view_top|lab6_stack_top:U_STACK_SYSTEM|stack7x16:U_STACK|mem_r~421                                                     ; |lab6_stack_rtl_view_top|lab6_stack_top:U_STACK_SYSTEM|stack7x16:U_STACK|mem_r~421                                                     ; out              ;
; |lab6_stack_rtl_view_top|lab6_stack_top:U_STACK_SYSTEM|stack7x16:U_STACK|mem_r~422                                                     ; |lab6_stack_rtl_view_top|lab6_stack_top:U_STACK_SYSTEM|stack7x16:U_STACK|mem_r~422                                                     ; out              ;
; |lab6_stack_rtl_view_top|lab6_stack_top:U_STACK_SYSTEM|stack7x16:U_STACK|mem_r~424                                                     ; |lab6_stack_rtl_view_top|lab6_stack_top:U_STACK_SYSTEM|stack7x16:U_STACK|mem_r~424                                                     ; out              ;
; |lab6_stack_rtl_view_top|lab6_stack_top:U_STACK_SYSTEM|stack7x16:U_STACK|mem_r~425                                                     ; |lab6_stack_rtl_view_top|lab6_stack_top:U_STACK_SYSTEM|stack7x16:U_STACK|mem_r~425                                                     ; out              ;
; |lab6_stack_rtl_view_top|lab6_stack_top:U_STACK_SYSTEM|stack7x16:U_STACK|mem_r~426                                                     ; |lab6_stack_rtl_view_top|lab6_stack_top:U_STACK_SYSTEM|stack7x16:U_STACK|mem_r~426                                                     ; out              ;
; |lab6_stack_rtl_view_top|lab6_stack_top:U_STACK_SYSTEM|stack7x16:U_STACK|mem_r~428                                                     ; |lab6_stack_rtl_view_top|lab6_stack_top:U_STACK_SYSTEM|stack7x16:U_STACK|mem_r~428                                                     ; out              ;
; |lab6_stack_rtl_view_top|lab6_stack_top:U_STACK_SYSTEM|stack7x16:U_STACK|mem_r~429                                                     ; |lab6_stack_rtl_view_top|lab6_stack_top:U_STACK_SYSTEM|stack7x16:U_STACK|mem_r~429                                                     ; out              ;
; |lab6_stack_rtl_view_top|lab6_stack_top:U_STACK_SYSTEM|stack7x16:U_STACK|mem_r~430                                                     ; |lab6_stack_rtl_view_top|lab6_stack_top:U_STACK_SYSTEM|stack7x16:U_STACK|mem_r~430                                                     ; out              ;
; |lab6_stack_rtl_view_top|lab6_stack_top:U_STACK_SYSTEM|stack7x16:U_STACK|mem_r~432                                                     ; |lab6_stack_rtl_view_top|lab6_stack_top:U_STACK_SYSTEM|stack7x16:U_STACK|mem_r~432                                                     ; out              ;
; |lab6_stack_rtl_view_top|lab6_stack_top:U_STACK_SYSTEM|stack7x16:U_STACK|mem_r~433                                                     ; |lab6_stack_rtl_view_top|lab6_stack_top:U_STACK_SYSTEM|stack7x16:U_STACK|mem_r~433                                                     ; out              ;
; |lab6_stack_rtl_view_top|lab6_stack_top:U_STACK_SYSTEM|stack7x16:U_STACK|mem_r~434                                                     ; |lab6_stack_rtl_view_top|lab6_stack_top:U_STACK_SYSTEM|stack7x16:U_STACK|mem_r~434                                                     ; out              ;
; |lab6_stack_rtl_view_top|lab6_stack_top:U_STACK_SYSTEM|stack7x16:U_STACK|mem_r~435                                                     ; |lab6_stack_rtl_view_top|lab6_stack_top:U_STACK_SYSTEM|stack7x16:U_STACK|mem_r~435                                                     ; out              ;
; |lab6_stack_rtl_view_top|lab6_stack_top:U_STACK_SYSTEM|stack7x16:U_STACK|mem_r~436                                                     ; |lab6_stack_rtl_view_top|lab6_stack_top:U_STACK_SYSTEM|stack7x16:U_STACK|mem_r~436                                                     ; out              ;
; |lab6_stack_rtl_view_top|lab6_stack_top:U_STACK_SYSTEM|stack7x16:U_STACK|mem_r~437                                                     ; |lab6_stack_rtl_view_top|lab6_stack_top:U_STACK_SYSTEM|stack7x16:U_STACK|mem_r~437                                                     ; out              ;
; |lab6_stack_rtl_view_top|lab6_stack_top:U_STACK_SYSTEM|stack7x16:U_STACK|mem_r~438                                                     ; |lab6_stack_rtl_view_top|lab6_stack_top:U_STACK_SYSTEM|stack7x16:U_STACK|mem_r~438                                                     ; out              ;
; |lab6_stack_rtl_view_top|lab6_stack_top:U_STACK_SYSTEM|stack7x16:U_STACK|mem_r~439                                                     ; |lab6_stack_rtl_view_top|lab6_stack_top:U_STACK_SYSTEM|stack7x16:U_STACK|mem_r~439                                                     ; out              ;
; |lab6_stack_rtl_view_top|lab6_stack_top:U_STACK_SYSTEM|stack7x16:U_STACK|mem_r~440                                                     ; |lab6_stack_rtl_view_top|lab6_stack_top:U_STACK_SYSTEM|stack7x16:U_STACK|mem_r~440                                                     ; out              ;
; |lab6_stack_rtl_view_top|lab6_stack_top:U_STACK_SYSTEM|stack7x16:U_STACK|mem_r~441                                                     ; |lab6_stack_rtl_view_top|lab6_stack_top:U_STACK_SYSTEM|stack7x16:U_STACK|mem_r~441                                                     ; out              ;
; |lab6_stack_rtl_view_top|lab6_stack_top:U_STACK_SYSTEM|stack7x16:U_STACK|mem_r~442                                                     ; |lab6_stack_rtl_view_top|lab6_stack_top:U_STACK_SYSTEM|stack7x16:U_STACK|mem_r~442                                                     ; out              ;
; |lab6_stack_rtl_view_top|lab6_stack_top:U_STACK_SYSTEM|stack7x16:U_STACK|mem_r~443                                                     ; |lab6_stack_rtl_view_top|lab6_stack_top:U_STACK_SYSTEM|stack7x16:U_STACK|mem_r~443                                                     ; out              ;
; |lab6_stack_rtl_view_top|lab6_stack_top:U_STACK_SYSTEM|stack7x16:U_STACK|mem_r~444                                                     ; |lab6_stack_rtl_view_top|lab6_stack_top:U_STACK_SYSTEM|stack7x16:U_STACK|mem_r~444                                                     ; out              ;
; |lab6_stack_rtl_view_top|lab6_stack_top:U_STACK_SYSTEM|stack7x16:U_STACK|mem_r~445                                                     ; |lab6_stack_rtl_view_top|lab6_stack_top:U_STACK_SYSTEM|stack7x16:U_STACK|mem_r~445                                                     ; out              ;
; |lab6_stack_rtl_view_top|lab6_stack_top:U_STACK_SYSTEM|stack7x16:U_STACK|mem_r~446                                                     ; |lab6_stack_rtl_view_top|lab6_stack_top:U_STACK_SYSTEM|stack7x16:U_STACK|mem_r~446                                                     ; out              ;
; |lab6_stack_rtl_view_top|lab6_stack_top:U_STACK_SYSTEM|stack7x16:U_STACK|mem_r~447                                                     ; |lab6_stack_rtl_view_top|lab6_stack_top:U_STACK_SYSTEM|stack7x16:U_STACK|mem_r~447                                                     ; out              ;
; |lab6_stack_rtl_view_top|lab6_stack_top:U_STACK_SYSTEM|stack7x16:U_STACK|dout_r~16                                                     ; |lab6_stack_rtl_view_top|lab6_stack_top:U_STACK_SYSTEM|stack7x16:U_STACK|dout_r~16                                                     ; out              ;
; |lab6_stack_rtl_view_top|lab6_stack_top:U_STACK_SYSTEM|stack7x16:U_STACK|dout_r~20                                                     ; |lab6_stack_rtl_view_top|lab6_stack_top:U_STACK_SYSTEM|stack7x16:U_STACK|dout_r~20                                                     ; out              ;
; |lab6_stack_rtl_view_top|lab6_stack_top:U_STACK_SYSTEM|stack7x16:U_STACK|dout_r~24                                                     ; |lab6_stack_rtl_view_top|lab6_stack_top:U_STACK_SYSTEM|stack7x16:U_STACK|dout_r~24                                                     ; out              ;
; |lab6_stack_rtl_view_top|lab6_stack_top:U_STACK_SYSTEM|stack7x16:U_STACK|dout_r~32                                                     ; |lab6_stack_rtl_view_top|lab6_stack_top:U_STACK_SYSTEM|stack7x16:U_STACK|dout_r~32                                                     ; out              ;
; |lab6_stack_rtl_view_top|lab6_stack_top:U_STACK_SYSTEM|stack7x16:U_STACK|dout_r~36                                                     ; |lab6_stack_rtl_view_top|lab6_stack_top:U_STACK_SYSTEM|stack7x16:U_STACK|dout_r~36                                                     ; out              ;
; |lab6_stack_rtl_view_top|lab6_stack_top:U_STACK_SYSTEM|stack7x16:U_STACK|dout_r~40                                                     ; |lab6_stack_rtl_view_top|lab6_stack_top:U_STACK_SYSTEM|stack7x16:U_STACK|dout_r~40                                                     ; out              ;
; |lab6_stack_rtl_view_top|lab6_stack_top:U_STACK_SYSTEM|stack7x16:U_STACK|mem_r~448                                                     ; |lab6_stack_rtl_view_top|lab6_stack_top:U_STACK_SYSTEM|stack7x16:U_STACK|mem_r~448                                                     ; out              ;
; |lab6_stack_rtl_view_top|lab6_stack_top:U_STACK_SYSTEM|stack7x16:U_STACK|mem_r~452                                                     ; |lab6_stack_rtl_view_top|lab6_stack_top:U_STACK_SYSTEM|stack7x16:U_STACK|mem_r~452                                                     ; out              ;
; |lab6_stack_rtl_view_top|lab6_stack_top:U_STACK_SYSTEM|stack7x16:U_STACK|mem_r~456                                                     ; |lab6_stack_rtl_view_top|lab6_stack_top:U_STACK_SYSTEM|stack7x16:U_STACK|mem_r~456                                                     ; out              ;
; |lab6_stack_rtl_view_top|lab6_stack_top:U_STACK_SYSTEM|stack7x16:U_STACK|mem_r~464                                                     ; |lab6_stack_rtl_view_top|lab6_stack_top:U_STACK_SYSTEM|stack7x16:U_STACK|mem_r~464                                                     ; out              ;
; |lab6_stack_rtl_view_top|lab6_stack_top:U_STACK_SYSTEM|stack7x16:U_STACK|mem_r~465                                                     ; |lab6_stack_rtl_view_top|lab6_stack_top:U_STACK_SYSTEM|stack7x16:U_STACK|mem_r~465                                                     ; out              ;
; |lab6_stack_rtl_view_top|lab6_stack_top:U_STACK_SYSTEM|stack7x16:U_STACK|mem_r~468                                                     ; |lab6_stack_rtl_view_top|lab6_stack_top:U_STACK_SYSTEM|stack7x16:U_STACK|mem_r~468                                                     ; out              ;
; |lab6_stack_rtl_view_top|lab6_stack_top:U_STACK_SYSTEM|stack7x16:U_STACK|mem_r~469                                                     ; |lab6_stack_rtl_view_top|lab6_stack_top:U_STACK_SYSTEM|stack7x16:U_STACK|mem_r~469                                                     ; out              ;
; |lab6_stack_rtl_view_top|lab6_stack_top:U_STACK_SYSTEM|stack7x16:U_STACK|mem_r~472                                                     ; |lab6_stack_rtl_view_top|lab6_stack_top:U_STACK_SYSTEM|stack7x16:U_STACK|mem_r~472                                                     ; out              ;
; |lab6_stack_rtl_view_top|lab6_stack_top:U_STACK_SYSTEM|stack7x16:U_STACK|mem_r~473                                                     ; |lab6_stack_rtl_view_top|lab6_stack_top:U_STACK_SYSTEM|stack7x16:U_STACK|mem_r~473                                                     ; out              ;
; |lab6_stack_rtl_view_top|lab6_stack_top:U_STACK_SYSTEM|stack7x16:U_STACK|mem_r~476                                                     ; |lab6_stack_rtl_view_top|lab6_stack_top:U_STACK_SYSTEM|stack7x16:U_STACK|mem_r~476                                                     ; out              ;
; |lab6_stack_rtl_view_top|lab6_stack_top:U_STACK_SYSTEM|stack7x16:U_STACK|mem_r~477                                                     ; |lab6_stack_rtl_view_top|lab6_stack_top:U_STACK_SYSTEM|stack7x16:U_STACK|mem_r~477                                                     ; out              ;
; |lab6_stack_rtl_view_top|lab6_stack_top:U_STACK_SYSTEM|stack7x16:U_STACK|mem_r~478                                                     ; |lab6_stack_rtl_view_top|lab6_stack_top:U_STACK_SYSTEM|stack7x16:U_STACK|mem_r~478                                                     ; out              ;
; |lab6_stack_rtl_view_top|lab6_stack_top:U_STACK_SYSTEM|stack7x16:U_STACK|mem_r~480                                                     ; |lab6_stack_rtl_view_top|lab6_stack_top:U_STACK_SYSTEM|stack7x16:U_STACK|mem_r~480                                                     ; out              ;
; |lab6_stack_rtl_view_top|lab6_stack_top:U_STACK_SYSTEM|stack7x16:U_STACK|mem_r~484                                                     ; |lab6_stack_rtl_view_top|lab6_stack_top:U_STACK_SYSTEM|stack7x16:U_STACK|mem_r~484                                                     ; out              ;
; |lab6_stack_rtl_view_top|lab6_stack_top:U_STACK_SYSTEM|stack7x16:U_STACK|mem_r~488                                                     ; |lab6_stack_rtl_view_top|lab6_stack_top:U_STACK_SYSTEM|stack7x16:U_STACK|mem_r~488                                                     ; out              ;
; |lab6_stack_rtl_view_top|lab6_stack_top:U_STACK_SYSTEM|stack7x16:U_STACK|mem_r~496                                                     ; |lab6_stack_rtl_view_top|lab6_stack_top:U_STACK_SYSTEM|stack7x16:U_STACK|mem_r~496                                                     ; out              ;
; |lab6_stack_rtl_view_top|lab6_stack_top:U_STACK_SYSTEM|stack7x16:U_STACK|mem_r~497                                                     ; |lab6_stack_rtl_view_top|lab6_stack_top:U_STACK_SYSTEM|stack7x16:U_STACK|mem_r~497                                                     ; out              ;
; |lab6_stack_rtl_view_top|lab6_stack_top:U_STACK_SYSTEM|stack7x16:U_STACK|mem_r~500                                                     ; |lab6_stack_rtl_view_top|lab6_stack_top:U_STACK_SYSTEM|stack7x16:U_STACK|mem_r~500                                                     ; out              ;
; |lab6_stack_rtl_view_top|lab6_stack_top:U_STACK_SYSTEM|stack7x16:U_STACK|mem_r~501                                                     ; |lab6_stack_rtl_view_top|lab6_stack_top:U_STACK_SYSTEM|stack7x16:U_STACK|mem_r~501                                                     ; out              ;
; |lab6_stack_rtl_view_top|lab6_stack_top:U_STACK_SYSTEM|stack7x16:U_STACK|mem_r~504                                                     ; |lab6_stack_rtl_view_top|lab6_stack_top:U_STACK_SYSTEM|stack7x16:U_STACK|mem_r~504                                                     ; out              ;
; |lab6_stack_rtl_view_top|lab6_stack_top:U_STACK_SYSTEM|stack7x16:U_STACK|mem_r~505                                                     ; |lab6_stack_rtl_view_top|lab6_stack_top:U_STACK_SYSTEM|stack7x16:U_STACK|mem_r~505                                                     ; out              ;
; |lab6_stack_rtl_view_top|lab6_stack_top:U_STACK_SYSTEM|stack7x16:U_STACK|mem_r~508                                                     ; |lab6_stack_rtl_view_top|lab6_stack_top:U_STACK_SYSTEM|stack7x16:U_STACK|mem_r~508                                                     ; out              ;
; |lab6_stack_rtl_view_top|lab6_stack_top:U_STACK_SYSTEM|stack7x16:U_STACK|mem_r~509                                                     ; |lab6_stack_rtl_view_top|lab6_stack_top:U_STACK_SYSTEM|stack7x16:U_STACK|mem_r~509                                                     ; out              ;
; |lab6_stack_rtl_view_top|lab6_stack_top:U_STACK_SYSTEM|stack7x16:U_STACK|mem_r~512                                                     ; |lab6_stack_rtl_view_top|lab6_stack_top:U_STACK_SYSTEM|stack7x16:U_STACK|mem_r~512                                                     ; out              ;
; |lab6_stack_rtl_view_top|lab6_stack_top:U_STACK_SYSTEM|stack7x16:U_STACK|mem_r~513                                                     ; |lab6_stack_rtl_view_top|lab6_stack_top:U_STACK_SYSTEM|stack7x16:U_STACK|mem_r~513                                                     ; out              ;
; |lab6_stack_rtl_view_top|lab6_stack_top:U_STACK_SYSTEM|stack7x16:U_STACK|mem_r~516                                                     ; |lab6_stack_rtl_view_top|lab6_stack_top:U_STACK_SYSTEM|stack7x16:U_STACK|mem_r~516                                                     ; out              ;
; |lab6_stack_rtl_view_top|lab6_stack_top:U_STACK_SYSTEM|stack7x16:U_STACK|mem_r~517                                                     ; |lab6_stack_rtl_view_top|lab6_stack_top:U_STACK_SYSTEM|stack7x16:U_STACK|mem_r~517                                                     ; out              ;
; |lab6_stack_rtl_view_top|lab6_stack_top:U_STACK_SYSTEM|stack7x16:U_STACK|mem_r~520                                                     ; |lab6_stack_rtl_view_top|lab6_stack_top:U_STACK_SYSTEM|stack7x16:U_STACK|mem_r~520                                                     ; out              ;
; |lab6_stack_rtl_view_top|lab6_stack_top:U_STACK_SYSTEM|stack7x16:U_STACK|mem_r~521                                                     ; |lab6_stack_rtl_view_top|lab6_stack_top:U_STACK_SYSTEM|stack7x16:U_STACK|mem_r~521                                                     ; out              ;
; |lab6_stack_rtl_view_top|lab6_stack_top:U_STACK_SYSTEM|stack7x16:U_STACK|mem_r~524                                                     ; |lab6_stack_rtl_view_top|lab6_stack_top:U_STACK_SYSTEM|stack7x16:U_STACK|mem_r~524                                                     ; out              ;
; |lab6_stack_rtl_view_top|lab6_stack_top:U_STACK_SYSTEM|stack7x16:U_STACK|mem_r~525                                                     ; |lab6_stack_rtl_view_top|lab6_stack_top:U_STACK_SYSTEM|stack7x16:U_STACK|mem_r~525                                                     ; out              ;
; |lab6_stack_rtl_view_top|lab6_stack_top:U_STACK_SYSTEM|stack7x16:U_STACK|mem_r~528                                                     ; |lab6_stack_rtl_view_top|lab6_stack_top:U_STACK_SYSTEM|stack7x16:U_STACK|mem_r~528                                                     ; out              ;
; |lab6_stack_rtl_view_top|lab6_stack_top:U_STACK_SYSTEM|stack7x16:U_STACK|mem_r~529                                                     ; |lab6_stack_rtl_view_top|lab6_stack_top:U_STACK_SYSTEM|stack7x16:U_STACK|mem_r~529                                                     ; out              ;
; |lab6_stack_rtl_view_top|lab6_stack_top:U_STACK_SYSTEM|stack7x16:U_STACK|mem_r~530                                                     ; |lab6_stack_rtl_view_top|lab6_stack_top:U_STACK_SYSTEM|stack7x16:U_STACK|mem_r~530                                                     ; out              ;
; |lab6_stack_rtl_view_top|lab6_stack_top:U_STACK_SYSTEM|stack7x16:U_STACK|mem_r~532                                                     ; |lab6_stack_rtl_view_top|lab6_stack_top:U_STACK_SYSTEM|stack7x16:U_STACK|mem_r~532                                                     ; out              ;
; |lab6_stack_rtl_view_top|lab6_stack_top:U_STACK_SYSTEM|stack7x16:U_STACK|mem_r~533                                                     ; |lab6_stack_rtl_view_top|lab6_stack_top:U_STACK_SYSTEM|stack7x16:U_STACK|mem_r~533                                                     ; out              ;
; |lab6_stack_rtl_view_top|lab6_stack_top:U_STACK_SYSTEM|stack7x16:U_STACK|mem_r~534                                                     ; |lab6_stack_rtl_view_top|lab6_stack_top:U_STACK_SYSTEM|stack7x16:U_STACK|mem_r~534                                                     ; out              ;
; |lab6_stack_rtl_view_top|lab6_stack_top:U_STACK_SYSTEM|stack7x16:U_STACK|mem_r~536                                                     ; |lab6_stack_rtl_view_top|lab6_stack_top:U_STACK_SYSTEM|stack7x16:U_STACK|mem_r~536                                                     ; out              ;
; |lab6_stack_rtl_view_top|lab6_stack_top:U_STACK_SYSTEM|stack7x16:U_STACK|mem_r~537                                                     ; |lab6_stack_rtl_view_top|lab6_stack_top:U_STACK_SYSTEM|stack7x16:U_STACK|mem_r~537                                                     ; out              ;
; |lab6_stack_rtl_view_top|lab6_stack_top:U_STACK_SYSTEM|stack7x16:U_STACK|mem_r~538                                                     ; |lab6_stack_rtl_view_top|lab6_stack_top:U_STACK_SYSTEM|stack7x16:U_STACK|mem_r~538                                                     ; out              ;
; |lab6_stack_rtl_view_top|lab6_stack_top:U_STACK_SYSTEM|stack7x16:U_STACK|mem_r~540                                                     ; |lab6_stack_rtl_view_top|lab6_stack_top:U_STACK_SYSTEM|stack7x16:U_STACK|mem_r~540                                                     ; out              ;
; |lab6_stack_rtl_view_top|lab6_stack_top:U_STACK_SYSTEM|stack7x16:U_STACK|mem_r~541                                                     ; |lab6_stack_rtl_view_top|lab6_stack_top:U_STACK_SYSTEM|stack7x16:U_STACK|mem_r~541                                                     ; out              ;
; |lab6_stack_rtl_view_top|lab6_stack_top:U_STACK_SYSTEM|stack7x16:U_STACK|mem_r~542                                                     ; |lab6_stack_rtl_view_top|lab6_stack_top:U_STACK_SYSTEM|stack7x16:U_STACK|mem_r~542                                                     ; out              ;
; |lab6_stack_rtl_view_top|lab6_stack_top:U_STACK_SYSTEM|stack7x16:U_STACK|mem_r~544                                                     ; |lab6_stack_rtl_view_top|lab6_stack_top:U_STACK_SYSTEM|stack7x16:U_STACK|mem_r~544                                                     ; out              ;
; |lab6_stack_rtl_view_top|lab6_stack_top:U_STACK_SYSTEM|stack7x16:U_STACK|mem_r~545                                                     ; |lab6_stack_rtl_view_top|lab6_stack_top:U_STACK_SYSTEM|stack7x16:U_STACK|mem_r~545                                                     ; out              ;
; |lab6_stack_rtl_view_top|lab6_stack_top:U_STACK_SYSTEM|stack7x16:U_STACK|mem_r~546                                                     ; |lab6_stack_rtl_view_top|lab6_stack_top:U_STACK_SYSTEM|stack7x16:U_STACK|mem_r~546                                                     ; out              ;
; |lab6_stack_rtl_view_top|lab6_stack_top:U_STACK_SYSTEM|stack7x16:U_STACK|mem_r~547                                                     ; |lab6_stack_rtl_view_top|lab6_stack_top:U_STACK_SYSTEM|stack7x16:U_STACK|mem_r~547                                                     ; out              ;
; |lab6_stack_rtl_view_top|lab6_stack_top:U_STACK_SYSTEM|stack7x16:U_STACK|mem_r~548                                                     ; |lab6_stack_rtl_view_top|lab6_stack_top:U_STACK_SYSTEM|stack7x16:U_STACK|mem_r~548                                                     ; out              ;
; |lab6_stack_rtl_view_top|lab6_stack_top:U_STACK_SYSTEM|stack7x16:U_STACK|mem_r~549                                                     ; |lab6_stack_rtl_view_top|lab6_stack_top:U_STACK_SYSTEM|stack7x16:U_STACK|mem_r~549                                                     ; out              ;
; |lab6_stack_rtl_view_top|lab6_stack_top:U_STACK_SYSTEM|stack7x16:U_STACK|mem_r~550                                                     ; |lab6_stack_rtl_view_top|lab6_stack_top:U_STACK_SYSTEM|stack7x16:U_STACK|mem_r~550                                                     ; out              ;
; |lab6_stack_rtl_view_top|lab6_stack_top:U_STACK_SYSTEM|stack7x16:U_STACK|mem_r~551                                                     ; |lab6_stack_rtl_view_top|lab6_stack_top:U_STACK_SYSTEM|stack7x16:U_STACK|mem_r~551                                                     ; out              ;
; |lab6_stack_rtl_view_top|lab6_stack_top:U_STACK_SYSTEM|stack7x16:U_STACK|mem_r~552                                                     ; |lab6_stack_rtl_view_top|lab6_stack_top:U_STACK_SYSTEM|stack7x16:U_STACK|mem_r~552                                                     ; out              ;
; |lab6_stack_rtl_view_top|lab6_stack_top:U_STACK_SYSTEM|stack7x16:U_STACK|mem_r~553                                                     ; |lab6_stack_rtl_view_top|lab6_stack_top:U_STACK_SYSTEM|stack7x16:U_STACK|mem_r~553                                                     ; out              ;
; |lab6_stack_rtl_view_top|lab6_stack_top:U_STACK_SYSTEM|stack7x16:U_STACK|mem_r~554                                                     ; |lab6_stack_rtl_view_top|lab6_stack_top:U_STACK_SYSTEM|stack7x16:U_STACK|mem_r~554                                                     ; out              ;
; |lab6_stack_rtl_view_top|lab6_stack_top:U_STACK_SYSTEM|stack7x16:U_STACK|mem_r~555                                                     ; |lab6_stack_rtl_view_top|lab6_stack_top:U_STACK_SYSTEM|stack7x16:U_STACK|mem_r~555                                                     ; out              ;
; |lab6_stack_rtl_view_top|lab6_stack_top:U_STACK_SYSTEM|stack7x16:U_STACK|mem_r~556                                                     ; |lab6_stack_rtl_view_top|lab6_stack_top:U_STACK_SYSTEM|stack7x16:U_STACK|mem_r~556                                                     ; out              ;
; |lab6_stack_rtl_view_top|lab6_stack_top:U_STACK_SYSTEM|stack7x16:U_STACK|mem_r~557                                                     ; |lab6_stack_rtl_view_top|lab6_stack_top:U_STACK_SYSTEM|stack7x16:U_STACK|mem_r~557                                                     ; out              ;
; |lab6_stack_rtl_view_top|lab6_stack_top:U_STACK_SYSTEM|stack7x16:U_STACK|mem_r~558                                                     ; |lab6_stack_rtl_view_top|lab6_stack_top:U_STACK_SYSTEM|stack7x16:U_STACK|mem_r~558                                                     ; out              ;
; |lab6_stack_rtl_view_top|lab6_stack_top:U_STACK_SYSTEM|stack7x16:U_STACK|mem_r~559                                                     ; |lab6_stack_rtl_view_top|lab6_stack_top:U_STACK_SYSTEM|stack7x16:U_STACK|mem_r~559                                                     ; out              ;
; |lab6_stack_rtl_view_top|lab6_stack_top:U_STACK_SYSTEM|stack7x16:U_STACK|dout_r~48                                                     ; |lab6_stack_rtl_view_top|lab6_stack_top:U_STACK_SYSTEM|stack7x16:U_STACK|dout_r~48                                                     ; out              ;
; |lab6_stack_rtl_view_top|lab6_stack_top:U_STACK_SYSTEM|stack7x16:U_STACK|dout_r~52                                                     ; |lab6_stack_rtl_view_top|lab6_stack_top:U_STACK_SYSTEM|stack7x16:U_STACK|dout_r~52                                                     ; out              ;
; |lab6_stack_rtl_view_top|lab6_stack_top:U_STACK_SYSTEM|stack7x16:U_STACK|dout_r~56                                                     ; |lab6_stack_rtl_view_top|lab6_stack_top:U_STACK_SYSTEM|stack7x16:U_STACK|dout_r~56                                                     ; out              ;
; |lab6_stack_rtl_view_top|lab6_stack_top:U_STACK_SYSTEM|stack7x16:U_STACK|dout_r[7]                                                     ; |lab6_stack_rtl_view_top|lab6_stack_top:U_STACK_SYSTEM|stack7x16:U_STACK|dout_r[7]                                                     ; regout           ;
; |lab6_stack_rtl_view_top|lab6_stack_top:U_STACK_SYSTEM|stack7x16:U_STACK|dout_r[11]                                                    ; |lab6_stack_rtl_view_top|lab6_stack_top:U_STACK_SYSTEM|stack7x16:U_STACK|dout_r[11]                                                    ; regout           ;
; |lab6_stack_rtl_view_top|lab6_stack_top:U_STACK_SYSTEM|stack7x16:U_STACK|dout_r[15]                                                    ; |lab6_stack_rtl_view_top|lab6_stack_top:U_STACK_SYSTEM|stack7x16:U_STACK|dout_r[15]                                                    ; regout           ;
; |lab6_stack_rtl_view_top|lab6_stack_top:U_STACK_SYSTEM|stack7x16:U_STACK|mem_r[6][0]                                                   ; |lab6_stack_rtl_view_top|lab6_stack_top:U_STACK_SYSTEM|stack7x16:U_STACK|mem_r[6][0]                                                   ; regout           ;
; |lab6_stack_rtl_view_top|lab6_stack_top:U_STACK_SYSTEM|stack7x16:U_STACK|mem_r[6][1]                                                   ; |lab6_stack_rtl_view_top|lab6_stack_top:U_STACK_SYSTEM|stack7x16:U_STACK|mem_r[6][1]                                                   ; regout           ;
; |lab6_stack_rtl_view_top|lab6_stack_top:U_STACK_SYSTEM|stack7x16:U_STACK|mem_r[6][2]                                                   ; |lab6_stack_rtl_view_top|lab6_stack_top:U_STACK_SYSTEM|stack7x16:U_STACK|mem_r[6][2]                                                   ; regout           ;
; |lab6_stack_rtl_view_top|lab6_stack_top:U_STACK_SYSTEM|stack7x16:U_STACK|mem_r[6][3]                                                   ; |lab6_stack_rtl_view_top|lab6_stack_top:U_STACK_SYSTEM|stack7x16:U_STACK|mem_r[6][3]                                                   ; regout           ;
; |lab6_stack_rtl_view_top|lab6_stack_top:U_STACK_SYSTEM|stack7x16:U_STACK|mem_r[6][4]                                                   ; |lab6_stack_rtl_view_top|lab6_stack_top:U_STACK_SYSTEM|stack7x16:U_STACK|mem_r[6][4]                                                   ; regout           ;
; |lab6_stack_rtl_view_top|lab6_stack_top:U_STACK_SYSTEM|stack7x16:U_STACK|mem_r[6][5]                                                   ; |lab6_stack_rtl_view_top|lab6_stack_top:U_STACK_SYSTEM|stack7x16:U_STACK|mem_r[6][5]                                                   ; regout           ;
; |lab6_stack_rtl_view_top|lab6_stack_top:U_STACK_SYSTEM|stack7x16:U_STACK|mem_r[6][6]                                                   ; |lab6_stack_rtl_view_top|lab6_stack_top:U_STACK_SYSTEM|stack7x16:U_STACK|mem_r[6][6]                                                   ; regout           ;
; |lab6_stack_rtl_view_top|lab6_stack_top:U_STACK_SYSTEM|stack7x16:U_STACK|mem_r[6][7]                                                   ; |lab6_stack_rtl_view_top|lab6_stack_top:U_STACK_SYSTEM|stack7x16:U_STACK|mem_r[6][7]                                                   ; regout           ;
; |lab6_stack_rtl_view_top|lab6_stack_top:U_STACK_SYSTEM|stack7x16:U_STACK|mem_r[6][8]                                                   ; |lab6_stack_rtl_view_top|lab6_stack_top:U_STACK_SYSTEM|stack7x16:U_STACK|mem_r[6][8]                                                   ; regout           ;
; |lab6_stack_rtl_view_top|lab6_stack_top:U_STACK_SYSTEM|stack7x16:U_STACK|mem_r[6][9]                                                   ; |lab6_stack_rtl_view_top|lab6_stack_top:U_STACK_SYSTEM|stack7x16:U_STACK|mem_r[6][9]                                                   ; regout           ;
; |lab6_stack_rtl_view_top|lab6_stack_top:U_STACK_SYSTEM|stack7x16:U_STACK|mem_r[6][10]                                                  ; |lab6_stack_rtl_view_top|lab6_stack_top:U_STACK_SYSTEM|stack7x16:U_STACK|mem_r[6][10]                                                  ; regout           ;
; |lab6_stack_rtl_view_top|lab6_stack_top:U_STACK_SYSTEM|stack7x16:U_STACK|mem_r[6][11]                                                  ; |lab6_stack_rtl_view_top|lab6_stack_top:U_STACK_SYSTEM|stack7x16:U_STACK|mem_r[6][11]                                                  ; regout           ;
; |lab6_stack_rtl_view_top|lab6_stack_top:U_STACK_SYSTEM|stack7x16:U_STACK|mem_r[6][12]                                                  ; |lab6_stack_rtl_view_top|lab6_stack_top:U_STACK_SYSTEM|stack7x16:U_STACK|mem_r[6][12]                                                  ; regout           ;
; |lab6_stack_rtl_view_top|lab6_stack_top:U_STACK_SYSTEM|stack7x16:U_STACK|mem_r[6][13]                                                  ; |lab6_stack_rtl_view_top|lab6_stack_top:U_STACK_SYSTEM|stack7x16:U_STACK|mem_r[6][13]                                                  ; regout           ;
; |lab6_stack_rtl_view_top|lab6_stack_top:U_STACK_SYSTEM|stack7x16:U_STACK|mem_r[6][14]                                                  ; |lab6_stack_rtl_view_top|lab6_stack_top:U_STACK_SYSTEM|stack7x16:U_STACK|mem_r[6][14]                                                  ; regout           ;
; |lab6_stack_rtl_view_top|lab6_stack_top:U_STACK_SYSTEM|stack7x16:U_STACK|mem_r[6][15]                                                  ; |lab6_stack_rtl_view_top|lab6_stack_top:U_STACK_SYSTEM|stack7x16:U_STACK|mem_r[6][15]                                                  ; regout           ;
; |lab6_stack_rtl_view_top|lab6_stack_top:U_STACK_SYSTEM|stack7x16:U_STACK|mem_r[5][0]                                                   ; |lab6_stack_rtl_view_top|lab6_stack_top:U_STACK_SYSTEM|stack7x16:U_STACK|mem_r[5][0]                                                   ; regout           ;
; |lab6_stack_rtl_view_top|lab6_stack_top:U_STACK_SYSTEM|stack7x16:U_STACK|mem_r[5][1]                                                   ; |lab6_stack_rtl_view_top|lab6_stack_top:U_STACK_SYSTEM|stack7x16:U_STACK|mem_r[5][1]                                                   ; regout           ;
; |lab6_stack_rtl_view_top|lab6_stack_top:U_STACK_SYSTEM|stack7x16:U_STACK|mem_r[5][2]                                                   ; |lab6_stack_rtl_view_top|lab6_stack_top:U_STACK_SYSTEM|stack7x16:U_STACK|mem_r[5][2]                                                   ; regout           ;
; |lab6_stack_rtl_view_top|lab6_stack_top:U_STACK_SYSTEM|stack7x16:U_STACK|mem_r[5][3]                                                   ; |lab6_stack_rtl_view_top|lab6_stack_top:U_STACK_SYSTEM|stack7x16:U_STACK|mem_r[5][3]                                                   ; regout           ;
; |lab6_stack_rtl_view_top|lab6_stack_top:U_STACK_SYSTEM|stack7x16:U_STACK|mem_r[5][4]                                                   ; |lab6_stack_rtl_view_top|lab6_stack_top:U_STACK_SYSTEM|stack7x16:U_STACK|mem_r[5][4]                                                   ; regout           ;
; |lab6_stack_rtl_view_top|lab6_stack_top:U_STACK_SYSTEM|stack7x16:U_STACK|mem_r[5][5]                                                   ; |lab6_stack_rtl_view_top|lab6_stack_top:U_STACK_SYSTEM|stack7x16:U_STACK|mem_r[5][5]                                                   ; regout           ;
; |lab6_stack_rtl_view_top|lab6_stack_top:U_STACK_SYSTEM|stack7x16:U_STACK|mem_r[5][6]                                                   ; |lab6_stack_rtl_view_top|lab6_stack_top:U_STACK_SYSTEM|stack7x16:U_STACK|mem_r[5][6]                                                   ; regout           ;
; |lab6_stack_rtl_view_top|lab6_stack_top:U_STACK_SYSTEM|stack7x16:U_STACK|mem_r[5][7]                                                   ; |lab6_stack_rtl_view_top|lab6_stack_top:U_STACK_SYSTEM|stack7x16:U_STACK|mem_r[5][7]                                                   ; regout           ;
; |lab6_stack_rtl_view_top|lab6_stack_top:U_STACK_SYSTEM|stack7x16:U_STACK|mem_r[5][8]                                                   ; |lab6_stack_rtl_view_top|lab6_stack_top:U_STACK_SYSTEM|stack7x16:U_STACK|mem_r[5][8]                                                   ; regout           ;
; |lab6_stack_rtl_view_top|lab6_stack_top:U_STACK_SYSTEM|stack7x16:U_STACK|mem_r[5][9]                                                   ; |lab6_stack_rtl_view_top|lab6_stack_top:U_STACK_SYSTEM|stack7x16:U_STACK|mem_r[5][9]                                                   ; regout           ;
; |lab6_stack_rtl_view_top|lab6_stack_top:U_STACK_SYSTEM|stack7x16:U_STACK|mem_r[5][10]                                                  ; |lab6_stack_rtl_view_top|lab6_stack_top:U_STACK_SYSTEM|stack7x16:U_STACK|mem_r[5][10]                                                  ; regout           ;
; |lab6_stack_rtl_view_top|lab6_stack_top:U_STACK_SYSTEM|stack7x16:U_STACK|mem_r[5][11]                                                  ; |lab6_stack_rtl_view_top|lab6_stack_top:U_STACK_SYSTEM|stack7x16:U_STACK|mem_r[5][11]                                                  ; regout           ;
; |lab6_stack_rtl_view_top|lab6_stack_top:U_STACK_SYSTEM|stack7x16:U_STACK|mem_r[5][12]                                                  ; |lab6_stack_rtl_view_top|lab6_stack_top:U_STACK_SYSTEM|stack7x16:U_STACK|mem_r[5][12]                                                  ; regout           ;
; |lab6_stack_rtl_view_top|lab6_stack_top:U_STACK_SYSTEM|stack7x16:U_STACK|mem_r[5][13]                                                  ; |lab6_stack_rtl_view_top|lab6_stack_top:U_STACK_SYSTEM|stack7x16:U_STACK|mem_r[5][13]                                                  ; regout           ;
; |lab6_stack_rtl_view_top|lab6_stack_top:U_STACK_SYSTEM|stack7x16:U_STACK|mem_r[5][14]                                                  ; |lab6_stack_rtl_view_top|lab6_stack_top:U_STACK_SYSTEM|stack7x16:U_STACK|mem_r[5][14]                                                  ; regout           ;
; |lab6_stack_rtl_view_top|lab6_stack_top:U_STACK_SYSTEM|stack7x16:U_STACK|mem_r[5][15]                                                  ; |lab6_stack_rtl_view_top|lab6_stack_top:U_STACK_SYSTEM|stack7x16:U_STACK|mem_r[5][15]                                                  ; regout           ;
; |lab6_stack_rtl_view_top|lab6_stack_top:U_STACK_SYSTEM|stack7x16:U_STACK|mem_r[4][0]                                                   ; |lab6_stack_rtl_view_top|lab6_stack_top:U_STACK_SYSTEM|stack7x16:U_STACK|mem_r[4][0]                                                   ; regout           ;
; |lab6_stack_rtl_view_top|lab6_stack_top:U_STACK_SYSTEM|stack7x16:U_STACK|mem_r[4][1]                                                   ; |lab6_stack_rtl_view_top|lab6_stack_top:U_STACK_SYSTEM|stack7x16:U_STACK|mem_r[4][1]                                                   ; regout           ;
; |lab6_stack_rtl_view_top|lab6_stack_top:U_STACK_SYSTEM|stack7x16:U_STACK|mem_r[4][2]                                                   ; |lab6_stack_rtl_view_top|lab6_stack_top:U_STACK_SYSTEM|stack7x16:U_STACK|mem_r[4][2]                                                   ; regout           ;
; |lab6_stack_rtl_view_top|lab6_stack_top:U_STACK_SYSTEM|stack7x16:U_STACK|mem_r[4][3]                                                   ; |lab6_stack_rtl_view_top|lab6_stack_top:U_STACK_SYSTEM|stack7x16:U_STACK|mem_r[4][3]                                                   ; regout           ;
; |lab6_stack_rtl_view_top|lab6_stack_top:U_STACK_SYSTEM|stack7x16:U_STACK|mem_r[4][4]                                                   ; |lab6_stack_rtl_view_top|lab6_stack_top:U_STACK_SYSTEM|stack7x16:U_STACK|mem_r[4][4]                                                   ; regout           ;
; |lab6_stack_rtl_view_top|lab6_stack_top:U_STACK_SYSTEM|stack7x16:U_STACK|mem_r[4][5]                                                   ; |lab6_stack_rtl_view_top|lab6_stack_top:U_STACK_SYSTEM|stack7x16:U_STACK|mem_r[4][5]                                                   ; regout           ;
; |lab6_stack_rtl_view_top|lab6_stack_top:U_STACK_SYSTEM|stack7x16:U_STACK|mem_r[4][6]                                                   ; |lab6_stack_rtl_view_top|lab6_stack_top:U_STACK_SYSTEM|stack7x16:U_STACK|mem_r[4][6]                                                   ; regout           ;
; |lab6_stack_rtl_view_top|lab6_stack_top:U_STACK_SYSTEM|stack7x16:U_STACK|mem_r[4][7]                                                   ; |lab6_stack_rtl_view_top|lab6_stack_top:U_STACK_SYSTEM|stack7x16:U_STACK|mem_r[4][7]                                                   ; regout           ;
; |lab6_stack_rtl_view_top|lab6_stack_top:U_STACK_SYSTEM|stack7x16:U_STACK|mem_r[4][8]                                                   ; |lab6_stack_rtl_view_top|lab6_stack_top:U_STACK_SYSTEM|stack7x16:U_STACK|mem_r[4][8]                                                   ; regout           ;
; |lab6_stack_rtl_view_top|lab6_stack_top:U_STACK_SYSTEM|stack7x16:U_STACK|mem_r[4][9]                                                   ; |lab6_stack_rtl_view_top|lab6_stack_top:U_STACK_SYSTEM|stack7x16:U_STACK|mem_r[4][9]                                                   ; regout           ;
; |lab6_stack_rtl_view_top|lab6_stack_top:U_STACK_SYSTEM|stack7x16:U_STACK|mem_r[4][10]                                                  ; |lab6_stack_rtl_view_top|lab6_stack_top:U_STACK_SYSTEM|stack7x16:U_STACK|mem_r[4][10]                                                  ; regout           ;
; |lab6_stack_rtl_view_top|lab6_stack_top:U_STACK_SYSTEM|stack7x16:U_STACK|mem_r[4][11]                                                  ; |lab6_stack_rtl_view_top|lab6_stack_top:U_STACK_SYSTEM|stack7x16:U_STACK|mem_r[4][11]                                                  ; regout           ;
; |lab6_stack_rtl_view_top|lab6_stack_top:U_STACK_SYSTEM|stack7x16:U_STACK|mem_r[4][12]                                                  ; |lab6_stack_rtl_view_top|lab6_stack_top:U_STACK_SYSTEM|stack7x16:U_STACK|mem_r[4][12]                                                  ; regout           ;
; |lab6_stack_rtl_view_top|lab6_stack_top:U_STACK_SYSTEM|stack7x16:U_STACK|mem_r[4][13]                                                  ; |lab6_stack_rtl_view_top|lab6_stack_top:U_STACK_SYSTEM|stack7x16:U_STACK|mem_r[4][13]                                                  ; regout           ;
; |lab6_stack_rtl_view_top|lab6_stack_top:U_STACK_SYSTEM|stack7x16:U_STACK|mem_r[4][14]                                                  ; |lab6_stack_rtl_view_top|lab6_stack_top:U_STACK_SYSTEM|stack7x16:U_STACK|mem_r[4][14]                                                  ; regout           ;
; |lab6_stack_rtl_view_top|lab6_stack_top:U_STACK_SYSTEM|stack7x16:U_STACK|mem_r[4][15]                                                  ; |lab6_stack_rtl_view_top|lab6_stack_top:U_STACK_SYSTEM|stack7x16:U_STACK|mem_r[4][15]                                                  ; regout           ;
; |lab6_stack_rtl_view_top|lab6_stack_top:U_STACK_SYSTEM|stack7x16:U_STACK|mem_r[3][0]                                                   ; |lab6_stack_rtl_view_top|lab6_stack_top:U_STACK_SYSTEM|stack7x16:U_STACK|mem_r[3][0]                                                   ; regout           ;
; |lab6_stack_rtl_view_top|lab6_stack_top:U_STACK_SYSTEM|stack7x16:U_STACK|mem_r[3][1]                                                   ; |lab6_stack_rtl_view_top|lab6_stack_top:U_STACK_SYSTEM|stack7x16:U_STACK|mem_r[3][1]                                                   ; regout           ;
; |lab6_stack_rtl_view_top|lab6_stack_top:U_STACK_SYSTEM|stack7x16:U_STACK|mem_r[3][2]                                                   ; |lab6_stack_rtl_view_top|lab6_stack_top:U_STACK_SYSTEM|stack7x16:U_STACK|mem_r[3][2]                                                   ; regout           ;
; |lab6_stack_rtl_view_top|lab6_stack_top:U_STACK_SYSTEM|stack7x16:U_STACK|mem_r[3][3]                                                   ; |lab6_stack_rtl_view_top|lab6_stack_top:U_STACK_SYSTEM|stack7x16:U_STACK|mem_r[3][3]                                                   ; regout           ;
; |lab6_stack_rtl_view_top|lab6_stack_top:U_STACK_SYSTEM|stack7x16:U_STACK|mem_r[3][4]                                                   ; |lab6_stack_rtl_view_top|lab6_stack_top:U_STACK_SYSTEM|stack7x16:U_STACK|mem_r[3][4]                                                   ; regout           ;
; |lab6_stack_rtl_view_top|lab6_stack_top:U_STACK_SYSTEM|stack7x16:U_STACK|mem_r[3][5]                                                   ; |lab6_stack_rtl_view_top|lab6_stack_top:U_STACK_SYSTEM|stack7x16:U_STACK|mem_r[3][5]                                                   ; regout           ;
; |lab6_stack_rtl_view_top|lab6_stack_top:U_STACK_SYSTEM|stack7x16:U_STACK|mem_r[3][6]                                                   ; |lab6_stack_rtl_view_top|lab6_stack_top:U_STACK_SYSTEM|stack7x16:U_STACK|mem_r[3][6]                                                   ; regout           ;
; |lab6_stack_rtl_view_top|lab6_stack_top:U_STACK_SYSTEM|stack7x16:U_STACK|mem_r[3][7]                                                   ; |lab6_stack_rtl_view_top|lab6_stack_top:U_STACK_SYSTEM|stack7x16:U_STACK|mem_r[3][7]                                                   ; regout           ;
; |lab6_stack_rtl_view_top|lab6_stack_top:U_STACK_SYSTEM|stack7x16:U_STACK|mem_r[3][8]                                                   ; |lab6_stack_rtl_view_top|lab6_stack_top:U_STACK_SYSTEM|stack7x16:U_STACK|mem_r[3][8]                                                   ; regout           ;
; |lab6_stack_rtl_view_top|lab6_stack_top:U_STACK_SYSTEM|stack7x16:U_STACK|mem_r[3][9]                                                   ; |lab6_stack_rtl_view_top|lab6_stack_top:U_STACK_SYSTEM|stack7x16:U_STACK|mem_r[3][9]                                                   ; regout           ;
; |lab6_stack_rtl_view_top|lab6_stack_top:U_STACK_SYSTEM|stack7x16:U_STACK|mem_r[3][10]                                                  ; |lab6_stack_rtl_view_top|lab6_stack_top:U_STACK_SYSTEM|stack7x16:U_STACK|mem_r[3][10]                                                  ; regout           ;
; |lab6_stack_rtl_view_top|lab6_stack_top:U_STACK_SYSTEM|stack7x16:U_STACK|mem_r[3][11]                                                  ; |lab6_stack_rtl_view_top|lab6_stack_top:U_STACK_SYSTEM|stack7x16:U_STACK|mem_r[3][11]                                                  ; regout           ;
; |lab6_stack_rtl_view_top|lab6_stack_top:U_STACK_SYSTEM|stack7x16:U_STACK|mem_r[3][12]                                                  ; |lab6_stack_rtl_view_top|lab6_stack_top:U_STACK_SYSTEM|stack7x16:U_STACK|mem_r[3][12]                                                  ; regout           ;
; |lab6_stack_rtl_view_top|lab6_stack_top:U_STACK_SYSTEM|stack7x16:U_STACK|mem_r[3][13]                                                  ; |lab6_stack_rtl_view_top|lab6_stack_top:U_STACK_SYSTEM|stack7x16:U_STACK|mem_r[3][13]                                                  ; regout           ;
; |lab6_stack_rtl_view_top|lab6_stack_top:U_STACK_SYSTEM|stack7x16:U_STACK|mem_r[3][14]                                                  ; |lab6_stack_rtl_view_top|lab6_stack_top:U_STACK_SYSTEM|stack7x16:U_STACK|mem_r[3][14]                                                  ; regout           ;
; |lab6_stack_rtl_view_top|lab6_stack_top:U_STACK_SYSTEM|stack7x16:U_STACK|mem_r[3][15]                                                  ; |lab6_stack_rtl_view_top|lab6_stack_top:U_STACK_SYSTEM|stack7x16:U_STACK|mem_r[3][15]                                                  ; regout           ;
; |lab6_stack_rtl_view_top|lab6_stack_top:U_STACK_SYSTEM|stack7x16:U_STACK|mem_r[2][0]                                                   ; |lab6_stack_rtl_view_top|lab6_stack_top:U_STACK_SYSTEM|stack7x16:U_STACK|mem_r[2][0]                                                   ; regout           ;
; |lab6_stack_rtl_view_top|lab6_stack_top:U_STACK_SYSTEM|stack7x16:U_STACK|mem_r[2][1]                                                   ; |lab6_stack_rtl_view_top|lab6_stack_top:U_STACK_SYSTEM|stack7x16:U_STACK|mem_r[2][1]                                                   ; regout           ;
; |lab6_stack_rtl_view_top|lab6_stack_top:U_STACK_SYSTEM|stack7x16:U_STACK|mem_r[2][2]                                                   ; |lab6_stack_rtl_view_top|lab6_stack_top:U_STACK_SYSTEM|stack7x16:U_STACK|mem_r[2][2]                                                   ; regout           ;
; |lab6_stack_rtl_view_top|lab6_stack_top:U_STACK_SYSTEM|stack7x16:U_STACK|mem_r[2][3]                                                   ; |lab6_stack_rtl_view_top|lab6_stack_top:U_STACK_SYSTEM|stack7x16:U_STACK|mem_r[2][3]                                                   ; regout           ;
; |lab6_stack_rtl_view_top|lab6_stack_top:U_STACK_SYSTEM|stack7x16:U_STACK|mem_r[2][4]                                                   ; |lab6_stack_rtl_view_top|lab6_stack_top:U_STACK_SYSTEM|stack7x16:U_STACK|mem_r[2][4]                                                   ; regout           ;
; |lab6_stack_rtl_view_top|lab6_stack_top:U_STACK_SYSTEM|stack7x16:U_STACK|mem_r[2][5]                                                   ; |lab6_stack_rtl_view_top|lab6_stack_top:U_STACK_SYSTEM|stack7x16:U_STACK|mem_r[2][5]                                                   ; regout           ;
; |lab6_stack_rtl_view_top|lab6_stack_top:U_STACK_SYSTEM|stack7x16:U_STACK|mem_r[2][6]                                                   ; |lab6_stack_rtl_view_top|lab6_stack_top:U_STACK_SYSTEM|stack7x16:U_STACK|mem_r[2][6]                                                   ; regout           ;
; |lab6_stack_rtl_view_top|lab6_stack_top:U_STACK_SYSTEM|stack7x16:U_STACK|mem_r[2][7]                                                   ; |lab6_stack_rtl_view_top|lab6_stack_top:U_STACK_SYSTEM|stack7x16:U_STACK|mem_r[2][7]                                                   ; regout           ;
; |lab6_stack_rtl_view_top|lab6_stack_top:U_STACK_SYSTEM|stack7x16:U_STACK|mem_r[2][8]                                                   ; |lab6_stack_rtl_view_top|lab6_stack_top:U_STACK_SYSTEM|stack7x16:U_STACK|mem_r[2][8]                                                   ; regout           ;
; |lab6_stack_rtl_view_top|lab6_stack_top:U_STACK_SYSTEM|stack7x16:U_STACK|mem_r[2][9]                                                   ; |lab6_stack_rtl_view_top|lab6_stack_top:U_STACK_SYSTEM|stack7x16:U_STACK|mem_r[2][9]                                                   ; regout           ;
; |lab6_stack_rtl_view_top|lab6_stack_top:U_STACK_SYSTEM|stack7x16:U_STACK|mem_r[2][10]                                                  ; |lab6_stack_rtl_view_top|lab6_stack_top:U_STACK_SYSTEM|stack7x16:U_STACK|mem_r[2][10]                                                  ; regout           ;
; |lab6_stack_rtl_view_top|lab6_stack_top:U_STACK_SYSTEM|stack7x16:U_STACK|mem_r[2][11]                                                  ; |lab6_stack_rtl_view_top|lab6_stack_top:U_STACK_SYSTEM|stack7x16:U_STACK|mem_r[2][11]                                                  ; regout           ;
; |lab6_stack_rtl_view_top|lab6_stack_top:U_STACK_SYSTEM|stack7x16:U_STACK|mem_r[2][12]                                                  ; |lab6_stack_rtl_view_top|lab6_stack_top:U_STACK_SYSTEM|stack7x16:U_STACK|mem_r[2][12]                                                  ; regout           ;
; |lab6_stack_rtl_view_top|lab6_stack_top:U_STACK_SYSTEM|stack7x16:U_STACK|mem_r[2][13]                                                  ; |lab6_stack_rtl_view_top|lab6_stack_top:U_STACK_SYSTEM|stack7x16:U_STACK|mem_r[2][13]                                                  ; regout           ;
; |lab6_stack_rtl_view_top|lab6_stack_top:U_STACK_SYSTEM|stack7x16:U_STACK|mem_r[2][14]                                                  ; |lab6_stack_rtl_view_top|lab6_stack_top:U_STACK_SYSTEM|stack7x16:U_STACK|mem_r[2][14]                                                  ; regout           ;
; |lab6_stack_rtl_view_top|lab6_stack_top:U_STACK_SYSTEM|stack7x16:U_STACK|mem_r[2][15]                                                  ; |lab6_stack_rtl_view_top|lab6_stack_top:U_STACK_SYSTEM|stack7x16:U_STACK|mem_r[2][15]                                                  ; regout           ;
; |lab6_stack_rtl_view_top|lab6_stack_top:U_STACK_SYSTEM|stack7x16:U_STACK|mem_r[1][0]                                                   ; |lab6_stack_rtl_view_top|lab6_stack_top:U_STACK_SYSTEM|stack7x16:U_STACK|mem_r[1][0]                                                   ; regout           ;
; |lab6_stack_rtl_view_top|lab6_stack_top:U_STACK_SYSTEM|stack7x16:U_STACK|mem_r[1][1]                                                   ; |lab6_stack_rtl_view_top|lab6_stack_top:U_STACK_SYSTEM|stack7x16:U_STACK|mem_r[1][1]                                                   ; regout           ;
; |lab6_stack_rtl_view_top|lab6_stack_top:U_STACK_SYSTEM|stack7x16:U_STACK|mem_r[1][2]                                                   ; |lab6_stack_rtl_view_top|lab6_stack_top:U_STACK_SYSTEM|stack7x16:U_STACK|mem_r[1][2]                                                   ; regout           ;
; |lab6_stack_rtl_view_top|lab6_stack_top:U_STACK_SYSTEM|stack7x16:U_STACK|mem_r[1][3]                                                   ; |lab6_stack_rtl_view_top|lab6_stack_top:U_STACK_SYSTEM|stack7x16:U_STACK|mem_r[1][3]                                                   ; regout           ;
; |lab6_stack_rtl_view_top|lab6_stack_top:U_STACK_SYSTEM|stack7x16:U_STACK|mem_r[1][4]                                                   ; |lab6_stack_rtl_view_top|lab6_stack_top:U_STACK_SYSTEM|stack7x16:U_STACK|mem_r[1][4]                                                   ; regout           ;
; |lab6_stack_rtl_view_top|lab6_stack_top:U_STACK_SYSTEM|stack7x16:U_STACK|mem_r[1][6]                                                   ; |lab6_stack_rtl_view_top|lab6_stack_top:U_STACK_SYSTEM|stack7x16:U_STACK|mem_r[1][6]                                                   ; regout           ;
; |lab6_stack_rtl_view_top|lab6_stack_top:U_STACK_SYSTEM|stack7x16:U_STACK|mem_r[1][7]                                                   ; |lab6_stack_rtl_view_top|lab6_stack_top:U_STACK_SYSTEM|stack7x16:U_STACK|mem_r[1][7]                                                   ; regout           ;
; |lab6_stack_rtl_view_top|lab6_stack_top:U_STACK_SYSTEM|stack7x16:U_STACK|mem_r[1][8]                                                   ; |lab6_stack_rtl_view_top|lab6_stack_top:U_STACK_SYSTEM|stack7x16:U_STACK|mem_r[1][8]                                                   ; regout           ;
; |lab6_stack_rtl_view_top|lab6_stack_top:U_STACK_SYSTEM|stack7x16:U_STACK|mem_r[1][10]                                                  ; |lab6_stack_rtl_view_top|lab6_stack_top:U_STACK_SYSTEM|stack7x16:U_STACK|mem_r[1][10]                                                  ; regout           ;
; |lab6_stack_rtl_view_top|lab6_stack_top:U_STACK_SYSTEM|stack7x16:U_STACK|mem_r[1][11]                                                  ; |lab6_stack_rtl_view_top|lab6_stack_top:U_STACK_SYSTEM|stack7x16:U_STACK|mem_r[1][11]                                                  ; regout           ;
; |lab6_stack_rtl_view_top|lab6_stack_top:U_STACK_SYSTEM|stack7x16:U_STACK|mem_r[1][12]                                                  ; |lab6_stack_rtl_view_top|lab6_stack_top:U_STACK_SYSTEM|stack7x16:U_STACK|mem_r[1][12]                                                  ; regout           ;
; |lab6_stack_rtl_view_top|lab6_stack_top:U_STACK_SYSTEM|stack7x16:U_STACK|mem_r[1][14]                                                  ; |lab6_stack_rtl_view_top|lab6_stack_top:U_STACK_SYSTEM|stack7x16:U_STACK|mem_r[1][14]                                                  ; regout           ;
; |lab6_stack_rtl_view_top|lab6_stack_top:U_STACK_SYSTEM|stack7x16:U_STACK|mem_r[1][15]                                                  ; |lab6_stack_rtl_view_top|lab6_stack_top:U_STACK_SYSTEM|stack7x16:U_STACK|mem_r[1][15]                                                  ; regout           ;
; |lab6_stack_rtl_view_top|lab6_stack_top:U_STACK_SYSTEM|stack7x16:U_STACK|mem_r[0][0]                                                   ; |lab6_stack_rtl_view_top|lab6_stack_top:U_STACK_SYSTEM|stack7x16:U_STACK|mem_r[0][0]                                                   ; regout           ;
; |lab6_stack_rtl_view_top|lab6_stack_top:U_STACK_SYSTEM|stack7x16:U_STACK|mem_r[0][1]                                                   ; |lab6_stack_rtl_view_top|lab6_stack_top:U_STACK_SYSTEM|stack7x16:U_STACK|mem_r[0][1]                                                   ; regout           ;
; |lab6_stack_rtl_view_top|lab6_stack_top:U_STACK_SYSTEM|stack7x16:U_STACK|mem_r[0][2]                                                   ; |lab6_stack_rtl_view_top|lab6_stack_top:U_STACK_SYSTEM|stack7x16:U_STACK|mem_r[0][2]                                                   ; regout           ;
; |lab6_stack_rtl_view_top|lab6_stack_top:U_STACK_SYSTEM|stack7x16:U_STACK|mem_r[0][3]                                                   ; |lab6_stack_rtl_view_top|lab6_stack_top:U_STACK_SYSTEM|stack7x16:U_STACK|mem_r[0][3]                                                   ; regout           ;
; |lab6_stack_rtl_view_top|lab6_stack_top:U_STACK_SYSTEM|stack7x16:U_STACK|mem_r[0][4]                                                   ; |lab6_stack_rtl_view_top|lab6_stack_top:U_STACK_SYSTEM|stack7x16:U_STACK|mem_r[0][4]                                                   ; regout           ;
; |lab6_stack_rtl_view_top|lab6_stack_top:U_STACK_SYSTEM|stack7x16:U_STACK|mem_r[0][5]                                                   ; |lab6_stack_rtl_view_top|lab6_stack_top:U_STACK_SYSTEM|stack7x16:U_STACK|mem_r[0][5]                                                   ; regout           ;
; |lab6_stack_rtl_view_top|lab6_stack_top:U_STACK_SYSTEM|stack7x16:U_STACK|mem_r[0][6]                                                   ; |lab6_stack_rtl_view_top|lab6_stack_top:U_STACK_SYSTEM|stack7x16:U_STACK|mem_r[0][6]                                                   ; regout           ;
; |lab6_stack_rtl_view_top|lab6_stack_top:U_STACK_SYSTEM|stack7x16:U_STACK|mem_r[0][7]                                                   ; |lab6_stack_rtl_view_top|lab6_stack_top:U_STACK_SYSTEM|stack7x16:U_STACK|mem_r[0][7]                                                   ; regout           ;
; |lab6_stack_rtl_view_top|lab6_stack_top:U_STACK_SYSTEM|stack7x16:U_STACK|mem_r[0][8]                                                   ; |lab6_stack_rtl_view_top|lab6_stack_top:U_STACK_SYSTEM|stack7x16:U_STACK|mem_r[0][8]                                                   ; regout           ;
; |lab6_stack_rtl_view_top|lab6_stack_top:U_STACK_SYSTEM|stack7x16:U_STACK|mem_r[0][9]                                                   ; |lab6_stack_rtl_view_top|lab6_stack_top:U_STACK_SYSTEM|stack7x16:U_STACK|mem_r[0][9]                                                   ; regout           ;
; |lab6_stack_rtl_view_top|lab6_stack_top:U_STACK_SYSTEM|stack7x16:U_STACK|mem_r[0][10]                                                  ; |lab6_stack_rtl_view_top|lab6_stack_top:U_STACK_SYSTEM|stack7x16:U_STACK|mem_r[0][10]                                                  ; regout           ;
; |lab6_stack_rtl_view_top|lab6_stack_top:U_STACK_SYSTEM|stack7x16:U_STACK|mem_r[0][11]                                                  ; |lab6_stack_rtl_view_top|lab6_stack_top:U_STACK_SYSTEM|stack7x16:U_STACK|mem_r[0][11]                                                  ; regout           ;
; |lab6_stack_rtl_view_top|lab6_stack_top:U_STACK_SYSTEM|stack7x16:U_STACK|mem_r[0][12]                                                  ; |lab6_stack_rtl_view_top|lab6_stack_top:U_STACK_SYSTEM|stack7x16:U_STACK|mem_r[0][12]                                                  ; regout           ;
; |lab6_stack_rtl_view_top|lab6_stack_top:U_STACK_SYSTEM|stack7x16:U_STACK|mem_r[0][13]                                                  ; |lab6_stack_rtl_view_top|lab6_stack_top:U_STACK_SYSTEM|stack7x16:U_STACK|mem_r[0][13]                                                  ; regout           ;
; |lab6_stack_rtl_view_top|lab6_stack_top:U_STACK_SYSTEM|stack7x16:U_STACK|mem_r[0][14]                                                  ; |lab6_stack_rtl_view_top|lab6_stack_top:U_STACK_SYSTEM|stack7x16:U_STACK|mem_r[0][14]                                                  ; regout           ;
; |lab6_stack_rtl_view_top|lab6_stack_top:U_STACK_SYSTEM|stack7x16:U_STACK|mem_r[0][15]                                                  ; |lab6_stack_rtl_view_top|lab6_stack_top:U_STACK_SYSTEM|stack7x16:U_STACK|mem_r[0][15]                                                  ; regout           ;
; |lab6_stack_rtl_view_top|lab6_stack_top:U_STACK_SYSTEM|stack_control:U_CTRL|lpm_mux:Mux1|mux_0oc:auto_generated|l1_w0_n0_mux_dataout~0 ; |lab6_stack_rtl_view_top|lab6_stack_top:U_STACK_SYSTEM|stack_control:U_CTRL|lpm_mux:Mux1|mux_0oc:auto_generated|l1_w0_n0_mux_dataout~0 ; out0             ;
; |lab6_stack_rtl_view_top|lab6_stack_top:U_STACK_SYSTEM|stack_control:U_CTRL|lpm_mux:Mux1|mux_0oc:auto_generated|l1_w0_n0_mux_dataout~1 ; |lab6_stack_rtl_view_top|lab6_stack_top:U_STACK_SYSTEM|stack_control:U_CTRL|lpm_mux:Mux1|mux_0oc:auto_generated|l1_w0_n0_mux_dataout~1 ; out0             ;
; |lab6_stack_rtl_view_top|lab6_stack_top:U_STACK_SYSTEM|stack_control:U_CTRL|lpm_mux:Mux1|mux_0oc:auto_generated|l1_w0_n0_mux_dataout   ; |lab6_stack_rtl_view_top|lab6_stack_top:U_STACK_SYSTEM|stack_control:U_CTRL|lpm_mux:Mux1|mux_0oc:auto_generated|l1_w0_n0_mux_dataout   ; out0             ;
; |lab6_stack_rtl_view_top|lab6_stack_top:U_STACK_SYSTEM|stack_control:U_CTRL|lpm_mux:Mux1|mux_0oc:auto_generated|l1_w0_n1_mux_dataout~1 ; |lab6_stack_rtl_view_top|lab6_stack_top:U_STACK_SYSTEM|stack_control:U_CTRL|lpm_mux:Mux1|mux_0oc:auto_generated|l1_w0_n1_mux_dataout~1 ; out0             ;
; |lab6_stack_rtl_view_top|lab6_stack_top:U_STACK_SYSTEM|stack_control:U_CTRL|lpm_mux:Mux1|mux_0oc:auto_generated|l2_w0_n0_mux_dataout~1 ; |lab6_stack_rtl_view_top|lab6_stack_top:U_STACK_SYSTEM|stack_control:U_CTRL|lpm_mux:Mux1|mux_0oc:auto_generated|l2_w0_n0_mux_dataout~1 ; out0             ;
; |lab6_stack_rtl_view_top|lab6_stack_top:U_STACK_SYSTEM|stack_control:U_CTRL|lpm_mux:Mux0|mux_0oc:auto_generated|l1_w0_n0_mux_dataout~0 ; |lab6_stack_rtl_view_top|lab6_stack_top:U_STACK_SYSTEM|stack_control:U_CTRL|lpm_mux:Mux0|mux_0oc:auto_generated|l1_w0_n0_mux_dataout~0 ; out0             ;
; |lab6_stack_rtl_view_top|lab6_stack_top:U_STACK_SYSTEM|stack_control:U_CTRL|lpm_mux:Mux0|mux_0oc:auto_generated|l1_w0_n0_mux_dataout~1 ; |lab6_stack_rtl_view_top|lab6_stack_top:U_STACK_SYSTEM|stack_control:U_CTRL|lpm_mux:Mux0|mux_0oc:auto_generated|l1_w0_n0_mux_dataout~1 ; out0             ;
; |lab6_stack_rtl_view_top|lab6_stack_top:U_STACK_SYSTEM|stack_control:U_CTRL|lpm_mux:Mux0|mux_0oc:auto_generated|l1_w0_n0_mux_dataout   ; |lab6_stack_rtl_view_top|lab6_stack_top:U_STACK_SYSTEM|stack_control:U_CTRL|lpm_mux:Mux0|mux_0oc:auto_generated|l1_w0_n0_mux_dataout   ; out0             ;
; |lab6_stack_rtl_view_top|lab6_stack_top:U_STACK_SYSTEM|stack_control:U_CTRL|lpm_mux:Mux0|mux_0oc:auto_generated|l1_w0_n1_mux_dataout~0 ; |lab6_stack_rtl_view_top|lab6_stack_top:U_STACK_SYSTEM|stack_control:U_CTRL|lpm_mux:Mux0|mux_0oc:auto_generated|l1_w0_n1_mux_dataout~0 ; out0             ;
; |lab6_stack_rtl_view_top|lab6_stack_top:U_STACK_SYSTEM|stack_control:U_CTRL|lpm_mux:Mux0|mux_0oc:auto_generated|l2_w0_n0_mux_dataout~1 ; |lab6_stack_rtl_view_top|lab6_stack_top:U_STACK_SYSTEM|stack_control:U_CTRL|lpm_mux:Mux0|mux_0oc:auto_generated|l2_w0_n0_mux_dataout~1 ; out0             ;
; |lab6_stack_rtl_view_top|lab6_stack_top:U_STACK_SYSTEM|stack7x16:U_STACK|lpm_mux:Mux15|mux_5oc:auto_generated|l1_w0_n1_mux_dataout~0   ; |lab6_stack_rtl_view_top|lab6_stack_top:U_STACK_SYSTEM|stack7x16:U_STACK|lpm_mux:Mux15|mux_5oc:auto_generated|l1_w0_n1_mux_dataout~0   ; out0             ;
; |lab6_stack_rtl_view_top|lab6_stack_top:U_STACK_SYSTEM|stack7x16:U_STACK|lpm_mux:Mux15|mux_5oc:auto_generated|l1_w0_n2_mux_dataout~0   ; |lab6_stack_rtl_view_top|lab6_stack_top:U_STACK_SYSTEM|stack7x16:U_STACK|lpm_mux:Mux15|mux_5oc:auto_generated|l1_w0_n2_mux_dataout~0   ; out0             ;
; |lab6_stack_rtl_view_top|lab6_stack_top:U_STACK_SYSTEM|stack7x16:U_STACK|lpm_mux:Mux15|mux_5oc:auto_generated|l1_w0_n3_mux_dataout~0   ; |lab6_stack_rtl_view_top|lab6_stack_top:U_STACK_SYSTEM|stack7x16:U_STACK|lpm_mux:Mux15|mux_5oc:auto_generated|l1_w0_n3_mux_dataout~0   ; out0             ;
; |lab6_stack_rtl_view_top|lab6_stack_top:U_STACK_SYSTEM|stack7x16:U_STACK|lpm_mux:Mux14|mux_5oc:auto_generated|l1_w0_n0_mux_dataout~1   ; |lab6_stack_rtl_view_top|lab6_stack_top:U_STACK_SYSTEM|stack7x16:U_STACK|lpm_mux:Mux14|mux_5oc:auto_generated|l1_w0_n0_mux_dataout~1   ; out0             ;
; |lab6_stack_rtl_view_top|lab6_stack_top:U_STACK_SYSTEM|stack7x16:U_STACK|lpm_mux:Mux14|mux_5oc:auto_generated|l1_w0_n1_mux_dataout~0   ; |lab6_stack_rtl_view_top|lab6_stack_top:U_STACK_SYSTEM|stack7x16:U_STACK|lpm_mux:Mux14|mux_5oc:auto_generated|l1_w0_n1_mux_dataout~0   ; out0             ;
; |lab6_stack_rtl_view_top|lab6_stack_top:U_STACK_SYSTEM|stack7x16:U_STACK|lpm_mux:Mux14|mux_5oc:auto_generated|l1_w0_n2_mux_dataout~1   ; |lab6_stack_rtl_view_top|lab6_stack_top:U_STACK_SYSTEM|stack7x16:U_STACK|lpm_mux:Mux14|mux_5oc:auto_generated|l1_w0_n2_mux_dataout~1   ; out0             ;
; |lab6_stack_rtl_view_top|lab6_stack_top:U_STACK_SYSTEM|stack7x16:U_STACK|lpm_mux:Mux14|mux_5oc:auto_generated|l1_w0_n3_mux_dataout~0   ; |lab6_stack_rtl_view_top|lab6_stack_top:U_STACK_SYSTEM|stack7x16:U_STACK|lpm_mux:Mux14|mux_5oc:auto_generated|l1_w0_n3_mux_dataout~0   ; out0             ;
; |lab6_stack_rtl_view_top|lab6_stack_top:U_STACK_SYSTEM|stack7x16:U_STACK|lpm_mux:Mux13|mux_5oc:auto_generated|l1_w0_n0_mux_dataout~1   ; |lab6_stack_rtl_view_top|lab6_stack_top:U_STACK_SYSTEM|stack7x16:U_STACK|lpm_mux:Mux13|mux_5oc:auto_generated|l1_w0_n0_mux_dataout~1   ; out0             ;
; |lab6_stack_rtl_view_top|lab6_stack_top:U_STACK_SYSTEM|stack7x16:U_STACK|lpm_mux:Mux13|mux_5oc:auto_generated|l1_w0_n1_mux_dataout~1   ; |lab6_stack_rtl_view_top|lab6_stack_top:U_STACK_SYSTEM|stack7x16:U_STACK|lpm_mux:Mux13|mux_5oc:auto_generated|l1_w0_n1_mux_dataout~1   ; out0             ;
; |lab6_stack_rtl_view_top|lab6_stack_top:U_STACK_SYSTEM|stack7x16:U_STACK|lpm_mux:Mux13|mux_5oc:auto_generated|l1_w0_n3_mux_dataout~0   ; |lab6_stack_rtl_view_top|lab6_stack_top:U_STACK_SYSTEM|stack7x16:U_STACK|lpm_mux:Mux13|mux_5oc:auto_generated|l1_w0_n3_mux_dataout~0   ; out0             ;
; |lab6_stack_rtl_view_top|lab6_stack_top:U_STACK_SYSTEM|stack7x16:U_STACK|lpm_mux:Mux12|mux_5oc:auto_generated|l1_w0_n0_mux_dataout~1   ; |lab6_stack_rtl_view_top|lab6_stack_top:U_STACK_SYSTEM|stack7x16:U_STACK|lpm_mux:Mux12|mux_5oc:auto_generated|l1_w0_n0_mux_dataout~1   ; out0             ;
; |lab6_stack_rtl_view_top|lab6_stack_top:U_STACK_SYSTEM|stack7x16:U_STACK|lpm_mux:Mux12|mux_5oc:auto_generated|l1_w0_n1_mux_dataout~0   ; |lab6_stack_rtl_view_top|lab6_stack_top:U_STACK_SYSTEM|stack7x16:U_STACK|lpm_mux:Mux12|mux_5oc:auto_generated|l1_w0_n1_mux_dataout~0   ; out0             ;
; |lab6_stack_rtl_view_top|lab6_stack_top:U_STACK_SYSTEM|stack7x16:U_STACK|lpm_mux:Mux12|mux_5oc:auto_generated|l1_w0_n1_mux_dataout~1   ; |lab6_stack_rtl_view_top|lab6_stack_top:U_STACK_SYSTEM|stack7x16:U_STACK|lpm_mux:Mux12|mux_5oc:auto_generated|l1_w0_n1_mux_dataout~1   ; out0             ;
; |lab6_stack_rtl_view_top|lab6_stack_top:U_STACK_SYSTEM|stack7x16:U_STACK|lpm_mux:Mux12|mux_5oc:auto_generated|l1_w0_n1_mux_dataout     ; |lab6_stack_rtl_view_top|lab6_stack_top:U_STACK_SYSTEM|stack7x16:U_STACK|lpm_mux:Mux12|mux_5oc:auto_generated|l1_w0_n1_mux_dataout     ; out0             ;
; |lab6_stack_rtl_view_top|lab6_stack_top:U_STACK_SYSTEM|stack7x16:U_STACK|lpm_mux:Mux12|mux_5oc:auto_generated|l1_w0_n2_mux_dataout~0   ; |lab6_stack_rtl_view_top|lab6_stack_top:U_STACK_SYSTEM|stack7x16:U_STACK|lpm_mux:Mux12|mux_5oc:auto_generated|l1_w0_n2_mux_dataout~0   ; out0             ;
; |lab6_stack_rtl_view_top|lab6_stack_top:U_STACK_SYSTEM|stack7x16:U_STACK|lpm_mux:Mux12|mux_5oc:auto_generated|l1_w0_n2_mux_dataout~1   ; |lab6_stack_rtl_view_top|lab6_stack_top:U_STACK_SYSTEM|stack7x16:U_STACK|lpm_mux:Mux12|mux_5oc:auto_generated|l1_w0_n2_mux_dataout~1   ; out0             ;
; |lab6_stack_rtl_view_top|lab6_stack_top:U_STACK_SYSTEM|stack7x16:U_STACK|lpm_mux:Mux12|mux_5oc:auto_generated|l1_w0_n2_mux_dataout     ; |lab6_stack_rtl_view_top|lab6_stack_top:U_STACK_SYSTEM|stack7x16:U_STACK|lpm_mux:Mux12|mux_5oc:auto_generated|l1_w0_n2_mux_dataout     ; out0             ;
; |lab6_stack_rtl_view_top|lab6_stack_top:U_STACK_SYSTEM|stack7x16:U_STACK|lpm_mux:Mux12|mux_5oc:auto_generated|l1_w0_n3_mux_dataout~0   ; |lab6_stack_rtl_view_top|lab6_stack_top:U_STACK_SYSTEM|stack7x16:U_STACK|lpm_mux:Mux12|mux_5oc:auto_generated|l1_w0_n3_mux_dataout~0   ; out0             ;
; |lab6_stack_rtl_view_top|lab6_stack_top:U_STACK_SYSTEM|stack7x16:U_STACK|lpm_mux:Mux12|mux_5oc:auto_generated|l1_w0_n3_mux_dataout~1   ; |lab6_stack_rtl_view_top|lab6_stack_top:U_STACK_SYSTEM|stack7x16:U_STACK|lpm_mux:Mux12|mux_5oc:auto_generated|l1_w0_n3_mux_dataout~1   ; out0             ;
; |lab6_stack_rtl_view_top|lab6_stack_top:U_STACK_SYSTEM|stack7x16:U_STACK|lpm_mux:Mux12|mux_5oc:auto_generated|l1_w0_n3_mux_dataout     ; |lab6_stack_rtl_view_top|lab6_stack_top:U_STACK_SYSTEM|stack7x16:U_STACK|lpm_mux:Mux12|mux_5oc:auto_generated|l1_w0_n3_mux_dataout     ; out0             ;
; |lab6_stack_rtl_view_top|lab6_stack_top:U_STACK_SYSTEM|stack7x16:U_STACK|lpm_mux:Mux12|mux_5oc:auto_generated|l2_w0_n0_mux_dataout~0   ; |lab6_stack_rtl_view_top|lab6_stack_top:U_STACK_SYSTEM|stack7x16:U_STACK|lpm_mux:Mux12|mux_5oc:auto_generated|l2_w0_n0_mux_dataout~0   ; out0             ;
; |lab6_stack_rtl_view_top|lab6_stack_top:U_STACK_SYSTEM|stack7x16:U_STACK|lpm_mux:Mux12|mux_5oc:auto_generated|l2_w0_n1_mux_dataout~0   ; |lab6_stack_rtl_view_top|lab6_stack_top:U_STACK_SYSTEM|stack7x16:U_STACK|lpm_mux:Mux12|mux_5oc:auto_generated|l2_w0_n1_mux_dataout~0   ; out0             ;
; |lab6_stack_rtl_view_top|lab6_stack_top:U_STACK_SYSTEM|stack7x16:U_STACK|lpm_mux:Mux12|mux_5oc:auto_generated|l2_w0_n1_mux_dataout~1   ; |lab6_stack_rtl_view_top|lab6_stack_top:U_STACK_SYSTEM|stack7x16:U_STACK|lpm_mux:Mux12|mux_5oc:auto_generated|l2_w0_n1_mux_dataout~1   ; out0             ;
; |lab6_stack_rtl_view_top|lab6_stack_top:U_STACK_SYSTEM|stack7x16:U_STACK|lpm_mux:Mux12|mux_5oc:auto_generated|l2_w0_n1_mux_dataout     ; |lab6_stack_rtl_view_top|lab6_stack_top:U_STACK_SYSTEM|stack7x16:U_STACK|lpm_mux:Mux12|mux_5oc:auto_generated|l2_w0_n1_mux_dataout     ; out0             ;
; |lab6_stack_rtl_view_top|lab6_stack_top:U_STACK_SYSTEM|stack7x16:U_STACK|lpm_mux:Mux12|mux_5oc:auto_generated|l3_w0_n0_mux_dataout~0   ; |lab6_stack_rtl_view_top|lab6_stack_top:U_STACK_SYSTEM|stack7x16:U_STACK|lpm_mux:Mux12|mux_5oc:auto_generated|l3_w0_n0_mux_dataout~0   ; out0             ;
; |lab6_stack_rtl_view_top|lab6_stack_top:U_STACK_SYSTEM|stack7x16:U_STACK|lpm_mux:Mux11|mux_5oc:auto_generated|l1_w0_n0_mux_dataout~0   ; |lab6_stack_rtl_view_top|lab6_stack_top:U_STACK_SYSTEM|stack7x16:U_STACK|lpm_mux:Mux11|mux_5oc:auto_generated|l1_w0_n0_mux_dataout~0   ; out0             ;
; |lab6_stack_rtl_view_top|lab6_stack_top:U_STACK_SYSTEM|stack7x16:U_STACK|lpm_mux:Mux11|mux_5oc:auto_generated|l1_w0_n1_mux_dataout~0   ; |lab6_stack_rtl_view_top|lab6_stack_top:U_STACK_SYSTEM|stack7x16:U_STACK|lpm_mux:Mux11|mux_5oc:auto_generated|l1_w0_n1_mux_dataout~0   ; out0             ;
; |lab6_stack_rtl_view_top|lab6_stack_top:U_STACK_SYSTEM|stack7x16:U_STACK|lpm_mux:Mux11|mux_5oc:auto_generated|l1_w0_n2_mux_dataout~0   ; |lab6_stack_rtl_view_top|lab6_stack_top:U_STACK_SYSTEM|stack7x16:U_STACK|lpm_mux:Mux11|mux_5oc:auto_generated|l1_w0_n2_mux_dataout~0   ; out0             ;
; |lab6_stack_rtl_view_top|lab6_stack_top:U_STACK_SYSTEM|stack7x16:U_STACK|lpm_mux:Mux11|mux_5oc:auto_generated|l1_w0_n3_mux_dataout~0   ; |lab6_stack_rtl_view_top|lab6_stack_top:U_STACK_SYSTEM|stack7x16:U_STACK|lpm_mux:Mux11|mux_5oc:auto_generated|l1_w0_n3_mux_dataout~0   ; out0             ;
; |lab6_stack_rtl_view_top|lab6_stack_top:U_STACK_SYSTEM|stack7x16:U_STACK|lpm_mux:Mux10|mux_5oc:auto_generated|l1_w0_n0_mux_dataout~1   ; |lab6_stack_rtl_view_top|lab6_stack_top:U_STACK_SYSTEM|stack7x16:U_STACK|lpm_mux:Mux10|mux_5oc:auto_generated|l1_w0_n0_mux_dataout~1   ; out0             ;
; |lab6_stack_rtl_view_top|lab6_stack_top:U_STACK_SYSTEM|stack7x16:U_STACK|lpm_mux:Mux10|mux_5oc:auto_generated|l1_w0_n1_mux_dataout~0   ; |lab6_stack_rtl_view_top|lab6_stack_top:U_STACK_SYSTEM|stack7x16:U_STACK|lpm_mux:Mux10|mux_5oc:auto_generated|l1_w0_n1_mux_dataout~0   ; out0             ;
; |lab6_stack_rtl_view_top|lab6_stack_top:U_STACK_SYSTEM|stack7x16:U_STACK|lpm_mux:Mux10|mux_5oc:auto_generated|l1_w0_n2_mux_dataout~1   ; |lab6_stack_rtl_view_top|lab6_stack_top:U_STACK_SYSTEM|stack7x16:U_STACK|lpm_mux:Mux10|mux_5oc:auto_generated|l1_w0_n2_mux_dataout~1   ; out0             ;
; |lab6_stack_rtl_view_top|lab6_stack_top:U_STACK_SYSTEM|stack7x16:U_STACK|lpm_mux:Mux10|mux_5oc:auto_generated|l1_w0_n3_mux_dataout~0   ; |lab6_stack_rtl_view_top|lab6_stack_top:U_STACK_SYSTEM|stack7x16:U_STACK|lpm_mux:Mux10|mux_5oc:auto_generated|l1_w0_n3_mux_dataout~0   ; out0             ;
; |lab6_stack_rtl_view_top|lab6_stack_top:U_STACK_SYSTEM|stack7x16:U_STACK|lpm_mux:Mux9|mux_5oc:auto_generated|l1_w0_n0_mux_dataout~0    ; |lab6_stack_rtl_view_top|lab6_stack_top:U_STACK_SYSTEM|stack7x16:U_STACK|lpm_mux:Mux9|mux_5oc:auto_generated|l1_w0_n0_mux_dataout~0    ; out0             ;
; |lab6_stack_rtl_view_top|lab6_stack_top:U_STACK_SYSTEM|stack7x16:U_STACK|lpm_mux:Mux9|mux_5oc:auto_generated|l1_w0_n0_mux_dataout~1    ; |lab6_stack_rtl_view_top|lab6_stack_top:U_STACK_SYSTEM|stack7x16:U_STACK|lpm_mux:Mux9|mux_5oc:auto_generated|l1_w0_n0_mux_dataout~1    ; out0             ;
; |lab6_stack_rtl_view_top|lab6_stack_top:U_STACK_SYSTEM|stack7x16:U_STACK|lpm_mux:Mux9|mux_5oc:auto_generated|l1_w0_n0_mux_dataout      ; |lab6_stack_rtl_view_top|lab6_stack_top:U_STACK_SYSTEM|stack7x16:U_STACK|lpm_mux:Mux9|mux_5oc:auto_generated|l1_w0_n0_mux_dataout      ; out0             ;
; |lab6_stack_rtl_view_top|lab6_stack_top:U_STACK_SYSTEM|stack7x16:U_STACK|lpm_mux:Mux9|mux_5oc:auto_generated|l1_w0_n1_mux_dataout~1    ; |lab6_stack_rtl_view_top|lab6_stack_top:U_STACK_SYSTEM|stack7x16:U_STACK|lpm_mux:Mux9|mux_5oc:auto_generated|l1_w0_n1_mux_dataout~1    ; out0             ;
; |lab6_stack_rtl_view_top|lab6_stack_top:U_STACK_SYSTEM|stack7x16:U_STACK|lpm_mux:Mux9|mux_5oc:auto_generated|l1_w0_n3_mux_dataout~0    ; |lab6_stack_rtl_view_top|lab6_stack_top:U_STACK_SYSTEM|stack7x16:U_STACK|lpm_mux:Mux9|mux_5oc:auto_generated|l1_w0_n3_mux_dataout~0    ; out0             ;
; |lab6_stack_rtl_view_top|lab6_stack_top:U_STACK_SYSTEM|stack7x16:U_STACK|lpm_mux:Mux9|mux_5oc:auto_generated|l2_w0_n0_mux_dataout~1    ; |lab6_stack_rtl_view_top|lab6_stack_top:U_STACK_SYSTEM|stack7x16:U_STACK|lpm_mux:Mux9|mux_5oc:auto_generated|l2_w0_n0_mux_dataout~1    ; out0             ;
; |lab6_stack_rtl_view_top|lab6_stack_top:U_STACK_SYSTEM|stack7x16:U_STACK|lpm_mux:Mux8|mux_5oc:auto_generated|l1_w0_n0_mux_dataout~0    ; |lab6_stack_rtl_view_top|lab6_stack_top:U_STACK_SYSTEM|stack7x16:U_STACK|lpm_mux:Mux8|mux_5oc:auto_generated|l1_w0_n0_mux_dataout~0    ; out0             ;
; |lab6_stack_rtl_view_top|lab6_stack_top:U_STACK_SYSTEM|stack7x16:U_STACK|lpm_mux:Mux8|mux_5oc:auto_generated|l1_w0_n0_mux_dataout~1    ; |lab6_stack_rtl_view_top|lab6_stack_top:U_STACK_SYSTEM|stack7x16:U_STACK|lpm_mux:Mux8|mux_5oc:auto_generated|l1_w0_n0_mux_dataout~1    ; out0             ;
; |lab6_stack_rtl_view_top|lab6_stack_top:U_STACK_SYSTEM|stack7x16:U_STACK|lpm_mux:Mux8|mux_5oc:auto_generated|l1_w0_n0_mux_dataout      ; |lab6_stack_rtl_view_top|lab6_stack_top:U_STACK_SYSTEM|stack7x16:U_STACK|lpm_mux:Mux8|mux_5oc:auto_generated|l1_w0_n0_mux_dataout      ; out0             ;
; |lab6_stack_rtl_view_top|lab6_stack_top:U_STACK_SYSTEM|stack7x16:U_STACK|lpm_mux:Mux8|mux_5oc:auto_generated|l1_w0_n1_mux_dataout~0    ; |lab6_stack_rtl_view_top|lab6_stack_top:U_STACK_SYSTEM|stack7x16:U_STACK|lpm_mux:Mux8|mux_5oc:auto_generated|l1_w0_n1_mux_dataout~0    ; out0             ;
; |lab6_stack_rtl_view_top|lab6_stack_top:U_STACK_SYSTEM|stack7x16:U_STACK|lpm_mux:Mux8|mux_5oc:auto_generated|l1_w0_n1_mux_dataout~1    ; |lab6_stack_rtl_view_top|lab6_stack_top:U_STACK_SYSTEM|stack7x16:U_STACK|lpm_mux:Mux8|mux_5oc:auto_generated|l1_w0_n1_mux_dataout~1    ; out0             ;
; |lab6_stack_rtl_view_top|lab6_stack_top:U_STACK_SYSTEM|stack7x16:U_STACK|lpm_mux:Mux8|mux_5oc:auto_generated|l1_w0_n1_mux_dataout      ; |lab6_stack_rtl_view_top|lab6_stack_top:U_STACK_SYSTEM|stack7x16:U_STACK|lpm_mux:Mux8|mux_5oc:auto_generated|l1_w0_n1_mux_dataout      ; out0             ;
; |lab6_stack_rtl_view_top|lab6_stack_top:U_STACK_SYSTEM|stack7x16:U_STACK|lpm_mux:Mux8|mux_5oc:auto_generated|l1_w0_n2_mux_dataout~0    ; |lab6_stack_rtl_view_top|lab6_stack_top:U_STACK_SYSTEM|stack7x16:U_STACK|lpm_mux:Mux8|mux_5oc:auto_generated|l1_w0_n2_mux_dataout~0    ; out0             ;
; |lab6_stack_rtl_view_top|lab6_stack_top:U_STACK_SYSTEM|stack7x16:U_STACK|lpm_mux:Mux8|mux_5oc:auto_generated|l1_w0_n2_mux_dataout~1    ; |lab6_stack_rtl_view_top|lab6_stack_top:U_STACK_SYSTEM|stack7x16:U_STACK|lpm_mux:Mux8|mux_5oc:auto_generated|l1_w0_n2_mux_dataout~1    ; out0             ;
; |lab6_stack_rtl_view_top|lab6_stack_top:U_STACK_SYSTEM|stack7x16:U_STACK|lpm_mux:Mux8|mux_5oc:auto_generated|l1_w0_n2_mux_dataout      ; |lab6_stack_rtl_view_top|lab6_stack_top:U_STACK_SYSTEM|stack7x16:U_STACK|lpm_mux:Mux8|mux_5oc:auto_generated|l1_w0_n2_mux_dataout      ; out0             ;
; |lab6_stack_rtl_view_top|lab6_stack_top:U_STACK_SYSTEM|stack7x16:U_STACK|lpm_mux:Mux8|mux_5oc:auto_generated|l1_w0_n3_mux_dataout~0    ; |lab6_stack_rtl_view_top|lab6_stack_top:U_STACK_SYSTEM|stack7x16:U_STACK|lpm_mux:Mux8|mux_5oc:auto_generated|l1_w0_n3_mux_dataout~0    ; out0             ;
; |lab6_stack_rtl_view_top|lab6_stack_top:U_STACK_SYSTEM|stack7x16:U_STACK|lpm_mux:Mux8|mux_5oc:auto_generated|l1_w0_n3_mux_dataout~1    ; |lab6_stack_rtl_view_top|lab6_stack_top:U_STACK_SYSTEM|stack7x16:U_STACK|lpm_mux:Mux8|mux_5oc:auto_generated|l1_w0_n3_mux_dataout~1    ; out0             ;
; |lab6_stack_rtl_view_top|lab6_stack_top:U_STACK_SYSTEM|stack7x16:U_STACK|lpm_mux:Mux8|mux_5oc:auto_generated|l1_w0_n3_mux_dataout      ; |lab6_stack_rtl_view_top|lab6_stack_top:U_STACK_SYSTEM|stack7x16:U_STACK|lpm_mux:Mux8|mux_5oc:auto_generated|l1_w0_n3_mux_dataout      ; out0             ;
; |lab6_stack_rtl_view_top|lab6_stack_top:U_STACK_SYSTEM|stack7x16:U_STACK|lpm_mux:Mux8|mux_5oc:auto_generated|l2_w0_n0_mux_dataout~0    ; |lab6_stack_rtl_view_top|lab6_stack_top:U_STACK_SYSTEM|stack7x16:U_STACK|lpm_mux:Mux8|mux_5oc:auto_generated|l2_w0_n0_mux_dataout~0    ; out0             ;
; |lab6_stack_rtl_view_top|lab6_stack_top:U_STACK_SYSTEM|stack7x16:U_STACK|lpm_mux:Mux8|mux_5oc:auto_generated|l2_w0_n0_mux_dataout~1    ; |lab6_stack_rtl_view_top|lab6_stack_top:U_STACK_SYSTEM|stack7x16:U_STACK|lpm_mux:Mux8|mux_5oc:auto_generated|l2_w0_n0_mux_dataout~1    ; out0             ;
; |lab6_stack_rtl_view_top|lab6_stack_top:U_STACK_SYSTEM|stack7x16:U_STACK|lpm_mux:Mux8|mux_5oc:auto_generated|l2_w0_n0_mux_dataout      ; |lab6_stack_rtl_view_top|lab6_stack_top:U_STACK_SYSTEM|stack7x16:U_STACK|lpm_mux:Mux8|mux_5oc:auto_generated|l2_w0_n0_mux_dataout      ; out0             ;
; |lab6_stack_rtl_view_top|lab6_stack_top:U_STACK_SYSTEM|stack7x16:U_STACK|lpm_mux:Mux8|mux_5oc:auto_generated|l2_w0_n1_mux_dataout~0    ; |lab6_stack_rtl_view_top|lab6_stack_top:U_STACK_SYSTEM|stack7x16:U_STACK|lpm_mux:Mux8|mux_5oc:auto_generated|l2_w0_n1_mux_dataout~0    ; out0             ;
; |lab6_stack_rtl_view_top|lab6_stack_top:U_STACK_SYSTEM|stack7x16:U_STACK|lpm_mux:Mux8|mux_5oc:auto_generated|l2_w0_n1_mux_dataout~1    ; |lab6_stack_rtl_view_top|lab6_stack_top:U_STACK_SYSTEM|stack7x16:U_STACK|lpm_mux:Mux8|mux_5oc:auto_generated|l2_w0_n1_mux_dataout~1    ; out0             ;
; |lab6_stack_rtl_view_top|lab6_stack_top:U_STACK_SYSTEM|stack7x16:U_STACK|lpm_mux:Mux8|mux_5oc:auto_generated|l2_w0_n1_mux_dataout      ; |lab6_stack_rtl_view_top|lab6_stack_top:U_STACK_SYSTEM|stack7x16:U_STACK|lpm_mux:Mux8|mux_5oc:auto_generated|l2_w0_n1_mux_dataout      ; out0             ;
; |lab6_stack_rtl_view_top|lab6_stack_top:U_STACK_SYSTEM|stack7x16:U_STACK|lpm_mux:Mux8|mux_5oc:auto_generated|l3_w0_n0_mux_dataout~0    ; |lab6_stack_rtl_view_top|lab6_stack_top:U_STACK_SYSTEM|stack7x16:U_STACK|lpm_mux:Mux8|mux_5oc:auto_generated|l3_w0_n0_mux_dataout~0    ; out0             ;
; |lab6_stack_rtl_view_top|lab6_stack_top:U_STACK_SYSTEM|stack7x16:U_STACK|lpm_mux:Mux8|mux_5oc:auto_generated|l3_w0_n0_mux_dataout~1    ; |lab6_stack_rtl_view_top|lab6_stack_top:U_STACK_SYSTEM|stack7x16:U_STACK|lpm_mux:Mux8|mux_5oc:auto_generated|l3_w0_n0_mux_dataout~1    ; out0             ;
; |lab6_stack_rtl_view_top|lab6_stack_top:U_STACK_SYSTEM|stack7x16:U_STACK|lpm_mux:Mux8|mux_5oc:auto_generated|l3_w0_n0_mux_dataout      ; |lab6_stack_rtl_view_top|lab6_stack_top:U_STACK_SYSTEM|stack7x16:U_STACK|lpm_mux:Mux8|mux_5oc:auto_generated|l3_w0_n0_mux_dataout      ; out0             ;
; |lab6_stack_rtl_view_top|lab6_stack_top:U_STACK_SYSTEM|stack7x16:U_STACK|lpm_mux:Mux7|mux_5oc:auto_generated|l1_w0_n0_mux_dataout~0    ; |lab6_stack_rtl_view_top|lab6_stack_top:U_STACK_SYSTEM|stack7x16:U_STACK|lpm_mux:Mux7|mux_5oc:auto_generated|l1_w0_n0_mux_dataout~0    ; out0             ;
; |lab6_stack_rtl_view_top|lab6_stack_top:U_STACK_SYSTEM|stack7x16:U_STACK|lpm_mux:Mux7|mux_5oc:auto_generated|l1_w0_n1_mux_dataout~0    ; |lab6_stack_rtl_view_top|lab6_stack_top:U_STACK_SYSTEM|stack7x16:U_STACK|lpm_mux:Mux7|mux_5oc:auto_generated|l1_w0_n1_mux_dataout~0    ; out0             ;
; |lab6_stack_rtl_view_top|lab6_stack_top:U_STACK_SYSTEM|stack7x16:U_STACK|lpm_mux:Mux7|mux_5oc:auto_generated|l1_w0_n2_mux_dataout~0    ; |lab6_stack_rtl_view_top|lab6_stack_top:U_STACK_SYSTEM|stack7x16:U_STACK|lpm_mux:Mux7|mux_5oc:auto_generated|l1_w0_n2_mux_dataout~0    ; out0             ;
; |lab6_stack_rtl_view_top|lab6_stack_top:U_STACK_SYSTEM|stack7x16:U_STACK|lpm_mux:Mux7|mux_5oc:auto_generated|l1_w0_n3_mux_dataout~0    ; |lab6_stack_rtl_view_top|lab6_stack_top:U_STACK_SYSTEM|stack7x16:U_STACK|lpm_mux:Mux7|mux_5oc:auto_generated|l1_w0_n3_mux_dataout~0    ; out0             ;
; |lab6_stack_rtl_view_top|lab6_stack_top:U_STACK_SYSTEM|stack7x16:U_STACK|lpm_mux:Mux6|mux_5oc:auto_generated|l1_w0_n0_mux_dataout~1    ; |lab6_stack_rtl_view_top|lab6_stack_top:U_STACK_SYSTEM|stack7x16:U_STACK|lpm_mux:Mux6|mux_5oc:auto_generated|l1_w0_n0_mux_dataout~1    ; out0             ;
; |lab6_stack_rtl_view_top|lab6_stack_top:U_STACK_SYSTEM|stack7x16:U_STACK|lpm_mux:Mux6|mux_5oc:auto_generated|l1_w0_n1_mux_dataout~0    ; |lab6_stack_rtl_view_top|lab6_stack_top:U_STACK_SYSTEM|stack7x16:U_STACK|lpm_mux:Mux6|mux_5oc:auto_generated|l1_w0_n1_mux_dataout~0    ; out0             ;
; |lab6_stack_rtl_view_top|lab6_stack_top:U_STACK_SYSTEM|stack7x16:U_STACK|lpm_mux:Mux6|mux_5oc:auto_generated|l1_w0_n2_mux_dataout~1    ; |lab6_stack_rtl_view_top|lab6_stack_top:U_STACK_SYSTEM|stack7x16:U_STACK|lpm_mux:Mux6|mux_5oc:auto_generated|l1_w0_n2_mux_dataout~1    ; out0             ;
; |lab6_stack_rtl_view_top|lab6_stack_top:U_STACK_SYSTEM|stack7x16:U_STACK|lpm_mux:Mux6|mux_5oc:auto_generated|l1_w0_n3_mux_dataout~0    ; |lab6_stack_rtl_view_top|lab6_stack_top:U_STACK_SYSTEM|stack7x16:U_STACK|lpm_mux:Mux6|mux_5oc:auto_generated|l1_w0_n3_mux_dataout~0    ; out0             ;
; |lab6_stack_rtl_view_top|lab6_stack_top:U_STACK_SYSTEM|stack7x16:U_STACK|lpm_mux:Mux5|mux_5oc:auto_generated|l1_w0_n0_mux_dataout~0    ; |lab6_stack_rtl_view_top|lab6_stack_top:U_STACK_SYSTEM|stack7x16:U_STACK|lpm_mux:Mux5|mux_5oc:auto_generated|l1_w0_n0_mux_dataout~0    ; out0             ;
; |lab6_stack_rtl_view_top|lab6_stack_top:U_STACK_SYSTEM|stack7x16:U_STACK|lpm_mux:Mux5|mux_5oc:auto_generated|l1_w0_n0_mux_dataout~1    ; |lab6_stack_rtl_view_top|lab6_stack_top:U_STACK_SYSTEM|stack7x16:U_STACK|lpm_mux:Mux5|mux_5oc:auto_generated|l1_w0_n0_mux_dataout~1    ; out0             ;
; |lab6_stack_rtl_view_top|lab6_stack_top:U_STACK_SYSTEM|stack7x16:U_STACK|lpm_mux:Mux5|mux_5oc:auto_generated|l1_w0_n0_mux_dataout      ; |lab6_stack_rtl_view_top|lab6_stack_top:U_STACK_SYSTEM|stack7x16:U_STACK|lpm_mux:Mux5|mux_5oc:auto_generated|l1_w0_n0_mux_dataout      ; out0             ;
; |lab6_stack_rtl_view_top|lab6_stack_top:U_STACK_SYSTEM|stack7x16:U_STACK|lpm_mux:Mux5|mux_5oc:auto_generated|l1_w0_n1_mux_dataout~1    ; |lab6_stack_rtl_view_top|lab6_stack_top:U_STACK_SYSTEM|stack7x16:U_STACK|lpm_mux:Mux5|mux_5oc:auto_generated|l1_w0_n1_mux_dataout~1    ; out0             ;
; |lab6_stack_rtl_view_top|lab6_stack_top:U_STACK_SYSTEM|stack7x16:U_STACK|lpm_mux:Mux5|mux_5oc:auto_generated|l1_w0_n3_mux_dataout~0    ; |lab6_stack_rtl_view_top|lab6_stack_top:U_STACK_SYSTEM|stack7x16:U_STACK|lpm_mux:Mux5|mux_5oc:auto_generated|l1_w0_n3_mux_dataout~0    ; out0             ;
; |lab6_stack_rtl_view_top|lab6_stack_top:U_STACK_SYSTEM|stack7x16:U_STACK|lpm_mux:Mux5|mux_5oc:auto_generated|l2_w0_n0_mux_dataout~1    ; |lab6_stack_rtl_view_top|lab6_stack_top:U_STACK_SYSTEM|stack7x16:U_STACK|lpm_mux:Mux5|mux_5oc:auto_generated|l2_w0_n0_mux_dataout~1    ; out0             ;
; |lab6_stack_rtl_view_top|lab6_stack_top:U_STACK_SYSTEM|stack7x16:U_STACK|lpm_mux:Mux4|mux_5oc:auto_generated|l1_w0_n0_mux_dataout~0    ; |lab6_stack_rtl_view_top|lab6_stack_top:U_STACK_SYSTEM|stack7x16:U_STACK|lpm_mux:Mux4|mux_5oc:auto_generated|l1_w0_n0_mux_dataout~0    ; out0             ;
; |lab6_stack_rtl_view_top|lab6_stack_top:U_STACK_SYSTEM|stack7x16:U_STACK|lpm_mux:Mux4|mux_5oc:auto_generated|l1_w0_n0_mux_dataout~1    ; |lab6_stack_rtl_view_top|lab6_stack_top:U_STACK_SYSTEM|stack7x16:U_STACK|lpm_mux:Mux4|mux_5oc:auto_generated|l1_w0_n0_mux_dataout~1    ; out0             ;
; |lab6_stack_rtl_view_top|lab6_stack_top:U_STACK_SYSTEM|stack7x16:U_STACK|lpm_mux:Mux4|mux_5oc:auto_generated|l1_w0_n0_mux_dataout      ; |lab6_stack_rtl_view_top|lab6_stack_top:U_STACK_SYSTEM|stack7x16:U_STACK|lpm_mux:Mux4|mux_5oc:auto_generated|l1_w0_n0_mux_dataout      ; out0             ;
; |lab6_stack_rtl_view_top|lab6_stack_top:U_STACK_SYSTEM|stack7x16:U_STACK|lpm_mux:Mux4|mux_5oc:auto_generated|l1_w0_n1_mux_dataout~0    ; |lab6_stack_rtl_view_top|lab6_stack_top:U_STACK_SYSTEM|stack7x16:U_STACK|lpm_mux:Mux4|mux_5oc:auto_generated|l1_w0_n1_mux_dataout~0    ; out0             ;
; |lab6_stack_rtl_view_top|lab6_stack_top:U_STACK_SYSTEM|stack7x16:U_STACK|lpm_mux:Mux4|mux_5oc:auto_generated|l1_w0_n1_mux_dataout~1    ; |lab6_stack_rtl_view_top|lab6_stack_top:U_STACK_SYSTEM|stack7x16:U_STACK|lpm_mux:Mux4|mux_5oc:auto_generated|l1_w0_n1_mux_dataout~1    ; out0             ;
; |lab6_stack_rtl_view_top|lab6_stack_top:U_STACK_SYSTEM|stack7x16:U_STACK|lpm_mux:Mux4|mux_5oc:auto_generated|l1_w0_n1_mux_dataout      ; |lab6_stack_rtl_view_top|lab6_stack_top:U_STACK_SYSTEM|stack7x16:U_STACK|lpm_mux:Mux4|mux_5oc:auto_generated|l1_w0_n1_mux_dataout      ; out0             ;
; |lab6_stack_rtl_view_top|lab6_stack_top:U_STACK_SYSTEM|stack7x16:U_STACK|lpm_mux:Mux4|mux_5oc:auto_generated|l1_w0_n2_mux_dataout~0    ; |lab6_stack_rtl_view_top|lab6_stack_top:U_STACK_SYSTEM|stack7x16:U_STACK|lpm_mux:Mux4|mux_5oc:auto_generated|l1_w0_n2_mux_dataout~0    ; out0             ;
; |lab6_stack_rtl_view_top|lab6_stack_top:U_STACK_SYSTEM|stack7x16:U_STACK|lpm_mux:Mux4|mux_5oc:auto_generated|l1_w0_n2_mux_dataout~1    ; |lab6_stack_rtl_view_top|lab6_stack_top:U_STACK_SYSTEM|stack7x16:U_STACK|lpm_mux:Mux4|mux_5oc:auto_generated|l1_w0_n2_mux_dataout~1    ; out0             ;
; |lab6_stack_rtl_view_top|lab6_stack_top:U_STACK_SYSTEM|stack7x16:U_STACK|lpm_mux:Mux4|mux_5oc:auto_generated|l1_w0_n2_mux_dataout      ; |lab6_stack_rtl_view_top|lab6_stack_top:U_STACK_SYSTEM|stack7x16:U_STACK|lpm_mux:Mux4|mux_5oc:auto_generated|l1_w0_n2_mux_dataout      ; out0             ;
; |lab6_stack_rtl_view_top|lab6_stack_top:U_STACK_SYSTEM|stack7x16:U_STACK|lpm_mux:Mux4|mux_5oc:auto_generated|l1_w0_n3_mux_dataout~0    ; |lab6_stack_rtl_view_top|lab6_stack_top:U_STACK_SYSTEM|stack7x16:U_STACK|lpm_mux:Mux4|mux_5oc:auto_generated|l1_w0_n3_mux_dataout~0    ; out0             ;
; |lab6_stack_rtl_view_top|lab6_stack_top:U_STACK_SYSTEM|stack7x16:U_STACK|lpm_mux:Mux4|mux_5oc:auto_generated|l1_w0_n3_mux_dataout~1    ; |lab6_stack_rtl_view_top|lab6_stack_top:U_STACK_SYSTEM|stack7x16:U_STACK|lpm_mux:Mux4|mux_5oc:auto_generated|l1_w0_n3_mux_dataout~1    ; out0             ;
; |lab6_stack_rtl_view_top|lab6_stack_top:U_STACK_SYSTEM|stack7x16:U_STACK|lpm_mux:Mux4|mux_5oc:auto_generated|l1_w0_n3_mux_dataout      ; |lab6_stack_rtl_view_top|lab6_stack_top:U_STACK_SYSTEM|stack7x16:U_STACK|lpm_mux:Mux4|mux_5oc:auto_generated|l1_w0_n3_mux_dataout      ; out0             ;
; |lab6_stack_rtl_view_top|lab6_stack_top:U_STACK_SYSTEM|stack7x16:U_STACK|lpm_mux:Mux4|mux_5oc:auto_generated|l2_w0_n0_mux_dataout~0    ; |lab6_stack_rtl_view_top|lab6_stack_top:U_STACK_SYSTEM|stack7x16:U_STACK|lpm_mux:Mux4|mux_5oc:auto_generated|l2_w0_n0_mux_dataout~0    ; out0             ;
; |lab6_stack_rtl_view_top|lab6_stack_top:U_STACK_SYSTEM|stack7x16:U_STACK|lpm_mux:Mux4|mux_5oc:auto_generated|l2_w0_n0_mux_dataout~1    ; |lab6_stack_rtl_view_top|lab6_stack_top:U_STACK_SYSTEM|stack7x16:U_STACK|lpm_mux:Mux4|mux_5oc:auto_generated|l2_w0_n0_mux_dataout~1    ; out0             ;
; |lab6_stack_rtl_view_top|lab6_stack_top:U_STACK_SYSTEM|stack7x16:U_STACK|lpm_mux:Mux4|mux_5oc:auto_generated|l2_w0_n0_mux_dataout      ; |lab6_stack_rtl_view_top|lab6_stack_top:U_STACK_SYSTEM|stack7x16:U_STACK|lpm_mux:Mux4|mux_5oc:auto_generated|l2_w0_n0_mux_dataout      ; out0             ;
; |lab6_stack_rtl_view_top|lab6_stack_top:U_STACK_SYSTEM|stack7x16:U_STACK|lpm_mux:Mux4|mux_5oc:auto_generated|l2_w0_n1_mux_dataout~0    ; |lab6_stack_rtl_view_top|lab6_stack_top:U_STACK_SYSTEM|stack7x16:U_STACK|lpm_mux:Mux4|mux_5oc:auto_generated|l2_w0_n1_mux_dataout~0    ; out0             ;
; |lab6_stack_rtl_view_top|lab6_stack_top:U_STACK_SYSTEM|stack7x16:U_STACK|lpm_mux:Mux4|mux_5oc:auto_generated|l2_w0_n1_mux_dataout~1    ; |lab6_stack_rtl_view_top|lab6_stack_top:U_STACK_SYSTEM|stack7x16:U_STACK|lpm_mux:Mux4|mux_5oc:auto_generated|l2_w0_n1_mux_dataout~1    ; out0             ;
; |lab6_stack_rtl_view_top|lab6_stack_top:U_STACK_SYSTEM|stack7x16:U_STACK|lpm_mux:Mux4|mux_5oc:auto_generated|l2_w0_n1_mux_dataout      ; |lab6_stack_rtl_view_top|lab6_stack_top:U_STACK_SYSTEM|stack7x16:U_STACK|lpm_mux:Mux4|mux_5oc:auto_generated|l2_w0_n1_mux_dataout      ; out0             ;
; |lab6_stack_rtl_view_top|lab6_stack_top:U_STACK_SYSTEM|stack7x16:U_STACK|lpm_mux:Mux4|mux_5oc:auto_generated|l3_w0_n0_mux_dataout~0    ; |lab6_stack_rtl_view_top|lab6_stack_top:U_STACK_SYSTEM|stack7x16:U_STACK|lpm_mux:Mux4|mux_5oc:auto_generated|l3_w0_n0_mux_dataout~0    ; out0             ;
; |lab6_stack_rtl_view_top|lab6_stack_top:U_STACK_SYSTEM|stack7x16:U_STACK|lpm_mux:Mux4|mux_5oc:auto_generated|l3_w0_n0_mux_dataout~1    ; |lab6_stack_rtl_view_top|lab6_stack_top:U_STACK_SYSTEM|stack7x16:U_STACK|lpm_mux:Mux4|mux_5oc:auto_generated|l3_w0_n0_mux_dataout~1    ; out0             ;
; |lab6_stack_rtl_view_top|lab6_stack_top:U_STACK_SYSTEM|stack7x16:U_STACK|lpm_mux:Mux4|mux_5oc:auto_generated|l3_w0_n0_mux_dataout      ; |lab6_stack_rtl_view_top|lab6_stack_top:U_STACK_SYSTEM|stack7x16:U_STACK|lpm_mux:Mux4|mux_5oc:auto_generated|l3_w0_n0_mux_dataout      ; out0             ;
; |lab6_stack_rtl_view_top|lab6_stack_top:U_STACK_SYSTEM|stack7x16:U_STACK|lpm_mux:Mux3|mux_5oc:auto_generated|l1_w0_n0_mux_dataout~0    ; |lab6_stack_rtl_view_top|lab6_stack_top:U_STACK_SYSTEM|stack7x16:U_STACK|lpm_mux:Mux3|mux_5oc:auto_generated|l1_w0_n0_mux_dataout~0    ; out0             ;
; |lab6_stack_rtl_view_top|lab6_stack_top:U_STACK_SYSTEM|stack7x16:U_STACK|lpm_mux:Mux3|mux_5oc:auto_generated|l1_w0_n1_mux_dataout~0    ; |lab6_stack_rtl_view_top|lab6_stack_top:U_STACK_SYSTEM|stack7x16:U_STACK|lpm_mux:Mux3|mux_5oc:auto_generated|l1_w0_n1_mux_dataout~0    ; out0             ;
; |lab6_stack_rtl_view_top|lab6_stack_top:U_STACK_SYSTEM|stack7x16:U_STACK|lpm_mux:Mux3|mux_5oc:auto_generated|l1_w0_n2_mux_dataout~0    ; |lab6_stack_rtl_view_top|lab6_stack_top:U_STACK_SYSTEM|stack7x16:U_STACK|lpm_mux:Mux3|mux_5oc:auto_generated|l1_w0_n2_mux_dataout~0    ; out0             ;
; |lab6_stack_rtl_view_top|lab6_stack_top:U_STACK_SYSTEM|stack7x16:U_STACK|lpm_mux:Mux3|mux_5oc:auto_generated|l1_w0_n3_mux_dataout~0    ; |lab6_stack_rtl_view_top|lab6_stack_top:U_STACK_SYSTEM|stack7x16:U_STACK|lpm_mux:Mux3|mux_5oc:auto_generated|l1_w0_n3_mux_dataout~0    ; out0             ;
; |lab6_stack_rtl_view_top|lab6_stack_top:U_STACK_SYSTEM|stack7x16:U_STACK|lpm_mux:Mux2|mux_5oc:auto_generated|l1_w0_n0_mux_dataout~1    ; |lab6_stack_rtl_view_top|lab6_stack_top:U_STACK_SYSTEM|stack7x16:U_STACK|lpm_mux:Mux2|mux_5oc:auto_generated|l1_w0_n0_mux_dataout~1    ; out0             ;
; |lab6_stack_rtl_view_top|lab6_stack_top:U_STACK_SYSTEM|stack7x16:U_STACK|lpm_mux:Mux2|mux_5oc:auto_generated|l1_w0_n1_mux_dataout~0    ; |lab6_stack_rtl_view_top|lab6_stack_top:U_STACK_SYSTEM|stack7x16:U_STACK|lpm_mux:Mux2|mux_5oc:auto_generated|l1_w0_n1_mux_dataout~0    ; out0             ;
; |lab6_stack_rtl_view_top|lab6_stack_top:U_STACK_SYSTEM|stack7x16:U_STACK|lpm_mux:Mux2|mux_5oc:auto_generated|l1_w0_n2_mux_dataout~1    ; |lab6_stack_rtl_view_top|lab6_stack_top:U_STACK_SYSTEM|stack7x16:U_STACK|lpm_mux:Mux2|mux_5oc:auto_generated|l1_w0_n2_mux_dataout~1    ; out0             ;
; |lab6_stack_rtl_view_top|lab6_stack_top:U_STACK_SYSTEM|stack7x16:U_STACK|lpm_mux:Mux2|mux_5oc:auto_generated|l1_w0_n3_mux_dataout~0    ; |lab6_stack_rtl_view_top|lab6_stack_top:U_STACK_SYSTEM|stack7x16:U_STACK|lpm_mux:Mux2|mux_5oc:auto_generated|l1_w0_n3_mux_dataout~0    ; out0             ;
; |lab6_stack_rtl_view_top|lab6_stack_top:U_STACK_SYSTEM|stack7x16:U_STACK|lpm_mux:Mux1|mux_5oc:auto_generated|l1_w0_n0_mux_dataout~0    ; |lab6_stack_rtl_view_top|lab6_stack_top:U_STACK_SYSTEM|stack7x16:U_STACK|lpm_mux:Mux1|mux_5oc:auto_generated|l1_w0_n0_mux_dataout~0    ; out0             ;
; |lab6_stack_rtl_view_top|lab6_stack_top:U_STACK_SYSTEM|stack7x16:U_STACK|lpm_mux:Mux1|mux_5oc:auto_generated|l1_w0_n0_mux_dataout~1    ; |lab6_stack_rtl_view_top|lab6_stack_top:U_STACK_SYSTEM|stack7x16:U_STACK|lpm_mux:Mux1|mux_5oc:auto_generated|l1_w0_n0_mux_dataout~1    ; out0             ;
; |lab6_stack_rtl_view_top|lab6_stack_top:U_STACK_SYSTEM|stack7x16:U_STACK|lpm_mux:Mux1|mux_5oc:auto_generated|l1_w0_n0_mux_dataout      ; |lab6_stack_rtl_view_top|lab6_stack_top:U_STACK_SYSTEM|stack7x16:U_STACK|lpm_mux:Mux1|mux_5oc:auto_generated|l1_w0_n0_mux_dataout      ; out0             ;
; |lab6_stack_rtl_view_top|lab6_stack_top:U_STACK_SYSTEM|stack7x16:U_STACK|lpm_mux:Mux1|mux_5oc:auto_generated|l1_w0_n1_mux_dataout~1    ; |lab6_stack_rtl_view_top|lab6_stack_top:U_STACK_SYSTEM|stack7x16:U_STACK|lpm_mux:Mux1|mux_5oc:auto_generated|l1_w0_n1_mux_dataout~1    ; out0             ;
; |lab6_stack_rtl_view_top|lab6_stack_top:U_STACK_SYSTEM|stack7x16:U_STACK|lpm_mux:Mux1|mux_5oc:auto_generated|l1_w0_n3_mux_dataout~0    ; |lab6_stack_rtl_view_top|lab6_stack_top:U_STACK_SYSTEM|stack7x16:U_STACK|lpm_mux:Mux1|mux_5oc:auto_generated|l1_w0_n3_mux_dataout~0    ; out0             ;
; |lab6_stack_rtl_view_top|lab6_stack_top:U_STACK_SYSTEM|stack7x16:U_STACK|lpm_mux:Mux1|mux_5oc:auto_generated|l2_w0_n0_mux_dataout~1    ; |lab6_stack_rtl_view_top|lab6_stack_top:U_STACK_SYSTEM|stack7x16:U_STACK|lpm_mux:Mux1|mux_5oc:auto_generated|l2_w0_n0_mux_dataout~1    ; out0             ;
; |lab6_stack_rtl_view_top|lab6_stack_top:U_STACK_SYSTEM|stack7x16:U_STACK|lpm_mux:Mux0|mux_5oc:auto_generated|l1_w0_n0_mux_dataout~0    ; |lab6_stack_rtl_view_top|lab6_stack_top:U_STACK_SYSTEM|stack7x16:U_STACK|lpm_mux:Mux0|mux_5oc:auto_generated|l1_w0_n0_mux_dataout~0    ; out0             ;
; |lab6_stack_rtl_view_top|lab6_stack_top:U_STACK_SYSTEM|stack7x16:U_STACK|lpm_mux:Mux0|mux_5oc:auto_generated|l1_w0_n0_mux_dataout~1    ; |lab6_stack_rtl_view_top|lab6_stack_top:U_STACK_SYSTEM|stack7x16:U_STACK|lpm_mux:Mux0|mux_5oc:auto_generated|l1_w0_n0_mux_dataout~1    ; out0             ;
; |lab6_stack_rtl_view_top|lab6_stack_top:U_STACK_SYSTEM|stack7x16:U_STACK|lpm_mux:Mux0|mux_5oc:auto_generated|l1_w0_n0_mux_dataout      ; |lab6_stack_rtl_view_top|lab6_stack_top:U_STACK_SYSTEM|stack7x16:U_STACK|lpm_mux:Mux0|mux_5oc:auto_generated|l1_w0_n0_mux_dataout      ; out0             ;
; |lab6_stack_rtl_view_top|lab6_stack_top:U_STACK_SYSTEM|stack7x16:U_STACK|lpm_mux:Mux0|mux_5oc:auto_generated|l1_w0_n1_mux_dataout~0    ; |lab6_stack_rtl_view_top|lab6_stack_top:U_STACK_SYSTEM|stack7x16:U_STACK|lpm_mux:Mux0|mux_5oc:auto_generated|l1_w0_n1_mux_dataout~0    ; out0             ;
; |lab6_stack_rtl_view_top|lab6_stack_top:U_STACK_SYSTEM|stack7x16:U_STACK|lpm_mux:Mux0|mux_5oc:auto_generated|l1_w0_n1_mux_dataout~1    ; |lab6_stack_rtl_view_top|lab6_stack_top:U_STACK_SYSTEM|stack7x16:U_STACK|lpm_mux:Mux0|mux_5oc:auto_generated|l1_w0_n1_mux_dataout~1    ; out0             ;
; |lab6_stack_rtl_view_top|lab6_stack_top:U_STACK_SYSTEM|stack7x16:U_STACK|lpm_mux:Mux0|mux_5oc:auto_generated|l1_w0_n1_mux_dataout      ; |lab6_stack_rtl_view_top|lab6_stack_top:U_STACK_SYSTEM|stack7x16:U_STACK|lpm_mux:Mux0|mux_5oc:auto_generated|l1_w0_n1_mux_dataout      ; out0             ;
; |lab6_stack_rtl_view_top|lab6_stack_top:U_STACK_SYSTEM|stack7x16:U_STACK|lpm_mux:Mux0|mux_5oc:auto_generated|l1_w0_n2_mux_dataout~0    ; |lab6_stack_rtl_view_top|lab6_stack_top:U_STACK_SYSTEM|stack7x16:U_STACK|lpm_mux:Mux0|mux_5oc:auto_generated|l1_w0_n2_mux_dataout~0    ; out0             ;
; |lab6_stack_rtl_view_top|lab6_stack_top:U_STACK_SYSTEM|stack7x16:U_STACK|lpm_mux:Mux0|mux_5oc:auto_generated|l1_w0_n2_mux_dataout~1    ; |lab6_stack_rtl_view_top|lab6_stack_top:U_STACK_SYSTEM|stack7x16:U_STACK|lpm_mux:Mux0|mux_5oc:auto_generated|l1_w0_n2_mux_dataout~1    ; out0             ;
; |lab6_stack_rtl_view_top|lab6_stack_top:U_STACK_SYSTEM|stack7x16:U_STACK|lpm_mux:Mux0|mux_5oc:auto_generated|l1_w0_n2_mux_dataout      ; |lab6_stack_rtl_view_top|lab6_stack_top:U_STACK_SYSTEM|stack7x16:U_STACK|lpm_mux:Mux0|mux_5oc:auto_generated|l1_w0_n2_mux_dataout      ; out0             ;
; |lab6_stack_rtl_view_top|lab6_stack_top:U_STACK_SYSTEM|stack7x16:U_STACK|lpm_mux:Mux0|mux_5oc:auto_generated|l1_w0_n3_mux_dataout~0    ; |lab6_stack_rtl_view_top|lab6_stack_top:U_STACK_SYSTEM|stack7x16:U_STACK|lpm_mux:Mux0|mux_5oc:auto_generated|l1_w0_n3_mux_dataout~0    ; out0             ;
; |lab6_stack_rtl_view_top|lab6_stack_top:U_STACK_SYSTEM|stack7x16:U_STACK|lpm_mux:Mux0|mux_5oc:auto_generated|l1_w0_n3_mux_dataout~1    ; |lab6_stack_rtl_view_top|lab6_stack_top:U_STACK_SYSTEM|stack7x16:U_STACK|lpm_mux:Mux0|mux_5oc:auto_generated|l1_w0_n3_mux_dataout~1    ; out0             ;
; |lab6_stack_rtl_view_top|lab6_stack_top:U_STACK_SYSTEM|stack7x16:U_STACK|lpm_mux:Mux0|mux_5oc:auto_generated|l1_w0_n3_mux_dataout      ; |lab6_stack_rtl_view_top|lab6_stack_top:U_STACK_SYSTEM|stack7x16:U_STACK|lpm_mux:Mux0|mux_5oc:auto_generated|l1_w0_n3_mux_dataout      ; out0             ;
; |lab6_stack_rtl_view_top|lab6_stack_top:U_STACK_SYSTEM|stack7x16:U_STACK|lpm_mux:Mux0|mux_5oc:auto_generated|l2_w0_n0_mux_dataout~0    ; |lab6_stack_rtl_view_top|lab6_stack_top:U_STACK_SYSTEM|stack7x16:U_STACK|lpm_mux:Mux0|mux_5oc:auto_generated|l2_w0_n0_mux_dataout~0    ; out0             ;
; |lab6_stack_rtl_view_top|lab6_stack_top:U_STACK_SYSTEM|stack7x16:U_STACK|lpm_mux:Mux0|mux_5oc:auto_generated|l2_w0_n0_mux_dataout~1    ; |lab6_stack_rtl_view_top|lab6_stack_top:U_STACK_SYSTEM|stack7x16:U_STACK|lpm_mux:Mux0|mux_5oc:auto_generated|l2_w0_n0_mux_dataout~1    ; out0             ;
; |lab6_stack_rtl_view_top|lab6_stack_top:U_STACK_SYSTEM|stack7x16:U_STACK|lpm_mux:Mux0|mux_5oc:auto_generated|l2_w0_n0_mux_dataout      ; |lab6_stack_rtl_view_top|lab6_stack_top:U_STACK_SYSTEM|stack7x16:U_STACK|lpm_mux:Mux0|mux_5oc:auto_generated|l2_w0_n0_mux_dataout      ; out0             ;
; |lab6_stack_rtl_view_top|lab6_stack_top:U_STACK_SYSTEM|stack7x16:U_STACK|lpm_mux:Mux0|mux_5oc:auto_generated|l2_w0_n1_mux_dataout~0    ; |lab6_stack_rtl_view_top|lab6_stack_top:U_STACK_SYSTEM|stack7x16:U_STACK|lpm_mux:Mux0|mux_5oc:auto_generated|l2_w0_n1_mux_dataout~0    ; out0             ;
; |lab6_stack_rtl_view_top|lab6_stack_top:U_STACK_SYSTEM|stack7x16:U_STACK|lpm_mux:Mux0|mux_5oc:auto_generated|l2_w0_n1_mux_dataout~1    ; |lab6_stack_rtl_view_top|lab6_stack_top:U_STACK_SYSTEM|stack7x16:U_STACK|lpm_mux:Mux0|mux_5oc:auto_generated|l2_w0_n1_mux_dataout~1    ; out0             ;
; |lab6_stack_rtl_view_top|lab6_stack_top:U_STACK_SYSTEM|stack7x16:U_STACK|lpm_mux:Mux0|mux_5oc:auto_generated|l2_w0_n1_mux_dataout      ; |lab6_stack_rtl_view_top|lab6_stack_top:U_STACK_SYSTEM|stack7x16:U_STACK|lpm_mux:Mux0|mux_5oc:auto_generated|l2_w0_n1_mux_dataout      ; out0             ;
; |lab6_stack_rtl_view_top|lab6_stack_top:U_STACK_SYSTEM|stack7x16:U_STACK|lpm_mux:Mux0|mux_5oc:auto_generated|l3_w0_n0_mux_dataout~0    ; |lab6_stack_rtl_view_top|lab6_stack_top:U_STACK_SYSTEM|stack7x16:U_STACK|lpm_mux:Mux0|mux_5oc:auto_generated|l3_w0_n0_mux_dataout~0    ; out0             ;
; |lab6_stack_rtl_view_top|lab6_stack_top:U_STACK_SYSTEM|stack7x16:U_STACK|lpm_mux:Mux0|mux_5oc:auto_generated|l3_w0_n0_mux_dataout~1    ; |lab6_stack_rtl_view_top|lab6_stack_top:U_STACK_SYSTEM|stack7x16:U_STACK|lpm_mux:Mux0|mux_5oc:auto_generated|l3_w0_n0_mux_dataout~1    ; out0             ;
; |lab6_stack_rtl_view_top|lab6_stack_top:U_STACK_SYSTEM|stack7x16:U_STACK|lpm_mux:Mux0|mux_5oc:auto_generated|l3_w0_n0_mux_dataout      ; |lab6_stack_rtl_view_top|lab6_stack_top:U_STACK_SYSTEM|stack7x16:U_STACK|lpm_mux:Mux0|mux_5oc:auto_generated|l3_w0_n0_mux_dataout      ; out0             ;
+----------------------------------------------------------------------------------------------------------------------------------------+----------------------------------------------------------------------------------------------------------------------------------------+------------------+


+---------------------+
; Simulator INI Usage ;
+--------+------------+
; Option ; Usage      ;
+--------+------------+


+--------------------+
; Simulator Messages ;
+--------------------+
Info: *******************************************************************
Info: Running Quartus II Simulator
    Info: Version 9.1 Build 222 10/21/2009 SJ Web Edition
    Info: Processing started: Sun May 17 15:33:10 2026
Info: Command: quartus_sim --read_settings_files=on --write_settings_files=off lab6_stack -c lab6_stack
Warning: You have instructed the Simulator to generate the simulation results in "VCD" format, which is different from what has been set in the Options page under "Simulation results format"
Info: Using vector source file "D:/git/sifovm/LABS/student_labs_5_8/lab6_stack/quartus/lab6_stack_wave_prefilled.vwf"
Info: Option to preserve fewer signal transitions to reduce memory requirements is enabled
    Info: Simulation has been partitioned into sub-simulations according to the maximum transition count determined by the engine. Transitions from memory will be flushed out to disk at the end of each sub-simulation to reduce memory requirements.
Info: Simulation partitioned into 1 sub-simulations
Info: Simulation coverage is      68.44 %
Info: Number of transitions in simulation is 6570
Info: Quartus II Simulator was successful. 0 errors, 1 warning
    Info: Peak virtual memory: 156 megabytes
    Info: Processing ended: Sun May 17 15:33:10 2026
    Info: Elapsed time: 00:00:00
    Info: Total CPU time (on all processors): 00:00:00


