Fitter report for lab6_stack
Thu May 14 23:24:17 2026
Quartus II Version 9.1 Build 222 10/21/2009 SJ Web Edition


---------------------
; Table of Contents ;
---------------------
  1. Legal Notice
  2. Fitter Summary
  3. Fitter Settings
  4. Parallel Compilation
  5. I/O Assignment Warnings
  6. Fitter Netlist Optimizations
  7. Incremental Compilation Preservation Summary
  8. Incremental Compilation Partition Settings
  9. Incremental Compilation Placement Preservation
 10. Pin-Out File
 11. Fitter Resource Usage Summary
 12. Input Pins
 13. Output Pins
 14. I/O Bank Usage
 15. All Package Pins
 16. Output Pin Default Load For Reported TCO
 17. Fitter Resource Utilization by Entity
 18. Delay Chain Summary
 19. Pad To Core Delay Chain Fanout
 20. Control Signals
 21. Global & Other Fast Signals
 22. Non-Global High Fan-Out Signals
 23. Interconnect Usage Summary
 24. LAB Logic Elements
 25. LAB-wide Signals
 26. LAB Signals Sourced
 27. LAB Signals Sourced Out
 28. LAB Distinct Inputs
 29. I/O Rules Summary
 30. I/O Rules Details
 31. I/O Rules Matrix
 32. Fitter Device Options
 33. Operating Settings and Conditions
 34. Estimated Delay Added for Hold Timing
 35. Fitter Messages



----------------
; Legal Notice ;
----------------
Copyright (C) 1991-2009 Altera Corporation
Your use of Altera Corporation's design tools, logic functions 
and other software and tools, and its AMPP partner logic 
functions, and any output files from any of the foregoing 
(including device programming or simulation files), and any 
associated documentation or information are expressly subject 
to the terms and conditions of the Altera Program License 
Subscription Agreement, Altera MegaCore Function License 
Agreement, or other applicable license agreement, including, 
without limitation, that your use is for the sole purpose of 
programming logic devices manufactured by Altera and sold by 
Altera or its authorized distributors.  Please refer to the 
applicable agreement for further details.



+-------------------------------------------------------------------------+
; Fitter Summary                                                          ;
+-------------------------------+-----------------------------------------+
; Fitter Status                 ; Successful - Thu May 14 23:24:17 2026   ;
; Quartus II Version            ; 9.1 Build 222 10/21/2009 SJ Web Edition ;
; Revision Name                 ; lab6_stack                              ;
; Top-level Entity Name         ; lab6_stack_rtl_view_top                 ;
; Family                        ; Stratix II                              ;
; Device                        ; EP2S15F484C3                            ;
; Timing Models                 ; Final                                   ;
; Logic utilization             ; 1 %                                     ;
;     Combinational ALUTs       ; 70 / 12,480 ( < 1 % )                   ;
;     Dedicated logic registers ; 136 / 12,480 ( 1 % )                    ;
; Total registers               ; 136                                     ;
; Total pins                    ; 61 / 343 ( 18 % )                       ;
; Total virtual pins            ; 0                                       ;
; Total block memory bits       ; 0 / 419,328 ( 0 % )                     ;
; DSP block 9-bit elements      ; 0 / 96 ( 0 % )                          ;
; Total PLLs                    ; 0 / 6 ( 0 % )                           ;
; Total DLLs                    ; 0 / 2 ( 0 % )                           ;
+-------------------------------+-----------------------------------------+


+----------------------------------------------------------------------------------------------------------------------------------------------+
; Fitter Settings                                                                                                                              ;
+----------------------------------------------------------------------------+--------------------------------+--------------------------------+
; Option                                                                     ; Setting                        ; Default Value                  ;
+----------------------------------------------------------------------------+--------------------------------+--------------------------------+
; Device                                                                     ; AUTO                           ;                                ;
; Fit Attempts to Skip                                                       ; 0                              ; 0.0                            ;
; Use smart compilation                                                      ; Off                            ; Off                            ;
; Enable parallel Assembler and TimeQuest Timing Analyzer during compilation ; On                             ; On                             ;
; Enable compact report table                                                ; Off                            ; Off                            ;
; Use TimeQuest Timing Analyzer                                              ; Off                            ; Off                            ;
; Router Timing Optimization Level                                           ; Normal                         ; Normal                         ;
; Placement Effort Multiplier                                                ; 1.0                            ; 1.0                            ;
; Router Effort Multiplier                                                   ; 1.0                            ; 1.0                            ;
; Always Enable Input Buffers                                                ; Off                            ; Off                            ;
; Optimize Hold Timing                                                       ; IO Paths and Minimum TPD Paths ; IO Paths and Minimum TPD Paths ;
; Optimize Multi-Corner Timing                                               ; Off                            ; Off                            ;
; PowerPlay Power Optimization                                               ; Normal compilation             ; Normal compilation             ;
; Optimize Timing                                                            ; Normal compilation             ; Normal compilation             ;
; Optimize Timing for ECOs                                                   ; Off                            ; Off                            ;
; Regenerate full fit report during ECO compiles                             ; Off                            ; Off                            ;
; Optimize IOC Register Placement for Timing                                 ; On                             ; On                             ;
; Limit to One Fitting Attempt                                               ; Off                            ; Off                            ;
; Final Placement Optimizations                                              ; Automatically                  ; Automatically                  ;
; Fitter Aggressive Routability Optimizations                                ; Automatically                  ; Automatically                  ;
; Fitter Initial Placement Seed                                              ; 1                              ; 1                              ;
; PCI I/O                                                                    ; Off                            ; Off                            ;
; Weak Pull-Up Resistor                                                      ; Off                            ; Off                            ;
; Enable Bus-Hold Circuitry                                                  ; Off                            ; Off                            ;
; Auto Global Memory Control Signals                                         ; Off                            ; Off                            ;
; Auto Packed Registers                                                      ; Auto                           ; Auto                           ;
; Auto Delay Chains                                                          ; On                             ; On                             ;
; Auto Merge PLLs                                                            ; On                             ; On                             ;
; Perform Physical Synthesis for Combinational Logic for Fitting             ; Off                            ; Off                            ;
; Perform Physical Synthesis for Combinational Logic for Performance         ; Off                            ; Off                            ;
; Perform Register Duplication for Performance                               ; Off                            ; Off                            ;
; Perform Logic to Memory Mapping for Fitting                                ; Off                            ; Off                            ;
; Perform Register Retiming for Performance                                  ; Off                            ; Off                            ;
; Perform Asynchronous Signal Pipelining                                     ; Off                            ; Off                            ;
; Fitter Effort                                                              ; Auto Fit                       ; Auto Fit                       ;
; Physical Synthesis Effort Level                                            ; Normal                         ; Normal                         ;
; Logic Cell Insertion - Logic Duplication                                   ; Auto                           ; Auto                           ;
; Auto Register Duplication                                                  ; Auto                           ; Auto                           ;
; Auto Global Clock                                                          ; On                             ; On                             ;
; Auto Global Register Control Signals                                       ; On                             ; On                             ;
; Stop After Congestion Map Generation                                       ; Off                            ; Off                            ;
; Save Intermediate Fitting Results                                          ; Off                            ; Off                            ;
; Force Fitter to Avoid Periphery Placement Warnings                         ; Off                            ; Off                            ;
; Use Best Effort Settings for Compilation                                   ; Off                            ; Off                            ;
+----------------------------------------------------------------------------+--------------------------------+--------------------------------+


Parallel compilation was disabled, but you have multiple processors available. Enable parallel compilation to reduce compilation time.
+-------------------------------------+
; Parallel Compilation                ;
+----------------------------+--------+
; Processors                 ; Number ;
+----------------------------+--------+
; Number detected on machine ; 12     ;
; Maximum allowed            ; 1      ;
+----------------------------+--------+


+--------------------------------------------------------------------+
; I/O Assignment Warnings                                            ;
+------------------------------------+-------------------------------+
; Pin Name                           ; Reason                        ;
+------------------------------------+-------------------------------+
; data_popped_to_register_file_o[0]  ; Incomplete set of assignments ;
; data_popped_to_register_file_o[1]  ; Incomplete set of assignments ;
; data_popped_to_register_file_o[2]  ; Incomplete set of assignments ;
; data_popped_to_register_file_o[3]  ; Incomplete set of assignments ;
; data_popped_to_register_file_o[4]  ; Incomplete set of assignments ;
; data_popped_to_register_file_o[5]  ; Incomplete set of assignments ;
; data_popped_to_register_file_o[6]  ; Incomplete set of assignments ;
; data_popped_to_register_file_o[7]  ; Incomplete set of assignments ;
; data_popped_to_register_file_o[8]  ; Incomplete set of assignments ;
; data_popped_to_register_file_o[9]  ; Incomplete set of assignments ;
; data_popped_to_register_file_o[10] ; Incomplete set of assignments ;
; data_popped_to_register_file_o[11] ; Incomplete set of assignments ;
; data_popped_to_register_file_o[12] ; Incomplete set of assignments ;
; data_popped_to_register_file_o[13] ; Incomplete set of assignments ;
; data_popped_to_register_file_o[14] ; Incomplete set of assignments ;
; data_popped_to_register_file_o[15] ; Incomplete set of assignments ;
; stack_pointer_current_value_o[0]   ; Incomplete set of assignments ;
; stack_pointer_current_value_o[1]   ; Incomplete set of assignments ;
; stack_pointer_current_value_o[2]   ; Incomplete set of assignments ;
; status_stack_empty_o               ; Incomplete set of assignments ;
; status_stack_full_o                ; Incomplete set of assignments ;
; error_push_to_full_stack_o         ; Incomplete set of assignments ;
; error_pop_from_empty_stack_o       ; Incomplete set of assignments ;
; ctrl_push_enable_o                 ; Incomplete set of assignments ;
; ctrl_pop_enable_o                  ; Incomplete set of assignments ;
; stack_command_idle_push_pop_i[0]   ; Incomplete set of assignments ;
; stack_command_idle_push_pop_i[1]   ; Incomplete set of assignments ;
; clock_i                            ; Incomplete set of assignments ;
; reset_i                            ; Incomplete set of assignments ;
; alu_result_for_push_i[0]           ; Incomplete set of assignments ;
; data_from_register_file_i[0]       ; Incomplete set of assignments ;
; alu_result_for_push_i[1]           ; Incomplete set of assignments ;
; data_from_register_file_i[1]       ; Incomplete set of assignments ;
; alu_result_for_push_i[2]           ; Incomplete set of assignments ;
; data_from_register_file_i[2]       ; Incomplete set of assignments ;
; alu_result_for_push_i[3]           ; Incomplete set of assignments ;
; data_from_register_file_i[3]       ; Incomplete set of assignments ;
; alu_result_for_push_i[4]           ; Incomplete set of assignments ;
; data_from_register_file_i[4]       ; Incomplete set of assignments ;
; alu_result_for_push_i[5]           ; Incomplete set of assignments ;
; data_from_register_file_i[5]       ; Incomplete set of assignments ;
; alu_result_for_push_i[6]           ; Incomplete set of assignments ;
; data_from_register_file_i[6]       ; Incomplete set of assignments ;
; alu_result_for_push_i[7]           ; Incomplete set of assignments ;
; data_from_register_file_i[7]       ; Incomplete set of assignments ;
; alu_result_for_push_i[8]           ; Incomplete set of assignments ;
; data_from_register_file_i[8]       ; Incomplete set of assignments ;
; alu_result_for_push_i[9]           ; Incomplete set of assignments ;
; data_from_register_file_i[9]       ; Incomplete set of assignments ;
; alu_result_for_push_i[10]          ; Incomplete set of assignments ;
; data_from_register_file_i[10]      ; Incomplete set of assignments ;
; alu_result_for_push_i[11]          ; Incomplete set of assignments ;
; data_from_register_file_i[11]      ; Incomplete set of assignments ;
; alu_result_for_push_i[12]          ; Incomplete set of assignments ;
; data_from_register_file_i[12]      ; Incomplete set of assignments ;
; alu_result_for_push_i[13]          ; Incomplete set of assignments ;
; data_from_register_file_i[13]      ; Incomplete set of assignments ;
; alu_result_for_push_i[14]          ; Incomplete set of assignments ;
; data_from_register_file_i[14]      ; Incomplete set of assignments ;
; alu_result_for_push_i[15]          ; Incomplete set of assignments ;
; data_from_register_file_i[15]      ; Incomplete set of assignments ;
+------------------------------------+-------------------------------+


+--------------------------------------------------------------------------------------------------------------------------------------------------------------------------------------------------------------------------------------------------------------------------------------------------------+
; Fitter Netlist Optimizations                                                                                                                                                                                                                                                                           ;
+-------------------------------------------------------------+------------+---------------------------------------------------+--------------------------+-----------+----------------+----------------------------------------------------------------------+------------------+-----------------------+
; Node                                                        ; Action     ; Operation                                         ; Reason                   ; Node Port ; Node Port Name ; Destination Node                                                     ; Destination Port ; Destination Port Name ;
+-------------------------------------------------------------+------------+---------------------------------------------------+--------------------------+-----------+----------------+----------------------------------------------------------------------+------------------+-----------------------+
; lab6_stack_top:U_STACK_SYSTEM|stack7x16:U_STACK|dout_r[3]~4 ; Duplicated ; Router Logic Cell Insertion and Logic Duplication ; Routability optimization ;           ;                ; lab6_stack_top:U_STACK_SYSTEM|stack7x16:U_STACK|dout_r[3]~4DUPLICATE ;                  ;                       ;
; lab6_stack_top:U_STACK_SYSTEM|stack7x16:U_STACK|sp_r[0]     ; Duplicated ; Router Logic Cell Insertion and Logic Duplication ; Routability optimization ;           ;                ; lab6_stack_top:U_STACK_SYSTEM|stack7x16:U_STACK|sp_r[0]~DUPLICATE    ;                  ;                       ;
; lab6_stack_top:U_STACK_SYSTEM|stack7x16:U_STACK|sp_r[0]~0   ; Duplicated ; Router Logic Cell Insertion and Logic Duplication ; Routability optimization ;           ;                ; lab6_stack_top:U_STACK_SYSTEM|stack7x16:U_STACK|sp_r[0]~0DUPLICATE   ;                  ;                       ;
; lab6_stack_top:U_STACK_SYSTEM|stack7x16:U_STACK|sp_r[1]     ; Duplicated ; Router Logic Cell Insertion and Logic Duplication ; Routability optimization ;           ;                ; lab6_stack_top:U_STACK_SYSTEM|stack7x16:U_STACK|sp_r[1]~DUPLICATE    ;                  ;                       ;
; lab6_stack_top:U_STACK_SYSTEM|stack7x16:U_STACK|sp_r[1]~1   ; Duplicated ; Router Logic Cell Insertion and Logic Duplication ; Routability optimization ;           ;                ; lab6_stack_top:U_STACK_SYSTEM|stack7x16:U_STACK|sp_r[1]~1DUPLICATE   ;                  ;                       ;
; lab6_stack_top:U_STACK_SYSTEM|stack7x16:U_STACK|sp_r[2]     ; Duplicated ; Router Logic Cell Insertion and Logic Duplication ; Routability optimization ;           ;                ; lab6_stack_top:U_STACK_SYSTEM|stack7x16:U_STACK|sp_r[2]~DUPLICATE    ;                  ;                       ;
; lab6_stack_top:U_STACK_SYSTEM|stack7x16:U_STACK|sp_r[2]~2   ; Duplicated ; Router Logic Cell Insertion and Logic Duplication ; Routability optimization ;           ;                ; lab6_stack_top:U_STACK_SYSTEM|stack7x16:U_STACK|sp_r[2]~2DUPLICATE   ;                  ;                       ;
+-------------------------------------------------------------+------------+---------------------------------------------------+--------------------------+-----------+----------------+----------------------------------------------------------------------+------------------+-----------------------+


+----------------------------------------------+
; Incremental Compilation Preservation Summary ;
+-------------------------+--------------------+
; Type                    ; Value              ;
+-------------------------+--------------------+
; Placement               ;                    ;
;     -- Requested        ; 0 / 263 ( 0.00 % ) ;
;     -- Achieved         ; 0 / 263 ( 0.00 % ) ;
;                         ;                    ;
; Routing (by Connection) ;                    ;
;     -- Requested        ; 0 / 0 ( 0.00 % )   ;
;     -- Achieved         ; 0 / 0 ( 0.00 % )   ;
+-------------------------+--------------------+


+--------------------------------------------------------------------------------------------------------------------------------------------------+
; Incremental Compilation Partition Settings                                                                                                       ;
+----------------+----------------+-------------------+-------------------------+------------------------+------------------------------+----------+
; Partition Name ; Partition Type ; Netlist Type Used ; Preservation Level Used ; Netlist Type Requested ; Preservation Level Requested ; Contents ;
+----------------+----------------+-------------------+-------------------------+------------------------+------------------------------+----------+
; Top            ; User-created   ; Source File       ; N/A                     ; Source File            ; N/A                          ;          ;
+----------------+----------------+-------------------+-------------------------+------------------------+------------------------------+----------+


+--------------------------------------------------------------------------------------------+
; Incremental Compilation Placement Preservation                                             ;
+----------------+---------+-------------------+-------------------------+-------------------+
; Partition Name ; # Nodes ; # Preserved Nodes ; Preservation Level Used ; Netlist Type Used ;
+----------------+---------+-------------------+-------------------------+-------------------+
; Top            ; 263     ; 0                 ; N/A                     ; Source File       ;
+----------------+---------+-------------------+-------------------------+-------------------+


+--------------+
; Pin-Out File ;
+--------------+
The pin-out file can be found in D:/git/sifovm/LABS/student_labs_5_8/lab6_stack/quartus/lab6_stack.pin.


+------------------------------------------------------------------------------------------------------------+
; Fitter Resource Usage Summary                                                                              ;
+-----------------------------------------------------------------------------------+------------------------+
; Resource                                                                          ; Usage                  ;
+-----------------------------------------------------------------------------------+------------------------+
; Combinational ALUTs                                                               ; 70 / 12,480 ( < 1 % )  ;
; Dedicated logic registers                                                         ; 136 / 12,480 ( 1 % )   ;
;                                                                                   ;                        ;
; Combinational ALUT usage by number of inputs                                      ;                        ;
;     -- 7 input functions                                                          ; 0                      ;
;     -- 6 input functions                                                          ; 40                     ;
;     -- 5 input functions                                                          ; 8                      ;
;     -- 4 input functions                                                          ; 17                     ;
;     -- <=3 input functions                                                        ; 5                      ;
;                                                                                   ;                        ;
; Combinational ALUTs by mode                                                       ;                        ;
;     -- normal mode                                                                ; 70                     ;
;     -- extended LUT mode                                                          ; 0                      ;
;     -- arithmetic mode                                                            ; 0                      ;
;     -- shared arithmetic mode                                                     ; 0                      ;
;                                                                                   ;                        ;
; Logic utilization                                                                 ; 169 / 12,480 ( 1 % )   ;
;     -- Difficulty Clustering Design                                               ; Low                    ;
;     -- Combinational ALUT/register pairs used in final Placement                  ; 150                    ;
;         -- Combinational with no register                                         ; 14                     ;
;         -- Register only                                                          ; 80                     ;
;         -- Combinational with a register                                          ; 56                     ;
;     -- Estimated pairs recoverable by pairing ALUTs and registers as design grows ; -3                     ;
;     -- Estimated Combinational ALUT/register pairs unavailable                    ; 22                     ;
;         -- Unavailable due to unpartnered 7 LUTs                                  ; 0                      ;
;         -- Unavailable due to unpartnered 6 LUTs                                  ; 20                     ;
;         -- Unavailable due to unpartnered 5 LUTs                                  ; 0                      ;
;         -- Unavailable due to LAB-wide signal conflicts                           ; 2                      ;
;         -- Unavailable due to LAB input limits                                    ; 0                      ;
;                                                                                   ;                        ;
; Total registers*                                                                  ; 136 / 14,410 ( < 1 % ) ;
;     -- Dedicated logic registers                                                  ; 136 / 12,480 ( 1 % )   ;
;     -- I/O registers                                                              ; 0 / 1,930 ( 0 % )      ;
;                                                                                   ;                        ;
; ALMs:  partially or completely used                                               ; 83 / 6,240 ( 1 % )     ;
;                                                                                   ;                        ;
; Total LABs:  partially or completely used                                         ; 11 / 780 ( 1 % )       ;
;                                                                                   ;                        ;
; User inserted logic elements                                                      ; 0                      ;
; Virtual pins                                                                      ; 0                      ;
; I/O pins                                                                          ; 61 / 343 ( 18 % )      ;
;     -- Clock pins                                                                 ; 3 / 16 ( 19 % )        ;
; Global signals                                                                    ; 1                      ;
; M512s                                                                             ; 0 / 104 ( 0 % )        ;
; M4Ks                                                                              ; 0 / 78 ( 0 % )         ;
; Total block memory bits                                                           ; 0 / 419,328 ( 0 % )    ;
; Total block memory implementation bits                                            ; 0 / 419,328 ( 0 % )    ;
; DSP block 9-bit elements                                                          ; 0 / 96 ( 0 % )         ;
; PLLs                                                                              ; 0 / 6 ( 0 % )          ;
; Global clocks                                                                     ; 1 / 16 ( 6 % )         ;
; Regional clocks                                                                   ; 0 / 32 ( 0 % )         ;
; SERDES transmitters                                                               ; 0 / 38 ( 0 % )         ;
; SERDES receivers                                                                  ; 0 / 42 ( 0 % )         ;
; JTAGs                                                                             ; 0 / 1 ( 0 % )          ;
; ASMI blocks                                                                       ; 0 / 1 ( 0 % )          ;
; CRC blocks                                                                        ; 0 / 1 ( 0 % )          ;
; Remote update blocks                                                              ; 0 / 1 ( 0 % )          ;
; Average interconnect usage (total/H/V)                                            ; 0% / 0% / 0%           ;
; Peak interconnect usage (total/H/V)                                               ; 2% / 1% / 3%           ;
; Maximum fan-out node                                                              ; reset_i                ;
; Maximum fan-out                                                                   ; 145                    ;
; Highest non-global fan-out signal                                                 ; reset_i                ;
; Highest non-global fan-out                                                        ; 145                    ;
; Total fan-out                                                                     ; 951                    ;
; Average fan-out                                                                   ; 3.14                   ;
+-----------------------------------------------------------------------------------+------------------------+
*  Register count does not include registers inside block RAM or DSP blocks.



+----------------------------------------------------------------------------------------------------------------------------------------------------------------------------------------------------------------------------------------------------------------------------------------+
; Input Pins                                                                                                                                                                                                                                                                             ;
+----------------------------------+-------+----------+--------------+--------------+-------------+-----------------------+--------------------+--------+----------------+---------------+-----------------+----------+--------------+--------------+-------------+----------------------+
; Name                             ; Pin # ; I/O Bank ; X coordinate ; Y coordinate ; Cell number ; Combinational Fan-Out ; Registered Fan-Out ; Global ; Input Register ; Power Up High ; PCI I/O Enabled ; Bus Hold ; Weak Pull Up ; I/O Standard ; Termination ; Location assigned by ;
+----------------------------------+-------+----------+--------------+--------------+-------------+-----------------------+--------------------+--------+----------------+---------------+-----------------+----------+--------------+--------------+-------------+----------------------+
; alu_result_for_push_i[0]         ; H2    ; 5        ; 40           ; 20           ; 3           ; 1                     ; 0                  ; no     ; no             ; no            ; no              ; no       ; Off          ; 3.3-V LVTTL  ; Off         ; Fitter               ;
; alu_result_for_push_i[10]        ; C8    ; 4        ; 29           ; 27           ; 1           ; 1                     ; 0                  ; no     ; no             ; no            ; no              ; no       ; Off          ; 3.3-V LVTTL  ; Off         ; Fitter               ;
; alu_result_for_push_i[11]        ; B6    ; 4        ; 30           ; 27           ; 0           ; 1                     ; 0                  ; no     ; no             ; no            ; no              ; no       ; Off          ; 3.3-V LVTTL  ; Off         ; Fitter               ;
; alu_result_for_push_i[12]        ; A6    ; 4        ; 30           ; 27           ; 3           ; 1                     ; 0                  ; no     ; no             ; no            ; no              ; no       ; Off          ; 3.3-V LVTTL  ; Off         ; Fitter               ;
; alu_result_for_push_i[13]        ; B11   ; 4        ; 22           ; 27           ; 3           ; 1                     ; 0                  ; no     ; no             ; no            ; no              ; no       ; Off          ; 3.3-V LVTTL  ; Off         ; Fitter               ;
; alu_result_for_push_i[14]        ; E10   ; 4        ; 30           ; 27           ; 2           ; 1                     ; 0                  ; no     ; no             ; no            ; no              ; no       ; Off          ; 3.3-V LVTTL  ; Off         ; Fitter               ;
; alu_result_for_push_i[15]        ; G19   ; 2        ; 0            ; 22           ; 2           ; 1                     ; 0                  ; no     ; no             ; no            ; no              ; no       ; Off          ; 3.3-V LVTTL  ; Off         ; Fitter               ;
; alu_result_for_push_i[1]         ; A10   ; 9        ; 25           ; 27           ; 3           ; 1                     ; 0                  ; no     ; no             ; no            ; no              ; no       ; Off          ; 3.3-V LVTTL  ; Off         ; Fitter               ;
; alu_result_for_push_i[2]         ; G22   ; 2        ; 0            ; 21           ; 0           ; 1                     ; 0                  ; no     ; no             ; no            ; no              ; no       ; Off          ; 3.3-V LVTTL  ; Off         ; Fitter               ;
; alu_result_for_push_i[3]         ; F8    ; 4        ; 35           ; 27           ; 1           ; 1                     ; 0                  ; no     ; no             ; no            ; no              ; no       ; Off          ; 3.3-V LVTTL  ; Off         ; Fitter               ;
; alu_result_for_push_i[4]         ; Y6    ; 7        ; 31           ; 0            ; 2           ; 1                     ; 0                  ; no     ; no             ; no            ; no              ; no       ; Off          ; 3.3-V LVTTL  ; Off         ; Fitter               ;
; alu_result_for_push_i[5]         ; G8    ; 4        ; 37           ; 27           ; 3           ; 1                     ; 0                  ; no     ; no             ; no            ; no              ; no       ; Off          ; 3.3-V LVTTL  ; Off         ; Fitter               ;
; alu_result_for_push_i[6]         ; K6    ; 5        ; 40           ; 19           ; 2           ; 1                     ; 0                  ; no     ; no             ; no            ; no              ; no       ; Off          ; 3.3-V LVTTL  ; Off         ; Fitter               ;
; alu_result_for_push_i[7]         ; D8    ; 4        ; 34           ; 27           ; 0           ; 1                     ; 0                  ; no     ; no             ; no            ; no              ; no       ; Off          ; 3.3-V LVTTL  ; Off         ; Fitter               ;
; alu_result_for_push_i[8]         ; B5    ; 4        ; 31           ; 27           ; 0           ; 1                     ; 0                  ; no     ; no             ; no            ; no              ; no       ; Off          ; 3.3-V LVTTL  ; Off         ; Fitter               ;
; alu_result_for_push_i[9]         ; U9    ; 7        ; 34           ; 0            ; 0           ; 1                     ; 0                  ; no     ; no             ; no            ; no              ; no       ; Off          ; 3.3-V LVTTL  ; Off         ; Fitter               ;
; clock_i                          ; N20   ; 1        ; 0            ; 10           ; 1           ; 1                     ; 0                  ; yes    ; no             ; no            ; no              ; no       ; Off          ; 3.3-V LVTTL  ; Off         ; Fitter               ;
; data_from_register_file_i[0]     ; B7    ; 4        ; 29           ; 27           ; 0           ; 1                     ; 0                  ; no     ; no             ; no            ; no              ; no       ; Off          ; 3.3-V LVTTL  ; Off         ; Fitter               ;
; data_from_register_file_i[10]    ; K8    ; 5        ; 40           ; 18           ; 2           ; 1                     ; 0                  ; no     ; no             ; no            ; no              ; no       ; Off          ; 3.3-V LVTTL  ; Off         ; Fitter               ;
; data_from_register_file_i[11]    ; C10   ; 9        ; 25           ; 27           ; 2           ; 1                     ; 0                  ; no     ; no             ; no            ; no              ; no       ; Off          ; 3.3-V LVTTL  ; Off         ; Fitter               ;
; data_from_register_file_i[12]    ; A7    ; 4        ; 29           ; 27           ; 3           ; 1                     ; 0                  ; no     ; no             ; no            ; no              ; no       ; Off          ; 3.3-V LVTTL  ; Off         ; Fitter               ;
; data_from_register_file_i[13]    ; G12   ; 3        ; 17           ; 27           ; 2           ; 1                     ; 0                  ; no     ; no             ; no            ; no              ; no       ; Off          ; 3.3-V LVTTL  ; Off         ; Fitter               ;
; data_from_register_file_i[14]    ; D10   ; 9        ; 25           ; 27           ; 1           ; 1                     ; 0                  ; no     ; no             ; no            ; no              ; no       ; Off          ; 3.3-V LVTTL  ; Off         ; Fitter               ;
; data_from_register_file_i[15]    ; A8    ; 4        ; 26           ; 27           ; 3           ; 1                     ; 0                  ; no     ; no             ; no            ; no              ; no       ; Off          ; 3.3-V LVTTL  ; Off         ; Fitter               ;
; data_from_register_file_i[1]     ; Y8    ; 7        ; 29           ; 0            ; 2           ; 1                     ; 0                  ; no     ; no             ; no            ; no              ; no       ; Off          ; 3.3-V LVTTL  ; Off         ; Fitter               ;
; data_from_register_file_i[2]     ; H9    ; 4        ; 33           ; 27           ; 2           ; 1                     ; 0                  ; no     ; no             ; no            ; no              ; no       ; Off          ; 3.3-V LVTTL  ; Off         ; Fitter               ;
; data_from_register_file_i[3]     ; C9    ; 9        ; 26           ; 27           ; 1           ; 1                     ; 0                  ; no     ; no             ; no            ; no              ; no       ; Off          ; 3.3-V LVTTL  ; Off         ; Fitter               ;
; data_from_register_file_i[4]     ; C5    ; 4        ; 31           ; 27           ; 1           ; 1                     ; 0                  ; no     ; no             ; no            ; no              ; no       ; Off          ; 3.3-V LVTTL  ; Off         ; Fitter               ;
; data_from_register_file_i[5]     ; G9    ; 4        ; 33           ; 27           ; 1           ; 1                     ; 0                  ; no     ; no             ; no            ; no              ; no       ; Off          ; 3.3-V LVTTL  ; Off         ; Fitter               ;
; data_from_register_file_i[6]     ; C7    ; 4        ; 29           ; 27           ; 2           ; 1                     ; 0                  ; no     ; no             ; no            ; no              ; no       ; Off          ; 3.3-V LVTTL  ; Off         ; Fitter               ;
; data_from_register_file_i[7]     ; E7    ; 4        ; 37           ; 27           ; 0           ; 1                     ; 0                  ; no     ; no             ; no            ; no              ; no       ; Off          ; 3.3-V LVTTL  ; Off         ; Fitter               ;
; data_from_register_file_i[8]     ; E8    ; 4        ; 34           ; 27           ; 1           ; 1                     ; 0                  ; no     ; no             ; no            ; no              ; no       ; Off          ; 3.3-V LVTTL  ; Off         ; Fitter               ;
; data_from_register_file_i[9]     ; F7    ; 4        ; 35           ; 27           ; 2           ; 1                     ; 0                  ; no     ; no             ; no            ; no              ; no       ; Off          ; 3.3-V LVTTL  ; Off         ; Fitter               ;
; reset_i                          ; B8    ; 4        ; 26           ; 27           ; 0           ; 145                   ; 0                  ; no     ; no             ; no            ; no              ; no       ; Off          ; 3.3-V LVTTL  ; Off         ; Fitter               ;
; stack_command_idle_push_pop_i[0] ; H22   ; 2        ; 0            ; 20           ; 0           ; 35                    ; 0                  ; no     ; no             ; no            ; no              ; no       ; Off          ; 3.3-V LVTTL  ; Off         ; Fitter               ;
; stack_command_idle_push_pop_i[1] ; G2    ; 5        ; 40           ; 21           ; 3           ; 26                    ; 0                  ; no     ; no             ; no            ; no              ; no       ; Off          ; 3.3-V LVTTL  ; Off         ; Fitter               ;
+----------------------------------+-------+----------+--------------+--------------+-------------+-----------------------+--------------------+--------+----------------+---------------+-----------------+----------+--------------+--------------+-------------+----------------------+


+------------------------------------------------------------------------------------------------------------------------------------------------------------------------------------------------------------------------------------------------------------------------------------------------------------------------------------------------------------------+
; Output Pins                                                                                                                                                                                                                                                                                                                                                      ;
+------------------------------------+-------+----------+--------------+--------------+-------------+-----------------+------------------------+---------------+-----------------+------------+---------------+----------+--------------+--------------+------------------+-------------+----------------------+------+----------------------+---------------------+
; Name                               ; Pin # ; I/O Bank ; X coordinate ; Y coordinate ; Cell number ; Output Register ; Output Enable Register ; Power Up High ; PCI I/O Enabled ; Open Drain ; TRI Primitive ; Bus Hold ; Weak Pull Up ; I/O Standard ; Current Strength ; Termination ; Location assigned by ; Load ; Output Enable Source ; Output Enable Group ;
+------------------------------------+-------+----------+--------------+--------------+-------------+-----------------+------------------------+---------------+-----------------+------------+---------------+----------+--------------+--------------+------------------+-------------+----------------------+------+----------------------+---------------------+
; ctrl_pop_enable_o                  ; Y7    ; 7        ; 29           ; 0            ; 1           ; no              ; no                     ; no            ; no              ; no         ; no            ; no       ; Off          ; 3.3-V LVTTL  ; 24mA             ; Off         ; Fitter               ; 0 pF ; -                    ; -                   ;
; ctrl_push_enable_o                 ; H21   ; 2        ; 0            ; 20           ; 3           ; no              ; no                     ; no            ; no              ; no         ; no            ; no       ; Off          ; 3.3-V LVTTL  ; 12mA             ; Off         ; Fitter               ; 0 pF ; -                    ; -                   ;
; data_popped_to_register_file_o[0]  ; G5    ; 5        ; 40           ; 24           ; 1           ; no              ; no                     ; no            ; no              ; no         ; no            ; no       ; Off          ; 3.3-V LVTTL  ; 12mA             ; Off         ; Fitter               ; 0 pF ; -                    ; -                   ;
; data_popped_to_register_file_o[10] ; J2    ; 5        ; 40           ; 19           ; 0           ; no              ; no                     ; no            ; no              ; no         ; no            ; no       ; Off          ; 3.3-V LVTTL  ; 12mA             ; Off         ; Fitter               ; 0 pF ; -                    ; -                   ;
; data_popped_to_register_file_o[11] ; K17   ; 2        ; 0            ; 19           ; 2           ; no              ; no                     ; no            ; no              ; no         ; no            ; no       ; Off          ; 3.3-V LVTTL  ; 12mA             ; Off         ; Fitter               ; 0 pF ; -                    ; -                   ;
; data_popped_to_register_file_o[12] ; A5    ; 4        ; 31           ; 27           ; 3           ; no              ; no                     ; no            ; no              ; no         ; no            ; no       ; Off          ; 3.3-V LVTTL  ; 24mA             ; Off         ; Fitter               ; 0 pF ; -                    ; -                   ;
; data_popped_to_register_file_o[13] ; K18   ; 2        ; 0            ; 19           ; 1           ; no              ; no                     ; no            ; no              ; no         ; no            ; no       ; Off          ; 3.3-V LVTTL  ; 12mA             ; Off         ; Fitter               ; 0 pF ; -                    ; -                   ;
; data_popped_to_register_file_o[14] ; AA5   ; 7        ; 31           ; 0            ; 0           ; no              ; no                     ; no            ; no              ; no         ; no            ; no       ; Off          ; 3.3-V LVTTL  ; 24mA             ; Off         ; Fitter               ; 0 pF ; -                    ; -                   ;
; data_popped_to_register_file_o[15] ; AB6   ; 7        ; 30           ; 0            ; 3           ; no              ; no                     ; no            ; no              ; no         ; no            ; no       ; Off          ; 3.3-V LVTTL  ; 24mA             ; Off         ; Fitter               ; 0 pF ; -                    ; -                   ;
; data_popped_to_register_file_o[1]  ; F9    ; 4        ; 34           ; 27           ; 2           ; no              ; no                     ; no            ; no              ; no         ; no            ; no       ; Off          ; 3.3-V LVTTL  ; 24mA             ; Off         ; Fitter               ; 0 pF ; -                    ; -                   ;
; data_popped_to_register_file_o[2]  ; T8    ; 7        ; 35           ; 0            ; 2           ; no              ; no                     ; no            ; no              ; no         ; no            ; no       ; Off          ; 3.3-V LVTTL  ; 24mA             ; Off         ; Fitter               ; 0 pF ; -                    ; -                   ;
; data_popped_to_register_file_o[3]  ; V10   ; 7        ; 33           ; 0            ; 3           ; no              ; no                     ; no            ; no              ; no         ; no            ; no       ; Off          ; 3.3-V LVTTL  ; 24mA             ; Off         ; Fitter               ; 0 pF ; -                    ; -                   ;
; data_popped_to_register_file_o[4]  ; C6    ; 4        ; 31           ; 27           ; 2           ; no              ; no                     ; no            ; no              ; no         ; no            ; no       ; Off          ; 3.3-V LVTTL  ; 24mA             ; Off         ; Fitter               ; 0 pF ; -                    ; -                   ;
; data_popped_to_register_file_o[5]  ; R9    ; 7        ; 34           ; 0            ; 2           ; no              ; no                     ; no            ; no              ; no         ; no            ; no       ; Off          ; 3.3-V LVTTL  ; 24mA             ; Off         ; Fitter               ; 0 pF ; -                    ; -                   ;
; data_popped_to_register_file_o[6]  ; D3    ; 4        ; 38           ; 27           ; 3           ; no              ; no                     ; no            ; no              ; no         ; no            ; no       ; Off          ; 3.3-V LVTTL  ; 24mA             ; Off         ; Fitter               ; 0 pF ; -                    ; -                   ;
; data_popped_to_register_file_o[7]  ; J3    ; 5        ; 40           ; 19           ; 3           ; no              ; no                     ; no            ; no              ; no         ; no            ; no       ; Off          ; 3.3-V LVTTL  ; 12mA             ; Off         ; Fitter               ; 0 pF ; -                    ; -                   ;
; data_popped_to_register_file_o[8]  ; V7    ; 7        ; 35           ; 0            ; 0           ; no              ; no                     ; no            ; no              ; no         ; no            ; no       ; Off          ; 3.3-V LVTTL  ; 24mA             ; Off         ; Fitter               ; 0 pF ; -                    ; -                   ;
; data_popped_to_register_file_o[9]  ; J6    ; 5        ; 40           ; 20           ; 2           ; no              ; no                     ; no            ; no              ; no         ; no            ; no       ; Off          ; 3.3-V LVTTL  ; 12mA             ; Off         ; Fitter               ; 0 pF ; -                    ; -                   ;
; error_pop_from_empty_stack_o       ; Y5    ; 7        ; 31           ; 0            ; 1           ; no              ; no                     ; no            ; no              ; no         ; no            ; no       ; Off          ; 3.3-V LVTTL  ; 24mA             ; Off         ; Fitter               ; 0 pF ; -                    ; -                   ;
; error_push_to_full_stack_o         ; V8    ; 7        ; 33           ; 0            ; 1           ; no              ; no                     ; no            ; no              ; no         ; no            ; no       ; Off          ; 3.3-V LVTTL  ; 24mA             ; Off         ; Fitter               ; 0 pF ; -                    ; -                   ;
; stack_pointer_current_value_o[0]   ; E9    ; 4        ; 33           ; 27           ; 0           ; no              ; no                     ; no            ; no              ; no         ; no            ; no       ; Off          ; 3.3-V LVTTL  ; 24mA             ; Off         ; Fitter               ; 0 pF ; -                    ; -                   ;
; stack_pointer_current_value_o[1]   ; T9    ; 7        ; 34           ; 0            ; 1           ; no              ; no                     ; no            ; no              ; no         ; no            ; no       ; Off          ; 3.3-V LVTTL  ; 24mA             ; Off         ; Fitter               ; 0 pF ; -                    ; -                   ;
; stack_pointer_current_value_o[2]   ; U8    ; 7        ; 35           ; 0            ; 3           ; no              ; no                     ; no            ; no              ; no         ; no            ; no       ; Off          ; 3.3-V LVTTL  ; 24mA             ; Off         ; Fitter               ; 0 pF ; -                    ; -                   ;
; status_stack_empty_o               ; U10   ; 7        ; 30           ; 0            ; 1           ; no              ; no                     ; no            ; no              ; no         ; no            ; no       ; Off          ; 3.3-V LVTTL  ; 24mA             ; Off         ; Fitter               ; 0 pF ; -                    ; -                   ;
; status_stack_full_o                ; L3    ; 5        ; 40           ; 16           ; 0           ; no              ; no                     ; no            ; no              ; no         ; no            ; no       ; Off          ; 3.3-V LVTTL  ; 12mA             ; Off         ; Fitter               ; 0 pF ; -                    ; -                   ;
+------------------------------------+-------+----------+--------------+--------------+-------------+-----------------+------------------------+---------------+-----------------+------------+---------------+----------+--------------+--------------+------------------+-------------+----------------------+------+----------------------+---------------------+


+------------------------------------------------------------+
; I/O Bank Usage                                             ;
+----------+------------------+---------------+--------------+
; I/O Bank ; Usage            ; VCCIO Voltage ; VREF Voltage ;
+----------+------------------+---------------+--------------+
; 1        ; 1 / 40 ( 3 % )   ; 3.3V          ; --           ;
; 2        ; 6 / 44 ( 14 % )  ; 3.3V          ; --           ;
; 3        ; 2 / 50 ( 4 % )   ; 3.3V          ; --           ;
; 4        ; 25 / 35 ( 71 % ) ; 3.3V          ; --           ;
; 5        ; 9 / 44 ( 20 % )  ; 3.3V          ; --           ;
; 6        ; 0 / 40 ( 0 % )   ; 3.3V          ; --           ;
; 7        ; 15 / 34 ( 44 % ) ; 3.3V          ; --           ;
; 8        ; 0 / 43 ( 0 % )   ; 3.3V          ; --           ;
; 9        ; 4 / 6 ( 67 % )   ; 3.3V          ; --           ;
; 10       ; 0 / 6 ( 0 % )    ; 3.3V          ; --           ;
+----------+------------------+---------------+--------------+


+------------------------------------------------------------------------------------------------------------------------------------------------------------------+
; All Package Pins                                                                                                                                                 ;
+----------+------------+----------+------------------------------------+--------+--------------+---------+------------+-----------------+----------+--------------+
; Location ; Pad Number ; I/O Bank ; Pin Name/Usage                     ; Dir.   ; I/O Standard ; Voltage ; I/O Type   ; User Assignment ; Bus Hold ; Weak Pull Up ;
+----------+------------+----------+------------------------------------+--------+--------------+---------+------------+-----------------+----------+--------------+
; A1       ;            ;          ; GND                                ; gnd    ;              ;         ; --         ;                 ; --       ; --           ;
; A2       ;            ;          ; TEMPDIODEp                         ;        ;              ;         ; --         ;                 ; --       ; --           ;
; A3       ;            ; 4        ; VCCIO4                             ; power  ;              ; 3.3V    ; --         ;                 ; --       ; --           ;
; A4       ; 277        ; 4        ; ^MSEL3                             ;        ;              ;         ; --         ;                 ; --       ; --           ;
; A5       ; 307        ; 4        ; data_popped_to_register_file_o[12] ; output ; 3.3-V LVTTL  ;         ; Column I/O ; N               ; no       ; Off          ;
; A6       ; 311        ; 4        ; alu_result_for_push_i[12]          ; input  ; 3.3-V LVTTL  ;         ; Column I/O ; N               ; no       ; Off          ;
; A7       ; 315        ; 4        ; data_from_register_file_i[12]      ; input  ; 3.3-V LVTTL  ;         ; Column I/O ; N               ; no       ; Off          ;
; A8       ; 318        ; 4        ; data_from_register_file_i[15]      ; input  ; 3.3-V LVTTL  ;         ; Column I/O ; N               ; no       ; Off          ;
; A9       ;            ;          ; GND                                ; gnd    ;              ;         ; --         ;                 ; --       ; --           ;
; A10      ; 323        ; 9        ; alu_result_for_push_i[1]           ; input  ; 3.3-V LVTTL  ;         ; Column I/O ; N               ; no       ; Off          ;
; A11      ;            ; 4        ; VCCIO4                             ; power  ;              ; 3.3V    ; --         ;                 ; --       ; --           ;
; A12      ;            ; 3        ; VCCIO3                             ; power  ;              ; 3.3V    ; --         ;                 ; --       ; --           ;
; A13      ; 329        ; 3        ; RESERVED_INPUT                     ;        ;              ;         ; Column I/O ;                 ; no       ; Off          ;
; A14      ;            ;          ; GND                                ; gnd    ;              ;         ; --         ;                 ; --       ; --           ;
; A15      ; 343        ; 3        ; RESERVED_INPUT                     ;        ;              ;         ; Column I/O ;                 ; no       ; Off          ;
; A16      ; 347        ; 3        ; RESERVED_INPUT                     ;        ;              ;         ; Column I/O ;                 ; no       ; Off          ;
; A17      ; 351        ; 3        ; RESERVED_INPUT                     ;        ;              ;         ; Column I/O ;                 ; no       ; Off          ;
; A18      ; 350        ; 3        ; RESERVED_INPUT                     ;        ;              ;         ; Column I/O ;                 ; no       ; Off          ;
; A19      ; 375        ; 3        ; RESERVED_INPUT                     ;        ;              ;         ; Column I/O ;                 ; no       ; Off          ;
; A20      ;            ; 3        ; VCCIO3                             ; power  ;              ; 3.3V    ; --         ;                 ; --       ; --           ;
; A21      ; 383        ; 3        ; ^nCE                               ;        ;              ;         ; --         ;                 ; --       ; --           ;
; A22      ;            ;          ; GND                                ; gnd    ;              ;         ; --         ;                 ; --       ; --           ;
; AA1      ;            ; 6        ; VCCIO6                             ; power  ;              ; 3.3V    ; --         ;                 ; --       ; --           ;
; AA2      ;            ;          ; GND                                ; gnd    ;              ;         ; --         ;                 ; --       ; --           ;
; AA3      ; 191        ; 7        ; ^nCEO                              ;        ;              ;         ; --         ;                 ; --       ; --           ;
; AA4      ; 181        ; 7        ; RESERVED_INPUT                     ;        ;              ;         ; Column I/O ;                 ; no       ; Off          ;
; AA5      ; 163        ; 7        ; data_popped_to_register_file_o[14] ; output ; 3.3-V LVTTL  ;         ; Column I/O ; N               ; no       ; Off          ;
; AA6      ; 159        ; 7        ; RESERVED_INPUT                     ;        ;              ;         ; Column I/O ;                 ; no       ; Off          ;
; AA7      ; 155        ; 7        ; RESERVED_INPUT                     ;        ;              ;         ; Column I/O ;                 ; no       ; Off          ;
; AA8      ; 151        ; 7        ; RESERVED_INPUT                     ;        ;              ;         ; Column I/O ;                 ; no       ; Off          ;
; AA9      ; 144        ; 10       ; RESERVED_INPUT                     ;        ;              ;         ; Column I/O ;                 ; no       ; Off          ;
; AA10     ; 147        ; 10       ; RESERVED_INPUT                     ;        ;              ;         ; Column I/O ;                 ; no       ; Off          ;
; AA11     ; 141        ; 7        ; RESERVED_INPUT                     ;        ;              ;         ; Column I/O ;                 ; no       ; Off          ;
; AA12     ; 138        ; 8        ; RESERVED_INPUT                     ;        ;              ;         ; Column I/O ;                 ; no       ; Off          ;
; AA13     ; 137        ; 8        ; RESERVED_INPUT                     ;        ;              ;         ; Column I/O ;                 ; no       ; Off          ;
; AA14     ;            ; 8        ; VREFB8                             ; power  ;              ;         ; --         ;                 ; --       ; --           ;
; AA15     ; 127        ; 8        ; RESERVED_INPUT                     ;        ;              ;         ; Column I/O ;                 ; no       ; Off          ;
; AA16     ; 123        ; 8        ; RESERVED_INPUT                     ;        ;              ;         ; Column I/O ;                 ; no       ; Off          ;
; AA17     ; 119        ; 8        ; RESERVED_INPUT                     ;        ;              ;         ; Column I/O ;                 ; no       ; Off          ;
; AA18     ; 115        ; 8        ; RESERVED_INPUT                     ;        ;              ;         ; Column I/O ;                 ; no       ; Off          ;
; AA19     ; 85         ; 8        ; #TCK                               ; input  ;              ;         ; --         ;                 ; --       ; --           ;
; AA20     ; 86         ; 8        ; #TMS                               ; input  ;              ;         ; --         ;                 ; --       ; --           ;
; AA21     ;            ;          ; GND                                ; gnd    ;              ;         ; --         ;                 ; --       ; --           ;
; AA22     ;            ; 1        ; VCCIO1                             ; power  ;              ; 3.3V    ; --         ;                 ; --       ; --           ;
; AB1      ;            ;          ; GND                                ; gnd    ;              ;         ; --         ;                 ; --       ; --           ;
; AB2      ; 190        ; 7        ; ^nIO_PULLUP                        ;        ;              ;         ; --         ;                 ; --       ; --           ;
; AB3      ;            ; 7        ; VCCIO7                             ; power  ;              ; 3.3V    ; --         ;                 ; --       ; --           ;
; AB4      ;            ;          ; GND                                ; gnd    ;              ;         ; --         ;                 ; --       ; --           ;
; AB5      ; 161        ; 7        ; RESERVED_INPUT                     ;        ;              ;         ; Column I/O ;                 ; no       ; Off          ;
; AB6      ; 157        ; 7        ; data_popped_to_register_file_o[15] ; output ; 3.3-V LVTTL  ;         ; Column I/O ; N               ; no       ; Off          ;
; AB7      ; 153        ; 7        ; RESERVED_INPUT                     ;        ;              ;         ; Column I/O ;                 ; no       ; Off          ;
; AB8      ; 150        ; 7        ; RESERVED_INPUT                     ;        ;              ;         ; Column I/O ;                 ; no       ; Off          ;
; AB9      ;            ;          ; GND                                ; gnd    ;              ;         ; --         ;                 ; --       ; --           ;
; AB10     ; 145        ; 10       ; RESERVED_INPUT                     ;        ;              ;         ; Column I/O ;                 ; no       ; Off          ;
; AB11     ;            ; 7        ; VCCIO7                             ; power  ;              ; 3.3V    ; --         ;                 ; --       ; --           ;
; AB12     ;            ; 8        ; VCCIO8                             ; power  ;              ; 3.3V    ; --         ;                 ; --       ; --           ;
; AB13     ; 139        ; 8        ; RESERVED_INPUT                     ;        ;              ;         ; Column I/O ;                 ; no       ; Off          ;
; AB14     ;            ;          ; GND                                ; gnd    ;              ;         ; --         ;                 ; --       ; --           ;
; AB15     ; 125        ; 8        ; RESERVED_INPUT                     ;        ;              ;         ; Column I/O ;                 ; no       ; Off          ;
; AB16     ; 124        ; 8        ; RESERVED_INPUT                     ;        ;              ;         ; Column I/O ;                 ; no       ; Off          ;
; AB17     ; 117        ; 8        ; RESERVED_INPUT                     ;        ;              ;         ; Column I/O ;                 ; no       ; Off          ;
; AB18     ; 118        ; 8        ; RESERVED_INPUT                     ;        ;              ;         ; Column I/O ;                 ; no       ; Off          ;
; AB19     ; 87         ; 8        ; #TRST                              ; input  ;              ;         ; --         ;                 ; --       ; --           ;
; AB20     ;            ; 8        ; VCCIO8                             ; power  ;              ; 3.3V    ; --         ;                 ; --       ; --           ;
; AB21     ; 84         ; 8        ; #TDI                               ; input  ;              ;         ; --         ;                 ; --       ; --           ;
; AB22     ;            ;          ; GND                                ; gnd    ;              ;         ; --         ;                 ; --       ; --           ;
; B1       ;            ; 5        ; VCCIO5                             ; power  ;              ; 3.3V    ; --         ;                 ; --       ; --           ;
; B2       ;            ;          ; GND                                ; gnd    ;              ;         ; --         ;                 ; --       ; --           ;
; B3       ; 276        ; 4        ; #TDO                               ; output ;              ;         ; --         ;                 ; --       ; --           ;
; B4       ; 279        ; 4        ; ^MSEL2                             ;        ;              ;         ; --         ;                 ; --       ; --           ;
; B5       ; 305        ; 4        ; alu_result_for_push_i[8]           ; input  ; 3.3-V LVTTL  ;         ; Column I/O ; N               ; no       ; Off          ;
; B6       ; 309        ; 4        ; alu_result_for_push_i[11]          ; input  ; 3.3-V LVTTL  ;         ; Column I/O ; N               ; no       ; Off          ;
; B7       ; 313        ; 4        ; data_from_register_file_i[0]       ; input  ; 3.3-V LVTTL  ;         ; Column I/O ; N               ; no       ; Off          ;
; B8       ; 317        ; 4        ; reset_i                            ; input  ; 3.3-V LVTTL  ;         ; Column I/O ; N               ; no       ; Off          ;
; B9       ; 320        ; 9        ; RESERVED_INPUT                     ;        ;              ;         ; Column I/O ;                 ; no       ; Off          ;
; B10      ; 321        ; 9        ; RESERVED_INPUT                     ;        ;              ;         ; Column I/O ;                 ; no       ; Off          ;
; B11      ; 327        ; 4        ; alu_result_for_push_i[13]          ; input  ; 3.3-V LVTTL  ;         ; Column I/O ; N               ; no       ; Off          ;
; B12      ; 328        ; 4        ; RESERVED_INPUT                     ;        ;              ;         ; Column I/O ;                 ; no       ; Off          ;
; B13      ; 331        ; 3        ; RESERVED_INPUT                     ;        ;              ;         ; Column I/O ;                 ; no       ; Off          ;
; B14      ;            ; 3        ; VREFB3                             ; power  ;              ;         ; --         ;                 ; --       ; --           ;
; B15      ; 341        ; 3        ; RESERVED_INPUT                     ;        ;              ;         ; Column I/O ;                 ; no       ; Off          ;
; B16      ; 345        ; 3        ; RESERVED_INPUT                     ;        ;              ;         ; Column I/O ;                 ; no       ; Off          ;
; B17      ; 349        ; 3        ; RESERVED_INPUT                     ;        ;              ;         ; Column I/O ;                 ; no       ; Off          ;
; B18      ; 353        ; 3        ; RESERVED_INPUT                     ;        ;              ;         ; Column I/O ;                 ; no       ; Off          ;
; B19      ; 377        ; 3        ; RESERVED_INPUT                     ;        ;              ;         ; Column I/O ;                 ; no       ; Off          ;
; B20      ; 381        ; 3        ; ^nSTATUS                           ;        ;              ;         ; --         ;                 ; --       ; --           ;
; B21      ;            ;          ; GND                                ; gnd    ;              ;         ; --         ;                 ; --       ; --           ;
; B22      ;            ; 2        ; VCCIO2                             ; power  ;              ; 3.3V    ; --         ;                 ; --       ; --           ;
; C1       ; 275        ; 5        ; RESERVED_INPUT                     ;        ;              ;         ; Row I/O    ;                 ; no       ; Off          ;
; C2       ; 273        ; 5        ; RESERVED_INPUT                     ;        ;              ;         ; Row I/O    ;                 ; no       ; Off          ;
; C3       ;            ;          ; TEMPDIODEn                         ;        ;              ;         ; --         ;                 ; --       ; --           ;
; C4       ; 285        ; 4        ; RESERVED_INPUT                     ;        ;              ;         ; Column I/O ;                 ; no       ; Off          ;
; C5       ; 306        ; 4        ; data_from_register_file_i[4]       ; input  ; 3.3-V LVTTL  ;         ; Column I/O ; N               ; no       ; Off          ;
; C6       ; 308        ; 4        ; data_popped_to_register_file_o[4]  ; output ; 3.3-V LVTTL  ;         ; Column I/O ; N               ; no       ; Off          ;
; C7       ; 316        ; 4        ; data_from_register_file_i[6]       ; input  ; 3.3-V LVTTL  ;         ; Column I/O ; N               ; no       ; Off          ;
; C8       ; 314        ; 4        ; alu_result_for_push_i[10]          ; input  ; 3.3-V LVTTL  ;         ; Column I/O ; N               ; no       ; Off          ;
; C9       ; 319        ; 9        ; data_from_register_file_i[3]       ; input  ; 3.3-V LVTTL  ;         ; Column I/O ; N               ; no       ; Off          ;
; C10      ; 324        ; 9        ; data_from_register_file_i[11]      ; input  ; 3.3-V LVTTL  ;         ; Column I/O ; N               ; no       ; Off          ;
; C11      ; 325        ; 4        ; RESERVED_INPUT                     ;        ;              ;         ; Column I/O ;                 ; no       ; Off          ;
; C12      ; 326        ; 4        ; RESERVED_INPUT                     ;        ;              ;         ; Column I/O ;                 ; no       ; Off          ;
; C13      ; 330        ; 3        ; RESERVED_INPUT                     ;        ;              ;         ; Column I/O ;                 ; no       ; Off          ;
; C14      ; 354        ; 3        ; RESERVED_INPUT                     ;        ;              ;         ; Column I/O ;                 ; no       ; Off          ;
; C15      ; 342        ; 3        ; RESERVED_INPUT                     ;        ;              ;         ; Column I/O ;                 ; no       ; Off          ;
; C16      ; 344        ; 3        ; RESERVED_INPUT                     ;        ;              ;         ; Column I/O ;                 ; no       ; Off          ;
; C17      ; 352        ; 3        ; RESERVED_INPUT                     ;        ;              ;         ; Column I/O ;                 ; no       ; Off          ;
; C18      ; 355        ; 3        ; RESERVED_INPUT                     ;        ;              ;         ; Column I/O ;                 ; no       ; Off          ;
; C19      ; 369        ; 3        ; RESERVED_INPUT                     ;        ;              ;         ; Column I/O ;                 ; no       ; Off          ;
; C20      ; 384        ; 3        ; ^CONF_DONE                         ;        ;              ;         ; --         ;                 ; --       ; --           ;
; C21      ; 2          ; 2        ; RESERVED_INPUT                     ;        ;              ;         ; Row I/O    ;                 ; no       ; Off          ;
; C22      ; 0          ; 2        ; RESERVED_INPUT                     ;        ;              ;         ; Row I/O    ;                 ; no       ; Off          ;
; D1       ; 271        ; 5        ; RESERVED_INPUT                     ;        ;              ;         ; Row I/O    ;                 ; no       ; Off          ;
; D2       ; 269        ; 5        ; RESERVED_INPUT                     ;        ;              ;         ; Row I/O    ;                 ; no       ; Off          ;
; D3       ; 287        ; 4        ; data_popped_to_register_file_o[6]  ; output ; 3.3-V LVTTL  ;         ; Column I/O ; N               ; no       ; Off          ;
; D4       ; 278        ; 4        ; ^MSEL1                             ;        ;              ;         ; --         ;                 ; --       ; --           ;
; D5       ; 283        ; 4        ; RESERVED_INPUT                     ;        ;              ;         ; Column I/O ;                 ; no       ; Off          ;
; D6       ; 293        ; 4        ; RESERVED_INPUT                     ;        ;              ;         ; Column I/O ;                 ; no       ; Off          ;
; D7       ;            ; 4        ; VREFB4                             ; power  ;              ;         ; --         ;                 ; --       ; --           ;
; D8       ; 297        ; 4        ; alu_result_for_push_i[7]           ; input  ; 3.3-V LVTTL  ;         ; Column I/O ; N               ; no       ; Off          ;
; D9       ;            ; 4        ; VREFB4                             ; power  ;              ;         ; --         ;                 ; --       ; --           ;
; D10      ; 322        ; 9        ; data_from_register_file_i[14]      ; input  ; 3.3-V LVTTL  ;         ; Column I/O ; N               ; no       ; Off          ;
; D11      ; 337        ; 3        ; RESERVED_INPUT                     ;        ;              ;         ; Column I/O ;                 ; no       ; Off          ;
; D12      ; 333        ; 3        ; RESERVED_INPUT                     ;        ;              ;         ; Column I/O ;                 ; no       ; Off          ;
; D13      ; 332        ; 3        ; RESERVED_INPUT                     ;        ;              ;         ; Column I/O ;                 ; no       ; Off          ;
; D14      ; 356        ; 3        ; RESERVED_INPUT                     ;        ;              ;         ; Column I/O ;                 ; no       ; Off          ;
; D15      ; 361        ; 3        ; RESERVED_INPUT                     ;        ;              ;         ; Column I/O ;                 ; no       ; Off          ;
; D16      ;            ; 3        ; VREFB3                             ; power  ;              ;         ; --         ;                 ; --       ; --           ;
; D17      ; 373        ; 3        ; RESERVED_INPUT                     ;        ;              ;         ; Column I/O ;                 ; no       ; Off          ;
; D18      ; 379        ; 3        ; RESERVED_INPUT                     ;        ;              ;         ; Column I/O ;                 ; no       ; Off          ;
; D19      ; 382        ; 3        ; ^DCLK                              ;        ;              ;         ; --         ;                 ; --       ; --           ;
; D20      ; 371        ; 3        ; RESERVED_INPUT                     ;        ;              ;         ; Column I/O ;                 ; no       ; Off          ;
; D21      ; 6          ; 2        ; RESERVED_INPUT                     ;        ;              ;         ; Row I/O    ;                 ; no       ; Off          ;
; D22      ; 4          ; 2        ; RESERVED_INPUT                     ;        ;              ;         ; Row I/O    ;                 ; no       ; Off          ;
; E1       ; 267        ; 5        ; RESERVED_INPUT                     ;        ;              ;         ; Row I/O    ;                 ; no       ; Off          ;
; E2       ; 265        ; 5        ; RESERVED_INPUT                     ;        ;              ;         ; Row I/O    ;                 ; no       ; Off          ;
; E3       ; 274        ; 5        ; RESERVED_INPUT                     ;        ;              ;         ; Row I/O    ;                 ; no       ; Off          ;
; E4       ; 272        ; 5        ; RESERVED_INPUT                     ;        ;              ;         ; Row I/O    ;                 ; no       ; Off          ;
; E5       ; 280        ; 4        ; ^MSEL0                             ;        ;              ;         ; --         ;                 ; --       ; --           ;
; E6       ; 281        ; 4        ; RESERVED_INPUT                     ;        ;              ;         ; Column I/O ;                 ; no       ; Off          ;
; E7       ; 289        ; 4        ; data_from_register_file_i[7]       ; input  ; 3.3-V LVTTL  ;         ; Column I/O ; N               ; no       ; Off          ;
; E8       ; 298        ; 4        ; data_from_register_file_i[8]       ; input  ; 3.3-V LVTTL  ;         ; Column I/O ; N               ; no       ; Off          ;
; E9       ; 301        ; 4        ; stack_pointer_current_value_o[0]   ; output ; 3.3-V LVTTL  ;         ; Column I/O ; N               ; no       ; Off          ;
; E10      ; 312        ; 4        ; alu_result_for_push_i[14]          ; input  ; 3.3-V LVTTL  ;         ; Column I/O ; N               ; no       ; Off          ;
; E11      ; 335        ; 3        ; RESERVED_INPUT                     ;        ;              ;         ; Column I/O ;                 ; no       ; Off          ;
; E12      ; 339        ; 3        ; RESERVED_INPUT                     ;        ;              ;         ; Column I/O ;                 ; no       ; Off          ;
; E13      ; 338        ; 3        ; ~DATA0~ / RESERVED_INPUT           ; input  ; 3.3-V LVTTL  ;         ; Column I/O ; N               ; no       ; Off          ;
; E14      ; 357        ; 3        ; RESERVED_INPUT                     ;        ;              ;         ; Column I/O ;                 ; no       ; Off          ;
; E15      ; 365        ; 3        ; RESERVED_INPUT                     ;        ;              ;         ; Column I/O ;                 ; no       ; Off          ;
; E16      ; 374        ; 3        ; RESERVED_INPUT                     ;        ;              ;         ; Column I/O ;                 ; no       ; Off          ;
; E17      ; 376        ; 3        ; RESERVED_INPUT                     ;        ;              ;         ; Column I/O ;                 ; no       ; Off          ;
; E18      ; 380        ; 3        ; RESERVED_INPUT                     ;        ;              ;         ; Column I/O ;                 ; no       ; Off          ;
; E19      ; 3          ; 2        ; RESERVED_INPUT                     ;        ;              ;         ; Row I/O    ;                 ; no       ; Off          ;
; E20      ; 1          ; 2        ; RESERVED_INPUT                     ;        ;              ;         ; Row I/O    ;                 ; no       ; Off          ;
; E21      ; 10         ; 2        ; RESERVED_INPUT                     ;        ;              ;         ; Row I/O    ;                 ; no       ; Off          ;
; E22      ; 8          ; 2        ; RESERVED_INPUT                     ;        ;              ;         ; Row I/O    ;                 ; no       ; Off          ;
; F1       ; 263        ; 5        ; RESERVED_INPUT                     ;        ;              ;         ; Row I/O    ;                 ; no       ; Off          ;
; F2       ; 261        ; 5        ; RESERVED_INPUT                     ;        ;              ;         ; Row I/O    ;                 ; no       ; Off          ;
; F3       ;            ; 5        ; VREFB5                             ; power  ;              ;         ; --         ;                 ; --       ; --           ;
; F4       ; 270        ; 5        ; RESERVED_INPUT                     ;        ;              ;         ; Row I/O    ;                 ; no       ; Off          ;
; F5       ; 268        ; 5        ; RESERVED_INPUT                     ;        ;              ;         ; Row I/O    ;                 ; no       ; Off          ;
; F6       ; 288        ; 4        ; RESERVED_INPUT                     ;        ;              ;         ; Column I/O ;                 ; no       ; Off          ;
; F7       ; 296        ; 4        ; data_from_register_file_i[9]       ; input  ; 3.3-V LVTTL  ;         ; Column I/O ; N               ; no       ; Off          ;
; F8       ; 294        ; 4        ; alu_result_for_push_i[3]           ; input  ; 3.3-V LVTTL  ;         ; Column I/O ; N               ; no       ; Off          ;
; F9       ; 300        ; 4        ; data_popped_to_register_file_o[1]  ; output ; 3.3-V LVTTL  ;         ; Column I/O ; N               ; no       ; Off          ;
; F10      ;            ;          ; GNDA_PLL5                          ; gnd    ;              ;         ; --         ;                 ; --       ; --           ;
; F11      ;            ;          ; GNDA_PLL5                          ; gnd    ;              ;         ; --         ;                 ; --       ; --           ;
; F12      ;            ;          ; VCCA_PLL5                          ; power  ;              ; 1.2V    ; --         ;                 ; --       ; --           ;
; F13      ; 346        ; 3        ; RESERVED_INPUT                     ;        ;              ;         ; Column I/O ;                 ; no       ; Off          ;
; F14      ; 358        ; 3        ; RESERVED_INPUT                     ;        ;              ;         ; Column I/O ;                 ; no       ; Off          ;
; F15      ; 367        ; 3        ; RESERVED_INPUT                     ;        ;              ;         ; Column I/O ;                 ; no       ; Off          ;
; F16      ; 362        ; 3        ; RESERVED_INPUT                     ;        ;              ;         ; Column I/O ;                 ; no       ; Off          ;
; F17      ; 378        ; 3        ; RESERVED_INPUT                     ;        ;              ;         ; Column I/O ;                 ; no       ; Off          ;
; F18      ;            ; 2        ; VREFB2                             ; power  ;              ;         ; --         ;                 ; --       ; --           ;
; F19      ; 11         ; 2        ; RESERVED_INPUT                     ;        ;              ;         ; Row I/O    ;                 ; no       ; Off          ;
; F20      ; 9          ; 2        ; RESERVED_INPUT                     ;        ;              ;         ; Row I/O    ;                 ; no       ; Off          ;
; F21      ; 14         ; 2        ; RESERVED_INPUT                     ;        ;              ;         ; Row I/O    ;                 ; no       ; Off          ;
; F22      ; 12         ; 2        ; RESERVED_INPUT                     ;        ;              ;         ; Row I/O    ;                 ; no       ; Off          ;
; G1       ; 255        ; 5        ; RESERVED_INPUT                     ;        ;              ;         ; Row I/O    ;                 ; no       ; Off          ;
; G2       ; 253        ; 5        ; stack_command_idle_push_pop_i[1]   ; input  ; 3.3-V LVTTL  ;         ; Row I/O    ; N               ; no       ; Off          ;
; G3       ; 262        ; 5        ; RESERVED_INPUT                     ;        ;              ;         ; Row I/O    ;                 ; no       ; Off          ;
; G4       ; 260        ; 5        ; RESERVED_INPUT                     ;        ;              ;         ; Row I/O    ;                 ; no       ; Off          ;
; G5       ; 266        ; 5        ; data_popped_to_register_file_o[0]  ; output ; 3.3-V LVTTL  ;         ; Row I/O    ; N               ; no       ; Off          ;
; G6       ; 264        ; 5        ; RESERVED_INPUT                     ;        ;              ;         ; Row I/O    ;                 ; no       ; Off          ;
; G7       ; 286        ; 4        ; RESERVED_INPUT                     ;        ;              ;         ; Column I/O ;                 ; no       ; Off          ;
; G8       ; 291        ; 4        ; alu_result_for_push_i[5]           ; input  ; 3.3-V LVTTL  ;         ; Column I/O ; N               ; no       ; Off          ;
; G9       ; 302        ; 4        ; data_from_register_file_i[5]       ; input  ; 3.3-V LVTTL  ;         ; Column I/O ; N               ; no       ; Off          ;
; G10      ;            ; 9        ; VCC_PLL5_OUT                       ; power  ;              ; 3.3V    ; --         ;                 ; --       ; --           ;
; G11      ;            ;          ; VCCD_PLL5                          ; power  ;              ; 1.2V    ; --         ;                 ; --       ; --           ;
; G12      ; 336        ; 3        ; data_from_register_file_i[13]      ; input  ; 3.3-V LVTTL  ;         ; Column I/O ; N               ; no       ; Off          ;
; G13      ; 348        ; 3        ; RESERVED_INPUT                     ;        ;              ;         ; Column I/O ;                 ; no       ; Off          ;
; G14      ; 359        ; 3        ; RESERVED_INPUT                     ;        ;              ;         ; Column I/O ;                 ; no       ; Off          ;
; G15      ; 366        ; 3        ; RESERVED_INPUT                     ;        ;              ;         ; Column I/O ;                 ; no       ; Off          ;
; G16      ; 370        ; 3        ; RESERVED_INPUT                     ;        ;              ;         ; Column I/O ;                 ; no       ; Off          ;
; G17      ; 7          ; 2        ; RESERVED_INPUT                     ;        ;              ;         ; Row I/O    ;                 ; no       ; Off          ;
; G18      ; 5          ; 2        ; RESERVED_INPUT                     ;        ;              ;         ; Row I/O    ;                 ; no       ; Off          ;
; G19      ; 19         ; 2        ; alu_result_for_push_i[15]          ; input  ; 3.3-V LVTTL  ;         ; Row I/O    ; N               ; no       ; Off          ;
; G20      ; 17         ; 2        ; RESERVED_INPUT                     ;        ;              ;         ; Row I/O    ;                 ; no       ; Off          ;
; G21      ; 22         ; 2        ; RESERVED_INPUT                     ;        ;              ;         ; Row I/O    ;                 ; no       ; Off          ;
; G22      ; 20         ; 2        ; alu_result_for_push_i[2]           ; input  ; 3.3-V LVTTL  ;         ; Row I/O    ; N               ; no       ; Off          ;
; H1       ; 251        ; 5        ; RESERVED_INPUT                     ;        ;              ;         ; Row I/O    ;                 ; no       ; Off          ;
; H2       ; 249        ; 5        ; alu_result_for_push_i[0]           ; input  ; 3.3-V LVTTL  ;         ; Row I/O    ; N               ; no       ; Off          ;
; H3       ; 259        ; 5        ; RESERVED_INPUT                     ;        ;              ;         ; Row I/O    ;                 ; no       ; Off          ;
; H4       ; 257        ; 5        ; RESERVED_INPUT                     ;        ;              ;         ; Row I/O    ;                 ; no       ; Off          ;
; H5       ; 254        ; 5        ; RESERVED_INPUT                     ;        ;              ;         ; Row I/O    ;                 ; no       ; Off          ;
; H6       ; 252        ; 5        ; RESERVED_INPUT                     ;        ;              ;         ; Row I/O    ;                 ; no       ; Off          ;
; H7       ; 284        ; 4        ; RESERVED_INPUT                     ;        ;              ;         ; Column I/O ;                 ; no       ; Off          ;
; H8       ;            ;          ; VCCINT                             ; power  ;              ; 1.2V    ; --         ;                 ; --       ; --           ;
; H9       ; 304        ; 4        ; data_from_register_file_i[2]       ; input  ; 3.3-V LVTTL  ;         ; Column I/O ; N               ; no       ; Off          ;
; H10      ;            ; 4        ; VCCPD4                             ; power  ;              ; 3.3V    ; --         ;                 ; --       ; --           ;
; H11      ; 334        ; 3        ; RESERVED_INPUT                     ;        ;              ;         ; Column I/O ;                 ; no       ; Off          ;
; H12      ; 340        ; 3        ; RESERVED_INPUT                     ;        ;              ;         ; Column I/O ;                 ; no       ; Off          ;
; H13      ;            ; 3        ; VCCPD3                             ; power  ;              ; 3.3V    ; --         ;                 ; --       ; --           ;
; H14      ; 360        ; 3        ; RESERVED_INPUT                     ;        ;              ;         ; Column I/O ;                 ; no       ; Off          ;
; H15      ;            ;          ; GND                                ; gnd    ;              ;         ; --         ;                 ; --       ; --           ;
; H16      ; 368        ; 3        ; RESERVED_INPUT                     ;        ;              ;         ; Column I/O ;                 ; no       ; Off          ;
; H17      ; 15         ; 2        ; RESERVED_INPUT                     ;        ;              ;         ; Row I/O    ;                 ; no       ; Off          ;
; H18      ; 13         ; 2        ; RESERVED_INPUT                     ;        ;              ;         ; Row I/O    ;                 ; no       ; Off          ;
; H19      ; 18         ; 2        ; RESERVED_INPUT                     ;        ;              ;         ; Row I/O    ;                 ; no       ; Off          ;
; H20      ; 16         ; 2        ; RESERVED_INPUT                     ;        ;              ;         ; Row I/O    ;                 ; no       ; Off          ;
; H21      ; 26         ; 2        ; ctrl_push_enable_o                 ; output ; 3.3-V LVTTL  ;         ; Row I/O    ; N               ; no       ; Off          ;
; H22      ; 24         ; 2        ; stack_command_idle_push_pop_i[0]   ; input  ; 3.3-V LVTTL  ;         ; Row I/O    ; N               ; no       ; Off          ;
; J1       ;            ;          ; GND                                ; gnd    ;              ;         ; --         ;                 ; --       ; --           ;
; J2       ; 247        ; 5        ; data_popped_to_register_file_o[10] ; output ; 3.3-V LVTTL  ;         ; Row I/O    ; N               ; no       ; Off          ;
; J3       ; 245        ; 5        ; data_popped_to_register_file_o[7]  ; output ; 3.3-V LVTTL  ;         ; Row I/O    ; N               ; no       ; Off          ;
; J4       ;            ; 5        ; VREFB5                             ; power  ;              ;         ; --         ;                 ; --       ; --           ;
; J5       ; 250        ; 5        ; RESERVED_INPUT                     ;        ;              ;         ; Row I/O    ;                 ; no       ; Off          ;
; J6       ; 248        ; 5        ; data_popped_to_register_file_o[9]  ; output ; 3.3-V LVTTL  ;         ; Row I/O    ; N               ; no       ; Off          ;
; J7       ; 258        ; 5        ; RESERVED_INPUT                     ;        ;              ;         ; Row I/O    ;                 ; no       ; Off          ;
; J8       ; 256        ; 5        ; RESERVED_INPUT                     ;        ;              ;         ; Row I/O    ;                 ; no       ; Off          ;
; J9       ;            ;          ; VCCINT                             ; power  ;              ; 1.2V    ; --         ;                 ; --       ; --           ;
; J10      ;            ;          ; GND                                ; gnd    ;              ;         ; --         ;                 ; --       ; --           ;
; J11      ;            ;          ; VCCINT                             ; power  ;              ; 1.2V    ; --         ;                 ; --       ; --           ;
; J12      ;            ;          ; GND                                ; gnd    ;              ;         ; --         ;                 ; --       ; --           ;
; J13      ;            ;          ; VCCINT                             ; power  ;              ; 1.2V    ; --         ;                 ; --       ; --           ;
; J14      ;            ;          ; GND                                ; gnd    ;              ;         ; --         ;                 ; --       ; --           ;
; J15      ; 364        ; 3        ; RESERVED_INPUT                     ;        ;              ;         ; Column I/O ;                 ; no       ; Off          ;
; J16      ; 23         ; 2        ; RESERVED_INPUT                     ;        ;              ;         ; Row I/O    ;                 ; no       ; Off          ;
; J17      ; 21         ; 2        ; RESERVED_INPUT                     ;        ;              ;         ; Row I/O    ;                 ; no       ; Off          ;
; J18      ; 27         ; 2        ; RESERVED_INPUT                     ;        ;              ;         ; Row I/O    ;                 ; no       ; Off          ;
; J19      ; 25         ; 2        ; RESERVED_INPUT                     ;        ;              ;         ; Row I/O    ;                 ; no       ; Off          ;
; J20      ; 30         ; 2        ; RESERVED_INPUT                     ;        ;              ;         ; Row I/O    ;                 ; no       ; Off          ;
; J21      ; 28         ; 2        ; RESERVED_INPUT                     ;        ;              ;         ; Row I/O    ;                 ; no       ; Off          ;
; J22      ;            ;          ; GND                                ; gnd    ;              ;         ; --         ;                 ; --       ; --           ;
; K1       ; 239        ; 5        ; RESERVED_INPUT                     ;        ;              ;         ; Row I/O    ;                 ; no       ; Off          ;
; K2       ; 237        ; 5        ; RESERVED_INPUT                     ;        ;              ;         ; Row I/O    ;                 ; no       ; Off          ;
; K3       ; 243        ; 5        ; RESERVED_INPUT                     ;        ;              ;         ; Row I/O    ;                 ; no       ; Off          ;
; K4       ; 241        ; 5        ; RESERVED_INPUT                     ;        ;              ;         ; Row I/O    ;                 ; no       ; Off          ;
; K5       ; 246        ; 5        ; RESERVED_INPUT                     ;        ;              ;         ; Row I/O    ;                 ; no       ; Off          ;
; K6       ; 244        ; 5        ; alu_result_for_push_i[6]           ; input  ; 3.3-V LVTTL  ;         ; Row I/O    ; N               ; no       ; Off          ;
; K7       ; 242        ; 5        ; RESERVED_INPUT                     ;        ;              ;         ; Row I/O    ;                 ; no       ; Off          ;
; K8       ; 240        ; 5        ; data_from_register_file_i[10]      ; input  ; 3.3-V LVTTL  ;         ; Row I/O    ; N               ; no       ; Off          ;
; K9       ;            ;          ; GND                                ; gnd    ;              ;         ; --         ;                 ; --       ; --           ;
; K10      ;            ;          ; VCCINT                             ; power  ;              ; 1.2V    ; --         ;                 ; --       ; --           ;
; K11      ;            ;          ; GND                                ; gnd    ;              ;         ; --         ;                 ; --       ; --           ;
; K12      ;            ;          ; VCCINT                             ; power  ;              ; 1.2V    ; --         ;                 ; --       ; --           ;
; K13      ;            ;          ; GND                                ; gnd    ;              ;         ; --         ;                 ; --       ; --           ;
; K14      ;            ; 2        ; VCCPD2                             ; power  ;              ; 3.3V    ; --         ;                 ; --       ; --           ;
; K15      ; 35         ; 2        ; RESERVED_INPUT                     ;        ;              ;         ; Row I/O    ;                 ; no       ; Off          ;
; K16      ; 33         ; 2        ; RESERVED_INPUT                     ;        ;              ;         ; Row I/O    ;                 ; no       ; Off          ;
; K17      ; 31         ; 2        ; data_popped_to_register_file_o[11] ; output ; 3.3-V LVTTL  ;         ; Row I/O    ; N               ; no       ; Off          ;
; K18      ; 29         ; 2        ; data_popped_to_register_file_o[13] ; output ; 3.3-V LVTTL  ;         ; Row I/O    ; N               ; no       ; Off          ;
; K19      ; 34         ; 2        ; RESERVED_INPUT                     ;        ;              ;         ; Row I/O    ;                 ; no       ; Off          ;
; K20      ; 32         ; 2        ; RESERVED_INPUT                     ;        ;              ;         ; Row I/O    ;                 ; no       ; Off          ;
; K21      ; 38         ; 2        ; RESERVED_INPUT                     ;        ;              ;         ; Row I/O    ;                 ; no       ; Off          ;
; K22      ; 36         ; 2        ; RESERVED_INPUT                     ;        ;              ;         ; Row I/O    ;                 ; no       ; Off          ;
; L1       ;            ; 5        ; VCCIO5                             ; power  ;              ; 3.3V    ; --         ;                 ; --       ; --           ;
; L2       ; 233        ; 5        ; RESERVED_INPUT                     ;        ;              ;         ; Row I/O    ;                 ; no       ; Off          ;
; L3       ; 235        ; 5        ; status_stack_full_o                ; output ; 3.3-V LVTTL  ;         ; Row I/O    ; N               ; no       ; Off          ;
; L4       ;            ;          ; GNDA_PLL4                          ; gnd    ;              ;         ; --         ;                 ; --       ; --           ;
; L5       ;            ;          ; GNDA_PLL4                          ; gnd    ;              ;         ; --         ;                 ; --       ; --           ;
; L6       ;            ;          ; VCCD_PLL4                          ; power  ;              ; 1.2V    ; --         ;                 ; --       ; --           ;
; L7       ; 238        ; 5        ; RESERVED_INPUT                     ;        ;              ;         ; Row I/O    ;                 ; no       ; Off          ;
; L8       ; 236        ; 5        ; RESERVED_INPUT                     ;        ;              ;         ; Row I/O    ;                 ; no       ; Off          ;
; L9       ;            ; 5        ; VCCPD5                             ; power  ;              ; 3.3V    ; --         ;                 ; --       ; --           ;
; L10      ;            ;          ; GND                                ; gnd    ;              ;         ; --         ;                 ; --       ; --           ;
; L11      ;            ;          ; VCCINT                             ; power  ;              ; 1.2V    ; --         ;                 ; --       ; --           ;
; L12      ;            ;          ; GND                                ; gnd    ;              ;         ; --         ;                 ; --       ; --           ;
; L13      ;            ;          ; VCCINT                             ; power  ;              ; 1.2V    ; --         ;                 ; --       ; --           ;
; L14      ;            ;          ; GND                                ; gnd    ;              ;         ; --         ;                 ; --       ; --           ;
; L15      ; 39         ; 2        ; RESERVED_INPUT                     ;        ;              ;         ; Row I/O    ;                 ; no       ; Off          ;
; L16      ; 37         ; 2        ; RESERVED_INPUT                     ;        ;              ;         ; Row I/O    ;                 ; no       ; Off          ;
; L17      ;            ;          ; GNDA_PLL1                          ; gnd    ;              ;         ; --         ;                 ; --       ; --           ;
; L18      ;            ;          ; GNDA_PLL1                          ; gnd    ;              ;         ; --         ;                 ; --       ; --           ;
; L19      ;            ; 2        ; VREFB2                             ; power  ;              ;         ; --         ;                 ; --       ; --           ;
; L20      ; 40         ; 2        ; RESERVED_INPUT                     ;        ;              ;         ; Row I/O    ;                 ; no       ; Off          ;
; L21      ; 42         ; 2        ; RESERVED_INPUT                     ;        ;              ;         ; Row I/O    ;                 ; no       ; Off          ;
; L22      ;            ; 2        ; VCCIO2                             ; power  ;              ; 3.3V    ; --         ;                 ; --       ; --           ;
; M1       ;            ; 6        ; VCCIO6                             ; power  ;              ; 3.3V    ; --         ;                 ; --       ; --           ;
; M2       ; 232        ; 5        ; GND+                               ;        ;              ;         ; Row I/O    ;                 ; --       ; --           ;
; M3       ; 234        ; 5        ; GND+                               ;        ;              ;         ; Row I/O    ;                 ; --       ; --           ;
; M4       ;            ;          ; VCCA_PLL3                          ; power  ;              ; 1.2V    ; --         ;                 ; --       ; --           ;
; M5       ;            ;          ; VCCD_PLL3                          ; power  ;              ; 1.2V    ; --         ;                 ; --       ; --           ;
; M6       ;            ;          ; VCCA_PLL4                          ; power  ;              ; 1.2V    ; --         ;                 ; --       ; --           ;
; M7       ;            ;          ; GND                                ; gnd    ;              ;         ; --         ;                 ; --       ; --           ;
; M8       ;            ;          ; VCCINT                             ; power  ;              ; 1.2V    ; --         ;                 ; --       ; --           ;
; M9       ;            ;          ; GND                                ; gnd    ;              ;         ; --         ;                 ; --       ; --           ;
; M10      ;            ;          ; VCCINT                             ; power  ;              ; 1.2V    ; --         ;                 ; --       ; --           ;
; M11      ;            ;          ; GND                                ; gnd    ;              ;         ; --         ;                 ; --       ; --           ;
; M12      ;            ;          ; VCCINT                             ; power  ;              ; 1.2V    ; --         ;                 ; --       ; --           ;
; M13      ;            ;          ; GND                                ; gnd    ;              ;         ; --         ;                 ; --       ; --           ;
; M14      ;            ;          ; VCCINT                             ; power  ;              ; 1.2V    ; --         ;                 ; --       ; --           ;
; M15      ;            ;          ; GND                                ; gnd    ;              ;         ; --         ;                 ; --       ; --           ;
; M16      ;            ;          ; VCCD_PLL1                          ; power  ;              ; 1.2V    ; --         ;                 ; --       ; --           ;
; M17      ;            ;          ; VCCA_PLL1                          ; power  ;              ; 1.2V    ; --         ;                 ; --       ; --           ;
; M18      ;            ;          ; VCCD_PLL2                          ; power  ;              ; 1.2V    ; --         ;                 ; --       ; --           ;
; M19      ;            ;          ; VCCA_PLL2                          ; power  ;              ; 1.2V    ; --         ;                 ; --       ; --           ;
; M20      ; 41         ; 2        ; GND+                               ;        ;              ;         ; Row I/O    ;                 ; --       ; --           ;
; M21      ; 43         ; 2        ; GND+                               ;        ;              ;         ; Row I/O    ;                 ; --       ; --           ;
; M22      ;            ; 1        ; VCCIO1                             ; power  ;              ; 3.3V    ; --         ;                 ; --       ; --           ;
; N1       ; 231        ; 6        ; RESERVED_INPUT                     ;        ;              ;         ; Row I/O    ;                 ; no       ; Off          ;
; N2       ; 229        ; 6        ; RESERVED_INPUT                     ;        ;              ;         ; Row I/O    ;                 ; no       ; Off          ;
; N3       ; 230        ; 6        ; GND+                               ;        ;              ;         ; Row I/O    ;                 ; --       ; --           ;
; N4       ; 228        ; 6        ; GND+                               ;        ;              ;         ; Row I/O    ;                 ; --       ; --           ;
; N5       ;            ;          ; GNDA_PLL3                          ; gnd    ;              ;         ; --         ;                 ; --       ; --           ;
; N6       ;            ;          ; GNDA_PLL3                          ; gnd    ;              ;         ; --         ;                 ; --       ; --           ;
; N7       ; 226        ; 6        ; RESERVED_INPUT                     ;        ;              ;         ; Row I/O    ;                 ; no       ; Off          ;
; N8       ; 224        ; 6        ; RESERVED_INPUT                     ;        ;              ;         ; Row I/O    ;                 ; no       ; Off          ;
; N9       ;            ; 6        ; VCCPD6                             ; power  ;              ; 3.3V    ; --         ;                 ; --       ; --           ;
; N10      ;            ;          ; GND                                ; gnd    ;              ;         ; --         ;                 ; --       ; --           ;
; N11      ;            ;          ; VCCINT                             ; power  ;              ; 1.2V    ; --         ;                 ; --       ; --           ;
; N12      ;            ;          ; GND                                ; gnd    ;              ;         ; --         ;                 ; --       ; --           ;
; N13      ;            ;          ; VCCINT                             ; power  ;              ; 1.2V    ; --         ;                 ; --       ; --           ;
; N14      ;            ;          ; GND                                ; gnd    ;              ;         ; --         ;                 ; --       ; --           ;
; N15      ; 51         ; 1        ; RESERVED_INPUT                     ;        ;              ;         ; Row I/O    ;                 ; no       ; Off          ;
; N16      ; 49         ; 1        ; RESERVED_INPUT                     ;        ;              ;         ; Row I/O    ;                 ; no       ; Off          ;
; N17      ;            ;          ; GNDA_PLL2                          ; gnd    ;              ;         ; --         ;                 ; --       ; --           ;
; N18      ;            ;          ; GNDA_PLL2                          ; gnd    ;              ;         ; --         ;                 ; --       ; --           ;
; N19      ; 47         ; 1        ; GND+                               ;        ;              ;         ; Row I/O    ;                 ; --       ; --           ;
; N20      ; 45         ; 1        ; clock_i                            ; input  ; 3.3-V LVTTL  ;         ; Row I/O    ; N               ; no       ; Off          ;
; N21      ; 46         ; 1        ; RESERVED_INPUT                     ;        ;              ;         ; Row I/O    ;                 ; no       ; Off          ;
; N22      ; 44         ; 1        ; RESERVED_INPUT                     ;        ;              ;         ; Row I/O    ;                 ; no       ; Off          ;
; P1       ;            ;          ; GND                                ; gnd    ;              ;         ; --         ;                 ; --       ; --           ;
; P2       ; 227        ; 6        ; RESERVED_INPUT                     ;        ;              ;         ; Row I/O    ;                 ; no       ; Off          ;
; P3       ; 225        ; 6        ; RESERVED_INPUT                     ;        ;              ;         ; Row I/O    ;                 ; no       ; Off          ;
; P4       ;            ; 6        ; VREFB6                             ; power  ;              ;         ; --         ;                 ; --       ; --           ;
; P5       ; 222        ; 6        ; RESERVED_INPUT                     ;        ;              ;         ; Row I/O    ;                 ; no       ; Off          ;
; P6       ; 220        ; 6        ; RESERVED_INPUT                     ;        ;              ;         ; Row I/O    ;                 ; no       ; Off          ;
; P7       ; 218        ; 6        ; RESERVED_INPUT                     ;        ;              ;         ; Row I/O    ;                 ; no       ; Off          ;
; P8       ; 216        ; 6        ; RESERVED_INPUT                     ;        ;              ;         ; Row I/O    ;                 ; no       ; Off          ;
; P9       ;            ;          ; VCCINT                             ; power  ;              ; 1.2V    ; --         ;                 ; --       ; --           ;
; P10      ;            ; 7        ; VCCPD7                             ; power  ;              ; 3.3V    ; --         ;                 ; --       ; --           ;
; P11      ;            ;          ; GND                                ; gnd    ;              ;         ; --         ;                 ; --       ; --           ;
; P12      ;            ;          ; VCCINT                             ; power  ;              ; 1.2V    ; --         ;                 ; --       ; --           ;
; P13      ;            ;          ; GND                                ; gnd    ;              ;         ; --         ;                 ; --       ; --           ;
; P14      ;            ;          ; VCCINT                             ; power  ;              ; 1.2V    ; --         ;                 ; --       ; --           ;
; P15      ;            ; 1        ; VCCPD1                             ; power  ;              ; 3.3V    ; --         ;                 ; --       ; --           ;
; P16      ; 59         ; 1        ; RESERVED_INPUT                     ;        ;              ;         ; Row I/O    ;                 ; no       ; Off          ;
; P17      ; 57         ; 1        ; RESERVED_INPUT                     ;        ;              ;         ; Row I/O    ;                 ; no       ; Off          ;
; P18      ; 55         ; 1        ; RESERVED_INPUT                     ;        ;              ;         ; Row I/O    ;                 ; no       ; Off          ;
; P19      ; 53         ; 1        ; RESERVED_INPUT                     ;        ;              ;         ; Row I/O    ;                 ; no       ; Off          ;
; P20      ; 50         ; 1        ; RESERVED_INPUT                     ;        ;              ;         ; Row I/O    ;                 ; no       ; Off          ;
; P21      ; 48         ; 1        ; RESERVED_INPUT                     ;        ;              ;         ; Row I/O    ;                 ; no       ; Off          ;
; P22      ;            ;          ; GND                                ; gnd    ;              ;         ; --         ;                 ; --       ; --           ;
; R1       ; 223        ; 6        ; RESERVED_INPUT                     ;        ;              ;         ; Row I/O    ;                 ; no       ; Off          ;
; R2       ; 221        ; 6        ; RESERVED_INPUT                     ;        ;              ;         ; Row I/O    ;                 ; no       ; Off          ;
; R3       ; 215        ; 6        ; RESERVED_INPUT                     ;        ;              ;         ; Row I/O    ;                 ; no       ; Off          ;
; R4       ; 213        ; 6        ; RESERVED_INPUT                     ;        ;              ;         ; Row I/O    ;                 ; no       ; Off          ;
; R5       ; 214        ; 6        ; RESERVED_INPUT                     ;        ;              ;         ; Row I/O    ;                 ; no       ; Off          ;
; R6       ; 212        ; 6        ; RESERVED_INPUT                     ;        ;              ;         ; Row I/O    ;                 ; no       ; Off          ;
; R7       ; 202        ; 6        ; RESERVED_INPUT                     ;        ;              ;         ; Row I/O    ;                 ; no       ; Off          ;
; R8       ; 200        ; 6        ; RESERVED_INPUT                     ;        ;              ;         ; Row I/O    ;                 ; no       ; Off          ;
; R9       ; 168        ; 7        ; data_popped_to_register_file_o[5]  ; output ; 3.3-V LVTTL  ;         ; Column I/O ; N               ; no       ; Off          ;
; R10      ;            ;          ; GND                                ; gnd    ;              ;         ; --         ;                 ; --       ; --           ;
; R11      ;            ; 10       ; VCC_PLL6_OUT                       ; power  ;              ; 3.3V    ; --         ;                 ; --       ; --           ;
; R12      ;            ;          ; VCCA_PLL6                          ; power  ;              ; 1.2V    ; --         ;                 ; --       ; --           ;
; R13      ;            ; 8        ; VCCPD8                             ; power  ;              ; 3.3V    ; --         ;                 ; --       ; --           ;
; R14      ; 106        ; 8        ; RESERVED_INPUT                     ;        ;              ;         ; Column I/O ;                 ; no       ; Off          ;
; R15      ; 89         ; 8        ; RESERVED_INPUT                     ;        ;              ;         ; Column I/O ;                 ; no       ; Off          ;
; R16      ; 83         ; 1        ; RESERVED_INPUT                     ;        ;              ;         ; Row I/O    ;                 ; no       ; Off          ;
; R17      ; 81         ; 1        ; RESERVED_INPUT                     ;        ;              ;         ; Row I/O    ;                 ; no       ; Off          ;
; R18      ; 63         ; 1        ; RESERVED_INPUT                     ;        ;              ;         ; Row I/O    ;                 ; no       ; Off          ;
; R19      ; 61         ; 1        ; RESERVED_INPUT                     ;        ;              ;         ; Row I/O    ;                 ; no       ; Off          ;
; R20      ;            ; 1        ; VREFB1                             ; power  ;              ;         ; --         ;                 ; --       ; --           ;
; R21      ; 54         ; 1        ; RESERVED_INPUT                     ;        ;              ;         ; Row I/O    ;                 ; no       ; Off          ;
; R22      ; 52         ; 1        ; RESERVED_INPUT                     ;        ;              ;         ; Row I/O    ;                 ; no       ; Off          ;
; T1       ; 219        ; 6        ; RESERVED_INPUT                     ;        ;              ;         ; Row I/O    ;                 ; no       ; Off          ;
; T2       ; 217        ; 6        ; RESERVED_INPUT                     ;        ;              ;         ; Row I/O    ;                 ; no       ; Off          ;
; T3       ; 207        ; 6        ; RESERVED_INPUT                     ;        ;              ;         ; Row I/O    ;                 ; no       ; Off          ;
; T4       ; 205        ; 6        ; RESERVED_INPUT                     ;        ;              ;         ; Row I/O    ;                 ; no       ; Off          ;
; T5       ; 210        ; 6        ; RESERVED_INPUT                     ;        ;              ;         ; Row I/O    ;                 ; no       ; Off          ;
; T6       ; 208        ; 6        ; RESERVED_INPUT                     ;        ;              ;         ; Row I/O    ;                 ; no       ; Off          ;
; T7       ; 186        ; 7        ; RESERVED_INPUT                     ;        ;              ;         ; Column I/O ;                 ; no       ; Off          ;
; T8       ; 172        ; 7        ; data_popped_to_register_file_o[2]  ; output ; 3.3-V LVTTL  ;         ; Column I/O ; N               ; no       ; Off          ;
; T9       ; 170        ; 7        ; stack_pointer_current_value_o[1]   ; output ; 3.3-V LVTTL  ;         ; Column I/O ; N               ; no       ; Off          ;
; T10      ; 156        ; 7        ; RESERVED_INPUT                     ;        ;              ;         ; Column I/O ;                 ; no       ; Off          ;
; T11      ;            ;          ; GNDA_PLL6                          ; gnd    ;              ;         ; --         ;                 ; --       ; --           ;
; T12      ;            ;          ; GNDA_PLL6                          ; gnd    ;              ;         ; --         ;                 ; --       ; --           ;
; T13      ; 120        ; 8        ; RESERVED_INPUT                     ;        ;              ;         ; Column I/O ;                 ; no       ; Off          ;
; T14      ; 108        ; 8        ; RESERVED_INPUT                     ;        ;              ;         ; Column I/O ;                 ; no       ; Off          ;
; T15      ; 98         ; 8        ; RESERVED_INPUT                     ;        ;              ;         ; Column I/O ;                 ; no       ; Off          ;
; T16      ; 92         ; 8        ; RESERVED_INPUT                     ;        ;              ;         ; Column I/O ;                 ; no       ; Off          ;
; T17      ; 67         ; 1        ; RESERVED_INPUT                     ;        ;              ;         ; Row I/O    ;                 ; no       ; Off          ;
; T18      ; 65         ; 1        ; RESERVED_INPUT                     ;        ;              ;         ; Row I/O    ;                 ; no       ; Off          ;
; T19      ; 66         ; 1        ; RESERVED_INPUT                     ;        ;              ;         ; Row I/O    ;                 ; no       ; Off          ;
; T20      ; 64         ; 1        ; RESERVED_INPUT                     ;        ;              ;         ; Row I/O    ;                 ; no       ; Off          ;
; T21      ; 58         ; 1        ; RESERVED_INPUT                     ;        ;              ;         ; Row I/O    ;                 ; no       ; Off          ;
; T22      ; 56         ; 1        ; RESERVED_INPUT                     ;        ;              ;         ; Row I/O    ;                 ; no       ; Off          ;
; U1       ; 211        ; 6        ; RESERVED_INPUT                     ;        ;              ;         ; Row I/O    ;                 ; no       ; Off          ;
; U2       ; 209        ; 6        ; RESERVED_INPUT                     ;        ;              ;         ; Row I/O    ;                 ; no       ; Off          ;
; U3       ;            ; 6        ; VREFB6                             ; power  ;              ;         ; --         ;                 ; --       ; --           ;
; U4       ; 206        ; 6        ; RESERVED_INPUT                     ;        ;              ;         ; Row I/O    ;                 ; no       ; Off          ;
; U5       ; 204        ; 6        ; RESERVED_INPUT                     ;        ;              ;         ; Row I/O    ;                 ; no       ; Off          ;
; U6       ; 179        ; 7        ; RESERVED_INPUT                     ;        ;              ;         ; Column I/O ;                 ; no       ; Off          ;
; U7       ; 180        ; 7        ; RESERVED_INPUT                     ;        ;              ;         ; Column I/O ;                 ; no       ; Off          ;
; U8       ; 173        ; 7        ; stack_pointer_current_value_o[2]   ; output ; 3.3-V LVTTL  ;         ; Column I/O ; N               ; no       ; Off          ;
; U9       ; 171        ; 7        ; alu_result_for_push_i[9]           ; input  ; 3.3-V LVTTL  ;         ; Column I/O ; N               ; no       ; Off          ;
; U10      ; 158        ; 7        ; status_stack_empty_o               ; output ; 3.3-V LVTTL  ;         ; Column I/O ; N               ; no       ; Off          ;
; U11      ;            ;          ; VCCD_PLL6                          ; power  ;              ; 1.2V    ; --         ;                 ; --       ; --           ;
; U12      ; 130        ; 8        ; RESERVED_INPUT                     ;        ;              ;         ; Column I/O ;                 ; no       ; Off          ;
; U13      ; 112        ; 8        ; RESERVED_INPUT                     ;        ;              ;         ; Column I/O ;                 ; no       ; Off          ;
; U14      ; 103        ; 8        ; RESERVED_INPUT                     ;        ;              ;         ; Column I/O ;                 ; no       ; Off          ;
; U15      ; 99         ; 8        ; RESERVED_INPUT                     ;        ;              ;         ; Column I/O ;                 ; no       ; Off          ;
; U16      ; 94         ; 8        ; RESERVED_INPUT                     ;        ;              ;         ; Column I/O ;                 ; no       ; Off          ;
; U17      ; 71         ; 1        ; RESERVED_INPUT                     ;        ;              ;         ; Row I/O    ;                 ; no       ; Off          ;
; U18      ; 69         ; 1        ; RESERVED_INPUT                     ;        ;              ;         ; Row I/O    ;                 ; no       ; Off          ;
; U19      ; 70         ; 1        ; RESERVED_INPUT                     ;        ;              ;         ; Row I/O    ;                 ; no       ; Off          ;
; U20      ; 68         ; 1        ; RESERVED_INPUT                     ;        ;              ;         ; Row I/O    ;                 ; no       ; Off          ;
; U21      ; 62         ; 1        ; RESERVED_INPUT                     ;        ;              ;         ; Row I/O    ;                 ; no       ; Off          ;
; U22      ; 60         ; 1        ; RESERVED_INPUT                     ;        ;              ;         ; Row I/O    ;                 ; no       ; Off          ;
; V1       ; 203        ; 6        ; RESERVED_INPUT                     ;        ;              ;         ; Row I/O    ;                 ; no       ; Off          ;
; V2       ; 201        ; 6        ; RESERVED_INPUT                     ;        ;              ;         ; Row I/O    ;                 ; no       ; Off          ;
; V3       ; 198        ; 6        ; RESERVED_INPUT                     ;        ;              ;         ; Row I/O    ;                 ; no       ; Off          ;
; V4       ; 196        ; 6        ; RESERVED_INPUT                     ;        ;              ;         ; Row I/O    ;                 ; no       ; Off          ;
; V5       ; 188        ; 7        ; ^PORSEL                            ;        ;              ;         ; --         ;                 ; --       ; --           ;
; V6       ; 185        ; 7        ; RESERVED_INPUT                     ;        ;              ;         ; Column I/O ;                 ; no       ; Off          ;
; V7       ; 175        ; 7        ; data_popped_to_register_file_o[8]  ; output ; 3.3-V LVTTL  ;         ; Column I/O ; N               ; no       ; Off          ;
; V8       ; 166        ; 7        ; error_push_to_full_stack_o         ; output ; 3.3-V LVTTL  ;         ; Column I/O ; N               ; no       ; Off          ;
; V9       ; 149        ; 10       ; RESERVED_INPUT                     ;        ;              ;         ; Column I/O ;                 ; no       ; Off          ;
; V10      ; 165        ; 7        ; data_popped_to_register_file_o[3]  ; output ; 3.3-V LVTTL  ;         ; Column I/O ; N               ; no       ; Off          ;
; V11      ; 132        ; 8        ; RESERVED_INPUT                     ;        ;              ;         ; Column I/O ;                 ; no       ; Off          ;
; V12      ; 134        ; 8        ; RESERVED_INPUT                     ;        ;              ;         ; Column I/O ;                 ; no       ; Off          ;
; V13      ; 114        ; 8        ; RESERVED_INPUT                     ;        ;              ;         ; Column I/O ;                 ; no       ; Off          ;
; V14      ; 105        ; 8        ; RESERVED_INPUT                     ;        ;              ;         ; Column I/O ;                 ; no       ; Off          ;
; V15      ; 97         ; 8        ; RESERVED_INPUT                     ;        ;              ;         ; Column I/O ;                 ; no       ; Off          ;
; V16      ; 93         ; 8        ; RESERVED_INPUT                     ;        ;              ;         ; Column I/O ;                 ; no       ; Off          ;
; V17      ; 90         ; 8        ; ^VCCSEL                            ;        ;              ;         ; --         ;                 ; --       ; --           ;
; V18      ; 75         ; 1        ; RESERVED_INPUT                     ;        ;              ;         ; Row I/O    ;                 ; no       ; Off          ;
; V19      ; 73         ; 1        ; RESERVED_INPUT                     ;        ;              ;         ; Row I/O    ;                 ; no       ; Off          ;
; V20      ;            ; 1        ; VREFB1                             ; power  ;              ;         ; --         ;                 ; --       ; --           ;
; V21      ; 74         ; 1        ; RESERVED_INPUT                     ;        ;              ;         ; Row I/O    ;                 ; no       ; Off          ;
; V22      ; 72         ; 1        ; RESERVED_INPUT                     ;        ;              ;         ; Row I/O    ;                 ; no       ; Off          ;
; W1       ; 199        ; 6        ; RESERVED_INPUT                     ;        ;              ;         ; Row I/O    ;                 ; no       ; Off          ;
; W2       ; 197        ; 6        ; RESERVED_INPUT                     ;        ;              ;         ; Row I/O    ;                 ; no       ; Off          ;
; W3       ; 194        ; 6        ; RESERVED_INPUT                     ;        ;              ;         ; Row I/O    ;                 ; no       ; Off          ;
; W4       ; 192        ; 6        ; RESERVED_INPUT                     ;        ;              ;         ; Row I/O    ;                 ; no       ; Off          ;
; W5       ; 182        ; 7        ; RESERVED_INPUT                     ;        ;              ;         ; Column I/O ;                 ; no       ; Off          ;
; W6       ;            ; 7        ; VREFB7                             ; power  ;              ;         ; --         ;                 ; --       ; --           ;
; W7       ; 177        ; 7        ; RESERVED_INPUT                     ;        ;              ;         ; Column I/O ;                 ; no       ; Off          ;
; W8       ;            ; 7        ; VREFB7                             ; power  ;              ;         ; --         ;                 ; --       ; --           ;
; W9       ; 148        ; 10       ; RESERVED_INPUT                     ;        ;              ;         ; Column I/O ;                 ; no       ; Off          ;
; W10      ; 142        ; 7        ; RESERVED_INPUT                     ;        ;              ;         ; Column I/O ;                 ; no       ; Off          ;
; W11      ; 133        ; 8        ; RESERVED_INPUT                     ;        ;              ;         ; Column I/O ;                 ; no       ; Off          ;
; W12      ; 135        ; 8        ; RESERVED_INPUT                     ;        ;              ;         ; Column I/O ;                 ; no       ; Off          ;
; W13      ; 128        ; 8        ; RESERVED_INPUT                     ;        ;              ;         ; Column I/O ;                 ; no       ; Off          ;
; W14      ; 109        ; 8        ; RESERVED_INPUT                     ;        ;              ;         ; Column I/O ;                 ; no       ; Off          ;
; W15      ; 102        ; 8        ; RESERVED_INPUT                     ;        ;              ;         ; Column I/O ;                 ; no       ; Off          ;
; W16      ; 101        ; 8        ; RESERVED_INPUT                     ;        ;              ;         ; Column I/O ;                 ; no       ; Off          ;
; W17      ; 95         ; 8        ; RESERVED_INPUT                     ;        ;              ;         ; Column I/O ;                 ; no       ; Off          ;
; W18      ; 88         ; 8        ; ^nCONFIG                           ;        ;              ;         ; --         ;                 ; --       ; --           ;
; W19      ; 79         ; 1        ; RESERVED_INPUT                     ;        ;              ;         ; Row I/O    ;                 ; no       ; Off          ;
; W20      ; 77         ; 1        ; RESERVED_INPUT                     ;        ;              ;         ; Row I/O    ;                 ; no       ; Off          ;
; W21      ; 78         ; 1        ; RESERVED_INPUT                     ;        ;              ;         ; Row I/O    ;                 ; no       ; Off          ;
; W22      ; 76         ; 1        ; RESERVED_INPUT                     ;        ;              ;         ; Row I/O    ;                 ; no       ; Off          ;
; Y1       ; 195        ; 6        ; RESERVED_INPUT                     ;        ;              ;         ; Row I/O    ;                 ; no       ; Off          ;
; Y2       ; 193        ; 6        ; RESERVED_INPUT                     ;        ;              ;         ; Row I/O    ;                 ; no       ; Off          ;
; Y3       ; 184        ; 7        ; RESERVED_INPUT                     ;        ;              ;         ; Column I/O ;                 ; no       ; Off          ;
; Y4       ; 189        ; 7        ; PLL_ENA                            ;        ;              ;         ; --         ;                 ; --       ; --           ;
; Y5       ; 162        ; 7        ; error_pop_from_empty_stack_o       ; output ; 3.3-V LVTTL  ;         ; Column I/O ; N               ; no       ; Off          ;
; Y6       ; 160        ; 7        ; alu_result_for_push_i[4]           ; input  ; 3.3-V LVTTL  ;         ; Column I/O ; N               ; no       ; Off          ;
; Y7       ; 154        ; 7        ; ctrl_pop_enable_o                  ; output ; 3.3-V LVTTL  ;         ; Column I/O ; N               ; no       ; Off          ;
; Y8       ; 152        ; 7        ; data_from_register_file_i[1]       ; input  ; 3.3-V LVTTL  ;         ; Column I/O ; N               ; no       ; Off          ;
; Y9       ; 146        ; 10       ; RESERVED_INPUT                     ;        ;              ;         ; Column I/O ;                 ; no       ; Off          ;
; Y10      ; 140        ; 7        ; RESERVED_INPUT                     ;        ;              ;         ; Column I/O ;                 ; no       ; Off          ;
; Y11      ; 143        ; 7        ; RESERVED_INPUT                     ;        ;              ;         ; Column I/O ;                 ; no       ; Off          ;
; Y12      ; 136        ; 8        ; RESERVED_INPUT                     ;        ;              ;         ; Column I/O ;                 ; no       ; Off          ;
; Y13      ; 131        ; 8        ; RESERVED_INPUT                     ;        ;              ;         ; Column I/O ;                 ; no       ; Off          ;
; Y14      ; 110        ; 8        ; RESERVED_INPUT                     ;        ;              ;         ; Column I/O ;                 ; no       ; Off          ;
; Y15      ; 126        ; 8        ; RESERVED_INPUT                     ;        ;              ;         ; Column I/O ;                 ; no       ; Off          ;
; Y16      ; 121        ; 8        ; RESERVED_INPUT                     ;        ;              ;         ; Column I/O ;                 ; no       ; Off          ;
; Y17      ; 116        ; 8        ; RESERVED_INPUT                     ;        ;              ;         ; Column I/O ;                 ; no       ; Off          ;
; Y18      ; 113        ; 8        ; RESERVED_INPUT                     ;        ;              ;         ; Column I/O ;                 ; no       ; Off          ;
; Y19      ;            ; 8        ; VREFB8                             ; power  ;              ;         ; --         ;                 ; --       ; --           ;
; Y20      ; 91         ; 8        ; RESERVED_INPUT                     ;        ;              ;         ; Column I/O ;                 ; no       ; Off          ;
; Y21      ; 82         ; 1        ; RESERVED_INPUT                     ;        ;              ;         ; Row I/O    ;                 ; no       ; Off          ;
; Y22      ; 80         ; 1        ; RESERVED_INPUT                     ;        ;              ;         ; Row I/O    ;                 ; no       ; Off          ;
+----------+------------+----------+------------------------------------+--------+--------------+---------+------------+-----------------+----------+--------------+
Note: Pin directions (input, output or bidir) are based on device operating in user mode.


+-------------------------------------------------------------------------------+
; Output Pin Default Load For Reported TCO                                      ;
+----------------------------------+-------+------------------------------------+
; I/O Standard                     ; Load  ; Termination Resistance             ;
+----------------------------------+-------+------------------------------------+
; 3.3-V PCI                        ; 10 pF ; 25 Ohm (Parallel)                  ;
; 3.3-V PCI-X                      ; 10 pF ; 25 Ohm (Parallel)                  ;
; Differential 2.5-V SSTL Class II ; 0 pF  ; (See SSTL-2 Class II)              ;
; Differential 1.8-V SSTL Class II ; 0 pF  ; (See 1.8-V SSTL Class II)          ;
; LVDS                             ; 0 pF  ; 100 Ohm (Differential)             ;
; HyperTransport                   ; 0 pF  ; 100 Ohm (Differential)             ;
; Differential LVPECL              ; 0 pF  ; 100 Ohm (Differential)             ;
; 3.3-V LVTTL                      ; 0 pF  ; Not Available                      ;
; 3.3-V LVCMOS                     ; 0 pF  ; Not Available                      ;
; 2.5 V                            ; 0 pF  ; Not Available                      ;
; 1.8 V                            ; 0 pF  ; Not Available                      ;
; 1.5 V                            ; 0 pF  ; Not Available                      ;
; SSTL-2 Class I                   ; 0 pF  ; 50 Ohm (Parallel), 25 Ohm (Serial) ;
; SSTL-2 Class II                  ; 0 pF  ; 25 Ohm (Parallel), 25 Ohm (Serial) ;
; SSTL-18 Class I                  ; 0 pF  ; 50 Ohm (Parallel), 25 Ohm (Serial) ;
; SSTL-18 Class II                 ; 0 pF  ; 25 Ohm (Parallel), 25 Ohm (Serial) ;
; 1.5-V HSTL Class I               ; 0 pF  ; 50 Ohm (Parallel)                  ;
; 1.5-V HSTL Class II              ; 0 pF  ; 25 Ohm (Parallel)                  ;
; 1.8-V HSTL Class I               ; 0 pF  ; 50 Ohm (Parallel)                  ;
; 1.8-V HSTL Class II              ; 0 pF  ; 25 Ohm (Parallel)                  ;
; 1.2-V HSTL                       ; 0 pF  ; Not Available                      ;
; Differential SSTL-2              ; 0 pF  ; (See SSTL-2)                       ;
; Differential 1.8-V SSTL Class I  ; 0 pF  ; (See 1.8-V SSTL Class I)           ;
; Differential 1.5-V HSTL Class I  ; 0 pF  ; (See 1.5-V HSTL Class I)           ;
; Differential 1.5-V HSTL Class II ; 0 pF  ; (See 1.5-V HSTL Class II)          ;
; Differential 1.8-V HSTL Class I  ; 0 pF  ; (See 1.8-V HSTL Class I)           ;
; Differential 1.8-V HSTL Class II ; 0 pF  ; (See 1.8-V HSTL Class II)          ;
; Differential 1.2-V HSTL          ; 0 pF  ; Not Available                      ;
+----------------------------------+-------+------------------------------------+
Note: User assignments will override these defaults. The user specified values are listed in the Output Pins and Bidir Pins tables.


+----------------------------------------------------------------------------------------------------------------------------------------------------------------------------------------------------------------------------------------------------------------------------------------------------------------------------------------------------------------------------------------------------------------------+
; Fitter Resource Utilization by Entity                                                                                                                                                                                                                                                                                                                                                                                ;
+------------------------------------+---------------------+---------+---------------------------+---------------+-------------------+-------+------+--------+--------------+---------+-----------+-----------+------+--------------+--------------------------------+--------------------+-------------------------------+-----------------------------------------------------------------------------+--------------+
; Compilation Hierarchy Node         ; Combinational ALUTs ; ALMs    ; Dedicated Logic Registers ; I/O Registers ; Block Memory Bits ; M512s ; M4Ks ; M-RAMs ; DSP Elements ; DSP 9x9 ; DSP 18x18 ; DSP 36x36 ; Pins ; Virtual Pins ; Combinational with no register ; Register-Only      ; Combinational with a register ; Full Hierarchy Name                                                         ; Library Name ;
;                                    ;                     ;         ;                           ;               ;                   ;       ;      ;        ;              ;         ;           ;           ;      ;              ; ALUT/register pair             ; ALUT/register pair ; ALUT/register pair            ;                                                                             ;              ;
+------------------------------------+---------------------+---------+---------------------------+---------------+-------------------+-------+------+--------+--------------+---------+-----------+-----------+------+--------------+--------------------------------+--------------------+-------------------------------+-----------------------------------------------------------------------------+--------------+
; |lab6_stack_rtl_view_top           ; 70 (0)              ; 83 (0)  ; 136 (0)                   ; 0 (0)         ; 0                 ; 0     ; 0    ; 0      ; 0            ; 0       ; 0         ; 0         ; 61   ; 0            ; 14 (0)                         ; 80 (0)             ; 56 (0)                        ; |lab6_stack_rtl_view_top                                                    ; work         ;
;    |lab6_stack_top:U_STACK_SYSTEM| ; 70 (16)             ; 83 (0)  ; 136 (0)                   ; 0 (0)         ; 0                 ; 0     ; 0    ; 0      ; 0            ; 0       ; 0         ; 0         ; 0    ; 0            ; 14 (0)                         ; 80 (0)             ; 56 (16)                       ; |lab6_stack_rtl_view_top|lab6_stack_top:U_STACK_SYSTEM                      ;              ;
;       |stack7x16:U_STACK|          ; 53 (53)             ; 83 (83) ; 136 (136)                 ; 0 (0)         ; 0                 ; 0     ; 0    ; 0      ; 0            ; 0       ; 0         ; 0         ; 0    ; 0            ; 13 (13)                        ; 80 (80)            ; 56 (56)                       ; |lab6_stack_rtl_view_top|lab6_stack_top:U_STACK_SYSTEM|stack7x16:U_STACK    ; work         ;
;       |stack_control:U_CTRL|       ; 1 (1)               ; 1 (1)   ; 0 (0)                     ; 0 (0)         ; 0                 ; 0     ; 0    ; 0      ; 0            ; 0       ; 0         ; 0         ; 0    ; 0            ; 1 (1)                          ; 0 (0)              ; 0 (0)                         ; |lab6_stack_rtl_view_top|lab6_stack_top:U_STACK_SYSTEM|stack_control:U_CTRL ; work         ;
+------------------------------------+---------------------+---------+---------------------------+---------------+-------------------+-------+------+--------+--------------+---------+-----------+-----------+------+--------------+--------------------------------+--------------------+-------------------------------+-----------------------------------------------------------------------------+--------------+
Note: For table entries with two numbers listed, the numbers in parentheses indicate the number of resources of the given type used by the specific entity alone. The numbers listed outside of parentheses indicate the total resources of the given type used by the specific entity and all of its sub-entities in the hierarchy.


+-----------------------------------------------------------------------------------------------------------------------------------------------------------+
; Delay Chain Summary                                                                                                                                       ;
+------------------------------------+----------+---------------+---------------+-----------------------+-----+-----------+---------+----------+------------+
; Name                               ; Pin Type ; Pad to Core 0 ; Pad to Core 1 ; Pad to Input Register ; TCO ; TCOE      ; DQS bus ; NDQS bus ; DQS output ;
+------------------------------------+----------+---------------+---------------+-----------------------+-----+-----------+---------+----------+------------+
; data_popped_to_register_file_o[0]  ; Output   ; --            ; --            ; --                    ; --  ; (0) 52 ps ; --      ; --       ; --         ;
; data_popped_to_register_file_o[1]  ; Output   ; --            ; --            ; --                    ; --  ; (0) 52 ps ; --      ; --       ; --         ;
; data_popped_to_register_file_o[2]  ; Output   ; --            ; --            ; --                    ; --  ; (0) 52 ps ; --      ; --       ; --         ;
; data_popped_to_register_file_o[3]  ; Output   ; --            ; --            ; --                    ; --  ; (0) 52 ps ; --      ; --       ; --         ;
; data_popped_to_register_file_o[4]  ; Output   ; --            ; --            ; --                    ; --  ; (0) 52 ps ; --      ; --       ; --         ;
; data_popped_to_register_file_o[5]  ; Output   ; --            ; --            ; --                    ; --  ; (0) 52 ps ; --      ; --       ; --         ;
; data_popped_to_register_file_o[6]  ; Output   ; --            ; --            ; --                    ; --  ; (0) 52 ps ; --      ; --       ; --         ;
; data_popped_to_register_file_o[7]  ; Output   ; --            ; --            ; --                    ; --  ; (0) 52 ps ; --      ; --       ; --         ;
; data_popped_to_register_file_o[8]  ; Output   ; --            ; --            ; --                    ; --  ; (0) 52 ps ; --      ; --       ; --         ;
; data_popped_to_register_file_o[9]  ; Output   ; --            ; --            ; --                    ; --  ; (0) 52 ps ; --      ; --       ; --         ;
; data_popped_to_register_file_o[10] ; Output   ; --            ; --            ; --                    ; --  ; (0) 52 ps ; --      ; --       ; --         ;
; data_popped_to_register_file_o[11] ; Output   ; --            ; --            ; --                    ; --  ; (0) 52 ps ; --      ; --       ; --         ;
; data_popped_to_register_file_o[12] ; Output   ; --            ; --            ; --                    ; --  ; (0) 52 ps ; --      ; --       ; --         ;
; data_popped_to_register_file_o[13] ; Output   ; --            ; --            ; --                    ; --  ; (0) 52 ps ; --      ; --       ; --         ;
; data_popped_to_register_file_o[14] ; Output   ; --            ; --            ; --                    ; --  ; (0) 52 ps ; --      ; --       ; --         ;
; data_popped_to_register_file_o[15] ; Output   ; --            ; --            ; --                    ; --  ; (0) 52 ps ; --      ; --       ; --         ;
; stack_pointer_current_value_o[0]   ; Output   ; --            ; --            ; --                    ; --  ; (0) 52 ps ; --      ; --       ; --         ;
; stack_pointer_current_value_o[1]   ; Output   ; --            ; --            ; --                    ; --  ; (0) 52 ps ; --      ; --       ; --         ;
; stack_pointer_current_value_o[2]   ; Output   ; --            ; --            ; --                    ; --  ; (0) 52 ps ; --      ; --       ; --         ;
; status_stack_empty_o               ; Output   ; --            ; --            ; --                    ; --  ; (0) 52 ps ; --      ; --       ; --         ;
; status_stack_full_o                ; Output   ; --            ; --            ; --                    ; --  ; (0) 52 ps ; --      ; --       ; --         ;
; error_push_to_full_stack_o         ; Output   ; --            ; --            ; --                    ; --  ; (0) 52 ps ; --      ; --       ; --         ;
; error_pop_from_empty_stack_o       ; Output   ; --            ; --            ; --                    ; --  ; (0) 52 ps ; --      ; --       ; --         ;
; ctrl_push_enable_o                 ; Output   ; --            ; --            ; --                    ; --  ; (0) 52 ps ; --      ; --       ; --         ;
; ctrl_pop_enable_o                  ; Output   ; --            ; --            ; --                    ; --  ; (0) 52 ps ; --      ; --       ; --         ;
; stack_command_idle_push_pop_i[0]   ; Input    ; (7) 3082 ps   ; (7) 3082 ps   ; --                    ; --  ; --        ; --      ; --       ; --         ;
; stack_command_idle_push_pop_i[1]   ; Input    ; (7) 3082 ps   ; (7) 3082 ps   ; --                    ; --  ; --        ; --      ; --       ; --         ;
; clock_i                            ; Input    ; (0) 206 ps    ; (0) 206 ps    ; --                    ; --  ; --        ; --      ; --       ; --         ;
; reset_i                            ; Input    ; (7) 2996 ps   ; (7) 2996 ps   ; --                    ; --  ; --        ; --      ; --       ; --         ;
; alu_result_for_push_i[0]           ; Input    ; (7) 3082 ps   ; (7) 3082 ps   ; --                    ; --  ; --        ; --      ; --       ; --         ;
; data_from_register_file_i[0]       ; Input    ; (7) 2996 ps   ; (7) 2996 ps   ; --                    ; --  ; --        ; --      ; --       ; --         ;
; alu_result_for_push_i[1]           ; Input    ; (7) 2996 ps   ; (7) 2996 ps   ; --                    ; --  ; --        ; --      ; --       ; --         ;
; data_from_register_file_i[1]       ; Input    ; (7) 2996 ps   ; (7) 2996 ps   ; --                    ; --  ; --        ; --      ; --       ; --         ;
; alu_result_for_push_i[2]           ; Input    ; (7) 3082 ps   ; (7) 3082 ps   ; --                    ; --  ; --        ; --      ; --       ; --         ;
; data_from_register_file_i[2]       ; Input    ; (7) 2996 ps   ; (7) 2996 ps   ; --                    ; --  ; --        ; --      ; --       ; --         ;
; alu_result_for_push_i[3]           ; Input    ; (7) 2996 ps   ; (7) 2996 ps   ; --                    ; --  ; --        ; --      ; --       ; --         ;
; data_from_register_file_i[3]       ; Input    ; (7) 2996 ps   ; (7) 2996 ps   ; --                    ; --  ; --        ; --      ; --       ; --         ;
; alu_result_for_push_i[4]           ; Input    ; (7) 2996 ps   ; (7) 2996 ps   ; --                    ; --  ; --        ; --      ; --       ; --         ;
; data_from_register_file_i[4]       ; Input    ; (7) 2996 ps   ; (7) 2996 ps   ; --                    ; --  ; --        ; --      ; --       ; --         ;
; alu_result_for_push_i[5]           ; Input    ; (7) 2996 ps   ; (7) 2996 ps   ; --                    ; --  ; --        ; --      ; --       ; --         ;
; data_from_register_file_i[5]       ; Input    ; (7) 2996 ps   ; (7) 2996 ps   ; --                    ; --  ; --        ; --      ; --       ; --         ;
; alu_result_for_push_i[6]           ; Input    ; (7) 3082 ps   ; (7) 3082 ps   ; --                    ; --  ; --        ; --      ; --       ; --         ;
; data_from_register_file_i[6]       ; Input    ; (7) 2996 ps   ; (7) 2996 ps   ; --                    ; --  ; --        ; --      ; --       ; --         ;
; alu_result_for_push_i[7]           ; Input    ; (7) 2996 ps   ; (7) 2996 ps   ; --                    ; --  ; --        ; --      ; --       ; --         ;
; data_from_register_file_i[7]       ; Input    ; (7) 2996 ps   ; (7) 2996 ps   ; --                    ; --  ; --        ; --      ; --       ; --         ;
; alu_result_for_push_i[8]           ; Input    ; (7) 2996 ps   ; (7) 2996 ps   ; --                    ; --  ; --        ; --      ; --       ; --         ;
; data_from_register_file_i[8]       ; Input    ; (7) 2996 ps   ; (7) 2996 ps   ; --                    ; --  ; --        ; --      ; --       ; --         ;
; alu_result_for_push_i[9]           ; Input    ; (7) 2996 ps   ; (7) 2996 ps   ; --                    ; --  ; --        ; --      ; --       ; --         ;
; data_from_register_file_i[9]       ; Input    ; (7) 2996 ps   ; (7) 2996 ps   ; --                    ; --  ; --        ; --      ; --       ; --         ;
; alu_result_for_push_i[10]          ; Input    ; (7) 2996 ps   ; (7) 2996 ps   ; --                    ; --  ; --        ; --      ; --       ; --         ;
; data_from_register_file_i[10]      ; Input    ; (7) 3082 ps   ; (7) 3082 ps   ; --                    ; --  ; --        ; --      ; --       ; --         ;
; alu_result_for_push_i[11]          ; Input    ; (7) 2996 ps   ; (7) 2996 ps   ; --                    ; --  ; --        ; --      ; --       ; --         ;
; data_from_register_file_i[11]      ; Input    ; (7) 2996 ps   ; (7) 2996 ps   ; --                    ; --  ; --        ; --      ; --       ; --         ;
; alu_result_for_push_i[12]          ; Input    ; (7) 2996 ps   ; (7) 2996 ps   ; --                    ; --  ; --        ; --      ; --       ; --         ;
; data_from_register_file_i[12]      ; Input    ; (7) 2996 ps   ; (7) 2996 ps   ; --                    ; --  ; --        ; --      ; --       ; --         ;
; alu_result_for_push_i[13]          ; Input    ; (7) 2996 ps   ; (7) 2996 ps   ; --                    ; --  ; --        ; --      ; --       ; --         ;
; data_from_register_file_i[13]      ; Input    ; (7) 2996 ps   ; (7) 2996 ps   ; --                    ; --  ; --        ; --      ; --       ; --         ;
; alu_result_for_push_i[14]          ; Input    ; (7) 2996 ps   ; (7) 2996 ps   ; --                    ; --  ; --        ; --      ; --       ; --         ;
; data_from_register_file_i[14]      ; Input    ; (7) 2996 ps   ; (7) 2996 ps   ; --                    ; --  ; --        ; --      ; --       ; --         ;
; alu_result_for_push_i[15]          ; Input    ; (7) 3082 ps   ; (7) 3082 ps   ; --                    ; --  ; --        ; --      ; --       ; --         ;
; data_from_register_file_i[15]      ; Input    ; (7) 2996 ps   ; (7) 2996 ps   ; --                    ; --  ; --        ; --      ; --       ; --         ;
+------------------------------------+----------+---------------+---------------+-----------------------+-----+-----------+---------+----------+------------+


+-----------------------------------------------------------------------------------------------------------+
; Pad To Core Delay Chain Fanout                                                                            ;
+-----------------------------------------------------------------------------+-------------------+---------+
; Source Pin / Fanout                                                         ; Pad To Core Index ; Setting ;
+-----------------------------------------------------------------------------+-------------------+---------+
; stack_command_idle_push_pop_i[0]                                            ;                   ;         ;
;      - lab6_stack_top:U_STACK_SYSTEM|stack_control:U_CTRL|Mux0~0            ; 0                 ; 7       ;
;      - lab6_stack_top:U_STACK_SYSTEM|stack7x16:U_STACK|dout_r[3]~4          ; 0                 ; 7       ;
;      - lab6_stack_top:U_STACK_SYSTEM|stack7x16:U_STACK|sp_r[0]~0            ; 0                 ; 7       ;
;      - lab6_stack_top:U_STACK_SYSTEM|stack7x16:U_STACK|sp_r[1]~1            ; 0                 ; 7       ;
;      - lab6_stack_top:U_STACK_SYSTEM|stack7x16:U_STACK|sp_r[2]~2            ; 0                 ; 7       ;
;      - lab6_stack_top:U_STACK_SYSTEM|stack7x16:U_STACK|overflow_r~0         ; 0                 ; 7       ;
;      - lab6_stack_top:U_STACK_SYSTEM|stack7x16:U_STACK|underflow_r~0        ; 0                 ; 7       ;
;      - lab6_stack_top:U_STACK_SYSTEM|din_s[0]~0                             ; 0                 ; 7       ;
;      - lab6_stack_top:U_STACK_SYSTEM|stack7x16:U_STACK|mem_r[1][6]~0        ; 0                 ; 7       ;
;      - lab6_stack_top:U_STACK_SYSTEM|stack7x16:U_STACK|mem_r[5][1]~1        ; 0                 ; 7       ;
;      - lab6_stack_top:U_STACK_SYSTEM|stack7x16:U_STACK|mem_r[0][11]~2       ; 0                 ; 7       ;
;      - lab6_stack_top:U_STACK_SYSTEM|stack7x16:U_STACK|mem_r[4][10]~3       ; 0                 ; 7       ;
;      - lab6_stack_top:U_STACK_SYSTEM|stack7x16:U_STACK|mem_r[2][2]~4        ; 0                 ; 7       ;
;      - lab6_stack_top:U_STACK_SYSTEM|stack7x16:U_STACK|mem_r[6][10]~5       ; 0                 ; 7       ;
;      - lab6_stack_top:U_STACK_SYSTEM|stack7x16:U_STACK|mem_r[3][11]~6       ; 0                 ; 7       ;
;      - lab6_stack_top:U_STACK_SYSTEM|din_s[1]~1                             ; 0                 ; 7       ;
;      - lab6_stack_top:U_STACK_SYSTEM|din_s[2]~2                             ; 0                 ; 7       ;
;      - lab6_stack_top:U_STACK_SYSTEM|din_s[3]~3                             ; 0                 ; 7       ;
;      - lab6_stack_top:U_STACK_SYSTEM|din_s[4]~4                             ; 0                 ; 7       ;
;      - lab6_stack_top:U_STACK_SYSTEM|din_s[5]~5                             ; 0                 ; 7       ;
;      - lab6_stack_top:U_STACK_SYSTEM|din_s[6]~6                             ; 0                 ; 7       ;
;      - lab6_stack_top:U_STACK_SYSTEM|din_s[7]~7                             ; 0                 ; 7       ;
;      - lab6_stack_top:U_STACK_SYSTEM|din_s[8]~8                             ; 0                 ; 7       ;
;      - lab6_stack_top:U_STACK_SYSTEM|din_s[9]~9                             ; 0                 ; 7       ;
;      - lab6_stack_top:U_STACK_SYSTEM|din_s[10]~10                           ; 0                 ; 7       ;
;      - lab6_stack_top:U_STACK_SYSTEM|din_s[11]~11                           ; 0                 ; 7       ;
;      - lab6_stack_top:U_STACK_SYSTEM|din_s[12]~12                           ; 0                 ; 7       ;
;      - lab6_stack_top:U_STACK_SYSTEM|din_s[13]~13                           ; 0                 ; 7       ;
;      - lab6_stack_top:U_STACK_SYSTEM|din_s[14]~14                           ; 0                 ; 7       ;
;      - lab6_stack_top:U_STACK_SYSTEM|din_s[15]~15                           ; 0                 ; 7       ;
;      - ctrl_push_enable_o                                                   ; 0                 ; 7       ;
;      - lab6_stack_top:U_STACK_SYSTEM|stack7x16:U_STACK|sp_r[0]~0DUPLICATE   ; 0                 ; 7       ;
;      - lab6_stack_top:U_STACK_SYSTEM|stack7x16:U_STACK|sp_r[1]~1DUPLICATE   ; 0                 ; 7       ;
;      - lab6_stack_top:U_STACK_SYSTEM|stack7x16:U_STACK|sp_r[2]~2DUPLICATE   ; 0                 ; 7       ;
;      - lab6_stack_top:U_STACK_SYSTEM|stack7x16:U_STACK|dout_r[3]~4DUPLICATE ; 0                 ; 7       ;
; stack_command_idle_push_pop_i[1]                                            ;                   ;         ;
;      - lab6_stack_top:U_STACK_SYSTEM|stack_control:U_CTRL|Mux0~0            ; 0                 ; 7       ;
;      - lab6_stack_top:U_STACK_SYSTEM|stack7x16:U_STACK|dout_r[3]~4          ; 0                 ; 7       ;
;      - lab6_stack_top:U_STACK_SYSTEM|stack7x16:U_STACK|sp_r[0]~0            ; 0                 ; 7       ;
;      - lab6_stack_top:U_STACK_SYSTEM|stack7x16:U_STACK|sp_r[1]~1            ; 0                 ; 7       ;
;      - lab6_stack_top:U_STACK_SYSTEM|stack7x16:U_STACK|sp_r[2]~2            ; 0                 ; 7       ;
;      - lab6_stack_top:U_STACK_SYSTEM|stack7x16:U_STACK|underflow_r~0        ; 0                 ; 7       ;
;      - lab6_stack_top:U_STACK_SYSTEM|din_s[0]~0                             ; 0                 ; 7       ;
;      - lab6_stack_top:U_STACK_SYSTEM|din_s[1]~1                             ; 0                 ; 7       ;
;      - lab6_stack_top:U_STACK_SYSTEM|din_s[2]~2                             ; 0                 ; 7       ;
;      - lab6_stack_top:U_STACK_SYSTEM|din_s[3]~3                             ; 0                 ; 7       ;
;      - lab6_stack_top:U_STACK_SYSTEM|din_s[4]~4                             ; 0                 ; 7       ;
;      - lab6_stack_top:U_STACK_SYSTEM|din_s[5]~5                             ; 0                 ; 7       ;
;      - lab6_stack_top:U_STACK_SYSTEM|din_s[6]~6                             ; 0                 ; 7       ;
;      - lab6_stack_top:U_STACK_SYSTEM|din_s[7]~7                             ; 0                 ; 7       ;
;      - lab6_stack_top:U_STACK_SYSTEM|din_s[8]~8                             ; 0                 ; 7       ;
;      - lab6_stack_top:U_STACK_SYSTEM|din_s[9]~9                             ; 0                 ; 7       ;
;      - lab6_stack_top:U_STACK_SYSTEM|din_s[10]~10                           ; 0                 ; 7       ;
;      - lab6_stack_top:U_STACK_SYSTEM|din_s[11]~11                           ; 0                 ; 7       ;
;      - lab6_stack_top:U_STACK_SYSTEM|din_s[12]~12                           ; 0                 ; 7       ;
;      - lab6_stack_top:U_STACK_SYSTEM|din_s[13]~13                           ; 0                 ; 7       ;
;      - lab6_stack_top:U_STACK_SYSTEM|din_s[14]~14                           ; 0                 ; 7       ;
;      - lab6_stack_top:U_STACK_SYSTEM|din_s[15]~15                           ; 0                 ; 7       ;
;      - lab6_stack_top:U_STACK_SYSTEM|stack7x16:U_STACK|sp_r[0]~0DUPLICATE   ; 0                 ; 7       ;
;      - lab6_stack_top:U_STACK_SYSTEM|stack7x16:U_STACK|sp_r[1]~1DUPLICATE   ; 0                 ; 7       ;
;      - lab6_stack_top:U_STACK_SYSTEM|stack7x16:U_STACK|sp_r[2]~2DUPLICATE   ; 0                 ; 7       ;
;      - lab6_stack_top:U_STACK_SYSTEM|stack7x16:U_STACK|dout_r[3]~4DUPLICATE ; 0                 ; 7       ;
; clock_i                                                                     ;                   ;         ;
; reset_i                                                                     ;                   ;         ;
;      - lab6_stack_top:U_STACK_SYSTEM|stack7x16:U_STACK|mem_r[3][11]         ; 1                 ; 7       ;
;      - lab6_stack_top:U_STACK_SYSTEM|stack7x16:U_STACK|mem_r[3][8]          ; 1                 ; 7       ;
;      - lab6_stack_top:U_STACK_SYSTEM|stack7x16:U_STACK|mem_r[3][7]          ; 1                 ; 7       ;
;      - lab6_stack_top:U_STACK_SYSTEM|stack7x16:U_STACK|mem_r[3][10]         ; 1                 ; 7       ;
;      - lab6_stack_top:U_STACK_SYSTEM|stack7x16:U_STACK|mem_r[3][2]          ; 1                 ; 7       ;
;      - lab6_stack_top:U_STACK_SYSTEM|stack7x16:U_STACK|mem_r[3][3]          ; 1                 ; 7       ;
;      - lab6_stack_top:U_STACK_SYSTEM|stack7x16:U_STACK|mem_r[3][6]          ; 1                 ; 7       ;
;      - lab6_stack_top:U_STACK_SYSTEM|stack7x16:U_STACK|mem_r[3][14]         ; 1                 ; 7       ;
;      - lab6_stack_top:U_STACK_SYSTEM|stack7x16:U_STACK|mem_r[3][15]         ; 1                 ; 7       ;
;      - lab6_stack_top:U_STACK_SYSTEM|stack7x16:U_STACK|mem_r[3][9]          ; 1                 ; 7       ;
;      - lab6_stack_top:U_STACK_SYSTEM|stack7x16:U_STACK|mem_r[3][4]          ; 1                 ; 7       ;
;      - lab6_stack_top:U_STACK_SYSTEM|stack7x16:U_STACK|mem_r[3][13]         ; 1                 ; 7       ;
;      - lab6_stack_top:U_STACK_SYSTEM|stack7x16:U_STACK|mem_r[3][0]          ; 1                 ; 7       ;
;      - lab6_stack_top:U_STACK_SYSTEM|stack7x16:U_STACK|mem_r[3][12]         ; 1                 ; 7       ;
;      - lab6_stack_top:U_STACK_SYSTEM|stack7x16:U_STACK|mem_r[3][5]          ; 1                 ; 7       ;
;      - lab6_stack_top:U_STACK_SYSTEM|stack7x16:U_STACK|mem_r[3][1]          ; 1                 ; 7       ;
;      - lab6_stack_top:U_STACK_SYSTEM|stack7x16:U_STACK|mem_r[4][10]         ; 1                 ; 7       ;
;      - lab6_stack_top:U_STACK_SYSTEM|stack7x16:U_STACK|mem_r[4][2]          ; 1                 ; 7       ;
;      - lab6_stack_top:U_STACK_SYSTEM|stack7x16:U_STACK|mem_r[4][6]          ; 1                 ; 7       ;
;      - lab6_stack_top:U_STACK_SYSTEM|stack7x16:U_STACK|mem_r[4][4]          ; 1                 ; 7       ;
;      - lab6_stack_top:U_STACK_SYSTEM|stack7x16:U_STACK|mem_r[4][9]          ; 1                 ; 7       ;
;      - lab6_stack_top:U_STACK_SYSTEM|stack7x16:U_STACK|mem_r[4][15]         ; 1                 ; 7       ;
;      - lab6_stack_top:U_STACK_SYSTEM|stack7x16:U_STACK|mem_r[4][3]          ; 1                 ; 7       ;
;      - lab6_stack_top:U_STACK_SYSTEM|stack7x16:U_STACK|mem_r[4][0]          ; 1                 ; 7       ;
;      - lab6_stack_top:U_STACK_SYSTEM|stack7x16:U_STACK|mem_r[4][7]          ; 1                 ; 7       ;
;      - lab6_stack_top:U_STACK_SYSTEM|stack7x16:U_STACK|mem_r[4][12]         ; 1                 ; 7       ;
;      - lab6_stack_top:U_STACK_SYSTEM|stack7x16:U_STACK|mem_r[4][14]         ; 1                 ; 7       ;
;      - lab6_stack_top:U_STACK_SYSTEM|stack7x16:U_STACK|mem_r[4][8]          ; 1                 ; 7       ;
;      - lab6_stack_top:U_STACK_SYSTEM|stack7x16:U_STACK|mem_r[4][5]          ; 1                 ; 7       ;
;      - lab6_stack_top:U_STACK_SYSTEM|stack7x16:U_STACK|mem_r[4][13]         ; 1                 ; 7       ;
;      - lab6_stack_top:U_STACK_SYSTEM|stack7x16:U_STACK|mem_r[4][1]          ; 1                 ; 7       ;
;      - lab6_stack_top:U_STACK_SYSTEM|stack7x16:U_STACK|mem_r[4][11]         ; 1                 ; 7       ;
;      - lab6_stack_top:U_STACK_SYSTEM|stack7x16:U_STACK|mem_r[0][11]         ; 1                 ; 7       ;
;      - lab6_stack_top:U_STACK_SYSTEM|stack7x16:U_STACK|mem_r[0][12]         ; 1                 ; 7       ;
;      - lab6_stack_top:U_STACK_SYSTEM|stack7x16:U_STACK|mem_r[0][5]          ; 1                 ; 7       ;
;      - lab6_stack_top:U_STACK_SYSTEM|stack7x16:U_STACK|mem_r[0][0]          ; 1                 ; 7       ;
;      - lab6_stack_top:U_STACK_SYSTEM|stack7x16:U_STACK|mem_r[0][3]          ; 1                 ; 7       ;
;      - lab6_stack_top:U_STACK_SYSTEM|stack7x16:U_STACK|mem_r[0][14]         ; 1                 ; 7       ;
;      - lab6_stack_top:U_STACK_SYSTEM|stack7x16:U_STACK|mem_r[0][15]         ; 1                 ; 7       ;
;      - lab6_stack_top:U_STACK_SYSTEM|stack7x16:U_STACK|mem_r[0][4]          ; 1                 ; 7       ;
;      - lab6_stack_top:U_STACK_SYSTEM|stack7x16:U_STACK|mem_r[0][1]          ; 1                 ; 7       ;
;      - lab6_stack_top:U_STACK_SYSTEM|stack7x16:U_STACK|mem_r[0][6]          ; 1                 ; 7       ;
;      - lab6_stack_top:U_STACK_SYSTEM|stack7x16:U_STACK|mem_r[0][7]          ; 1                 ; 7       ;
;      - lab6_stack_top:U_STACK_SYSTEM|stack7x16:U_STACK|mem_r[0][13]         ; 1                 ; 7       ;
;      - lab6_stack_top:U_STACK_SYSTEM|stack7x16:U_STACK|mem_r[0][8]          ; 1                 ; 7       ;
;      - lab6_stack_top:U_STACK_SYSTEM|stack7x16:U_STACK|mem_r[0][2]          ; 1                 ; 7       ;
;      - lab6_stack_top:U_STACK_SYSTEM|stack7x16:U_STACK|mem_r[0][9]          ; 1                 ; 7       ;
;      - lab6_stack_top:U_STACK_SYSTEM|stack7x16:U_STACK|mem_r[0][10]         ; 1                 ; 7       ;
;      - lab6_stack_top:U_STACK_SYSTEM|stack7x16:U_STACK|mem_r[5][1]          ; 1                 ; 7       ;
;      - lab6_stack_top:U_STACK_SYSTEM|stack7x16:U_STACK|mem_r[5][8]          ; 1                 ; 7       ;
;      - lab6_stack_top:U_STACK_SYSTEM|stack7x16:U_STACK|mem_r[5][10]         ; 1                 ; 7       ;
;      - lab6_stack_top:U_STACK_SYSTEM|stack7x16:U_STACK|mem_r[5][6]          ; 1                 ; 7       ;
;      - lab6_stack_top:U_STACK_SYSTEM|stack7x16:U_STACK|mem_r[5][9]          ; 1                 ; 7       ;
;      - lab6_stack_top:U_STACK_SYSTEM|stack7x16:U_STACK|mem_r[5][7]          ; 1                 ; 7       ;
;      - lab6_stack_top:U_STACK_SYSTEM|stack7x16:U_STACK|mem_r[5][15]         ; 1                 ; 7       ;
;      - lab6_stack_top:U_STACK_SYSTEM|stack7x16:U_STACK|mem_r[5][3]          ; 1                 ; 7       ;
;      - lab6_stack_top:U_STACK_SYSTEM|stack7x16:U_STACK|mem_r[5][14]         ; 1                 ; 7       ;
;      - lab6_stack_top:U_STACK_SYSTEM|stack7x16:U_STACK|mem_r[5][0]          ; 1                 ; 7       ;
;      - lab6_stack_top:U_STACK_SYSTEM|stack7x16:U_STACK|mem_r[5][13]         ; 1                 ; 7       ;
;      - lab6_stack_top:U_STACK_SYSTEM|stack7x16:U_STACK|mem_r[5][4]          ; 1                 ; 7       ;
;      - lab6_stack_top:U_STACK_SYSTEM|stack7x16:U_STACK|mem_r[5][11]         ; 1                 ; 7       ;
;      - lab6_stack_top:U_STACK_SYSTEM|stack7x16:U_STACK|mem_r[5][12]         ; 1                 ; 7       ;
;      - lab6_stack_top:U_STACK_SYSTEM|stack7x16:U_STACK|mem_r[5][2]          ; 1                 ; 7       ;
;      - lab6_stack_top:U_STACK_SYSTEM|stack7x16:U_STACK|mem_r[5][5]          ; 1                 ; 7       ;
;      - lab6_stack_top:U_STACK_SYSTEM|stack7x16:U_STACK|mem_r[1][6]          ; 1                 ; 7       ;
;      - lab6_stack_top:U_STACK_SYSTEM|stack7x16:U_STACK|mem_r[1][9]          ; 1                 ; 7       ;
;      - lab6_stack_top:U_STACK_SYSTEM|stack7x16:U_STACK|mem_r[1][12]         ; 1                 ; 7       ;
;      - lab6_stack_top:U_STACK_SYSTEM|stack7x16:U_STACK|mem_r[1][11]         ; 1                 ; 7       ;
;      - lab6_stack_top:U_STACK_SYSTEM|stack7x16:U_STACK|mem_r[1][8]          ; 1                 ; 7       ;
;      - lab6_stack_top:U_STACK_SYSTEM|stack7x16:U_STACK|mem_r[1][2]          ; 1                 ; 7       ;
;      - lab6_stack_top:U_STACK_SYSTEM|stack7x16:U_STACK|mem_r[1][15]         ; 1                 ; 7       ;
;      - lab6_stack_top:U_STACK_SYSTEM|stack7x16:U_STACK|mem_r[1][7]          ; 1                 ; 7       ;
;      - lab6_stack_top:U_STACK_SYSTEM|stack7x16:U_STACK|mem_r[1][4]          ; 1                 ; 7       ;
;      - lab6_stack_top:U_STACK_SYSTEM|stack7x16:U_STACK|mem_r[1][0]          ; 1                 ; 7       ;
;      - lab6_stack_top:U_STACK_SYSTEM|stack7x16:U_STACK|mem_r[1][14]         ; 1                 ; 7       ;
;      - lab6_stack_top:U_STACK_SYSTEM|stack7x16:U_STACK|mem_r[1][10]         ; 1                 ; 7       ;
;      - lab6_stack_top:U_STACK_SYSTEM|stack7x16:U_STACK|mem_r[1][1]          ; 1                 ; 7       ;
;      - lab6_stack_top:U_STACK_SYSTEM|stack7x16:U_STACK|mem_r[1][13]         ; 1                 ; 7       ;
;      - lab6_stack_top:U_STACK_SYSTEM|stack7x16:U_STACK|mem_r[1][3]          ; 1                 ; 7       ;
;      - lab6_stack_top:U_STACK_SYSTEM|stack7x16:U_STACK|mem_r[1][5]          ; 1                 ; 7       ;
;      - lab6_stack_top:U_STACK_SYSTEM|stack7x16:U_STACK|mem_r[6][10]         ; 1                 ; 7       ;
;      - lab6_stack_top:U_STACK_SYSTEM|stack7x16:U_STACK|mem_r[6][6]          ; 1                 ; 7       ;
;      - lab6_stack_top:U_STACK_SYSTEM|stack7x16:U_STACK|mem_r[6][5]          ; 1                 ; 7       ;
;      - lab6_stack_top:U_STACK_SYSTEM|stack7x16:U_STACK|mem_r[6][11]         ; 1                 ; 7       ;
;      - lab6_stack_top:U_STACK_SYSTEM|stack7x16:U_STACK|mem_r[6][12]         ; 1                 ; 7       ;
;      - lab6_stack_top:U_STACK_SYSTEM|stack7x16:U_STACK|mem_r[6][4]          ; 1                 ; 7       ;
;      - lab6_stack_top:U_STACK_SYSTEM|stack7x16:U_STACK|mem_r[6][13]         ; 1                 ; 7       ;
;      - lab6_stack_top:U_STACK_SYSTEM|stack7x16:U_STACK|mem_r[6][3]          ; 1                 ; 7       ;
;      - lab6_stack_top:U_STACK_SYSTEM|stack7x16:U_STACK|mem_r[6][14]         ; 1                 ; 7       ;
;      - lab6_stack_top:U_STACK_SYSTEM|stack7x16:U_STACK|mem_r[6][15]         ; 1                 ; 7       ;
;      - lab6_stack_top:U_STACK_SYSTEM|stack7x16:U_STACK|mem_r[6][0]          ; 1                 ; 7       ;
;      - lab6_stack_top:U_STACK_SYSTEM|stack7x16:U_STACK|mem_r[6][1]          ; 1                 ; 7       ;
;      - lab6_stack_top:U_STACK_SYSTEM|stack7x16:U_STACK|mem_r[6][2]          ; 1                 ; 7       ;
;      - lab6_stack_top:U_STACK_SYSTEM|stack7x16:U_STACK|mem_r[6][8]          ; 1                 ; 7       ;
;      - lab6_stack_top:U_STACK_SYSTEM|stack7x16:U_STACK|mem_r[6][7]          ; 1                 ; 7       ;
;      - lab6_stack_top:U_STACK_SYSTEM|stack7x16:U_STACK|mem_r[6][9]          ; 1                 ; 7       ;
;      - lab6_stack_top:U_STACK_SYSTEM|stack7x16:U_STACK|mem_r[2][2]          ; 1                 ; 7       ;
;      - lab6_stack_top:U_STACK_SYSTEM|stack7x16:U_STACK|mem_r[2][15]         ; 1                 ; 7       ;
;      - lab6_stack_top:U_STACK_SYSTEM|stack7x16:U_STACK|mem_r[2][13]         ; 1                 ; 7       ;
;      - lab6_stack_top:U_STACK_SYSTEM|stack7x16:U_STACK|mem_r[2][9]          ; 1                 ; 7       ;
;      - lab6_stack_top:U_STACK_SYSTEM|stack7x16:U_STACK|mem_r[2][4]          ; 1                 ; 7       ;
;      - lab6_stack_top:U_STACK_SYSTEM|stack7x16:U_STACK|mem_r[2][1]          ; 1                 ; 7       ;
;      - lab6_stack_top:U_STACK_SYSTEM|stack7x16:U_STACK|mem_r[2][8]          ; 1                 ; 7       ;
;      - lab6_stack_top:U_STACK_SYSTEM|stack7x16:U_STACK|mem_r[2][11]         ; 1                 ; 7       ;
;      - lab6_stack_top:U_STACK_SYSTEM|stack7x16:U_STACK|mem_r[2][7]          ; 1                 ; 7       ;
;      - lab6_stack_top:U_STACK_SYSTEM|stack7x16:U_STACK|mem_r[2][0]          ; 1                 ; 7       ;
;      - lab6_stack_top:U_STACK_SYSTEM|stack7x16:U_STACK|mem_r[2][5]          ; 1                 ; 7       ;
;      - lab6_stack_top:U_STACK_SYSTEM|stack7x16:U_STACK|mem_r[2][3]          ; 1                 ; 7       ;
;      - lab6_stack_top:U_STACK_SYSTEM|stack7x16:U_STACK|mem_r[2][14]         ; 1                 ; 7       ;
;      - lab6_stack_top:U_STACK_SYSTEM|stack7x16:U_STACK|mem_r[2][6]          ; 1                 ; 7       ;
;      - lab6_stack_top:U_STACK_SYSTEM|stack7x16:U_STACK|mem_r[2][10]         ; 1                 ; 7       ;
;      - lab6_stack_top:U_STACK_SYSTEM|stack7x16:U_STACK|mem_r[2][12]         ; 1                 ; 7       ;
;      - lab6_stack_top:U_STACK_SYSTEM|stack7x16:U_STACK|dout_r[3]            ; 1                 ; 7       ;
;      - lab6_stack_top:U_STACK_SYSTEM|stack7x16:U_STACK|dout_r[4]            ; 1                 ; 7       ;
;      - lab6_stack_top:U_STACK_SYSTEM|stack7x16:U_STACK|dout_r[5]            ; 1                 ; 7       ;
;      - lab6_stack_top:U_STACK_SYSTEM|stack7x16:U_STACK|dout_r[6]            ; 1                 ; 7       ;
;      - lab6_stack_top:U_STACK_SYSTEM|stack7x16:U_STACK|dout_r[8]            ; 1                 ; 7       ;
;      - lab6_stack_top:U_STACK_SYSTEM|stack7x16:U_STACK|dout_r[9]            ; 1                 ; 7       ;
;      - lab6_stack_top:U_STACK_SYSTEM|stack7x16:U_STACK|dout_r[10]           ; 1                 ; 7       ;
;      - lab6_stack_top:U_STACK_SYSTEM|stack7x16:U_STACK|dout_r[7]            ; 1                 ; 7       ;
;      - lab6_stack_top:U_STACK_SYSTEM|stack7x16:U_STACK|dout_r[12]           ; 1                 ; 7       ;
;      - lab6_stack_top:U_STACK_SYSTEM|stack7x16:U_STACK|dout_r[1]            ; 1                 ; 7       ;
;      - lab6_stack_top:U_STACK_SYSTEM|stack7x16:U_STACK|dout_r[15]           ; 1                 ; 7       ;
;      - lab6_stack_top:U_STACK_SYSTEM|stack7x16:U_STACK|dout_r[14]           ; 1                 ; 7       ;
;      - lab6_stack_top:U_STACK_SYSTEM|stack7x16:U_STACK|dout_r[13]           ; 1                 ; 7       ;
;      - lab6_stack_top:U_STACK_SYSTEM|stack7x16:U_STACK|dout_r[0]            ; 1                 ; 7       ;
;      - lab6_stack_top:U_STACK_SYSTEM|stack7x16:U_STACK|dout_r[11]           ; 1                 ; 7       ;
;      - lab6_stack_top:U_STACK_SYSTEM|stack7x16:U_STACK|dout_r[2]            ; 1                 ; 7       ;
;      - lab6_stack_top:U_STACK_SYSTEM|stack7x16:U_STACK|overflow_r           ; 1                 ; 7       ;
;      - lab6_stack_top:U_STACK_SYSTEM|stack7x16:U_STACK|underflow_r          ; 1                 ; 7       ;
;      - lab6_stack_top:U_STACK_SYSTEM|stack7x16:U_STACK|dout_r[3]~4          ; 1                 ; 7       ;
;      - lab6_stack_top:U_STACK_SYSTEM|stack7x16:U_STACK|sp_r[0]~0            ; 1                 ; 7       ;
;      - lab6_stack_top:U_STACK_SYSTEM|stack7x16:U_STACK|sp_r[1]~1            ; 1                 ; 7       ;
;      - lab6_stack_top:U_STACK_SYSTEM|stack7x16:U_STACK|sp_r[2]~2            ; 1                 ; 7       ;
;      - lab6_stack_top:U_STACK_SYSTEM|stack7x16:U_STACK|mem_r[1][6]~0        ; 1                 ; 7       ;
;      - lab6_stack_top:U_STACK_SYSTEM|stack7x16:U_STACK|mem_r[5][1]~1        ; 1                 ; 7       ;
;      - lab6_stack_top:U_STACK_SYSTEM|stack7x16:U_STACK|mem_r[0][11]~2       ; 1                 ; 7       ;
;      - lab6_stack_top:U_STACK_SYSTEM|stack7x16:U_STACK|mem_r[4][10]~3       ; 1                 ; 7       ;
;      - lab6_stack_top:U_STACK_SYSTEM|stack7x16:U_STACK|mem_r[2][2]~4        ; 1                 ; 7       ;
;      - lab6_stack_top:U_STACK_SYSTEM|stack7x16:U_STACK|mem_r[6][10]~5       ; 1                 ; 7       ;
;      - lab6_stack_top:U_STACK_SYSTEM|stack7x16:U_STACK|mem_r[3][11]~6       ; 1                 ; 7       ;
;      - lab6_stack_top:U_STACK_SYSTEM|stack7x16:U_STACK|sp_r[0]~0DUPLICATE   ; 1                 ; 7       ;
;      - lab6_stack_top:U_STACK_SYSTEM|stack7x16:U_STACK|sp_r[1]~1DUPLICATE   ; 1                 ; 7       ;
;      - lab6_stack_top:U_STACK_SYSTEM|stack7x16:U_STACK|sp_r[2]~2DUPLICATE   ; 1                 ; 7       ;
;      - lab6_stack_top:U_STACK_SYSTEM|stack7x16:U_STACK|dout_r[3]~4DUPLICATE ; 1                 ; 7       ;
; alu_result_for_push_i[0]                                                    ;                   ;         ;
;      - lab6_stack_top:U_STACK_SYSTEM|din_s[0]~0                             ; 0                 ; 7       ;
; data_from_register_file_i[0]                                                ;                   ;         ;
;      - lab6_stack_top:U_STACK_SYSTEM|din_s[0]~0                             ; 0                 ; 7       ;
; alu_result_for_push_i[1]                                                    ;                   ;         ;
;      - lab6_stack_top:U_STACK_SYSTEM|din_s[1]~1                             ; 0                 ; 7       ;
; data_from_register_file_i[1]                                                ;                   ;         ;
;      - lab6_stack_top:U_STACK_SYSTEM|din_s[1]~1                             ; 0                 ; 7       ;
; alu_result_for_push_i[2]                                                    ;                   ;         ;
;      - lab6_stack_top:U_STACK_SYSTEM|din_s[2]~2                             ; 0                 ; 7       ;
; data_from_register_file_i[2]                                                ;                   ;         ;
;      - lab6_stack_top:U_STACK_SYSTEM|din_s[2]~2                             ; 0                 ; 7       ;
; alu_result_for_push_i[3]                                                    ;                   ;         ;
;      - lab6_stack_top:U_STACK_SYSTEM|din_s[3]~3                             ; 1                 ; 7       ;
; data_from_register_file_i[3]                                                ;                   ;         ;
;      - lab6_stack_top:U_STACK_SYSTEM|din_s[3]~3                             ; 0                 ; 7       ;
; alu_result_for_push_i[4]                                                    ;                   ;         ;
;      - lab6_stack_top:U_STACK_SYSTEM|din_s[4]~4                             ; 0                 ; 7       ;
; data_from_register_file_i[4]                                                ;                   ;         ;
;      - lab6_stack_top:U_STACK_SYSTEM|din_s[4]~4                             ; 0                 ; 7       ;
; alu_result_for_push_i[5]                                                    ;                   ;         ;
;      - lab6_stack_top:U_STACK_SYSTEM|din_s[5]~5                             ; 0                 ; 7       ;
; data_from_register_file_i[5]                                                ;                   ;         ;
;      - lab6_stack_top:U_STACK_SYSTEM|din_s[5]~5                             ; 0                 ; 7       ;
; alu_result_for_push_i[6]                                                    ;                   ;         ;
;      - lab6_stack_top:U_STACK_SYSTEM|din_s[6]~6                             ; 0                 ; 7       ;
; data_from_register_file_i[6]                                                ;                   ;         ;
;      - lab6_stack_top:U_STACK_SYSTEM|din_s[6]~6                             ; 0                 ; 7       ;
; alu_result_for_push_i[7]                                                    ;                   ;         ;
;      - lab6_stack_top:U_STACK_SYSTEM|din_s[7]~7                             ; 0                 ; 7       ;
; data_from_register_file_i[7]                                                ;                   ;         ;
;      - lab6_stack_top:U_STACK_SYSTEM|din_s[7]~7                             ; 0                 ; 7       ;
; alu_result_for_push_i[8]                                                    ;                   ;         ;
;      - lab6_stack_top:U_STACK_SYSTEM|din_s[8]~8                             ; 0                 ; 7       ;
; data_from_register_file_i[8]                                                ;                   ;         ;
;      - lab6_stack_top:U_STACK_SYSTEM|din_s[8]~8                             ; 0                 ; 7       ;
; alu_result_for_push_i[9]                                                    ;                   ;         ;
;      - lab6_stack_top:U_STACK_SYSTEM|din_s[9]~9                             ; 0                 ; 7       ;
; data_from_register_file_i[9]                                                ;                   ;         ;
;      - lab6_stack_top:U_STACK_SYSTEM|din_s[9]~9                             ; 0                 ; 7       ;
; alu_result_for_push_i[10]                                                   ;                   ;         ;
;      - lab6_stack_top:U_STACK_SYSTEM|din_s[10]~10                           ; 0                 ; 7       ;
; data_from_register_file_i[10]                                               ;                   ;         ;
;      - lab6_stack_top:U_STACK_SYSTEM|din_s[10]~10                           ; 1                 ; 7       ;
; alu_result_for_push_i[11]                                                   ;                   ;         ;
;      - lab6_stack_top:U_STACK_SYSTEM|din_s[11]~11                           ; 0                 ; 7       ;
; data_from_register_file_i[11]                                               ;                   ;         ;
;      - lab6_stack_top:U_STACK_SYSTEM|din_s[11]~11                           ; 0                 ; 7       ;
; alu_result_for_push_i[12]                                                   ;                   ;         ;
;      - lab6_stack_top:U_STACK_SYSTEM|din_s[12]~12                           ; 1                 ; 7       ;
; data_from_register_file_i[12]                                               ;                   ;         ;
;      - lab6_stack_top:U_STACK_SYSTEM|din_s[12]~12                           ; 0                 ; 7       ;
; alu_result_for_push_i[13]                                                   ;                   ;         ;
;      - lab6_stack_top:U_STACK_SYSTEM|din_s[13]~13                           ; 0                 ; 7       ;
; data_from_register_file_i[13]                                               ;                   ;         ;
;      - lab6_stack_top:U_STACK_SYSTEM|din_s[13]~13                           ; 0                 ; 7       ;
; alu_result_for_push_i[14]                                                   ;                   ;         ;
;      - lab6_stack_top:U_STACK_SYSTEM|din_s[14]~14                           ; 1                 ; 7       ;
; data_from_register_file_i[14]                                               ;                   ;         ;
;      - lab6_stack_top:U_STACK_SYSTEM|din_s[14]~14                           ; 0                 ; 7       ;
; alu_result_for_push_i[15]                                                   ;                   ;         ;
;      - lab6_stack_top:U_STACK_SYSTEM|din_s[15]~15                           ; 1                 ; 7       ;
; data_from_register_file_i[15]                                               ;                   ;         ;
;      - lab6_stack_top:U_STACK_SYSTEM|din_s[15]~15                           ; 0                 ; 7       ;
+-----------------------------------------------------------------------------+-------------------+---------+


+---------------------------------------------------------------------------------------------------------------------------------------------------------------------------------------------------+
; Control Signals                                                                                                                                                                                   ;
+----------------------------------------------------------------------+--------------------+---------+--------------+--------+----------------------+------------------+---------------------------+
; Name                                                                 ; Location           ; Fan-Out ; Usage        ; Global ; Global Resource Used ; Global Line Name ; Enable Signal Source Name ;
+----------------------------------------------------------------------+--------------------+---------+--------------+--------+----------------------+------------------+---------------------------+
; clock_i                                                              ; PIN_N20            ; 136     ; Clock        ; yes    ; Global Clock         ; GCLK3            ; --                        ;
; lab6_stack_top:U_STACK_SYSTEM|stack7x16:U_STACK|dout_r[3]~4          ; LCCOMB_X33_Y21_N8  ; 5       ; Clock enable ; no     ; --                   ; --               ; --                        ;
; lab6_stack_top:U_STACK_SYSTEM|stack7x16:U_STACK|dout_r[3]~4DUPLICATE ; LCCOMB_X33_Y21_N10 ; 11      ; Clock enable ; no     ; --                   ; --               ; --                        ;
; lab6_stack_top:U_STACK_SYSTEM|stack7x16:U_STACK|mem_r[0][11]~2       ; LCCOMB_X33_Y21_N14 ; 16      ; Clock enable ; no     ; --                   ; --               ; --                        ;
; lab6_stack_top:U_STACK_SYSTEM|stack7x16:U_STACK|mem_r[1][6]~0        ; LCCOMB_X33_Y21_N6  ; 16      ; Clock enable ; no     ; --                   ; --               ; --                        ;
; lab6_stack_top:U_STACK_SYSTEM|stack7x16:U_STACK|mem_r[2][2]~4        ; LCCOMB_X34_Y19_N24 ; 16      ; Clock enable ; no     ; --                   ; --               ; --                        ;
; lab6_stack_top:U_STACK_SYSTEM|stack7x16:U_STACK|mem_r[3][11]~6       ; LCCOMB_X34_Y21_N8  ; 16      ; Clock enable ; no     ; --                   ; --               ; --                        ;
; lab6_stack_top:U_STACK_SYSTEM|stack7x16:U_STACK|mem_r[4][10]~3       ; LCCOMB_X33_Y21_N12 ; 16      ; Clock enable ; no     ; --                   ; --               ; --                        ;
; lab6_stack_top:U_STACK_SYSTEM|stack7x16:U_STACK|mem_r[5][1]~1        ; LCCOMB_X33_Y21_N2  ; 16      ; Clock enable ; no     ; --                   ; --               ; --                        ;
; lab6_stack_top:U_STACK_SYSTEM|stack7x16:U_STACK|mem_r[6][10]~5       ; LCCOMB_X34_Y20_N8  ; 16      ; Clock enable ; no     ; --                   ; --               ; --                        ;
; reset_i                                                              ; PIN_B8             ; 145     ; Sync. clear  ; no     ; --                   ; --               ; --                        ;
+----------------------------------------------------------------------+--------------------+---------+--------------+--------+----------------------+------------------+---------------------------+


+----------------------------------------------------------------------------------------------------+
; Global & Other Fast Signals                                                                        ;
+---------+----------+---------+----------------------+------------------+---------------------------+
; Name    ; Location ; Fan-Out ; Global Resource Used ; Global Line Name ; Enable Signal Source Name ;
+---------+----------+---------+----------------------+------------------+---------------------------+
; clock_i ; PIN_N20  ; 136     ; Global Clock         ; GCLK3            ; --                        ;
+---------+----------+---------+----------------------+------------------+---------------------------+


+--------------------------------------------------------------------------------+
; Non-Global High Fan-Out Signals                                                ;
+----------------------------------------------------------------------+---------+
; Name                                                                 ; Fan-Out ;
+----------------------------------------------------------------------+---------+
; reset_i                                                              ; 145     ;
; stack_command_idle_push_pop_i[0]                                     ; 35      ;
; lab6_stack_top:U_STACK_SYSTEM|stack7x16:U_STACK|sp_r[1]              ; 33      ;
; stack_command_idle_push_pop_i[1]                                     ; 26      ;
; lab6_stack_top:U_STACK_SYSTEM|stack7x16:U_STACK|sp_r[2]              ; 21      ;
; lab6_stack_top:U_STACK_SYSTEM|stack7x16:U_STACK|sp_r[0]~DUPLICATE    ; 19      ;
; lab6_stack_top:U_STACK_SYSTEM|stack7x16:U_STACK|sp_r[2]~DUPLICATE    ; 16      ;
; lab6_stack_top:U_STACK_SYSTEM|stack7x16:U_STACK|mem_r[3][11]~6       ; 16      ;
; lab6_stack_top:U_STACK_SYSTEM|stack7x16:U_STACK|mem_r[6][10]~5       ; 16      ;
; lab6_stack_top:U_STACK_SYSTEM|stack7x16:U_STACK|mem_r[2][2]~4        ; 16      ;
; lab6_stack_top:U_STACK_SYSTEM|stack7x16:U_STACK|mem_r[4][10]~3       ; 16      ;
; lab6_stack_top:U_STACK_SYSTEM|stack7x16:U_STACK|mem_r[0][11]~2       ; 16      ;
; lab6_stack_top:U_STACK_SYSTEM|stack7x16:U_STACK|mem_r[5][1]~1        ; 16      ;
; lab6_stack_top:U_STACK_SYSTEM|stack7x16:U_STACK|mem_r[1][6]~0        ; 16      ;
; lab6_stack_top:U_STACK_SYSTEM|stack7x16:U_STACK|dout_r[3]~2          ; 16      ;
; lab6_stack_top:U_STACK_SYSTEM|stack7x16:U_STACK|dout_r[3]~1          ; 16      ;
; lab6_stack_top:U_STACK_SYSTEM|stack7x16:U_STACK|dout_r[3]~4DUPLICATE ; 11      ;
; lab6_stack_top:U_STACK_SYSTEM|din_s[15]~15                           ; 7       ;
; lab6_stack_top:U_STACK_SYSTEM|din_s[14]~14                           ; 7       ;
; lab6_stack_top:U_STACK_SYSTEM|din_s[13]~13                           ; 7       ;
; lab6_stack_top:U_STACK_SYSTEM|din_s[12]~12                           ; 7       ;
; lab6_stack_top:U_STACK_SYSTEM|din_s[11]~11                           ; 7       ;
; lab6_stack_top:U_STACK_SYSTEM|din_s[10]~10                           ; 7       ;
; lab6_stack_top:U_STACK_SYSTEM|din_s[9]~9                             ; 7       ;
; lab6_stack_top:U_STACK_SYSTEM|din_s[8]~8                             ; 7       ;
; lab6_stack_top:U_STACK_SYSTEM|din_s[7]~7                             ; 7       ;
; lab6_stack_top:U_STACK_SYSTEM|din_s[6]~6                             ; 7       ;
; lab6_stack_top:U_STACK_SYSTEM|din_s[5]~5                             ; 7       ;
; lab6_stack_top:U_STACK_SYSTEM|din_s[4]~4                             ; 7       ;
; lab6_stack_top:U_STACK_SYSTEM|din_s[3]~3                             ; 7       ;
; lab6_stack_top:U_STACK_SYSTEM|din_s[2]~2                             ; 7       ;
; lab6_stack_top:U_STACK_SYSTEM|din_s[1]~1                             ; 7       ;
; lab6_stack_top:U_STACK_SYSTEM|din_s[0]~0                             ; 7       ;
; lab6_stack_top:U_STACK_SYSTEM|stack7x16:U_STACK|sp_r[1]~DUPLICATE    ; 5       ;
; lab6_stack_top:U_STACK_SYSTEM|stack7x16:U_STACK|dout_r[3]~4          ; 5       ;
; lab6_stack_top:U_STACK_SYSTEM|stack7x16:U_STACK|sp_r[0]              ; 3       ;
; lab6_stack_top:U_STACK_SYSTEM|stack7x16:U_STACK|sp_r[2]~2DUPLICATE   ; 1       ;
; lab6_stack_top:U_STACK_SYSTEM|stack7x16:U_STACK|sp_r[1]~1DUPLICATE   ; 1       ;
; lab6_stack_top:U_STACK_SYSTEM|stack7x16:U_STACK|sp_r[0]~0DUPLICATE   ; 1       ;
; data_from_register_file_i[15]                                        ; 1       ;
; alu_result_for_push_i[15]                                            ; 1       ;
; data_from_register_file_i[14]                                        ; 1       ;
; alu_result_for_push_i[14]                                            ; 1       ;
; data_from_register_file_i[13]                                        ; 1       ;
; alu_result_for_push_i[13]                                            ; 1       ;
; data_from_register_file_i[12]                                        ; 1       ;
; alu_result_for_push_i[12]                                            ; 1       ;
; data_from_register_file_i[11]                                        ; 1       ;
; alu_result_for_push_i[11]                                            ; 1       ;
; data_from_register_file_i[10]                                        ; 1       ;
+----------------------------------------------------------------------+---------+


+--------------------------------------------------------------------+
; Interconnect Usage Summary                                         ;
+-------------------------------------------+------------------------+
; Interconnect Resource Type                ; Usage                  ;
+-------------------------------------------+------------------------+
; Block interconnects                       ; 286 / 51,960 ( < 1 % ) ;
; C16 interconnects                         ; 24 / 1,680 ( 1 % )     ;
; C4 interconnects                          ; 229 / 38,400 ( < 1 % ) ;
; DPA clocks                                ; 0 / 4 ( 0 % )          ;
; DQS bus muxes                             ; 0 / 18 ( 0 % )         ;
; DQS-18 I/O buses                          ; 0 / 4 ( 0 % )          ;
; DQS-4 I/O buses                           ; 0 / 18 ( 0 % )         ;
; DQS-9 I/O buses                           ; 0 / 8 ( 0 % )          ;
; Differential I/O clocks                   ; 0 / 32 ( 0 % )         ;
; Direct links                              ; 29 / 51,960 ( < 1 % )  ;
; Global clocks                             ; 1 / 16 ( 6 % )         ;
; Local interconnects                       ; 55 / 12,480 ( < 1 % )  ;
; NDQS bus muxes                            ; 0 / 18 ( 0 % )         ;
; NDQS-18 I/O buses                         ; 0 / 4 ( 0 % )          ;
; NDQS-4 I/O buses                          ; 0 / 18 ( 0 % )         ;
; NDQS-9 I/O buses                          ; 0 / 8 ( 0 % )          ;
; PLL transmitter or receiver load enables  ; 0 / 8 ( 0 % )          ;
; PLL transmitter or receiver synch. clocks ; 0 / 8 ( 0 % )          ;
; R24 interconnects                         ; 12 / 1,664 ( < 1 % )   ;
; R24/C16 interconnect drivers              ; 8 / 4,160 ( < 1 % )    ;
; R4 interconnects                          ; 145 / 59,488 ( < 1 % ) ;
; Regional clocks                           ; 0 / 32 ( 0 % )         ;
+-------------------------------------------+------------------------+


+-----------------------------------------------------------------+
; LAB Logic Elements                                              ;
+----------------------------------+------------------------------+
; Number of ALMs  (Average = 7.55) ; Number of LABs  (Total = 11) ;
+----------------------------------+------------------------------+
; 1                                ; 0                            ;
; 2                                ; 0                            ;
; 3                                ; 0                            ;
; 4                                ; 1                            ;
; 5                                ; 0                            ;
; 6                                ; 0                            ;
; 7                                ; 1                            ;
; 8                                ; 9                            ;
+----------------------------------+------------------------------+


+-------------------------------------------------------------------+
; LAB-wide Signals                                                  ;
+------------------------------------+------------------------------+
; LAB-wide Signals  (Average = 2.82) ; Number of LABs  (Total = 11) ;
+------------------------------------+------------------------------+
; 1 Clock                            ; 11                           ;
; 1 Clock enable                     ; 2                            ;
; 1 Sync. clear                      ; 10                           ;
; 2 Clock enables                    ; 3                            ;
; 3 Clock enables                    ; 5                            ;
+------------------------------------+------------------------------+


+-----------------------------------------------------------------------------+
; LAB Signals Sourced                                                         ;
+----------------------------------------------+------------------------------+
; Number of Signals Sourced  (Average = 21.82) ; Number of LABs  (Total = 11) ;
+----------------------------------------------+------------------------------+
; 0                                            ; 0                            ;
; 1                                            ; 0                            ;
; 2                                            ; 0                            ;
; 3                                            ; 0                            ;
; 4                                            ; 0                            ;
; 5                                            ; 0                            ;
; 6                                            ; 0                            ;
; 7                                            ; 0                            ;
; 8                                            ; 0                            ;
; 9                                            ; 0                            ;
; 10                                           ; 0                            ;
; 11                                           ; 0                            ;
; 12                                           ; 0                            ;
; 13                                           ; 0                            ;
; 14                                           ; 1                            ;
; 15                                           ; 0                            ;
; 16                                           ; 0                            ;
; 17                                           ; 2                            ;
; 18                                           ; 0                            ;
; 19                                           ; 0                            ;
; 20                                           ; 0                            ;
; 21                                           ; 0                            ;
; 22                                           ; 3                            ;
; 23                                           ; 0                            ;
; 24                                           ; 3                            ;
; 25                                           ; 1                            ;
; 26                                           ; 0                            ;
; 27                                           ; 0                            ;
; 28                                           ; 0                            ;
; 29                                           ; 1                            ;
+----------------------------------------------+------------------------------+


+---------------------------------------------------------------------------------+
; LAB Signals Sourced Out                                                         ;
+--------------------------------------------------+------------------------------+
; Number of Signals Sourced Out  (Average = 11.00) ; Number of LABs  (Total = 11) ;
+--------------------------------------------------+------------------------------+
; 0                                                ; 0                            ;
; 1                                                ; 0                            ;
; 2                                                ; 0                            ;
; 3                                                ; 0                            ;
; 4                                                ; 0                            ;
; 5                                                ; 1                            ;
; 6                                                ; 0                            ;
; 7                                                ; 2                            ;
; 8                                                ; 2                            ;
; 9                                                ; 1                            ;
; 10                                               ; 0                            ;
; 11                                               ; 0                            ;
; 12                                               ; 0                            ;
; 13                                               ; 0                            ;
; 14                                               ; 2                            ;
; 15                                               ; 2                            ;
; 16                                               ; 0                            ;
; 17                                               ; 0                            ;
; 18                                               ; 0                            ;
; 19                                               ; 1                            ;
+--------------------------------------------------+------------------------------+


+-----------------------------------------------------------------------------+
; LAB Distinct Inputs                                                         ;
+----------------------------------------------+------------------------------+
; Number of Distinct Inputs  (Average = 22.82) ; Number of LABs  (Total = 11) ;
+----------------------------------------------+------------------------------+
; 0                                            ; 0                            ;
; 1                                            ; 0                            ;
; 2                                            ; 0                            ;
; 3                                            ; 0                            ;
; 4                                            ; 0                            ;
; 5                                            ; 0                            ;
; 6                                            ; 0                            ;
; 7                                            ; 0                            ;
; 8                                            ; 1                            ;
; 9                                            ; 0                            ;
; 10                                           ; 0                            ;
; 11                                           ; 0                            ;
; 12                                           ; 0                            ;
; 13                                           ; 0                            ;
; 14                                           ; 0                            ;
; 15                                           ; 1                            ;
; 16                                           ; 0                            ;
; 17                                           ; 0                            ;
; 18                                           ; 0                            ;
; 19                                           ; 0                            ;
; 20                                           ; 0                            ;
; 21                                           ; 0                            ;
; 22                                           ; 1                            ;
; 23                                           ; 1                            ;
; 24                                           ; 1                            ;
; 25                                           ; 3                            ;
; 26                                           ; 1                            ;
; 27                                           ; 1                            ;
; 28                                           ; 0                            ;
; 29                                           ; 0                            ;
; 30                                           ; 0                            ;
; 31                                           ; 1                            ;
+----------------------------------------------+------------------------------+


+------------------------------------------+
; I/O Rules Summary                        ;
+----------------------------------+-------+
; I/O Rules Statistic              ; Total ;
+----------------------------------+-------+
; Total I/O Rules                  ; 31    ;
; Number of I/O Rules Passed       ; 4     ;
; Number of I/O Rules Failed       ; 0     ;
; Number of I/O Rules Unchecked    ; 0     ;
; Number of I/O Rules Inapplicable ; 27    ;
+----------------------------------+-------+


+--------------------------------------------------------------------------------------------------------------------------------------------------------------------------------------------------------------------------------------------------------------------------------------------+
; I/O Rules Details                                                                                                                                                                                                                                                                          ;
+--------------+-----------+-----------------------------------------+------------------------------------------------------------------------------------------------------+----------+--------------------------------------------------------------------------+------+-------------------+
; Status       ; ID        ; Category                                ; Rule Description                                                                                     ; Severity ; Information                                                              ; Area ; Extra Information ;
+--------------+-----------+-----------------------------------------+------------------------------------------------------------------------------------------------------+----------+--------------------------------------------------------------------------+------+-------------------+
; Inapplicable ; IO_000001 ; Capacity Checks                         ; Number of pins in an I/O bank should not exceed the number of locations available.                   ; Critical ; No Location assignments found.                                           ; I/O  ;                   ;
; Inapplicable ; IO_000002 ; Capacity Checks                         ; Number of clocks in an I/O bank should not exceed the number of clocks available.                    ; Critical ; No Global Signal assignments found.                                      ; I/O  ;                   ;
; Inapplicable ; IO_000003 ; Capacity Checks                         ; Number of pins in a Vrefgroup should not exceed the number of locations available.                   ; Critical ; No Location assignments found.                                           ; I/O  ;                   ;
; Inapplicable ; IO_000004 ; Voltage Compatibility Checks            ; The I/O bank should support the requested VCCIO.                                                     ; Critical ; No IOBANK_VCCIO assignments found.                                       ; I/O  ;                   ;
; Inapplicable ; IO_000005 ; Voltage Compatibility Checks            ; The I/O bank should not have competing VREF values.                                                  ; Critical ; No VREF I/O Standard assignments found.                                  ; I/O  ;                   ;
; Pass         ; IO_000006 ; Voltage Compatibility Checks            ; The I/O bank should not have competing VCCIO values.                                                 ; Critical ; 0 such failures found.                                                   ; I/O  ;                   ;
; Inapplicable ; IO_000007 ; Valid Location Checks                   ; Checks for unavailable locations.                                                                    ; Critical ; No Location assignments found.                                           ; I/O  ;                   ;
; Inapplicable ; IO_000008 ; Valid Location Checks                   ; Checks for reserved locations.                                                                       ; Critical ; No reserved LogicLock region found.                                      ; I/O  ;                   ;
; Pass         ; IO_000009 ; I/O Properties Checks for One I/O       ; The location should support the requested I/O standard.                                              ; Critical ; 0 such failures found.                                                   ; I/O  ;                   ;
; Pass         ; IO_000010 ; I/O Properties Checks for One I/O       ; The location should support the requested I/O direction.                                             ; Critical ; 0 such failures found.                                                   ; I/O  ;                   ;
; Inapplicable ; IO_000011 ; I/O Properties Checks for One I/O       ; The location should support the requested Current Strength.                                          ; Critical ; No Current Strength assignments found.                                   ; I/O  ;                   ;
; Inapplicable ; IO_000012 ; I/O Properties Checks for One I/O       ; The location should support the requested On Chip Termination value.                                 ; Critical ; No Termination assignments found.                                        ; I/O  ;                   ;
; Inapplicable ; IO_000013 ; I/O Properties Checks for One I/O       ; The location should support the requested Bus Hold value.                                            ; Critical ; No Enable Bus-Hold Circuitry assignments found.                          ; I/O  ;                   ;
; Inapplicable ; IO_000014 ; I/O Properties Checks for One I/O       ; The location should support the requested Weak Pull Up value.                                        ; Critical ; No Weak Pull-Up Resistor assignments found.                              ; I/O  ;                   ;
; Inapplicable ; IO_000015 ; I/O Properties Checks for One I/O       ; The location should support the requested PCI Clamp Diode.                                           ; Critical ; No PCI I/O assignments found.                                            ; I/O  ;                   ;
; Inapplicable ; IO_000018 ; I/O Properties Checks for One I/O       ; The I/O standard should support the requested Current Strength.                                      ; Critical ; No Current Strength assignments found.                                   ; I/O  ;                   ;
; Inapplicable ; IO_000019 ; I/O Properties Checks for One I/O       ; The I/O standard should support the requested On Chip Termination value.                             ; Critical ; No Termination assignments found.                                        ; I/O  ;                   ;
; Inapplicable ; IO_000020 ; I/O Properties Checks for One I/O       ; The I/O standard should support the requested PCI Clamp Diode.                                       ; Critical ; No PCI I/O assignments found.                                            ; I/O  ;                   ;
; Inapplicable ; IO_000021 ; I/O Properties Checks for One I/O       ; The I/O standard should support the requested Weak Pull Up value.                                    ; Critical ; No Weak Pull-Up Resistor assignments found.                              ; I/O  ;                   ;
; Inapplicable ; IO_000022 ; I/O Properties Checks for One I/O       ; The I/O standard should support the requested Bus Hold value.                                        ; Critical ; No Enable Bus-Hold Circuitry assignments found.                          ; I/O  ;                   ;
; Inapplicable ; IO_000023 ; I/O Properties Checks for One I/O       ; The I/O standard should support the Open Drain value.                                                ; Critical ; No open drain assignments found.                                         ; I/O  ;                   ;
; Inapplicable ; IO_000024 ; I/O Properties Checks for One I/O       ; The I/O direction should support the On Chip Termination value.                                      ; Critical ; No Termination assignments found.                                        ; I/O  ;                   ;
; Inapplicable ; IO_000026 ; I/O Properties Checks for One I/O       ; On Chip Termination and Current Strength should not be used at the same time.                        ; Critical ; No Current Strength or Termination assignments found.                    ; I/O  ;                   ;
; Inapplicable ; IO_000027 ; I/O Properties Checks for One I/O       ; Weak Pull Up and Bus Hold should not be used at the same time.                                       ; Critical ; No Enable Bus-Hold Circuitry or Weak Pull-Up Resistor assignments found. ; I/O  ;                   ;
; Inapplicable ; IO_000032 ; I/O Properties Checks for Multiple I/Os ; I/O registers and SERDES should not be used at the same XY location.                                 ; Critical ; No I/O Registers or Differential I/O Standard assignments found.         ; I/O  ;                   ;
; Pass         ; IO_000033 ; Electromigration Checks                 ; Current density for consecutive I/Os should not exceed 250mA for row I/Os and 250mA for column I/Os. ; Critical ; 0 such failures found.                                                   ; I/O  ;                   ;
; Inapplicable ; IO_000034 ; SI Related Distance Checks              ; Single-ended outputs should be 1 LAB row(s) away from a differential I/O.                            ; High     ; No Differential I/O Standard assignments found.                          ; I/O  ;                   ;
; Inapplicable ; IO_000037 ; SI Related Distance Checks              ; Single-ended I/O and differential I/O should not coexist in a PLL output I/O bank.                   ; High     ; No Differential I/O Standard assignments found.                          ; I/O  ;                   ;
; Inapplicable ; IO_000038 ; SI Related SSO Limit Checks             ; Single-ended outputs and High-speed LVDS should not coexist in an I/O bank.                          ; High     ; No High-speed LVDS found.                                                ; I/O  ;                   ;
; Inapplicable ; IO_000042 ; SI Related SSO Limit Checks             ; No more than 20 outputs are allowed in a VREF group when VREF is being read from.                    ; High     ; No VREF I/O Standard assignments found.                                  ; I/O  ;                   ;
; Inapplicable ; IO_000040 ; SI Related SSO Limit Checks             ; The total drive strength of single ended outputs in a DPA bank should not exceed 120mA.              ; High     ; No DPA found.                                                            ; I/O  ;                   ;
+--------------+-----------+-----------------------------------------+------------------------------------------------------------------------------------------------------+----------+--------------------------------------------------------------------------+------+-------------------+


+---------------------------------------------------------------------------------------------------------------------------------------------------------------------------------------------------------------------------------------------------------------------------------------------------------------------------------------------------------------------------------------------------------------------------------------------------------------------------------------------------------+
; I/O Rules Matrix                                                                                                                                                                                                                                                                                                                                                                                                                                                                                        ;
+------------------------------------+--------------+--------------+--------------+--------------+--------------+-----------+--------------+--------------+-----------+-----------+--------------+--------------+--------------+--------------+--------------+--------------+--------------+--------------+--------------+--------------+--------------+--------------+--------------+--------------+--------------+-----------+--------------+--------------+--------------+--------------+--------------+
; Pin/Rules                          ; IO_000001    ; IO_000002    ; IO_000003    ; IO_000004    ; IO_000005    ; IO_000006 ; IO_000007    ; IO_000008    ; IO_000009 ; IO_000010 ; IO_000011    ; IO_000012    ; IO_000013    ; IO_000014    ; IO_000015    ; IO_000018    ; IO_000019    ; IO_000020    ; IO_000021    ; IO_000022    ; IO_000023    ; IO_000024    ; IO_000026    ; IO_000027    ; IO_000032    ; IO_000033 ; IO_000034    ; IO_000037    ; IO_000038    ; IO_000042    ; IO_000040    ;
+------------------------------------+--------------+--------------+--------------+--------------+--------------+-----------+--------------+--------------+-----------+-----------+--------------+--------------+--------------+--------------+--------------+--------------+--------------+--------------+--------------+--------------+--------------+--------------+--------------+--------------+--------------+-----------+--------------+--------------+--------------+--------------+--------------+
; Total Pass                         ; 0            ; 0            ; 0            ; 0            ; 0            ; 61        ; 0            ; 0            ; 61        ; 61        ; 0            ; 0            ; 0            ; 0            ; 0            ; 0            ; 0            ; 0            ; 0            ; 0            ; 0            ; 0            ; 0            ; 0            ; 0            ; 61        ; 0            ; 0            ; 0            ; 0            ; 0            ;
; Total Unchecked                    ; 0            ; 0            ; 0            ; 0            ; 0            ; 0         ; 0            ; 0            ; 0         ; 0         ; 0            ; 0            ; 0            ; 0            ; 0            ; 0            ; 0            ; 0            ; 0            ; 0            ; 0            ; 0            ; 0            ; 0            ; 0            ; 0         ; 0            ; 0            ; 0            ; 0            ; 0            ;
; Total Inapplicable                 ; 61           ; 61           ; 61           ; 61           ; 61           ; 0         ; 61           ; 61           ; 0         ; 0         ; 61           ; 61           ; 61           ; 61           ; 61           ; 61           ; 61           ; 61           ; 61           ; 61           ; 61           ; 61           ; 61           ; 61           ; 61           ; 0         ; 61           ; 61           ; 61           ; 61           ; 61           ;
; Total Fail                         ; 0            ; 0            ; 0            ; 0            ; 0            ; 0         ; 0            ; 0            ; 0         ; 0         ; 0            ; 0            ; 0            ; 0            ; 0            ; 0            ; 0            ; 0            ; 0            ; 0            ; 0            ; 0            ; 0            ; 0            ; 0            ; 0         ; 0            ; 0            ; 0            ; 0            ; 0            ;
; data_popped_to_register_file_o[0]  ; Inapplicable ; Inapplicable ; Inapplicable ; Inapplicable ; Inapplicable ; Pass      ; Inapplicable ; Inapplicable ; Pass      ; Pass      ; Inapplicable ; Inapplicable ; Inapplicable ; Inapplicable ; Inapplicable ; Inapplicable ; Inapplicable ; Inapplicable ; Inapplicable ; Inapplicable ; Inapplicable ; Inapplicable ; Inapplicable ; Inapplicable ; Inapplicable ; Pass      ; Inapplicable ; Inapplicable ; Inapplicable ; Inapplicable ; Inapplicable ;
; data_popped_to_register_file_o[1]  ; Inapplicable ; Inapplicable ; Inapplicable ; Inapplicable ; Inapplicable ; Pass      ; Inapplicable ; Inapplicable ; Pass      ; Pass      ; Inapplicable ; Inapplicable ; Inapplicable ; Inapplicable ; Inapplicable ; Inapplicable ; Inapplicable ; Inapplicable ; Inapplicable ; Inapplicable ; Inapplicable ; Inapplicable ; Inapplicable ; Inapplicable ; Inapplicable ; Pass      ; Inapplicable ; Inapplicable ; Inapplicable ; Inapplicable ; Inapplicable ;
; data_popped_to_register_file_o[2]  ; Inapplicable ; Inapplicable ; Inapplicable ; Inapplicable ; Inapplicable ; Pass      ; Inapplicable ; Inapplicable ; Pass      ; Pass      ; Inapplicable ; Inapplicable ; Inapplicable ; Inapplicable ; Inapplicable ; Inapplicable ; Inapplicable ; Inapplicable ; Inapplicable ; Inapplicable ; Inapplicable ; Inapplicable ; Inapplicable ; Inapplicable ; Inapplicable ; Pass      ; Inapplicable ; Inapplicable ; Inapplicable ; Inapplicable ; Inapplicable ;
; data_popped_to_register_file_o[3]  ; Inapplicable ; Inapplicable ; Inapplicable ; Inapplicable ; Inapplicable ; Pass      ; Inapplicable ; Inapplicable ; Pass      ; Pass      ; Inapplicable ; Inapplicable ; Inapplicable ; Inapplicable ; Inapplicable ; Inapplicable ; Inapplicable ; Inapplicable ; Inapplicable ; Inapplicable ; Inapplicable ; Inapplicable ; Inapplicable ; Inapplicable ; Inapplicable ; Pass      ; Inapplicable ; Inapplicable ; Inapplicable ; Inapplicable ; Inapplicable ;
; data_popped_to_register_file_o[4]  ; Inapplicable ; Inapplicable ; Inapplicable ; Inapplicable ; Inapplicable ; Pass      ; Inapplicable ; Inapplicable ; Pass      ; Pass      ; Inapplicable ; Inapplicable ; Inapplicable ; Inapplicable ; Inapplicable ; Inapplicable ; Inapplicable ; Inapplicable ; Inapplicable ; Inapplicable ; Inapplicable ; Inapplicable ; Inapplicable ; Inapplicable ; Inapplicable ; Pass      ; Inapplicable ; Inapplicable ; Inapplicable ; Inapplicable ; Inapplicable ;
; data_popped_to_register_file_o[5]  ; Inapplicable ; Inapplicable ; Inapplicable ; Inapplicable ; Inapplicable ; Pass      ; Inapplicable ; Inapplicable ; Pass      ; Pass      ; Inapplicable ; Inapplicable ; Inapplicable ; Inapplicable ; Inapplicable ; Inapplicable ; Inapplicable ; Inapplicable ; Inapplicable ; Inapplicable ; Inapplicable ; Inapplicable ; Inapplicable ; Inapplicable ; Inapplicable ; Pass      ; Inapplicable ; Inapplicable ; Inapplicable ; Inapplicable ; Inapplicable ;
; data_popped_to_register_file_o[6]  ; Inapplicable ; Inapplicable ; Inapplicable ; Inapplicable ; Inapplicable ; Pass      ; Inapplicable ; Inapplicable ; Pass      ; Pass      ; Inapplicable ; Inapplicable ; Inapplicable ; Inapplicable ; Inapplicable ; Inapplicable ; Inapplicable ; Inapplicable ; Inapplicable ; Inapplicable ; Inapplicable ; Inapplicable ; Inapplicable ; Inapplicable ; Inapplicable ; Pass      ; Inapplicable ; Inapplicable ; Inapplicable ; Inapplicable ; Inapplicable ;
; data_popped_to_register_file_o[7]  ; Inapplicable ; Inapplicable ; Inapplicable ; Inapplicable ; Inapplicable ; Pass      ; Inapplicable ; Inapplicable ; Pass      ; Pass      ; Inapplicable ; Inapplicable ; Inapplicable ; Inapplicable ; Inapplicable ; Inapplicable ; Inapplicable ; Inapplicable ; Inapplicable ; Inapplicable ; Inapplicable ; Inapplicable ; Inapplicable ; Inapplicable ; Inapplicable ; Pass      ; Inapplicable ; Inapplicable ; Inapplicable ; Inapplicable ; Inapplicable ;
; data_popped_to_register_file_o[8]  ; Inapplicable ; Inapplicable ; Inapplicable ; Inapplicable ; Inapplicable ; Pass      ; Inapplicable ; Inapplicable ; Pass      ; Pass      ; Inapplicable ; Inapplicable ; Inapplicable ; Inapplicable ; Inapplicable ; Inapplicable ; Inapplicable ; Inapplicable ; Inapplicable ; Inapplicable ; Inapplicable ; Inapplicable ; Inapplicable ; Inapplicable ; Inapplicable ; Pass      ; Inapplicable ; Inapplicable ; Inapplicable ; Inapplicable ; Inapplicable ;
; data_popped_to_register_file_o[9]  ; Inapplicable ; Inapplicable ; Inapplicable ; Inapplicable ; Inapplicable ; Pass      ; Inapplicable ; Inapplicable ; Pass      ; Pass      ; Inapplicable ; Inapplicable ; Inapplicable ; Inapplicable ; Inapplicable ; Inapplicable ; Inapplicable ; Inapplicable ; Inapplicable ; Inapplicable ; Inapplicable ; Inapplicable ; Inapplicable ; Inapplicable ; Inapplicable ; Pass      ; Inapplicable ; Inapplicable ; Inapplicable ; Inapplicable ; Inapplicable ;
; data_popped_to_register_file_o[10] ; Inapplicable ; Inapplicable ; Inapplicable ; Inapplicable ; Inapplicable ; Pass      ; Inapplicable ; Inapplicable ; Pass      ; Pass      ; Inapplicable ; Inapplicable ; Inapplicable ; Inapplicable ; Inapplicable ; Inapplicable ; Inapplicable ; Inapplicable ; Inapplicable ; Inapplicable ; Inapplicable ; Inapplicable ; Inapplicable ; Inapplicable ; Inapplicable ; Pass      ; Inapplicable ; Inapplicable ; Inapplicable ; Inapplicable ; Inapplicable ;
; data_popped_to_register_file_o[11] ; Inapplicable ; Inapplicable ; Inapplicable ; Inapplicable ; Inapplicable ; Pass      ; Inapplicable ; Inapplicable ; Pass      ; Pass      ; Inapplicable ; Inapplicable ; Inapplicable ; Inapplicable ; Inapplicable ; Inapplicable ; Inapplicable ; Inapplicable ; Inapplicable ; Inapplicable ; Inapplicable ; Inapplicable ; Inapplicable ; Inapplicable ; Inapplicable ; Pass      ; Inapplicable ; Inapplicable ; Inapplicable ; Inapplicable ; Inapplicable ;
; data_popped_to_register_file_o[12] ; Inapplicable ; Inapplicable ; Inapplicable ; Inapplicable ; Inapplicable ; Pass      ; Inapplicable ; Inapplicable ; Pass      ; Pass      ; Inapplicable ; Inapplicable ; Inapplicable ; Inapplicable ; Inapplicable ; Inapplicable ; Inapplicable ; Inapplicable ; Inapplicable ; Inapplicable ; Inapplicable ; Inapplicable ; Inapplicable ; Inapplicable ; Inapplicable ; Pass      ; Inapplicable ; Inapplicable ; Inapplicable ; Inapplicable ; Inapplicable ;
; data_popped_to_register_file_o[13] ; Inapplicable ; Inapplicable ; Inapplicable ; Inapplicable ; Inapplicable ; Pass      ; Inapplicable ; Inapplicable ; Pass      ; Pass      ; Inapplicable ; Inapplicable ; Inapplicable ; Inapplicable ; Inapplicable ; Inapplicable ; Inapplicable ; Inapplicable ; Inapplicable ; Inapplicable ; Inapplicable ; Inapplicable ; Inapplicable ; Inapplicable ; Inapplicable ; Pass      ; Inapplicable ; Inapplicable ; Inapplicable ; Inapplicable ; Inapplicable ;
; data_popped_to_register_file_o[14] ; Inapplicable ; Inapplicable ; Inapplicable ; Inapplicable ; Inapplicable ; Pass      ; Inapplicable ; Inapplicable ; Pass      ; Pass      ; Inapplicable ; Inapplicable ; Inapplicable ; Inapplicable ; Inapplicable ; Inapplicable ; Inapplicable ; Inapplicable ; Inapplicable ; Inapplicable ; Inapplicable ; Inapplicable ; Inapplicable ; Inapplicable ; Inapplicable ; Pass      ; Inapplicable ; Inapplicable ; Inapplicable ; Inapplicable ; Inapplicable ;
; data_popped_to_register_file_o[15] ; Inapplicable ; Inapplicable ; Inapplicable ; Inapplicable ; Inapplicable ; Pass      ; Inapplicable ; Inapplicable ; Pass      ; Pass      ; Inapplicable ; Inapplicable ; Inapplicable ; Inapplicable ; Inapplicable ; Inapplicable ; Inapplicable ; Inapplicable ; Inapplicable ; Inapplicable ; Inapplicable ; Inapplicable ; Inapplicable ; Inapplicable ; Inapplicable ; Pass      ; Inapplicable ; Inapplicable ; Inapplicable ; Inapplicable ; Inapplicable ;
; stack_pointer_current_value_o[0]   ; Inapplicable ; Inapplicable ; Inapplicable ; Inapplicable ; Inapplicable ; Pass      ; Inapplicable ; Inapplicable ; Pass      ; Pass      ; Inapplicable ; Inapplicable ; Inapplicable ; Inapplicable ; Inapplicable ; Inapplicable ; Inapplicable ; Inapplicable ; Inapplicable ; Inapplicable ; Inapplicable ; Inapplicable ; Inapplicable ; Inapplicable ; Inapplicable ; Pass      ; Inapplicable ; Inapplicable ; Inapplicable ; Inapplicable ; Inapplicable ;
; stack_pointer_current_value_o[1]   ; Inapplicable ; Inapplicable ; Inapplicable ; Inapplicable ; Inapplicable ; Pass      ; Inapplicable ; Inapplicable ; Pass      ; Pass      ; Inapplicable ; Inapplicable ; Inapplicable ; Inapplicable ; Inapplicable ; Inapplicable ; Inapplicable ; Inapplicable ; Inapplicable ; Inapplicable ; Inapplicable ; Inapplicable ; Inapplicable ; Inapplicable ; Inapplicable ; Pass      ; Inapplicable ; Inapplicable ; Inapplicable ; Inapplicable ; Inapplicable ;
; stack_pointer_current_value_o[2]   ; Inapplicable ; Inapplicable ; Inapplicable ; Inapplicable ; Inapplicable ; Pass      ; Inapplicable ; Inapplicable ; Pass      ; Pass      ; Inapplicable ; Inapplicable ; Inapplicable ; Inapplicable ; Inapplicable ; Inapplicable ; Inapplicable ; Inapplicable ; Inapplicable ; Inapplicable ; Inapplicable ; Inapplicable ; Inapplicable ; Inapplicable ; Inapplicable ; Pass      ; Inapplicable ; Inapplicable ; Inapplicable ; Inapplicable ; Inapplicable ;
; status_stack_empty_o               ; Inapplicable ; Inapplicable ; Inapplicable ; Inapplicable ; Inapplicable ; Pass      ; Inapplicable ; Inapplicable ; Pass      ; Pass      ; Inapplicable ; Inapplicable ; Inapplicable ; Inapplicable ; Inapplicable ; Inapplicable ; Inapplicable ; Inapplicable ; Inapplicable ; Inapplicable ; Inapplicable ; Inapplicable ; Inapplicable ; Inapplicable ; Inapplicable ; Pass      ; Inapplicable ; Inapplicable ; Inapplicable ; Inapplicable ; Inapplicable ;
; status_stack_full_o                ; Inapplicable ; Inapplicable ; Inapplicable ; Inapplicable ; Inapplicable ; Pass      ; Inapplicable ; Inapplicable ; Pass      ; Pass      ; Inapplicable ; Inapplicable ; Inapplicable ; Inapplicable ; Inapplicable ; Inapplicable ; Inapplicable ; Inapplicable ; Inapplicable ; Inapplicable ; Inapplicable ; Inapplicable ; Inapplicable ; Inapplicable ; Inapplicable ; Pass      ; Inapplicable ; Inapplicable ; Inapplicable ; Inapplicable ; Inapplicable ;
; error_push_to_full_stack_o         ; Inapplicable ; Inapplicable ; Inapplicable ; Inapplicable ; Inapplicable ; Pass      ; Inapplicable ; Inapplicable ; Pass      ; Pass      ; Inapplicable ; Inapplicable ; Inapplicable ; Inapplicable ; Inapplicable ; Inapplicable ; Inapplicable ; Inapplicable ; Inapplicable ; Inapplicable ; Inapplicable ; Inapplicable ; Inapplicable ; Inapplicable ; Inapplicable ; Pass      ; Inapplicable ; Inapplicable ; Inapplicable ; Inapplicable ; Inapplicable ;
; error_pop_from_empty_stack_o       ; Inapplicable ; Inapplicable ; Inapplicable ; Inapplicable ; Inapplicable ; Pass      ; Inapplicable ; Inapplicable ; Pass      ; Pass      ; Inapplicable ; Inapplicable ; Inapplicable ; Inapplicable ; Inapplicable ; Inapplicable ; Inapplicable ; Inapplicable ; Inapplicable ; Inapplicable ; Inapplicable ; Inapplicable ; Inapplicable ; Inapplicable ; Inapplicable ; Pass      ; Inapplicable ; Inapplicable ; Inapplicable ; Inapplicable ; Inapplicable ;
; ctrl_push_enable_o                 ; Inapplicable ; Inapplicable ; Inapplicable ; Inapplicable ; Inapplicable ; Pass      ; Inapplicable ; Inapplicable ; Pass      ; Pass      ; Inapplicable ; Inapplicable ; Inapplicable ; Inapplicable ; Inapplicable ; Inapplicable ; Inapplicable ; Inapplicable ; Inapplicable ; Inapplicable ; Inapplicable ; Inapplicable ; Inapplicable ; Inapplicable ; Inapplicable ; Pass      ; Inapplicable ; Inapplicable ; Inapplicable ; Inapplicable ; Inapplicable ;
; ctrl_pop_enable_o                  ; Inapplicable ; Inapplicable ; Inapplicable ; Inapplicable ; Inapplicable ; Pass      ; Inapplicable ; Inapplicable ; Pass      ; Pass      ; Inapplicable ; Inapplicable ; Inapplicable ; Inapplicable ; Inapplicable ; Inapplicable ; Inapplicable ; Inapplicable ; Inapplicable ; Inapplicable ; Inapplicable ; Inapplicable ; Inapplicable ; Inapplicable ; Inapplicable ; Pass      ; Inapplicable ; Inapplicable ; Inapplicable ; Inapplicable ; Inapplicable ;
; stack_command_idle_push_pop_i[0]   ; Inapplicable ; Inapplicable ; Inapplicable ; Inapplicable ; Inapplicable ; Pass      ; Inapplicable ; Inapplicable ; Pass      ; Pass      ; Inapplicable ; Inapplicable ; Inapplicable ; Inapplicable ; Inapplicable ; Inapplicable ; Inapplicable ; Inapplicable ; Inapplicable ; Inapplicable ; Inapplicable ; Inapplicable ; Inapplicable ; Inapplicable ; Inapplicable ; Pass      ; Inapplicable ; Inapplicable ; Inapplicable ; Inapplicable ; Inapplicable ;
; stack_command_idle_push_pop_i[1]   ; Inapplicable ; Inapplicable ; Inapplicable ; Inapplicable ; Inapplicable ; Pass      ; Inapplicable ; Inapplicable ; Pass      ; Pass      ; Inapplicable ; Inapplicable ; Inapplicable ; Inapplicable ; Inapplicable ; Inapplicable ; Inapplicable ; Inapplicable ; Inapplicable ; Inapplicable ; Inapplicable ; Inapplicable ; Inapplicable ; Inapplicable ; Inapplicable ; Pass      ; Inapplicable ; Inapplicable ; Inapplicable ; Inapplicable ; Inapplicable ;
; clock_i                            ; Inapplicable ; Inapplicable ; Inapplicable ; Inapplicable ; Inapplicable ; Pass      ; Inapplicable ; Inapplicable ; Pass      ; Pass      ; Inapplicable ; Inapplicable ; Inapplicable ; Inapplicable ; Inapplicable ; Inapplicable ; Inapplicable ; Inapplicable ; Inapplicable ; Inapplicable ; Inapplicable ; Inapplicable ; Inapplicable ; Inapplicable ; Inapplicable ; Pass      ; Inapplicable ; Inapplicable ; Inapplicable ; Inapplicable ; Inapplicable ;
; reset_i                            ; Inapplicable ; Inapplicable ; Inapplicable ; Inapplicable ; Inapplicable ; Pass      ; Inapplicable ; Inapplicable ; Pass      ; Pass      ; Inapplicable ; Inapplicable ; Inapplicable ; Inapplicable ; Inapplicable ; Inapplicable ; Inapplicable ; Inapplicable ; Inapplicable ; Inapplicable ; Inapplicable ; Inapplicable ; Inapplicable ; Inapplicable ; Inapplicable ; Pass      ; Inapplicable ; Inapplicable ; Inapplicable ; Inapplicable ; Inapplicable ;
; alu_result_for_push_i[0]           ; Inapplicable ; Inapplicable ; Inapplicable ; Inapplicable ; Inapplicable ; Pass      ; Inapplicable ; Inapplicable ; Pass      ; Pass      ; Inapplicable ; Inapplicable ; Inapplicable ; Inapplicable ; Inapplicable ; Inapplicable ; Inapplicable ; Inapplicable ; Inapplicable ; Inapplicable ; Inapplicable ; Inapplicable ; Inapplicable ; Inapplicable ; Inapplicable ; Pass      ; Inapplicable ; Inapplicable ; Inapplicable ; Inapplicable ; Inapplicable ;
; data_from_register_file_i[0]       ; Inapplicable ; Inapplicable ; Inapplicable ; Inapplicable ; Inapplicable ; Pass      ; Inapplicable ; Inapplicable ; Pass      ; Pass      ; Inapplicable ; Inapplicable ; Inapplicable ; Inapplicable ; Inapplicable ; Inapplicable ; Inapplicable ; Inapplicable ; Inapplicable ; Inapplicable ; Inapplicable ; Inapplicable ; Inapplicable ; Inapplicable ; Inapplicable ; Pass      ; Inapplicable ; Inapplicable ; Inapplicable ; Inapplicable ; Inapplicable ;
; alu_result_for_push_i[1]           ; Inapplicable ; Inapplicable ; Inapplicable ; Inapplicable ; Inapplicable ; Pass      ; Inapplicable ; Inapplicable ; Pass      ; Pass      ; Inapplicable ; Inapplicable ; Inapplicable ; Inapplicable ; Inapplicable ; Inapplicable ; Inapplicable ; Inapplicable ; Inapplicable ; Inapplicable ; Inapplicable ; Inapplicable ; Inapplicable ; Inapplicable ; Inapplicable ; Pass      ; Inapplicable ; Inapplicable ; Inapplicable ; Inapplicable ; Inapplicable ;
; data_from_register_file_i[1]       ; Inapplicable ; Inapplicable ; Inapplicable ; Inapplicable ; Inapplicable ; Pass      ; Inapplicable ; Inapplicable ; Pass      ; Pass      ; Inapplicable ; Inapplicable ; Inapplicable ; Inapplicable ; Inapplicable ; Inapplicable ; Inapplicable ; Inapplicable ; Inapplicable ; Inapplicable ; Inapplicable ; Inapplicable ; Inapplicable ; Inapplicable ; Inapplicable ; Pass      ; Inapplicable ; Inapplicable ; Inapplicable ; Inapplicable ; Inapplicable ;
; alu_result_for_push_i[2]           ; Inapplicable ; Inapplicable ; Inapplicable ; Inapplicable ; Inapplicable ; Pass      ; Inapplicable ; Inapplicable ; Pass      ; Pass      ; Inapplicable ; Inapplicable ; Inapplicable ; Inapplicable ; Inapplicable ; Inapplicable ; Inapplicable ; Inapplicable ; Inapplicable ; Inapplicable ; Inapplicable ; Inapplicable ; Inapplicable ; Inapplicable ; Inapplicable ; Pass      ; Inapplicable ; Inapplicable ; Inapplicable ; Inapplicable ; Inapplicable ;
; data_from_register_file_i[2]       ; Inapplicable ; Inapplicable ; Inapplicable ; Inapplicable ; Inapplicable ; Pass      ; Inapplicable ; Inapplicable ; Pass      ; Pass      ; Inapplicable ; Inapplicable ; Inapplicable ; Inapplicable ; Inapplicable ; Inapplicable ; Inapplicable ; Inapplicable ; Inapplicable ; Inapplicable ; Inapplicable ; Inapplicable ; Inapplicable ; Inapplicable ; Inapplicable ; Pass      ; Inapplicable ; Inapplicable ; Inapplicable ; Inapplicable ; Inapplicable ;
; alu_result_for_push_i[3]           ; Inapplicable ; Inapplicable ; Inapplicable ; Inapplicable ; Inapplicable ; Pass      ; Inapplicable ; Inapplicable ; Pass      ; Pass      ; Inapplicable ; Inapplicable ; Inapplicable ; Inapplicable ; Inapplicable ; Inapplicable ; Inapplicable ; Inapplicable ; Inapplicable ; Inapplicable ; Inapplicable ; Inapplicable ; Inapplicable ; Inapplicable ; Inapplicable ; Pass      ; Inapplicable ; Inapplicable ; Inapplicable ; Inapplicable ; Inapplicable ;
; data_from_register_file_i[3]       ; Inapplicable ; Inapplicable ; Inapplicable ; Inapplicable ; Inapplicable ; Pass      ; Inapplicable ; Inapplicable ; Pass      ; Pass      ; Inapplicable ; Inapplicable ; Inapplicable ; Inapplicable ; Inapplicable ; Inapplicable ; Inapplicable ; Inapplicable ; Inapplicable ; Inapplicable ; Inapplicable ; Inapplicable ; Inapplicable ; Inapplicable ; Inapplicable ; Pass      ; Inapplicable ; Inapplicable ; Inapplicable ; Inapplicable ; Inapplicable ;
; alu_result_for_push_i[4]           ; Inapplicable ; Inapplicable ; Inapplicable ; Inapplicable ; Inapplicable ; Pass      ; Inapplicable ; Inapplicable ; Pass      ; Pass      ; Inapplicable ; Inapplicable ; Inapplicable ; Inapplicable ; Inapplicable ; Inapplicable ; Inapplicable ; Inapplicable ; Inapplicable ; Inapplicable ; Inapplicable ; Inapplicable ; Inapplicable ; Inapplicable ; Inapplicable ; Pass      ; Inapplicable ; Inapplicable ; Inapplicable ; Inapplicable ; Inapplicable ;
; data_from_register_file_i[4]       ; Inapplicable ; Inapplicable ; Inapplicable ; Inapplicable ; Inapplicable ; Pass      ; Inapplicable ; Inapplicable ; Pass      ; Pass      ; Inapplicable ; Inapplicable ; Inapplicable ; Inapplicable ; Inapplicable ; Inapplicable ; Inapplicable ; Inapplicable ; Inapplicable ; Inapplicable ; Inapplicable ; Inapplicable ; Inapplicable ; Inapplicable ; Inapplicable ; Pass      ; Inapplicable ; Inapplicable ; Inapplicable ; Inapplicable ; Inapplicable ;
; alu_result_for_push_i[5]           ; Inapplicable ; Inapplicable ; Inapplicable ; Inapplicable ; Inapplicable ; Pass      ; Inapplicable ; Inapplicable ; Pass      ; Pass      ; Inapplicable ; Inapplicable ; Inapplicable ; Inapplicable ; Inapplicable ; Inapplicable ; Inapplicable ; Inapplicable ; Inapplicable ; Inapplicable ; Inapplicable ; Inapplicable ; Inapplicable ; Inapplicable ; Inapplicable ; Pass      ; Inapplicable ; Inapplicable ; Inapplicable ; Inapplicable ; Inapplicable ;
; data_from_register_file_i[5]       ; Inapplicable ; Inapplicable ; Inapplicable ; Inapplicable ; Inapplicable ; Pass      ; Inapplicable ; Inapplicable ; Pass      ; Pass      ; Inapplicable ; Inapplicable ; Inapplicable ; Inapplicable ; Inapplicable ; Inapplicable ; Inapplicable ; Inapplicable ; Inapplicable ; Inapplicable ; Inapplicable ; Inapplicable ; Inapplicable ; Inapplicable ; Inapplicable ; Pass      ; Inapplicable ; Inapplicable ; Inapplicable ; Inapplicable ; Inapplicable ;
; alu_result_for_push_i[6]           ; Inapplicable ; Inapplicable ; Inapplicable ; Inapplicable ; Inapplicable ; Pass      ; Inapplicable ; Inapplicable ; Pass      ; Pass      ; Inapplicable ; Inapplicable ; Inapplicable ; Inapplicable ; Inapplicable ; Inapplicable ; Inapplicable ; Inapplicable ; Inapplicable ; Inapplicable ; Inapplicable ; Inapplicable ; Inapplicable ; Inapplicable ; Inapplicable ; Pass      ; Inapplicable ; Inapplicable ; Inapplicable ; Inapplicable ; Inapplicable ;
; data_from_register_file_i[6]       ; Inapplicable ; Inapplicable ; Inapplicable ; Inapplicable ; Inapplicable ; Pass      ; Inapplicable ; Inapplicable ; Pass      ; Pass      ; Inapplicable ; Inapplicable ; Inapplicable ; Inapplicable ; Inapplicable ; Inapplicable ; Inapplicable ; Inapplicable ; Inapplicable ; Inapplicable ; Inapplicable ; Inapplicable ; Inapplicable ; Inapplicable ; Inapplicable ; Pass      ; Inapplicable ; Inapplicable ; Inapplicable ; Inapplicable ; Inapplicable ;
; alu_result_for_push_i[7]           ; Inapplicable ; Inapplicable ; Inapplicable ; Inapplicable ; Inapplicable ; Pass      ; Inapplicable ; Inapplicable ; Pass      ; Pass      ; Inapplicable ; Inapplicable ; Inapplicable ; Inapplicable ; Inapplicable ; Inapplicable ; Inapplicable ; Inapplicable ; Inapplicable ; Inapplicable ; Inapplicable ; Inapplicable ; Inapplicable ; Inapplicable ; Inapplicable ; Pass      ; Inapplicable ; Inapplicable ; Inapplicable ; Inapplicable ; Inapplicable ;
; data_from_register_file_i[7]       ; Inapplicable ; Inapplicable ; Inapplicable ; Inapplicable ; Inapplicable ; Pass      ; Inapplicable ; Inapplicable ; Pass      ; Pass      ; Inapplicable ; Inapplicable ; Inapplicable ; Inapplicable ; Inapplicable ; Inapplicable ; Inapplicable ; Inapplicable ; Inapplicable ; Inapplicable ; Inapplicable ; Inapplicable ; Inapplicable ; Inapplicable ; Inapplicable ; Pass      ; Inapplicable ; Inapplicable ; Inapplicable ; Inapplicable ; Inapplicable ;
; alu_result_for_push_i[8]           ; Inapplicable ; Inapplicable ; Inapplicable ; Inapplicable ; Inapplicable ; Pass      ; Inapplicable ; Inapplicable ; Pass      ; Pass      ; Inapplicable ; Inapplicable ; Inapplicable ; Inapplicable ; Inapplicable ; Inapplicable ; Inapplicable ; Inapplicable ; Inapplicable ; Inapplicable ; Inapplicable ; Inapplicable ; Inapplicable ; Inapplicable ; Inapplicable ; Pass      ; Inapplicable ; Inapplicable ; Inapplicable ; Inapplicable ; Inapplicable ;
; data_from_register_file_i[8]       ; Inapplicable ; Inapplicable ; Inapplicable ; Inapplicable ; Inapplicable ; Pass      ; Inapplicable ; Inapplicable ; Pass      ; Pass      ; Inapplicable ; Inapplicable ; Inapplicable ; Inapplicable ; Inapplicable ; Inapplicable ; Inapplicable ; Inapplicable ; Inapplicable ; Inapplicable ; Inapplicable ; Inapplicable ; Inapplicable ; Inapplicable ; Inapplicable ; Pass      ; Inapplicable ; Inapplicable ; Inapplicable ; Inapplicable ; Inapplicable ;
; alu_result_for_push_i[9]           ; Inapplicable ; Inapplicable ; Inapplicable ; Inapplicable ; Inapplicable ; Pass      ; Inapplicable ; Inapplicable ; Pass      ; Pass      ; Inapplicable ; Inapplicable ; Inapplicable ; Inapplicable ; Inapplicable ; Inapplicable ; Inapplicable ; Inapplicable ; Inapplicable ; Inapplicable ; Inapplicable ; Inapplicable ; Inapplicable ; Inapplicable ; Inapplicable ; Pass      ; Inapplicable ; Inapplicable ; Inapplicable ; Inapplicable ; Inapplicable ;
; data_from_register_file_i[9]       ; Inapplicable ; Inapplicable ; Inapplicable ; Inapplicable ; Inapplicable ; Pass      ; Inapplicable ; Inapplicable ; Pass      ; Pass      ; Inapplicable ; Inapplicable ; Inapplicable ; Inapplicable ; Inapplicable ; Inapplicable ; Inapplicable ; Inapplicable ; Inapplicable ; Inapplicable ; Inapplicable ; Inapplicable ; Inapplicable ; Inapplicable ; Inapplicable ; Pass      ; Inapplicable ; Inapplicable ; Inapplicable ; Inapplicable ; Inapplicable ;
; alu_result_for_push_i[10]          ; Inapplicable ; Inapplicable ; Inapplicable ; Inapplicable ; Inapplicable ; Pass      ; Inapplicable ; Inapplicable ; Pass      ; Pass      ; Inapplicable ; Inapplicable ; Inapplicable ; Inapplicable ; Inapplicable ; Inapplicable ; Inapplicable ; Inapplicable ; Inapplicable ; Inapplicable ; Inapplicable ; Inapplicable ; Inapplicable ; Inapplicable ; Inapplicable ; Pass      ; Inapplicable ; Inapplicable ; Inapplicable ; Inapplicable ; Inapplicable ;
; data_from_register_file_i[10]      ; Inapplicable ; Inapplicable ; Inapplicable ; Inapplicable ; Inapplicable ; Pass      ; Inapplicable ; Inapplicable ; Pass      ; Pass      ; Inapplicable ; Inapplicable ; Inapplicable ; Inapplicable ; Inapplicable ; Inapplicable ; Inapplicable ; Inapplicable ; Inapplicable ; Inapplicable ; Inapplicable ; Inapplicable ; Inapplicable ; Inapplicable ; Inapplicable ; Pass      ; Inapplicable ; Inapplicable ; Inapplicable ; Inapplicable ; Inapplicable ;
; alu_result_for_push_i[11]          ; Inapplicable ; Inapplicable ; Inapplicable ; Inapplicable ; Inapplicable ; Pass      ; Inapplicable ; Inapplicable ; Pass      ; Pass      ; Inapplicable ; Inapplicable ; Inapplicable ; Inapplicable ; Inapplicable ; Inapplicable ; Inapplicable ; Inapplicable ; Inapplicable ; Inapplicable ; Inapplicable ; Inapplicable ; Inapplicable ; Inapplicable ; Inapplicable ; Pass      ; Inapplicable ; Inapplicable ; Inapplicable ; Inapplicable ; Inapplicable ;
; data_from_register_file_i[11]      ; Inapplicable ; Inapplicable ; Inapplicable ; Inapplicable ; Inapplicable ; Pass      ; Inapplicable ; Inapplicable ; Pass      ; Pass      ; Inapplicable ; Inapplicable ; Inapplicable ; Inapplicable ; Inapplicable ; Inapplicable ; Inapplicable ; Inapplicable ; Inapplicable ; Inapplicable ; Inapplicable ; Inapplicable ; Inapplicable ; Inapplicable ; Inapplicable ; Pass      ; Inapplicable ; Inapplicable ; Inapplicable ; Inapplicable ; Inapplicable ;
; alu_result_for_push_i[12]          ; Inapplicable ; Inapplicable ; Inapplicable ; Inapplicable ; Inapplicable ; Pass      ; Inapplicable ; Inapplicable ; Pass      ; Pass      ; Inapplicable ; Inapplicable ; Inapplicable ; Inapplicable ; Inapplicable ; Inapplicable ; Inapplicable ; Inapplicable ; Inapplicable ; Inapplicable ; Inapplicable ; Inapplicable ; Inapplicable ; Inapplicable ; Inapplicable ; Pass      ; Inapplicable ; Inapplicable ; Inapplicable ; Inapplicable ; Inapplicable ;
; data_from_register_file_i[12]      ; Inapplicable ; Inapplicable ; Inapplicable ; Inapplicable ; Inapplicable ; Pass      ; Inapplicable ; Inapplicable ; Pass      ; Pass      ; Inapplicable ; Inapplicable ; Inapplicable ; Inapplicable ; Inapplicable ; Inapplicable ; Inapplicable ; Inapplicable ; Inapplicable ; Inapplicable ; Inapplicable ; Inapplicable ; Inapplicable ; Inapplicable ; Inapplicable ; Pass      ; Inapplicable ; Inapplicable ; Inapplicable ; Inapplicable ; Inapplicable ;
; alu_result_for_push_i[13]          ; Inapplicable ; Inapplicable ; Inapplicable ; Inapplicable ; Inapplicable ; Pass      ; Inapplicable ; Inapplicable ; Pass      ; Pass      ; Inapplicable ; Inapplicable ; Inapplicable ; Inapplicable ; Inapplicable ; Inapplicable ; Inapplicable ; Inapplicable ; Inapplicable ; Inapplicable ; Inapplicable ; Inapplicable ; Inapplicable ; Inapplicable ; Inapplicable ; Pass      ; Inapplicable ; Inapplicable ; Inapplicable ; Inapplicable ; Inapplicable ;
; data_from_register_file_i[13]      ; Inapplicable ; Inapplicable ; Inapplicable ; Inapplicable ; Inapplicable ; Pass      ; Inapplicable ; Inapplicable ; Pass      ; Pass      ; Inapplicable ; Inapplicable ; Inapplicable ; Inapplicable ; Inapplicable ; Inapplicable ; Inapplicable ; Inapplicable ; Inapplicable ; Inapplicable ; Inapplicable ; Inapplicable ; Inapplicable ; Inapplicable ; Inapplicable ; Pass      ; Inapplicable ; Inapplicable ; Inapplicable ; Inapplicable ; Inapplicable ;
; alu_result_for_push_i[14]          ; Inapplicable ; Inapplicable ; Inapplicable ; Inapplicable ; Inapplicable ; Pass      ; Inapplicable ; Inapplicable ; Pass      ; Pass      ; Inapplicable ; Inapplicable ; Inapplicable ; Inapplicable ; Inapplicable ; Inapplicable ; Inapplicable ; Inapplicable ; Inapplicable ; Inapplicable ; Inapplicable ; Inapplicable ; Inapplicable ; Inapplicable ; Inapplicable ; Pass      ; Inapplicable ; Inapplicable ; Inapplicable ; Inapplicable ; Inapplicable ;
; data_from_register_file_i[14]      ; Inapplicable ; Inapplicable ; Inapplicable ; Inapplicable ; Inapplicable ; Pass      ; Inapplicable ; Inapplicable ; Pass      ; Pass      ; Inapplicable ; Inapplicable ; Inapplicable ; Inapplicable ; Inapplicable ; Inapplicable ; Inapplicable ; Inapplicable ; Inapplicable ; Inapplicable ; Inapplicable ; Inapplicable ; Inapplicable ; Inapplicable ; Inapplicable ; Pass      ; Inapplicable ; Inapplicable ; Inapplicable ; Inapplicable ; Inapplicable ;
; alu_result_for_push_i[15]          ; Inapplicable ; Inapplicable ; Inapplicable ; Inapplicable ; Inapplicable ; Pass      ; Inapplicable ; Inapplicable ; Pass      ; Pass      ; Inapplicable ; Inapplicable ; Inapplicable ; Inapplicable ; Inapplicable ; Inapplicable ; Inapplicable ; Inapplicable ; Inapplicable ; Inapplicable ; Inapplicable ; Inapplicable ; Inapplicable ; Inapplicable ; Inapplicable ; Pass      ; Inapplicable ; Inapplicable ; Inapplicable ; Inapplicable ; Inapplicable ;
; data_from_register_file_i[15]      ; Inapplicable ; Inapplicable ; Inapplicable ; Inapplicable ; Inapplicable ; Pass      ; Inapplicable ; Inapplicable ; Pass      ; Pass      ; Inapplicable ; Inapplicable ; Inapplicable ; Inapplicable ; Inapplicable ; Inapplicable ; Inapplicable ; Inapplicable ; Inapplicable ; Inapplicable ; Inapplicable ; Inapplicable ; Inapplicable ; Inapplicable ; Inapplicable ; Pass      ; Inapplicable ; Inapplicable ; Inapplicable ; Inapplicable ; Inapplicable ;
+------------------------------------+--------------+--------------+--------------+--------------+--------------+-----------+--------------+--------------+-----------+-----------+--------------+--------------+--------------+--------------+--------------+--------------+--------------+--------------+--------------+--------------+--------------+--------------+--------------+--------------+--------------+-----------+--------------+--------------+--------------+--------------+--------------+


+--------------------------------------------------------------------+
; Fitter Device Options                                              ;
+----------------------------------------------+---------------------+
; Option                                       ; Setting             ;
+----------------------------------------------+---------------------+
; Enable user-supplied start-up clock (CLKUSR) ; Off                 ;
; Enable device-wide reset (DEV_CLRn)          ; Off                 ;
; Enable device-wide output enable (DEV_OE)    ; Off                 ;
; Enable INIT_DONE output                      ; Off                 ;
; Configuration scheme                         ; Passive Serial      ;
; Error detection CRC                          ; Off                 ;
; Configuration Voltage Level                  ; Auto                ;
; Force Configuration Voltage Level            ; Off                 ;
; nWS, nRS, nCS, CS                            ; Unreserved          ;
; RDYnBUSY                                     ; Unreserved          ;
; Data[7..1]                                   ; Unreserved          ;
; Data[0]                                      ; As input tri-stated ;
; ASDO,nCSO                                    ; Unreserved          ;
; Reserve all unused pins                      ; As input tri-stated ;
; Base pin-out file on sameframe device        ; Off                 ;
+----------------------------------------------+---------------------+


+------------------------------------+
; Operating Settings and Conditions  ;
+---------------------------+--------+
; Setting                   ; Value  ;
+---------------------------+--------+
; Nominal Core Voltage      ; 1.20 V ;
; Low Junction Temperature  ; 0 °C   ;
; High Junction Temperature ; 85 °C  ;
+---------------------------+--------+


+------------------------------------------------------------+
; Estimated Delay Added for Hold Timing                      ;
+-----------------+----------------------+-------------------+
; Source Clock(s) ; Destination Clock(s) ; Delay Added in ns ;
+-----------------+----------------------+-------------------+


+-----------------+
; Fitter Messages ;
+-----------------+
Info: *******************************************************************
Info: Running Quartus II Fitter
    Info: Version 9.1 Build 222 10/21/2009 SJ Web Edition
    Info: Processing started: Thu May 14 23:24:15 2026
Info: Command: quartus_fit --read_settings_files=off --write_settings_files=off lab6_stack -c lab6_stack
Info: Automatically selected device EP2S15F484C3 for design lab6_stack
Info: Fitter is performing an Auto Fit compilation, which may decrease Fitter effort to reduce compilation time
Warning: Feature LogicLock is only available with a valid subscription license. Please purchase a software subscription to gain full access to this feature.
Info: Device migration not selected. If you intend to use device migration later, you may need to change the pin assignments as they may be incompatible with other devices
Info: Fitter converted 1 user pins into dedicated programming pins
    Info: Pin ~DATA0~ is reserved at location E13
Critical Warning: No exact pin location assignment(s) for 61 pins of 61 total pins
    Info: Pin data_popped_to_register_file_o[0] not assigned to an exact location on the device
    Info: Pin data_popped_to_register_file_o[1] not assigned to an exact location on the device
    Info: Pin data_popped_to_register_file_o[2] not assigned to an exact location on the device
    Info: Pin data_popped_to_register_file_o[3] not assigned to an exact location on the device
    Info: Pin data_popped_to_register_file_o[4] not assigned to an exact location on the device
    Info: Pin data_popped_to_register_file_o[5] not assigned to an exact location on the device
    Info: Pin data_popped_to_register_file_o[6] not assigned to an exact location on the device
    Info: Pin data_popped_to_register_file_o[7] not assigned to an exact location on the device
    Info: Pin data_popped_to_register_file_o[8] not assigned to an exact location on the device
    Info: Pin data_popped_to_register_file_o[9] not assigned to an exact location on the device
    Info: Pin data_popped_to_register_file_o[10] not assigned to an exact location on the device
    Info: Pin data_popped_to_register_file_o[11] not assigned to an exact location on the device
    Info: Pin data_popped_to_register_file_o[12] not assigned to an exact location on the device
    Info: Pin data_popped_to_register_file_o[13] not assigned to an exact location on the device
    Info: Pin data_popped_to_register_file_o[14] not assigned to an exact location on the device
    Info: Pin data_popped_to_register_file_o[15] not assigned to an exact location on the device
    Info: Pin stack_pointer_current_value_o[0] not assigned to an exact location on the device
    Info: Pin stack_pointer_current_value_o[1] not assigned to an exact location on the device
    Info: Pin stack_pointer_current_value_o[2] not assigned to an exact location on the device
    Info: Pin status_stack_empty_o not assigned to an exact location on the device
    Info: Pin status_stack_full_o not assigned to an exact location on the device
    Info: Pin error_push_to_full_stack_o not assigned to an exact location on the device
    Info: Pin error_pop_from_empty_stack_o not assigned to an exact location on the device
    Info: Pin ctrl_push_enable_o not assigned to an exact location on the device
    Info: Pin ctrl_pop_enable_o not assigned to an exact location on the device
    Info: Pin stack_command_idle_push_pop_i[0] not assigned to an exact location on the device
    Info: Pin stack_command_idle_push_pop_i[1] not assigned to an exact location on the device
    Info: Pin clock_i not assigned to an exact location on the device
    Info: Pin reset_i not assigned to an exact location on the device
    Info: Pin alu_result_for_push_i[0] not assigned to an exact location on the device
    Info: Pin data_from_register_file_i[0] not assigned to an exact location on the device
    Info: Pin alu_result_for_push_i[1] not assigned to an exact location on the device
    Info: Pin data_from_register_file_i[1] not assigned to an exact location on the device
    Info: Pin alu_result_for_push_i[2] not assigned to an exact location on the device
    Info: Pin data_from_register_file_i[2] not assigned to an exact location on the device
    Info: Pin alu_result_for_push_i[3] not assigned to an exact location on the device
    Info: Pin data_from_register_file_i[3] not assigned to an exact location on the device
    Info: Pin alu_result_for_push_i[4] not assigned to an exact location on the device
    Info: Pin data_from_register_file_i[4] not assigned to an exact location on the device
    Info: Pin alu_result_for_push_i[5] not assigned to an exact location on the device
    Info: Pin data_from_register_file_i[5] not assigned to an exact location on the device
    Info: Pin alu_result_for_push_i[6] not assigned to an exact location on the device
    Info: Pin data_from_register_file_i[6] not assigned to an exact location on the device
    Info: Pin alu_result_for_push_i[7] not assigned to an exact location on the device
    Info: Pin data_from_register_file_i[7] not assigned to an exact location on the device
    Info: Pin alu_result_for_push_i[8] not assigned to an exact location on the device
    Info: Pin data_from_register_file_i[8] not assigned to an exact location on the device
    Info: Pin alu_result_for_push_i[9] not assigned to an exact location on the device
    Info: Pin data_from_register_file_i[9] not assigned to an exact location on the device
    Info: Pin alu_result_for_push_i[10] not assigned to an exact location on the device
    Info: Pin data_from_register_file_i[10] not assigned to an exact location on the device
    Info: Pin alu_result_for_push_i[11] not assigned to an exact location on the device
    Info: Pin data_from_register_file_i[11] not assigned to an exact location on the device
    Info: Pin alu_result_for_push_i[12] not assigned to an exact location on the device
    Info: Pin data_from_register_file_i[12] not assigned to an exact location on the device
    Info: Pin alu_result_for_push_i[13] not assigned to an exact location on the device
    Info: Pin data_from_register_file_i[13] not assigned to an exact location on the device
    Info: Pin alu_result_for_push_i[14] not assigned to an exact location on the device
    Info: Pin data_from_register_file_i[14] not assigned to an exact location on the device
    Info: Pin alu_result_for_push_i[15] not assigned to an exact location on the device
    Info: Pin data_from_register_file_i[15] not assigned to an exact location on the device
Warning: Some pins have incomplete I/O assignments. Refer to the I/O Assignment Warnings report for details
Info: Timing-driven compilation is using the Classic Timing Analyzer
Info: Timing requirements not specified -- quality metrics such as performance and power consumption may be sacrificed to reduce compilation time.
Info: Automatically promoted node clock_i (placed in PIN N20 (CLK3p, Input))
    Info: Automatically promoted destinations to use location or clock signal Global Clock CLKCTRL_G3
Info: Starting register packing
Extra Info: Performing register packing on registers with non-logic cell location assignments
Extra Info: Completed register packing on registers with non-logic cell location assignments
Extra Info: Started Fast Input/Output/OE register processing
Extra Info: Finished Fast Input/Output/OE register processing
Extra Info: Moving registers into I/O cells, DSP blocks, and RAM blocks to improve timing and density
Extra Info: Finished moving registers into I/O cells, DSP blocks, and RAM blocks
Info: Finished register packing
    Extra Info: No registers were packed into other blocks
Info: Statistics of I/O pins that need to be placed that use the same VCCIO and VREF, before I/O pin placement
    Info: Number of I/O pins in group: 60 (unused VREF, 3.3V VCCIO, 35 input, 25 output, 0 bidirectional)
        Info: I/O standards used: 3.3-V LVTTL.
Info: I/O bank details before I/O pin placement
    Info: Statistics of I/O banks
        Info: I/O bank number 1 does not use VREF pins and has undetermined VCCIO pins. 1 total pin(s) used --  39 pins available
        Info: I/O bank number 2 does not use VREF pins and has undetermined VCCIO pins. 0 total pin(s) used --  44 pins available
        Info: I/O bank number 3 does not use VREF pins and has undetermined VCCIO pins. 1 total pin(s) used --  49 pins available
        Info: I/O bank number 4 does not use VREF pins and has undetermined VCCIO pins. 0 total pin(s) used --  35 pins available
        Info: I/O bank number 5 does not use VREF pins and has undetermined VCCIO pins. 0 total pin(s) used --  44 pins available
        Info: I/O bank number 6 does not use VREF pins and has undetermined VCCIO pins. 0 total pin(s) used --  40 pins available
        Info: I/O bank number 7 does not use VREF pins and has undetermined VCCIO pins. 0 total pin(s) used --  34 pins available
        Info: I/O bank number 8 does not use VREF pins and has undetermined VCCIO pins. 0 total pin(s) used --  43 pins available
        Info: I/O bank number 9 does not use VREF pins and has undetermined VCCIO pins. 0 total pin(s) used --  6 pins available
        Info: I/O bank number 10 does not use VREF pins and has undetermined VCCIO pins. 0 total pin(s) used --  6 pins available
Info: Fitter preparation operations ending: elapsed time is 00:00:00
Info: Fitter placement preparation operations beginning
Info: Fitter placement preparation operations ending: elapsed time is 00:00:00
Info: Fitter placement operations beginning
Info: Fitter placement was successful
Info: Fitter placement operations ending: elapsed time is 00:00:00
Info: Estimated most critical path is register to register delay of 2.073 ns
    Info: 1: + IC(0.000 ns) + CELL(0.000 ns) = 0.000 ns; Loc. = LAB_X33_Y21; Fanout = 33; REG Node = 'lab6_stack_top:U_STACK_SYSTEM|stack7x16:U_STACK|sp_r[2]'
    Info: 2: + IC(0.226 ns) + CELL(0.272 ns) = 0.498 ns; Loc. = LAB_X34_Y21; Fanout = 16; COMB Node = 'lab6_stack_top:U_STACK_SYSTEM|stack7x16:U_STACK|mem_r[3][11]~6'
    Info: 3: + IC(0.829 ns) + CELL(0.746 ns) = 2.073 ns; Loc. = LAB_X30_Y19; Fanout = 1; REG Node = 'lab6_stack_top:U_STACK_SYSTEM|stack7x16:U_STACK|mem_r[3][15]'
    Info: Total cell delay = 1.018 ns ( 49.11 % )
    Info: Total interconnect delay = 1.055 ns ( 50.89 % )
Info: Fitter routing operations beginning
Info: Average interconnect usage is 0% of the available device resources
    Info: Peak interconnect usage is 2% of the available device resources in the region that extends from location X27_Y14 to location X40_Y27
Info: Fitter routing operations ending: elapsed time is 00:00:00
Info: The Fitter performed an Auto Fit compilation.  Optimizations were skipped to reduce compilation time.
    Info: Optimizations that may affect the design's routability were skipped
    Info: Optimizations that may affect the design's timing were skipped
Info: Started post-fitting delay annotation
Warning: Found 25 output pins without output pin load capacitance assignment
    Info: Pin "data_popped_to_register_file_o[0]" has no specified output pin load capacitance -- assuming default load capacitance of 0 pF for timing analysis
    Info: Pin "data_popped_to_register_file_o[1]" has no specified output pin load capacitance -- assuming default load capacitance of 0 pF for timing analysis
    Info: Pin "data_popped_to_register_file_o[2]" has no specified output pin load capacitance -- assuming default load capacitance of 0 pF for timing analysis
    Info: Pin "data_popped_to_register_file_o[3]" has no specified output pin load capacitance -- assuming default load capacitance of 0 pF for timing analysis
    Info: Pin "data_popped_to_register_file_o[4]" has no specified output pin load capacitance -- assuming default load capacitance of 0 pF for timing analysis
    Info: Pin "data_popped_to_register_file_o[5]" has no specified output pin load capacitance -- assuming default load capacitance of 0 pF for timing analysis
    Info: Pin "data_popped_to_register_file_o[6]" has no specified output pin load capacitance -- assuming default load capacitance of 0 pF for timing analysis
    Info: Pin "data_popped_to_register_file_o[7]" has no specified output pin load capacitance -- assuming default load capacitance of 0 pF for timing analysis
    Info: Pin "data_popped_to_register_file_o[8]" has no specified output pin load capacitance -- assuming default load capacitance of 0 pF for timing analysis
    Info: Pin "data_popped_to_register_file_o[9]" has no specified output pin load capacitance -- assuming default load capacitance of 0 pF for timing analysis
    Info: Pin "data_popped_to_register_file_o[10]" has no specified output pin load capacitance -- assuming default load capacitance of 0 pF for timing analysis
    Info: Pin "data_popped_to_register_file_o[11]" has no specified output pin load capacitance -- assuming default load capacitance of 0 pF for timing analysis
    Info: Pin "data_popped_to_register_file_o[12]" has no specified output pin load capacitance -- assuming default load capacitance of 0 pF for timing analysis
    Info: Pin "data_popped_to_register_file_o[13]" has no specified output pin load capacitance -- assuming default load capacitance of 0 pF for timing analysis
    Info: Pin "data_popped_to_register_file_o[14]" has no specified output pin load capacitance -- assuming default load capacitance of 0 pF for timing analysis
    Info: Pin "data_popped_to_register_file_o[15]" has no specified output pin load capacitance -- assuming default load capacitance of 0 pF for timing analysis
    Info: Pin "stack_pointer_current_value_o[0]" has no specified output pin load capacitance -- assuming default load capacitance of 0 pF for timing analysis
    Info: Pin "stack_pointer_current_value_o[1]" has no specified output pin load capacitance -- assuming default load capacitance of 0 pF for timing analysis
    Info: Pin "stack_pointer_current_value_o[2]" has no specified output pin load capacitance -- assuming default load capacitance of 0 pF for timing analysis
    Info: Pin "status_stack_empty_o" has no specified output pin load capacitance -- assuming default load capacitance of 0 pF for timing analysis
    Info: Pin "status_stack_full_o" has no specified output pin load capacitance -- assuming default load capacitance of 0 pF for timing analysis
    Info: Pin "error_push_to_full_stack_o" has no specified output pin load capacitance -- assuming default load capacitance of 0 pF for timing analysis
    Info: Pin "error_pop_from_empty_stack_o" has no specified output pin load capacitance -- assuming default load capacitance of 0 pF for timing analysis
    Info: Pin "ctrl_push_enable_o" has no specified output pin load capacitance -- assuming default load capacitance of 0 pF for timing analysis
    Info: Pin "ctrl_pop_enable_o" has no specified output pin load capacitance -- assuming default load capacitance of 0 pF for timing analysis
Info: Delay annotation completed successfully
Info: Quartus II Fitter was successful. 0 errors, 4 warnings
    Info: Peak virtual memory: 272 megabytes
    Info: Processing ended: Thu May 14 23:24:17 2026
    Info: Elapsed time: 00:00:02
    Info: Total CPU time (on all processors): 00:00:02


