Classic Timing Analyzer report for lab6_stack
Thu May 14 23:24:20 2026
Quartus II Version 9.1 Build 222 10/21/2009 SJ Web Edition


---------------------
; Table of Contents ;
---------------------
  1. Legal Notice
  2. Timing Analyzer Summary
  3. Timing Analyzer Settings
  4. Clock Settings Summary
  5. Parallel Compilation
  6. Clock Setup: 'clock_i'
  7. tsu
  8. tco
  9. tpd
 10. th
 11. Timing Analyzer Messages



----------------
; Legal Notice ;
----------------
Copyright (C) 1991-2009 Altera Corporation
Your use of Altera Corporation's design tools, logic functions 
and other software and tools, and its AMPP partner logic 
functions, and any output files from any of the foregoing 
(including device programming or simulation files), and any 
associated documentation or information are expressly subject 
to the terms and conditions of the Altera Program License 
Subscription Agreement, Altera MegaCore Function License 
Agreement, or other applicable license agreement, including, 
without limitation, that your use is for the sole purpose of 
programming logic devices manufactured by Altera and sold by 
Altera or its authorized distributors.  Please refer to the 
applicable agreement for further details.



+---------------------------------------------------------------------------------------------------------------------------------------------------------------------------------------------------------------------------------------------------------+
; Timing Analyzer Summary                                                                                                                                                                                                                                 ;
+------------------------------+-------+---------------+----------------------------------+---------------------------------------------------------+--------------------------------------------------------------+------------+----------+--------------+
; Type                         ; Slack ; Required Time ; Actual Time                      ; From                                                    ; To                                                           ; From Clock ; To Clock ; Failed Paths ;
+------------------------------+-------+---------------+----------------------------------+---------------------------------------------------------+--------------------------------------------------------------+------------+----------+--------------+
; Worst-case tsu               ; N/A   ; None          ; 5.055 ns                         ; stack_command_idle_push_pop_i[0]                        ; lab6_stack_top:U_STACK_SYSTEM|stack7x16:U_STACK|mem_r[4][3]  ; --         ; clock_i  ; 0            ;
; Worst-case tco               ; N/A   ; None          ; 6.883 ns                         ; lab6_stack_top:U_STACK_SYSTEM|stack7x16:U_STACK|sp_r[1] ; status_stack_empty_o                                         ; clock_i    ; --       ; 0            ;
; Worst-case tpd               ; N/A   ; None          ; 9.455 ns                         ; stack_command_idle_push_pop_i[0]                        ; ctrl_pop_enable_o                                            ; --         ; --       ; 0            ;
; Worst-case th                ; N/A   ; None          ; -2.246 ns                        ; stack_command_idle_push_pop_i[1]                        ; lab6_stack_top:U_STACK_SYSTEM|stack7x16:U_STACK|mem_r[1][2]  ; --         ; clock_i  ; 0            ;
; Clock Setup: 'clock_i'       ; N/A   ; None          ; 411.35 MHz ( period = 2.431 ns ) ; lab6_stack_top:U_STACK_SYSTEM|stack7x16:U_STACK|sp_r[1] ; lab6_stack_top:U_STACK_SYSTEM|stack7x16:U_STACK|mem_r[5][15] ; clock_i    ; clock_i  ; 0            ;
; Total number of failed paths ;       ;               ;                                  ;                                                         ;                                                              ;            ;          ; 0            ;
+------------------------------+-------+---------------+----------------------------------+---------------------------------------------------------+--------------------------------------------------------------+------------+----------+--------------+


+-----------------------------------------------------------------------------------------------------------------------------------------------------+
; Timing Analyzer Settings                                                                                                                            ;
+------------------------------------------------------------------------------------------------------+--------------------+------+----+-------------+
; Option                                                                                               ; Setting            ; From ; To ; Entity Name ;
+------------------------------------------------------------------------------------------------------+--------------------+------+----+-------------+
; Device Name                                                                                          ; EP2S15F484C3       ;      ;    ;             ;
; Timing Models                                                                                        ; Final              ;      ;    ;             ;
; Default hold multicycle                                                                              ; Same as Multicycle ;      ;    ;             ;
; Cut paths between unrelated clock domains                                                            ; On                 ;      ;    ;             ;
; Cut off read during write signal paths                                                               ; On                 ;      ;    ;             ;
; Cut off feedback from I/O pins                                                                       ; On                 ;      ;    ;             ;
; Report Combined Fast/Slow Timing                                                                     ; Off                ;      ;    ;             ;
; Ignore Clock Settings                                                                                ; Off                ;      ;    ;             ;
; Analyze latches as synchronous elements                                                              ; On                 ;      ;    ;             ;
; Enable Recovery/Removal analysis                                                                     ; Off                ;      ;    ;             ;
; Enable Clock Latency                                                                                 ; Off                ;      ;    ;             ;
; Use TimeQuest Timing Analyzer                                                                        ; Off                ;      ;    ;             ;
; Number of source nodes to report per destination node                                                ; 10                 ;      ;    ;             ;
; Number of destination nodes to report                                                                ; 10                 ;      ;    ;             ;
; Number of paths to report                                                                            ; 200                ;      ;    ;             ;
; Report Minimum Timing Checks                                                                         ; Off                ;      ;    ;             ;
; Use Fast Timing Models                                                                               ; Off                ;      ;    ;             ;
; Report IO Paths Separately                                                                           ; Off                ;      ;    ;             ;
; Perform Multicorner Analysis                                                                         ; On                 ;      ;    ;             ;
; Reports the worst-case path for each clock domain and analysis                                       ; Off                ;      ;    ;             ;
; Reports worst-case timing paths for each clock domain and analysis                                   ; Off                ;      ;    ;             ;
; Specifies the maximum number of worst-case timing paths to report for each clock domain and analysis ; 100                ;      ;    ;             ;
; Removes common clock path pessimism (CCPP) during slack computation                                  ; Off                ;      ;    ;             ;
; Output I/O Timing Endpoint                                                                           ; Near End           ;      ;    ;             ;
+------------------------------------------------------------------------------------------------------+--------------------+------+----+-------------+


+------------------------------------------------------------------------------------------------------------------------------------------------------------------------------------+
; Clock Settings Summary                                                                                                                                                             ;
+-----------------+--------------------+----------+------------------+---------------+--------------+----------+-----------------------+---------------------+--------+--------------+
; Clock Node Name ; Clock Setting Name ; Type     ; Fmax Requirement ; Early Latency ; Late Latency ; Based on ; Multiply Base Fmax by ; Divide Base Fmax by ; Offset ; Phase offset ;
+-----------------+--------------------+----------+------------------+---------------+--------------+----------+-----------------------+---------------------+--------+--------------+
; clock_i         ;                    ; User Pin ; None             ; 0.000 ns      ; 0.000 ns     ; --       ; N/A                   ; N/A                 ; N/A    ;              ;
+-----------------+--------------------+----------+------------------+---------------+--------------+----------+-----------------------+---------------------+--------+--------------+


Parallel compilation was disabled, but you have multiple processors available. Enable parallel compilation to reduce compilation time.
+-------------------------------------+
; Parallel Compilation                ;
+----------------------------+--------+
; Processors                 ; Number ;
+----------------------------+--------+
; Number detected on machine ; 12     ;
; Maximum allowed            ; 1      ;
+----------------------------+--------+


+----------------------------------------------------------------------------------------------------------------------------------------------------------------------------------------------------------------------------------------------------------------------------------------------------------------------------------------------+
; Clock Setup: 'clock_i'                                                                                                                                                                                                                                                                                                                       ;
+-----------------------------------------+-----------------------------------------------------+-------------------------------------------------------------------+--------------------------------------------------------------+------------+----------+-----------------------------+---------------------------+-------------------------+
; Slack                                   ; Actual fmax (period)                                ; From                                                              ; To                                                           ; From Clock ; To Clock ; Required Setup Relationship ; Required Longest P2P Time ; Actual Longest P2P Time ;
+-----------------------------------------+-----------------------------------------------------+-------------------------------------------------------------------+--------------------------------------------------------------+------------+----------+-----------------------------+---------------------------+-------------------------+
; N/A                                     ; 411.35 MHz ( period = 2.431 ns )                    ; lab6_stack_top:U_STACK_SYSTEM|stack7x16:U_STACK|sp_r[1]           ; lab6_stack_top:U_STACK_SYSTEM|stack7x16:U_STACK|mem_r[5][10] ; clock_i    ; clock_i  ; None                        ; None                      ; 2.233 ns                ;
; N/A                                     ; 411.35 MHz ( period = 2.431 ns )                    ; lab6_stack_top:U_STACK_SYSTEM|stack7x16:U_STACK|sp_r[1]           ; lab6_stack_top:U_STACK_SYSTEM|stack7x16:U_STACK|mem_r[5][11] ; clock_i    ; clock_i  ; None                        ; None                      ; 2.233 ns                ;
; N/A                                     ; 411.35 MHz ( period = 2.431 ns )                    ; lab6_stack_top:U_STACK_SYSTEM|stack7x16:U_STACK|sp_r[1]           ; lab6_stack_top:U_STACK_SYSTEM|stack7x16:U_STACK|mem_r[5][12] ; clock_i    ; clock_i  ; None                        ; None                      ; 2.233 ns                ;
; N/A                                     ; 411.35 MHz ( period = 2.431 ns )                    ; lab6_stack_top:U_STACK_SYSTEM|stack7x16:U_STACK|sp_r[1]           ; lab6_stack_top:U_STACK_SYSTEM|stack7x16:U_STACK|mem_r[5][13] ; clock_i    ; clock_i  ; None                        ; None                      ; 2.233 ns                ;
; N/A                                     ; 411.35 MHz ( period = 2.431 ns )                    ; lab6_stack_top:U_STACK_SYSTEM|stack7x16:U_STACK|sp_r[1]           ; lab6_stack_top:U_STACK_SYSTEM|stack7x16:U_STACK|mem_r[5][15] ; clock_i    ; clock_i  ; None                        ; None                      ; 2.233 ns                ;
; N/A                                     ; 414.77 MHz ( period = 2.411 ns )                    ; lab6_stack_top:U_STACK_SYSTEM|stack7x16:U_STACK|sp_r[1]           ; lab6_stack_top:U_STACK_SYSTEM|stack7x16:U_STACK|mem_r[5][0]  ; clock_i    ; clock_i  ; None                        ; None                      ; 2.213 ns                ;
; N/A                                     ; 414.77 MHz ( period = 2.411 ns )                    ; lab6_stack_top:U_STACK_SYSTEM|stack7x16:U_STACK|sp_r[1]           ; lab6_stack_top:U_STACK_SYSTEM|stack7x16:U_STACK|mem_r[5][1]  ; clock_i    ; clock_i  ; None                        ; None                      ; 2.213 ns                ;
; N/A                                     ; 414.77 MHz ( period = 2.411 ns )                    ; lab6_stack_top:U_STACK_SYSTEM|stack7x16:U_STACK|sp_r[1]           ; lab6_stack_top:U_STACK_SYSTEM|stack7x16:U_STACK|mem_r[5][14] ; clock_i    ; clock_i  ; None                        ; None                      ; 2.213 ns                ;
; N/A                                     ; 419.11 MHz ( period = 2.386 ns )                    ; lab6_stack_top:U_STACK_SYSTEM|stack7x16:U_STACK|sp_r[1]           ; lab6_stack_top:U_STACK_SYSTEM|stack7x16:U_STACK|mem_r[1][0]  ; clock_i    ; clock_i  ; None                        ; None                      ; 2.188 ns                ;
; N/A                                     ; 419.11 MHz ( period = 2.386 ns )                    ; lab6_stack_top:U_STACK_SYSTEM|stack7x16:U_STACK|sp_r[1]           ; lab6_stack_top:U_STACK_SYSTEM|stack7x16:U_STACK|mem_r[1][1]  ; clock_i    ; clock_i  ; None                        ; None                      ; 2.188 ns                ;
; N/A                                     ; 419.11 MHz ( period = 2.386 ns )                    ; lab6_stack_top:U_STACK_SYSTEM|stack7x16:U_STACK|sp_r[1]           ; lab6_stack_top:U_STACK_SYSTEM|stack7x16:U_STACK|mem_r[1][10] ; clock_i    ; clock_i  ; None                        ; None                      ; 2.188 ns                ;
; N/A                                     ; 419.11 MHz ( period = 2.386 ns )                    ; lab6_stack_top:U_STACK_SYSTEM|stack7x16:U_STACK|sp_r[1]           ; lab6_stack_top:U_STACK_SYSTEM|stack7x16:U_STACK|mem_r[1][11] ; clock_i    ; clock_i  ; None                        ; None                      ; 2.188 ns                ;
; N/A                                     ; 419.11 MHz ( period = 2.386 ns )                    ; lab6_stack_top:U_STACK_SYSTEM|stack7x16:U_STACK|sp_r[1]           ; lab6_stack_top:U_STACK_SYSTEM|stack7x16:U_STACK|mem_r[1][12] ; clock_i    ; clock_i  ; None                        ; None                      ; 2.188 ns                ;
; N/A                                     ; 419.11 MHz ( period = 2.386 ns )                    ; lab6_stack_top:U_STACK_SYSTEM|stack7x16:U_STACK|sp_r[1]           ; lab6_stack_top:U_STACK_SYSTEM|stack7x16:U_STACK|mem_r[1][13] ; clock_i    ; clock_i  ; None                        ; None                      ; 2.188 ns                ;
; N/A                                     ; 419.11 MHz ( period = 2.386 ns )                    ; lab6_stack_top:U_STACK_SYSTEM|stack7x16:U_STACK|sp_r[1]           ; lab6_stack_top:U_STACK_SYSTEM|stack7x16:U_STACK|mem_r[1][14] ; clock_i    ; clock_i  ; None                        ; None                      ; 2.188 ns                ;
; N/A                                     ; 419.11 MHz ( period = 2.386 ns )                    ; lab6_stack_top:U_STACK_SYSTEM|stack7x16:U_STACK|sp_r[1]           ; lab6_stack_top:U_STACK_SYSTEM|stack7x16:U_STACK|mem_r[1][15] ; clock_i    ; clock_i  ; None                        ; None                      ; 2.188 ns                ;
; N/A                                     ; 419.46 MHz ( period = 2.384 ns )                    ; lab6_stack_top:U_STACK_SYSTEM|stack7x16:U_STACK|sp_r[1]           ; lab6_stack_top:U_STACK_SYSTEM|stack7x16:U_STACK|mem_r[1][6]  ; clock_i    ; clock_i  ; None                        ; None                      ; 2.197 ns                ;
; N/A                                     ; 419.46 MHz ( period = 2.384 ns )                    ; lab6_stack_top:U_STACK_SYSTEM|stack7x16:U_STACK|sp_r[1]           ; lab6_stack_top:U_STACK_SYSTEM|stack7x16:U_STACK|mem_r[1][7]  ; clock_i    ; clock_i  ; None                        ; None                      ; 2.197 ns                ;
; N/A                                     ; 419.46 MHz ( period = 2.384 ns )                    ; lab6_stack_top:U_STACK_SYSTEM|stack7x16:U_STACK|sp_r[1]           ; lab6_stack_top:U_STACK_SYSTEM|stack7x16:U_STACK|mem_r[1][8]  ; clock_i    ; clock_i  ; None                        ; None                      ; 2.197 ns                ;
; N/A                                     ; 419.46 MHz ( period = 2.384 ns )                    ; lab6_stack_top:U_STACK_SYSTEM|stack7x16:U_STACK|sp_r[1]           ; lab6_stack_top:U_STACK_SYSTEM|stack7x16:U_STACK|mem_r[1][9]  ; clock_i    ; clock_i  ; None                        ; None                      ; 2.197 ns                ;
; N/A                                     ; 422.12 MHz ( period = 2.369 ns )                    ; lab6_stack_top:U_STACK_SYSTEM|stack7x16:U_STACK|sp_r[1]           ; lab6_stack_top:U_STACK_SYSTEM|stack7x16:U_STACK|mem_r[5][6]  ; clock_i    ; clock_i  ; None                        ; None                      ; 2.182 ns                ;
; N/A                                     ; 422.12 MHz ( period = 2.369 ns )                    ; lab6_stack_top:U_STACK_SYSTEM|stack7x16:U_STACK|sp_r[1]           ; lab6_stack_top:U_STACK_SYSTEM|stack7x16:U_STACK|mem_r[5][7]  ; clock_i    ; clock_i  ; None                        ; None                      ; 2.182 ns                ;
; N/A                                     ; 422.12 MHz ( period = 2.369 ns )                    ; lab6_stack_top:U_STACK_SYSTEM|stack7x16:U_STACK|sp_r[1]           ; lab6_stack_top:U_STACK_SYSTEM|stack7x16:U_STACK|mem_r[5][8]  ; clock_i    ; clock_i  ; None                        ; None                      ; 2.182 ns                ;
; N/A                                     ; 422.12 MHz ( period = 2.369 ns )                    ; lab6_stack_top:U_STACK_SYSTEM|stack7x16:U_STACK|sp_r[1]           ; lab6_stack_top:U_STACK_SYSTEM|stack7x16:U_STACK|mem_r[5][9]  ; clock_i    ; clock_i  ; None                        ; None                      ; 2.182 ns                ;
; N/A                                     ; 428.27 MHz ( period = 2.335 ns )                    ; lab6_stack_top:U_STACK_SYSTEM|stack7x16:U_STACK|sp_r[2]           ; lab6_stack_top:U_STACK_SYSTEM|stack7x16:U_STACK|dout_r[10]   ; clock_i    ; clock_i  ; None                        ; None                      ; 2.137 ns                ;
; N/A                                     ; 428.27 MHz ( period = 2.335 ns )                    ; lab6_stack_top:U_STACK_SYSTEM|stack7x16:U_STACK|sp_r[2]           ; lab6_stack_top:U_STACK_SYSTEM|stack7x16:U_STACK|dout_r[11]   ; clock_i    ; clock_i  ; None                        ; None                      ; 2.137 ns                ;
; N/A                                     ; 428.27 MHz ( period = 2.335 ns )                    ; lab6_stack_top:U_STACK_SYSTEM|stack7x16:U_STACK|sp_r[2]           ; lab6_stack_top:U_STACK_SYSTEM|stack7x16:U_STACK|dout_r[12]   ; clock_i    ; clock_i  ; None                        ; None                      ; 2.137 ns                ;
; N/A                                     ; 428.27 MHz ( period = 2.335 ns )                    ; lab6_stack_top:U_STACK_SYSTEM|stack7x16:U_STACK|sp_r[2]           ; lab6_stack_top:U_STACK_SYSTEM|stack7x16:U_STACK|dout_r[13]   ; clock_i    ; clock_i  ; None                        ; None                      ; 2.137 ns                ;
; N/A                                     ; 428.27 MHz ( period = 2.335 ns )                    ; lab6_stack_top:U_STACK_SYSTEM|stack7x16:U_STACK|sp_r[2]           ; lab6_stack_top:U_STACK_SYSTEM|stack7x16:U_STACK|dout_r[15]   ; clock_i    ; clock_i  ; None                        ; None                      ; 2.137 ns                ;
; N/A                                     ; 435.35 MHz ( period = 2.297 ns )                    ; lab6_stack_top:U_STACK_SYSTEM|stack7x16:U_STACK|sp_r[2]           ; lab6_stack_top:U_STACK_SYSTEM|stack7x16:U_STACK|dout_r[14]   ; clock_i    ; clock_i  ; None                        ; None                      ; 2.099 ns                ;
; N/A                                     ; 435.92 MHz ( period = 2.294 ns )                    ; lab6_stack_top:U_STACK_SYSTEM|stack7x16:U_STACK|sp_r[0]           ; lab6_stack_top:U_STACK_SYSTEM|stack7x16:U_STACK|mem_r[3][15] ; clock_i    ; clock_i  ; None                        ; None                      ; 2.096 ns                ;
; N/A                                     ; 438.40 MHz ( period = 2.281 ns )                    ; lab6_stack_top:U_STACK_SYSTEM|stack7x16:U_STACK|sp_r[1]           ; lab6_stack_top:U_STACK_SYSTEM|stack7x16:U_STACK|mem_r[3][15] ; clock_i    ; clock_i  ; None                        ; None                      ; 2.083 ns                ;
; N/A                                     ; 440.92 MHz ( period = 2.268 ns )                    ; lab6_stack_top:U_STACK_SYSTEM|stack7x16:U_STACK|sp_r[0]~DUPLICATE ; lab6_stack_top:U_STACK_SYSTEM|stack7x16:U_STACK|mem_r[5][10] ; clock_i    ; clock_i  ; None                        ; None                      ; 2.070 ns                ;
; N/A                                     ; 440.92 MHz ( period = 2.268 ns )                    ; lab6_stack_top:U_STACK_SYSTEM|stack7x16:U_STACK|sp_r[0]~DUPLICATE ; lab6_stack_top:U_STACK_SYSTEM|stack7x16:U_STACK|mem_r[5][11] ; clock_i    ; clock_i  ; None                        ; None                      ; 2.070 ns                ;
; N/A                                     ; 440.92 MHz ( period = 2.268 ns )                    ; lab6_stack_top:U_STACK_SYSTEM|stack7x16:U_STACK|sp_r[0]~DUPLICATE ; lab6_stack_top:U_STACK_SYSTEM|stack7x16:U_STACK|mem_r[5][12] ; clock_i    ; clock_i  ; None                        ; None                      ; 2.070 ns                ;
; N/A                                     ; 440.92 MHz ( period = 2.268 ns )                    ; lab6_stack_top:U_STACK_SYSTEM|stack7x16:U_STACK|sp_r[0]~DUPLICATE ; lab6_stack_top:U_STACK_SYSTEM|stack7x16:U_STACK|mem_r[5][13] ; clock_i    ; clock_i  ; None                        ; None                      ; 2.070 ns                ;
; N/A                                     ; 440.92 MHz ( period = 2.268 ns )                    ; lab6_stack_top:U_STACK_SYSTEM|stack7x16:U_STACK|sp_r[0]~DUPLICATE ; lab6_stack_top:U_STACK_SYSTEM|stack7x16:U_STACK|mem_r[5][15] ; clock_i    ; clock_i  ; None                        ; None                      ; 2.070 ns                ;
; N/A                                     ; 444.84 MHz ( period = 2.248 ns )                    ; lab6_stack_top:U_STACK_SYSTEM|stack7x16:U_STACK|sp_r[0]~DUPLICATE ; lab6_stack_top:U_STACK_SYSTEM|stack7x16:U_STACK|mem_r[5][0]  ; clock_i    ; clock_i  ; None                        ; None                      ; 2.050 ns                ;
; N/A                                     ; 444.84 MHz ( period = 2.248 ns )                    ; lab6_stack_top:U_STACK_SYSTEM|stack7x16:U_STACK|sp_r[0]~DUPLICATE ; lab6_stack_top:U_STACK_SYSTEM|stack7x16:U_STACK|mem_r[5][1]  ; clock_i    ; clock_i  ; None                        ; None                      ; 2.050 ns                ;
; N/A                                     ; 444.84 MHz ( period = 2.248 ns )                    ; lab6_stack_top:U_STACK_SYSTEM|stack7x16:U_STACK|sp_r[0]~DUPLICATE ; lab6_stack_top:U_STACK_SYSTEM|stack7x16:U_STACK|mem_r[5][14] ; clock_i    ; clock_i  ; None                        ; None                      ; 2.050 ns                ;
; N/A                                     ; 445.04 MHz ( period = 2.247 ns )                    ; lab6_stack_top:U_STACK_SYSTEM|stack7x16:U_STACK|sp_r[1]           ; lab6_stack_top:U_STACK_SYSTEM|stack7x16:U_STACK|dout_r[9]    ; clock_i    ; clock_i  ; None                        ; None                      ; 2.060 ns                ;
; N/A                                     ; 446.03 MHz ( period = 2.242 ns )                    ; lab6_stack_top:U_STACK_SYSTEM|stack7x16:U_STACK|sp_r[1]           ; lab6_stack_top:U_STACK_SYSTEM|stack7x16:U_STACK|dout_r[8]    ; clock_i    ; clock_i  ; None                        ; None                      ; 2.055 ns                ;
; N/A                                     ; 446.63 MHz ( period = 2.239 ns )                    ; lab6_stack_top:U_STACK_SYSTEM|stack7x16:U_STACK|sp_r[1]           ; lab6_stack_top:U_STACK_SYSTEM|stack7x16:U_STACK|dout_r[7]    ; clock_i    ; clock_i  ; None                        ; None                      ; 2.052 ns                ;
; N/A                                     ; 446.83 MHz ( period = 2.238 ns )                    ; lab6_stack_top:U_STACK_SYSTEM|stack7x16:U_STACK|sp_r[2]           ; lab6_stack_top:U_STACK_SYSTEM|stack7x16:U_STACK|dout_r[6]    ; clock_i    ; clock_i  ; None                        ; None                      ; 2.051 ns                ;
; N/A                                     ; 446.83 MHz ( period = 2.238 ns )                    ; lab6_stack_top:U_STACK_SYSTEM|stack7x16:U_STACK|sp_r[2]           ; lab6_stack_top:U_STACK_SYSTEM|stack7x16:U_STACK|dout_r[7]    ; clock_i    ; clock_i  ; None                        ; None                      ; 2.051 ns                ;
; N/A                                     ; 446.83 MHz ( period = 2.238 ns )                    ; lab6_stack_top:U_STACK_SYSTEM|stack7x16:U_STACK|sp_r[2]           ; lab6_stack_top:U_STACK_SYSTEM|stack7x16:U_STACK|dout_r[8]    ; clock_i    ; clock_i  ; None                        ; None                      ; 2.051 ns                ;
; N/A                                     ; 446.83 MHz ( period = 2.238 ns )                    ; lab6_stack_top:U_STACK_SYSTEM|stack7x16:U_STACK|sp_r[2]           ; lab6_stack_top:U_STACK_SYSTEM|stack7x16:U_STACK|dout_r[9]    ; clock_i    ; clock_i  ; None                        ; None                      ; 2.051 ns                ;
; N/A                                     ; 449.24 MHz ( period = 2.226 ns )                    ; lab6_stack_top:U_STACK_SYSTEM|stack7x16:U_STACK|sp_r[1]           ; lab6_stack_top:U_STACK_SYSTEM|stack7x16:U_STACK|dout_r[11]   ; clock_i    ; clock_i  ; None                        ; None                      ; 2.028 ns                ;
; N/A                                     ; 449.64 MHz ( period = 2.224 ns )                    ; lab6_stack_top:U_STACK_SYSTEM|stack7x16:U_STACK|sp_r[0]~DUPLICATE ; lab6_stack_top:U_STACK_SYSTEM|stack7x16:U_STACK|mem_r[1][0]  ; clock_i    ; clock_i  ; None                        ; None                      ; 2.026 ns                ;
; N/A                                     ; 449.64 MHz ( period = 2.224 ns )                    ; lab6_stack_top:U_STACK_SYSTEM|stack7x16:U_STACK|sp_r[0]~DUPLICATE ; lab6_stack_top:U_STACK_SYSTEM|stack7x16:U_STACK|mem_r[1][1]  ; clock_i    ; clock_i  ; None                        ; None                      ; 2.026 ns                ;
; N/A                                     ; 449.64 MHz ( period = 2.224 ns )                    ; lab6_stack_top:U_STACK_SYSTEM|stack7x16:U_STACK|sp_r[0]~DUPLICATE ; lab6_stack_top:U_STACK_SYSTEM|stack7x16:U_STACK|mem_r[1][10] ; clock_i    ; clock_i  ; None                        ; None                      ; 2.026 ns                ;
; N/A                                     ; 449.64 MHz ( period = 2.224 ns )                    ; lab6_stack_top:U_STACK_SYSTEM|stack7x16:U_STACK|sp_r[0]~DUPLICATE ; lab6_stack_top:U_STACK_SYSTEM|stack7x16:U_STACK|mem_r[1][11] ; clock_i    ; clock_i  ; None                        ; None                      ; 2.026 ns                ;
; N/A                                     ; 449.64 MHz ( period = 2.224 ns )                    ; lab6_stack_top:U_STACK_SYSTEM|stack7x16:U_STACK|sp_r[0]~DUPLICATE ; lab6_stack_top:U_STACK_SYSTEM|stack7x16:U_STACK|mem_r[1][12] ; clock_i    ; clock_i  ; None                        ; None                      ; 2.026 ns                ;
; N/A                                     ; 449.64 MHz ( period = 2.224 ns )                    ; lab6_stack_top:U_STACK_SYSTEM|stack7x16:U_STACK|sp_r[1]           ; lab6_stack_top:U_STACK_SYSTEM|stack7x16:U_STACK|dout_r[13]   ; clock_i    ; clock_i  ; None                        ; None                      ; 2.026 ns                ;
; N/A                                     ; 449.64 MHz ( period = 2.224 ns )                    ; lab6_stack_top:U_STACK_SYSTEM|stack7x16:U_STACK|sp_r[0]~DUPLICATE ; lab6_stack_top:U_STACK_SYSTEM|stack7x16:U_STACK|mem_r[1][13] ; clock_i    ; clock_i  ; None                        ; None                      ; 2.026 ns                ;
; N/A                                     ; 449.64 MHz ( period = 2.224 ns )                    ; lab6_stack_top:U_STACK_SYSTEM|stack7x16:U_STACK|sp_r[0]~DUPLICATE ; lab6_stack_top:U_STACK_SYSTEM|stack7x16:U_STACK|mem_r[1][14] ; clock_i    ; clock_i  ; None                        ; None                      ; 2.026 ns                ;
; N/A                                     ; 449.64 MHz ( period = 2.224 ns )                    ; lab6_stack_top:U_STACK_SYSTEM|stack7x16:U_STACK|sp_r[0]~DUPLICATE ; lab6_stack_top:U_STACK_SYSTEM|stack7x16:U_STACK|mem_r[1][15] ; clock_i    ; clock_i  ; None                        ; None                      ; 2.026 ns                ;
; N/A                                     ; 450.05 MHz ( period = 2.222 ns )                    ; lab6_stack_top:U_STACK_SYSTEM|stack7x16:U_STACK|sp_r[0]~DUPLICATE ; lab6_stack_top:U_STACK_SYSTEM|stack7x16:U_STACK|mem_r[1][6]  ; clock_i    ; clock_i  ; None                        ; None                      ; 2.035 ns                ;
; N/A                                     ; 450.05 MHz ( period = 2.222 ns )                    ; lab6_stack_top:U_STACK_SYSTEM|stack7x16:U_STACK|sp_r[0]~DUPLICATE ; lab6_stack_top:U_STACK_SYSTEM|stack7x16:U_STACK|mem_r[1][7]  ; clock_i    ; clock_i  ; None                        ; None                      ; 2.035 ns                ;
; N/A                                     ; 450.05 MHz ( period = 2.222 ns )                    ; lab6_stack_top:U_STACK_SYSTEM|stack7x16:U_STACK|sp_r[0]~DUPLICATE ; lab6_stack_top:U_STACK_SYSTEM|stack7x16:U_STACK|mem_r[1][8]  ; clock_i    ; clock_i  ; None                        ; None                      ; 2.035 ns                ;
; N/A                                     ; 450.05 MHz ( period = 2.222 ns )                    ; lab6_stack_top:U_STACK_SYSTEM|stack7x16:U_STACK|sp_r[0]~DUPLICATE ; lab6_stack_top:U_STACK_SYSTEM|stack7x16:U_STACK|mem_r[1][9]  ; clock_i    ; clock_i  ; None                        ; None                      ; 2.035 ns                ;
; N/A                                     ; 450.65 MHz ( period = 2.219 ns )                    ; lab6_stack_top:U_STACK_SYSTEM|stack7x16:U_STACK|sp_r[1]           ; lab6_stack_top:U_STACK_SYSTEM|stack7x16:U_STACK|dout_r[12]   ; clock_i    ; clock_i  ; None                        ; None                      ; 2.021 ns                ;
; N/A                                     ; 452.28 MHz ( period = 2.211 ns )                    ; lab6_stack_top:U_STACK_SYSTEM|stack7x16:U_STACK|sp_r[0]~DUPLICATE ; lab6_stack_top:U_STACK_SYSTEM|stack7x16:U_STACK|dout_r[10]   ; clock_i    ; clock_i  ; None                        ; None                      ; 2.013 ns                ;
; N/A                                     ; 452.28 MHz ( period = 2.211 ns )                    ; lab6_stack_top:U_STACK_SYSTEM|stack7x16:U_STACK|sp_r[0]~DUPLICATE ; lab6_stack_top:U_STACK_SYSTEM|stack7x16:U_STACK|dout_r[11]   ; clock_i    ; clock_i  ; None                        ; None                      ; 2.013 ns                ;
; N/A                                     ; 452.28 MHz ( period = 2.211 ns )                    ; lab6_stack_top:U_STACK_SYSTEM|stack7x16:U_STACK|sp_r[0]~DUPLICATE ; lab6_stack_top:U_STACK_SYSTEM|stack7x16:U_STACK|dout_r[12]   ; clock_i    ; clock_i  ; None                        ; None                      ; 2.013 ns                ;
; N/A                                     ; 452.28 MHz ( period = 2.211 ns )                    ; lab6_stack_top:U_STACK_SYSTEM|stack7x16:U_STACK|sp_r[0]~DUPLICATE ; lab6_stack_top:U_STACK_SYSTEM|stack7x16:U_STACK|dout_r[13]   ; clock_i    ; clock_i  ; None                        ; None                      ; 2.013 ns                ;
; N/A                                     ; 452.28 MHz ( period = 2.211 ns )                    ; lab6_stack_top:U_STACK_SYSTEM|stack7x16:U_STACK|sp_r[0]~DUPLICATE ; lab6_stack_top:U_STACK_SYSTEM|stack7x16:U_STACK|dout_r[15]   ; clock_i    ; clock_i  ; None                        ; None                      ; 2.013 ns                ;
; N/A                                     ; 453.31 MHz ( period = 2.206 ns )                    ; lab6_stack_top:U_STACK_SYSTEM|stack7x16:U_STACK|sp_r[0]~DUPLICATE ; lab6_stack_top:U_STACK_SYSTEM|stack7x16:U_STACK|mem_r[5][6]  ; clock_i    ; clock_i  ; None                        ; None                      ; 2.019 ns                ;
; N/A                                     ; 453.31 MHz ( period = 2.206 ns )                    ; lab6_stack_top:U_STACK_SYSTEM|stack7x16:U_STACK|sp_r[0]~DUPLICATE ; lab6_stack_top:U_STACK_SYSTEM|stack7x16:U_STACK|mem_r[5][7]  ; clock_i    ; clock_i  ; None                        ; None                      ; 2.019 ns                ;
; N/A                                     ; 453.31 MHz ( period = 2.206 ns )                    ; lab6_stack_top:U_STACK_SYSTEM|stack7x16:U_STACK|sp_r[0]~DUPLICATE ; lab6_stack_top:U_STACK_SYSTEM|stack7x16:U_STACK|mem_r[5][8]  ; clock_i    ; clock_i  ; None                        ; None                      ; 2.019 ns                ;
; N/A                                     ; 453.31 MHz ( period = 2.206 ns )                    ; lab6_stack_top:U_STACK_SYSTEM|stack7x16:U_STACK|sp_r[0]~DUPLICATE ; lab6_stack_top:U_STACK_SYSTEM|stack7x16:U_STACK|mem_r[5][9]  ; clock_i    ; clock_i  ; None                        ; None                      ; 2.019 ns                ;
; N/A                                     ; 453.51 MHz ( period = 2.205 ns )                    ; lab6_stack_top:U_STACK_SYSTEM|stack7x16:U_STACK|sp_r[0]~DUPLICATE ; lab6_stack_top:U_STACK_SYSTEM|stack7x16:U_STACK|mem_r[2][13] ; clock_i    ; clock_i  ; None                        ; None                      ; 2.016 ns                ;
; N/A                                     ; 453.51 MHz ( period = 2.205 ns )                    ; lab6_stack_top:U_STACK_SYSTEM|stack7x16:U_STACK|sp_r[0]~DUPLICATE ; lab6_stack_top:U_STACK_SYSTEM|stack7x16:U_STACK|mem_r[2][14] ; clock_i    ; clock_i  ; None                        ; None                      ; 2.016 ns                ;
; N/A                                     ; 453.51 MHz ( period = 2.205 ns )                    ; lab6_stack_top:U_STACK_SYSTEM|stack7x16:U_STACK|sp_r[0]~DUPLICATE ; lab6_stack_top:U_STACK_SYSTEM|stack7x16:U_STACK|mem_r[2][15] ; clock_i    ; clock_i  ; None                        ; None                      ; 2.016 ns                ;
; N/A                                     ; 453.72 MHz ( period = 2.204 ns )                    ; lab6_stack_top:U_STACK_SYSTEM|stack7x16:U_STACK|sp_r[1]           ; lab6_stack_top:U_STACK_SYSTEM|stack7x16:U_STACK|dout_r[10]   ; clock_i    ; clock_i  ; None                        ; None                      ; 2.006 ns                ;
; N/A                                     ; 456.00 MHz ( period = 2.193 ns )                    ; lab6_stack_top:U_STACK_SYSTEM|stack7x16:U_STACK|mem_r[2][9]       ; lab6_stack_top:U_STACK_SYSTEM|stack7x16:U_STACK|dout_r[9]    ; clock_i    ; clock_i  ; None                        ; None                      ; 2.010 ns                ;
; N/A                                     ; 460.41 MHz ( period = 2.172 ns )                    ; lab6_stack_top:U_STACK_SYSTEM|stack7x16:U_STACK|sp_r[0]~DUPLICATE ; lab6_stack_top:U_STACK_SYSTEM|stack7x16:U_STACK|dout_r[14]   ; clock_i    ; clock_i  ; None                        ; None                      ; 1.974 ns                ;
; N/A                                     ; 462.32 MHz ( period = 2.163 ns )                    ; lab6_stack_top:U_STACK_SYSTEM|stack7x16:U_STACK|sp_r[1]           ; lab6_stack_top:U_STACK_SYSTEM|stack7x16:U_STACK|mem_r[1][2]  ; clock_i    ; clock_i  ; None                        ; None                      ; 1.981 ns                ;
; N/A                                     ; 462.32 MHz ( period = 2.163 ns )                    ; lab6_stack_top:U_STACK_SYSTEM|stack7x16:U_STACK|sp_r[1]           ; lab6_stack_top:U_STACK_SYSTEM|stack7x16:U_STACK|mem_r[1][3]  ; clock_i    ; clock_i  ; None                        ; None                      ; 1.981 ns                ;
; N/A                                     ; 462.32 MHz ( period = 2.163 ns )                    ; lab6_stack_top:U_STACK_SYSTEM|stack7x16:U_STACK|sp_r[1]           ; lab6_stack_top:U_STACK_SYSTEM|stack7x16:U_STACK|mem_r[1][4]  ; clock_i    ; clock_i  ; None                        ; None                      ; 1.981 ns                ;
; N/A                                     ; 462.32 MHz ( period = 2.163 ns )                    ; lab6_stack_top:U_STACK_SYSTEM|stack7x16:U_STACK|sp_r[1]           ; lab6_stack_top:U_STACK_SYSTEM|stack7x16:U_STACK|mem_r[1][5]  ; clock_i    ; clock_i  ; None                        ; None                      ; 1.981 ns                ;
; N/A                                     ; 462.32 MHz ( period = 2.163 ns )                    ; lab6_stack_top:U_STACK_SYSTEM|stack7x16:U_STACK|sp_r[1]           ; lab6_stack_top:U_STACK_SYSTEM|stack7x16:U_STACK|dout_r[14]   ; clock_i    ; clock_i  ; None                        ; None                      ; 1.965 ns                ;
; N/A                                     ; 462.75 MHz ( period = 2.161 ns )                    ; lab6_stack_top:U_STACK_SYSTEM|stack7x16:U_STACK|sp_r[0]~DUPLICATE ; lab6_stack_top:U_STACK_SYSTEM|stack7x16:U_STACK|mem_r[6][4]  ; clock_i    ; clock_i  ; None                        ; None                      ; 1.972 ns                ;
; N/A                                     ; 462.75 MHz ( period = 2.161 ns )                    ; lab6_stack_top:U_STACK_SYSTEM|stack7x16:U_STACK|sp_r[0]~DUPLICATE ; lab6_stack_top:U_STACK_SYSTEM|stack7x16:U_STACK|mem_r[6][15] ; clock_i    ; clock_i  ; None                        ; None                      ; 1.972 ns                ;
; N/A                                     ; 466.20 MHz ( period = 2.145 ns )                    ; lab6_stack_top:U_STACK_SYSTEM|stack7x16:U_STACK|sp_r[1]~DUPLICATE ; lab6_stack_top:U_STACK_SYSTEM|stack7x16:U_STACK|dout_r[14]   ; clock_i    ; clock_i  ; None                        ; None                      ; 1.947 ns                ;
; N/A                                     ; 467.29 MHz ( period = 2.140 ns )                    ; lab6_stack_top:U_STACK_SYSTEM|stack7x16:U_STACK|sp_r[1]           ; lab6_stack_top:U_STACK_SYSTEM|stack7x16:U_STACK|mem_r[5][2]  ; clock_i    ; clock_i  ; None                        ; None                      ; 1.958 ns                ;
; N/A                                     ; 467.29 MHz ( period = 2.140 ns )                    ; lab6_stack_top:U_STACK_SYSTEM|stack7x16:U_STACK|sp_r[1]           ; lab6_stack_top:U_STACK_SYSTEM|stack7x16:U_STACK|mem_r[5][3]  ; clock_i    ; clock_i  ; None                        ; None                      ; 1.958 ns                ;
; N/A                                     ; 467.29 MHz ( period = 2.140 ns )                    ; lab6_stack_top:U_STACK_SYSTEM|stack7x16:U_STACK|sp_r[1]           ; lab6_stack_top:U_STACK_SYSTEM|stack7x16:U_STACK|mem_r[5][4]  ; clock_i    ; clock_i  ; None                        ; None                      ; 1.958 ns                ;
; N/A                                     ; 467.29 MHz ( period = 2.140 ns )                    ; lab6_stack_top:U_STACK_SYSTEM|stack7x16:U_STACK|sp_r[1]           ; lab6_stack_top:U_STACK_SYSTEM|stack7x16:U_STACK|mem_r[5][5]  ; clock_i    ; clock_i  ; None                        ; None                      ; 1.958 ns                ;
; N/A                                     ; 469.48 MHz ( period = 2.130 ns )                    ; lab6_stack_top:U_STACK_SYSTEM|stack7x16:U_STACK|mem_r[2][10]      ; lab6_stack_top:U_STACK_SYSTEM|stack7x16:U_STACK|dout_r[10]   ; clock_i    ; clock_i  ; None                        ; None                      ; 1.936 ns                ;
; N/A                                     ; 470.81 MHz ( period = 2.124 ns )                    ; lab6_stack_top:U_STACK_SYSTEM|stack7x16:U_STACK|sp_r[2]~DUPLICATE ; lab6_stack_top:U_STACK_SYSTEM|stack7x16:U_STACK|dout_r[9]    ; clock_i    ; clock_i  ; None                        ; None                      ; 1.937 ns                ;
; N/A                                     ; 471.25 MHz ( period = 2.122 ns )                    ; lab6_stack_top:U_STACK_SYSTEM|stack7x16:U_STACK|sp_r[1]           ; lab6_stack_top:U_STACK_SYSTEM|stack7x16:U_STACK|dout_r[6]    ; clock_i    ; clock_i  ; None                        ; None                      ; 1.935 ns                ;
; N/A                                     ; 473.04 MHz ( period = 2.114 ns )                    ; lab6_stack_top:U_STACK_SYSTEM|stack7x16:U_STACK|sp_r[0]~DUPLICATE ; lab6_stack_top:U_STACK_SYSTEM|stack7x16:U_STACK|dout_r[6]    ; clock_i    ; clock_i  ; None                        ; None                      ; 1.927 ns                ;
; N/A                                     ; 473.04 MHz ( period = 2.114 ns )                    ; lab6_stack_top:U_STACK_SYSTEM|stack7x16:U_STACK|sp_r[0]~DUPLICATE ; lab6_stack_top:U_STACK_SYSTEM|stack7x16:U_STACK|dout_r[7]    ; clock_i    ; clock_i  ; None                        ; None                      ; 1.927 ns                ;
; N/A                                     ; 473.04 MHz ( period = 2.114 ns )                    ; lab6_stack_top:U_STACK_SYSTEM|stack7x16:U_STACK|sp_r[0]~DUPLICATE ; lab6_stack_top:U_STACK_SYSTEM|stack7x16:U_STACK|dout_r[8]    ; clock_i    ; clock_i  ; None                        ; None                      ; 1.927 ns                ;
; N/A                                     ; 473.04 MHz ( period = 2.114 ns )                    ; lab6_stack_top:U_STACK_SYSTEM|stack7x16:U_STACK|sp_r[0]~DUPLICATE ; lab6_stack_top:U_STACK_SYSTEM|stack7x16:U_STACK|dout_r[9]    ; clock_i    ; clock_i  ; None                        ; None                      ; 1.927 ns                ;
; N/A                                     ; 473.48 MHz ( period = 2.112 ns )                    ; lab6_stack_top:U_STACK_SYSTEM|stack7x16:U_STACK|sp_r[2]~DUPLICATE ; lab6_stack_top:U_STACK_SYSTEM|stack7x16:U_STACK|dout_r[8]    ; clock_i    ; clock_i  ; None                        ; None                      ; 1.925 ns                ;
; N/A                                     ; 476.87 MHz ( period = 2.097 ns )                    ; lab6_stack_top:U_STACK_SYSTEM|stack7x16:U_STACK|sp_r[0]           ; lab6_stack_top:U_STACK_SYSTEM|stack7x16:U_STACK|mem_r[3][13] ; clock_i    ; clock_i  ; None                        ; None                      ; 1.908 ns                ;
; N/A                                     ; 476.87 MHz ( period = 2.097 ns )                    ; lab6_stack_top:U_STACK_SYSTEM|stack7x16:U_STACK|sp_r[0]           ; lab6_stack_top:U_STACK_SYSTEM|stack7x16:U_STACK|mem_r[3][14] ; clock_i    ; clock_i  ; None                        ; None                      ; 1.908 ns                ;
; N/A                                     ; 477.78 MHz ( period = 2.093 ns )                    ; lab6_stack_top:U_STACK_SYSTEM|stack7x16:U_STACK|sp_r[2]~DUPLICATE ; lab6_stack_top:U_STACK_SYSTEM|stack7x16:U_STACK|mem_r[3][15] ; clock_i    ; clock_i  ; None                        ; None                      ; 1.895 ns                ;
; N/A                                     ; 478.47 MHz ( period = 2.090 ns )                    ; lab6_stack_top:U_STACK_SYSTEM|stack7x16:U_STACK|sp_r[0]~DUPLICATE ; lab6_stack_top:U_STACK_SYSTEM|stack7x16:U_STACK|mem_r[2][0]  ; clock_i    ; clock_i  ; None                        ; None                      ; 1.902 ns                ;
; N/A                                     ; 478.47 MHz ( period = 2.090 ns )                    ; lab6_stack_top:U_STACK_SYSTEM|stack7x16:U_STACK|sp_r[0]~DUPLICATE ; lab6_stack_top:U_STACK_SYSTEM|stack7x16:U_STACK|mem_r[2][1]  ; clock_i    ; clock_i  ; None                        ; None                      ; 1.902 ns                ;
; N/A                                     ; 478.47 MHz ( period = 2.090 ns )                    ; lab6_stack_top:U_STACK_SYSTEM|stack7x16:U_STACK|sp_r[0]~DUPLICATE ; lab6_stack_top:U_STACK_SYSTEM|stack7x16:U_STACK|mem_r[2][2]  ; clock_i    ; clock_i  ; None                        ; None                      ; 1.902 ns                ;
; N/A                                     ; 478.47 MHz ( period = 2.090 ns )                    ; lab6_stack_top:U_STACK_SYSTEM|stack7x16:U_STACK|sp_r[0]~DUPLICATE ; lab6_stack_top:U_STACK_SYSTEM|stack7x16:U_STACK|mem_r[2][3]  ; clock_i    ; clock_i  ; None                        ; None                      ; 1.902 ns                ;
; N/A                                     ; 478.47 MHz ( period = 2.090 ns )                    ; lab6_stack_top:U_STACK_SYSTEM|stack7x16:U_STACK|sp_r[0]~DUPLICATE ; lab6_stack_top:U_STACK_SYSTEM|stack7x16:U_STACK|mem_r[2][4]  ; clock_i    ; clock_i  ; None                        ; None                      ; 1.902 ns                ;
; N/A                                     ; 478.47 MHz ( period = 2.090 ns )                    ; lab6_stack_top:U_STACK_SYSTEM|stack7x16:U_STACK|sp_r[0]~DUPLICATE ; lab6_stack_top:U_STACK_SYSTEM|stack7x16:U_STACK|mem_r[2][5]  ; clock_i    ; clock_i  ; None                        ; None                      ; 1.902 ns                ;
; N/A                                     ; 478.47 MHz ( period = 2.090 ns )                    ; lab6_stack_top:U_STACK_SYSTEM|stack7x16:U_STACK|sp_r[0]~DUPLICATE ; lab6_stack_top:U_STACK_SYSTEM|stack7x16:U_STACK|mem_r[2][6]  ; clock_i    ; clock_i  ; None                        ; None                      ; 1.902 ns                ;
; N/A                                     ; 478.47 MHz ( period = 2.090 ns )                    ; lab6_stack_top:U_STACK_SYSTEM|stack7x16:U_STACK|sp_r[0]~DUPLICATE ; lab6_stack_top:U_STACK_SYSTEM|stack7x16:U_STACK|mem_r[2][7]  ; clock_i    ; clock_i  ; None                        ; None                      ; 1.902 ns                ;
; N/A                                     ; 478.47 MHz ( period = 2.090 ns )                    ; lab6_stack_top:U_STACK_SYSTEM|stack7x16:U_STACK|sp_r[0]~DUPLICATE ; lab6_stack_top:U_STACK_SYSTEM|stack7x16:U_STACK|mem_r[2][8]  ; clock_i    ; clock_i  ; None                        ; None                      ; 1.902 ns                ;
; N/A                                     ; 478.47 MHz ( period = 2.090 ns )                    ; lab6_stack_top:U_STACK_SYSTEM|stack7x16:U_STACK|sp_r[0]~DUPLICATE ; lab6_stack_top:U_STACK_SYSTEM|stack7x16:U_STACK|mem_r[2][9]  ; clock_i    ; clock_i  ; None                        ; None                      ; 1.902 ns                ;
; N/A                                     ; 478.47 MHz ( period = 2.090 ns )                    ; lab6_stack_top:U_STACK_SYSTEM|stack7x16:U_STACK|sp_r[0]~DUPLICATE ; lab6_stack_top:U_STACK_SYSTEM|stack7x16:U_STACK|mem_r[2][10] ; clock_i    ; clock_i  ; None                        ; None                      ; 1.902 ns                ;
; N/A                                     ; 478.47 MHz ( period = 2.090 ns )                    ; lab6_stack_top:U_STACK_SYSTEM|stack7x16:U_STACK|sp_r[0]~DUPLICATE ; lab6_stack_top:U_STACK_SYSTEM|stack7x16:U_STACK|mem_r[2][11] ; clock_i    ; clock_i  ; None                        ; None                      ; 1.902 ns                ;
; N/A                                     ; 478.47 MHz ( period = 2.090 ns )                    ; lab6_stack_top:U_STACK_SYSTEM|stack7x16:U_STACK|sp_r[0]~DUPLICATE ; lab6_stack_top:U_STACK_SYSTEM|stack7x16:U_STACK|mem_r[2][12] ; clock_i    ; clock_i  ; None                        ; None                      ; 1.902 ns                ;
; N/A                                     ; 479.85 MHz ( period = 2.084 ns )                    ; lab6_stack_top:U_STACK_SYSTEM|stack7x16:U_STACK|sp_r[1]           ; lab6_stack_top:U_STACK_SYSTEM|stack7x16:U_STACK|mem_r[3][13] ; clock_i    ; clock_i  ; None                        ; None                      ; 1.895 ns                ;
; N/A                                     ; 479.85 MHz ( period = 2.084 ns )                    ; lab6_stack_top:U_STACK_SYSTEM|stack7x16:U_STACK|sp_r[1]           ; lab6_stack_top:U_STACK_SYSTEM|stack7x16:U_STACK|mem_r[3][14] ; clock_i    ; clock_i  ; None                        ; None                      ; 1.895 ns                ;
; N/A                                     ; 481.46 MHz ( period = 2.077 ns )                    ; lab6_stack_top:U_STACK_SYSTEM|stack7x16:U_STACK|sp_r[2]           ; lab6_stack_top:U_STACK_SYSTEM|stack7x16:U_STACK|mem_r[2][13] ; clock_i    ; clock_i  ; None                        ; None                      ; 1.888 ns                ;
; N/A                                     ; 481.46 MHz ( period = 2.077 ns )                    ; lab6_stack_top:U_STACK_SYSTEM|stack7x16:U_STACK|sp_r[2]           ; lab6_stack_top:U_STACK_SYSTEM|stack7x16:U_STACK|mem_r[2][14] ; clock_i    ; clock_i  ; None                        ; None                      ; 1.888 ns                ;
; N/A                                     ; 481.46 MHz ( period = 2.077 ns )                    ; lab6_stack_top:U_STACK_SYSTEM|stack7x16:U_STACK|sp_r[2]           ; lab6_stack_top:U_STACK_SYSTEM|stack7x16:U_STACK|mem_r[2][15] ; clock_i    ; clock_i  ; None                        ; None                      ; 1.888 ns                ;
; N/A                                     ; 483.09 MHz ( period = 2.070 ns )                    ; lab6_stack_top:U_STACK_SYSTEM|stack7x16:U_STACK|sp_r[2]~DUPLICATE ; lab6_stack_top:U_STACK_SYSTEM|stack7x16:U_STACK|dout_r[10]   ; clock_i    ; clock_i  ; None                        ; None                      ; 1.872 ns                ;
; N/A                                     ; 483.33 MHz ( period = 2.069 ns )                    ; lab6_stack_top:U_STACK_SYSTEM|stack7x16:U_STACK|mem_r[6][9]       ; lab6_stack_top:U_STACK_SYSTEM|stack7x16:U_STACK|dout_r[9]    ; clock_i    ; clock_i  ; None                        ; None                      ; 1.886 ns                ;
; N/A                                     ; 484.03 MHz ( period = 2.066 ns )                    ; lab6_stack_top:U_STACK_SYSTEM|stack7x16:U_STACK|sp_r[0]~DUPLICATE ; lab6_stack_top:U_STACK_SYSTEM|stack7x16:U_STACK|mem_r[0][2]  ; clock_i    ; clock_i  ; None                        ; None                      ; 1.888 ns                ;
; N/A                                     ; 484.03 MHz ( period = 2.066 ns )                    ; lab6_stack_top:U_STACK_SYSTEM|stack7x16:U_STACK|sp_r[0]~DUPLICATE ; lab6_stack_top:U_STACK_SYSTEM|stack7x16:U_STACK|mem_r[0][3]  ; clock_i    ; clock_i  ; None                        ; None                      ; 1.888 ns                ;
; N/A                                     ; 484.03 MHz ( period = 2.066 ns )                    ; lab6_stack_top:U_STACK_SYSTEM|stack7x16:U_STACK|sp_r[0]~DUPLICATE ; lab6_stack_top:U_STACK_SYSTEM|stack7x16:U_STACK|mem_r[0][4]  ; clock_i    ; clock_i  ; None                        ; None                      ; 1.888 ns                ;
; N/A                                     ; 484.03 MHz ( period = 2.066 ns )                    ; lab6_stack_top:U_STACK_SYSTEM|stack7x16:U_STACK|sp_r[0]~DUPLICATE ; lab6_stack_top:U_STACK_SYSTEM|stack7x16:U_STACK|mem_r[0][5]  ; clock_i    ; clock_i  ; None                        ; None                      ; 1.888 ns                ;
; N/A                                     ; 484.03 MHz ( period = 2.066 ns )                    ; lab6_stack_top:U_STACK_SYSTEM|stack7x16:U_STACK|sp_r[0]~DUPLICATE ; lab6_stack_top:U_STACK_SYSTEM|stack7x16:U_STACK|mem_r[0][6]  ; clock_i    ; clock_i  ; None                        ; None                      ; 1.888 ns                ;
; N/A                                     ; 484.03 MHz ( period = 2.066 ns )                    ; lab6_stack_top:U_STACK_SYSTEM|stack7x16:U_STACK|sp_r[0]~DUPLICATE ; lab6_stack_top:U_STACK_SYSTEM|stack7x16:U_STACK|mem_r[0][7]  ; clock_i    ; clock_i  ; None                        ; None                      ; 1.888 ns                ;
; N/A                                     ; 484.03 MHz ( period = 2.066 ns )                    ; lab6_stack_top:U_STACK_SYSTEM|stack7x16:U_STACK|sp_r[0]~DUPLICATE ; lab6_stack_top:U_STACK_SYSTEM|stack7x16:U_STACK|mem_r[0][8]  ; clock_i    ; clock_i  ; None                        ; None                      ; 1.888 ns                ;
; N/A                                     ; 484.03 MHz ( period = 2.066 ns )                    ; lab6_stack_top:U_STACK_SYSTEM|stack7x16:U_STACK|sp_r[0]~DUPLICATE ; lab6_stack_top:U_STACK_SYSTEM|stack7x16:U_STACK|mem_r[0][9]  ; clock_i    ; clock_i  ; None                        ; None                      ; 1.888 ns                ;
; N/A                                     ; 484.26 MHz ( period = 2.065 ns )                    ; lab6_stack_top:U_STACK_SYSTEM|stack7x16:U_STACK|sp_r[1]           ; lab6_stack_top:U_STACK_SYSTEM|stack7x16:U_STACK|dout_r[15]   ; clock_i    ; clock_i  ; None                        ; None                      ; 1.867 ns                ;
; N/A                                     ; 484.73 MHz ( period = 2.063 ns )                    ; lab6_stack_top:U_STACK_SYSTEM|stack7x16:U_STACK|sp_r[0]~DUPLICATE ; lab6_stack_top:U_STACK_SYSTEM|stack7x16:U_STACK|mem_r[6][0]  ; clock_i    ; clock_i  ; None                        ; None                      ; 1.875 ns                ;
; N/A                                     ; 484.73 MHz ( period = 2.063 ns )                    ; lab6_stack_top:U_STACK_SYSTEM|stack7x16:U_STACK|sp_r[0]~DUPLICATE ; lab6_stack_top:U_STACK_SYSTEM|stack7x16:U_STACK|mem_r[6][1]  ; clock_i    ; clock_i  ; None                        ; None                      ; 1.875 ns                ;
; N/A                                     ; 484.73 MHz ( period = 2.063 ns )                    ; lab6_stack_top:U_STACK_SYSTEM|stack7x16:U_STACK|sp_r[0]~DUPLICATE ; lab6_stack_top:U_STACK_SYSTEM|stack7x16:U_STACK|mem_r[6][2]  ; clock_i    ; clock_i  ; None                        ; None                      ; 1.875 ns                ;
; N/A                                     ; 484.73 MHz ( period = 2.063 ns )                    ; lab6_stack_top:U_STACK_SYSTEM|stack7x16:U_STACK|sp_r[0]~DUPLICATE ; lab6_stack_top:U_STACK_SYSTEM|stack7x16:U_STACK|mem_r[6][3]  ; clock_i    ; clock_i  ; None                        ; None                      ; 1.875 ns                ;
; N/A                                     ; 484.73 MHz ( period = 2.063 ns )                    ; lab6_stack_top:U_STACK_SYSTEM|stack7x16:U_STACK|sp_r[0]~DUPLICATE ; lab6_stack_top:U_STACK_SYSTEM|stack7x16:U_STACK|mem_r[6][5]  ; clock_i    ; clock_i  ; None                        ; None                      ; 1.875 ns                ;
; N/A                                     ; 484.73 MHz ( period = 2.063 ns )                    ; lab6_stack_top:U_STACK_SYSTEM|stack7x16:U_STACK|sp_r[0]~DUPLICATE ; lab6_stack_top:U_STACK_SYSTEM|stack7x16:U_STACK|mem_r[6][6]  ; clock_i    ; clock_i  ; None                        ; None                      ; 1.875 ns                ;
; N/A                                     ; 484.73 MHz ( period = 2.063 ns )                    ; lab6_stack_top:U_STACK_SYSTEM|stack7x16:U_STACK|sp_r[0]~DUPLICATE ; lab6_stack_top:U_STACK_SYSTEM|stack7x16:U_STACK|mem_r[6][7]  ; clock_i    ; clock_i  ; None                        ; None                      ; 1.875 ns                ;
; N/A                                     ; 484.73 MHz ( period = 2.063 ns )                    ; lab6_stack_top:U_STACK_SYSTEM|stack7x16:U_STACK|sp_r[0]~DUPLICATE ; lab6_stack_top:U_STACK_SYSTEM|stack7x16:U_STACK|mem_r[6][8]  ; clock_i    ; clock_i  ; None                        ; None                      ; 1.875 ns                ;
; N/A                                     ; 484.73 MHz ( period = 2.063 ns )                    ; lab6_stack_top:U_STACK_SYSTEM|stack7x16:U_STACK|sp_r[0]~DUPLICATE ; lab6_stack_top:U_STACK_SYSTEM|stack7x16:U_STACK|mem_r[6][9]  ; clock_i    ; clock_i  ; None                        ; None                      ; 1.875 ns                ;
; N/A                                     ; 484.73 MHz ( period = 2.063 ns )                    ; lab6_stack_top:U_STACK_SYSTEM|stack7x16:U_STACK|sp_r[0]~DUPLICATE ; lab6_stack_top:U_STACK_SYSTEM|stack7x16:U_STACK|mem_r[6][10] ; clock_i    ; clock_i  ; None                        ; None                      ; 1.875 ns                ;
; N/A                                     ; 484.73 MHz ( period = 2.063 ns )                    ; lab6_stack_top:U_STACK_SYSTEM|stack7x16:U_STACK|sp_r[0]~DUPLICATE ; lab6_stack_top:U_STACK_SYSTEM|stack7x16:U_STACK|mem_r[6][11] ; clock_i    ; clock_i  ; None                        ; None                      ; 1.875 ns                ;
; N/A                                     ; 484.73 MHz ( period = 2.063 ns )                    ; lab6_stack_top:U_STACK_SYSTEM|stack7x16:U_STACK|sp_r[0]~DUPLICATE ; lab6_stack_top:U_STACK_SYSTEM|stack7x16:U_STACK|mem_r[6][12] ; clock_i    ; clock_i  ; None                        ; None                      ; 1.875 ns                ;
; N/A                                     ; 484.73 MHz ( period = 2.063 ns )                    ; lab6_stack_top:U_STACK_SYSTEM|stack7x16:U_STACK|sp_r[0]~DUPLICATE ; lab6_stack_top:U_STACK_SYSTEM|stack7x16:U_STACK|mem_r[6][13] ; clock_i    ; clock_i  ; None                        ; None                      ; 1.875 ns                ;
; N/A                                     ; 484.73 MHz ( period = 2.063 ns )                    ; lab6_stack_top:U_STACK_SYSTEM|stack7x16:U_STACK|sp_r[0]~DUPLICATE ; lab6_stack_top:U_STACK_SYSTEM|stack7x16:U_STACK|mem_r[6][14] ; clock_i    ; clock_i  ; None                        ; None                      ; 1.875 ns                ;
; N/A                                     ; 485.67 MHz ( period = 2.059 ns )                    ; lab6_stack_top:U_STACK_SYSTEM|stack7x16:U_STACK|sp_r[1]           ; lab6_stack_top:U_STACK_SYSTEM|stack7x16:U_STACK|mem_r[4][1]  ; clock_i    ; clock_i  ; None                        ; None                      ; 1.871 ns                ;
; N/A                                     ; 486.85 MHz ( period = 2.054 ns )                    ; lab6_stack_top:U_STACK_SYSTEM|stack7x16:U_STACK|sp_r[0]~DUPLICATE ; lab6_stack_top:U_STACK_SYSTEM|stack7x16:U_STACK|mem_r[0][10] ; clock_i    ; clock_i  ; None                        ; None                      ; 1.865 ns                ;
; N/A                                     ; 486.85 MHz ( period = 2.054 ns )                    ; lab6_stack_top:U_STACK_SYSTEM|stack7x16:U_STACK|sp_r[0]~DUPLICATE ; lab6_stack_top:U_STACK_SYSTEM|stack7x16:U_STACK|mem_r[0][11] ; clock_i    ; clock_i  ; None                        ; None                      ; 1.865 ns                ;
; N/A                                     ; 486.85 MHz ( period = 2.054 ns )                    ; lab6_stack_top:U_STACK_SYSTEM|stack7x16:U_STACK|sp_r[0]~DUPLICATE ; lab6_stack_top:U_STACK_SYSTEM|stack7x16:U_STACK|mem_r[0][12] ; clock_i    ; clock_i  ; None                        ; None                      ; 1.865 ns                ;
; N/A                                     ; 486.85 MHz ( period = 2.054 ns )                    ; lab6_stack_top:U_STACK_SYSTEM|stack7x16:U_STACK|sp_r[0]~DUPLICATE ; lab6_stack_top:U_STACK_SYSTEM|stack7x16:U_STACK|mem_r[0][13] ; clock_i    ; clock_i  ; None                        ; None                      ; 1.865 ns                ;
; N/A                                     ; 486.85 MHz ( period = 2.054 ns )                    ; lab6_stack_top:U_STACK_SYSTEM|stack7x16:U_STACK|sp_r[0]~DUPLICATE ; lab6_stack_top:U_STACK_SYSTEM|stack7x16:U_STACK|mem_r[0][14] ; clock_i    ; clock_i  ; None                        ; None                      ; 1.865 ns                ;
; N/A                                     ; 486.85 MHz ( period = 2.054 ns )                    ; lab6_stack_top:U_STACK_SYSTEM|stack7x16:U_STACK|sp_r[0]~DUPLICATE ; lab6_stack_top:U_STACK_SYSTEM|stack7x16:U_STACK|mem_r[0][15] ; clock_i    ; clock_i  ; None                        ; None                      ; 1.865 ns                ;
; N/A                                     ; 488.04 MHz ( period = 2.049 ns )                    ; lab6_stack_top:U_STACK_SYSTEM|stack7x16:U_STACK|sp_r[0]~DUPLICATE ; lab6_stack_top:U_STACK_SYSTEM|stack7x16:U_STACK|mem_r[0][1]  ; clock_i    ; clock_i  ; None                        ; None                      ; 1.861 ns                ;
; N/A                                     ; 489.00 MHz ( period = 2.045 ns )                    ; lab6_stack_top:U_STACK_SYSTEM|stack7x16:U_STACK|sp_r[1]~DUPLICATE ; lab6_stack_top:U_STACK_SYSTEM|stack7x16:U_STACK|dout_r[10]   ; clock_i    ; clock_i  ; None                        ; None                      ; 1.847 ns                ;
; N/A                                     ; 489.00 MHz ( period = 2.045 ns )                    ; lab6_stack_top:U_STACK_SYSTEM|stack7x16:U_STACK|sp_r[1]~DUPLICATE ; lab6_stack_top:U_STACK_SYSTEM|stack7x16:U_STACK|dout_r[11]   ; clock_i    ; clock_i  ; None                        ; None                      ; 1.847 ns                ;
; N/A                                     ; 489.00 MHz ( period = 2.045 ns )                    ; lab6_stack_top:U_STACK_SYSTEM|stack7x16:U_STACK|sp_r[1]~DUPLICATE ; lab6_stack_top:U_STACK_SYSTEM|stack7x16:U_STACK|dout_r[12]   ; clock_i    ; clock_i  ; None                        ; None                      ; 1.847 ns                ;
; N/A                                     ; 489.00 MHz ( period = 2.045 ns )                    ; lab6_stack_top:U_STACK_SYSTEM|stack7x16:U_STACK|sp_r[1]~DUPLICATE ; lab6_stack_top:U_STACK_SYSTEM|stack7x16:U_STACK|dout_r[13]   ; clock_i    ; clock_i  ; None                        ; None                      ; 1.847 ns                ;
; N/A                                     ; 489.00 MHz ( period = 2.045 ns )                    ; lab6_stack_top:U_STACK_SYSTEM|stack7x16:U_STACK|sp_r[1]~DUPLICATE ; lab6_stack_top:U_STACK_SYSTEM|stack7x16:U_STACK|dout_r[15]   ; clock_i    ; clock_i  ; None                        ; None                      ; 1.847 ns                ;
; N/A                                     ; 490.68 MHz ( period = 2.038 ns )                    ; lab6_stack_top:U_STACK_SYSTEM|stack7x16:U_STACK|sp_r[2]           ; lab6_stack_top:U_STACK_SYSTEM|stack7x16:U_STACK|mem_r[6][4]  ; clock_i    ; clock_i  ; None                        ; None                      ; 1.849 ns                ;
; N/A                                     ; 490.68 MHz ( period = 2.038 ns )                    ; lab6_stack_top:U_STACK_SYSTEM|stack7x16:U_STACK|sp_r[2]           ; lab6_stack_top:U_STACK_SYSTEM|stack7x16:U_STACK|mem_r[6][15] ; clock_i    ; clock_i  ; None                        ; None                      ; 1.849 ns                ;
; N/A                                     ; 490.92 MHz ( period = 2.037 ns )                    ; lab6_stack_top:U_STACK_SYSTEM|stack7x16:U_STACK|sp_r[2]~DUPLICATE ; lab6_stack_top:U_STACK_SYSTEM|stack7x16:U_STACK|mem_r[5][10] ; clock_i    ; clock_i  ; None                        ; None                      ; 1.839 ns                ;
; N/A                                     ; 490.92 MHz ( period = 2.037 ns )                    ; lab6_stack_top:U_STACK_SYSTEM|stack7x16:U_STACK|sp_r[2]~DUPLICATE ; lab6_stack_top:U_STACK_SYSTEM|stack7x16:U_STACK|mem_r[5][11] ; clock_i    ; clock_i  ; None                        ; None                      ; 1.839 ns                ;
; N/A                                     ; 490.92 MHz ( period = 2.037 ns )                    ; lab6_stack_top:U_STACK_SYSTEM|stack7x16:U_STACK|sp_r[2]~DUPLICATE ; lab6_stack_top:U_STACK_SYSTEM|stack7x16:U_STACK|mem_r[5][12] ; clock_i    ; clock_i  ; None                        ; None                      ; 1.839 ns                ;
; N/A                                     ; 490.92 MHz ( period = 2.037 ns )                    ; lab6_stack_top:U_STACK_SYSTEM|stack7x16:U_STACK|sp_r[2]~DUPLICATE ; lab6_stack_top:U_STACK_SYSTEM|stack7x16:U_STACK|mem_r[5][13] ; clock_i    ; clock_i  ; None                        ; None                      ; 1.839 ns                ;
; N/A                                     ; 490.92 MHz ( period = 2.037 ns )                    ; lab6_stack_top:U_STACK_SYSTEM|stack7x16:U_STACK|sp_r[2]~DUPLICATE ; lab6_stack_top:U_STACK_SYSTEM|stack7x16:U_STACK|mem_r[5][15] ; clock_i    ; clock_i  ; None                        ; None                      ; 1.839 ns                ;
; N/A                                     ; 491.40 MHz ( period = 2.035 ns )                    ; lab6_stack_top:U_STACK_SYSTEM|stack7x16:U_STACK|sp_r[1]           ; lab6_stack_top:U_STACK_SYSTEM|stack7x16:U_STACK|mem_r[0][2]  ; clock_i    ; clock_i  ; None                        ; None                      ; 1.857 ns                ;
; N/A                                     ; 491.40 MHz ( period = 2.035 ns )                    ; lab6_stack_top:U_STACK_SYSTEM|stack7x16:U_STACK|sp_r[1]           ; lab6_stack_top:U_STACK_SYSTEM|stack7x16:U_STACK|mem_r[0][3]  ; clock_i    ; clock_i  ; None                        ; None                      ; 1.857 ns                ;
; N/A                                     ; 491.40 MHz ( period = 2.035 ns )                    ; lab6_stack_top:U_STACK_SYSTEM|stack7x16:U_STACK|sp_r[1]           ; lab6_stack_top:U_STACK_SYSTEM|stack7x16:U_STACK|mem_r[0][4]  ; clock_i    ; clock_i  ; None                        ; None                      ; 1.857 ns                ;
; N/A                                     ; 491.40 MHz ( period = 2.035 ns )                    ; lab6_stack_top:U_STACK_SYSTEM|stack7x16:U_STACK|sp_r[1]           ; lab6_stack_top:U_STACK_SYSTEM|stack7x16:U_STACK|mem_r[0][5]  ; clock_i    ; clock_i  ; None                        ; None                      ; 1.857 ns                ;
; N/A                                     ; 491.40 MHz ( period = 2.035 ns )                    ; lab6_stack_top:U_STACK_SYSTEM|stack7x16:U_STACK|sp_r[1]           ; lab6_stack_top:U_STACK_SYSTEM|stack7x16:U_STACK|mem_r[0][6]  ; clock_i    ; clock_i  ; None                        ; None                      ; 1.857 ns                ;
; N/A                                     ; 491.40 MHz ( period = 2.035 ns )                    ; lab6_stack_top:U_STACK_SYSTEM|stack7x16:U_STACK|sp_r[1]           ; lab6_stack_top:U_STACK_SYSTEM|stack7x16:U_STACK|mem_r[0][7]  ; clock_i    ; clock_i  ; None                        ; None                      ; 1.857 ns                ;
; N/A                                     ; 491.40 MHz ( period = 2.035 ns )                    ; lab6_stack_top:U_STACK_SYSTEM|stack7x16:U_STACK|sp_r[1]           ; lab6_stack_top:U_STACK_SYSTEM|stack7x16:U_STACK|mem_r[0][8]  ; clock_i    ; clock_i  ; None                        ; None                      ; 1.857 ns                ;
; N/A                                     ; 491.40 MHz ( period = 2.035 ns )                    ; lab6_stack_top:U_STACK_SYSTEM|stack7x16:U_STACK|sp_r[1]           ; lab6_stack_top:U_STACK_SYSTEM|stack7x16:U_STACK|mem_r[0][9]  ; clock_i    ; clock_i  ; None                        ; None                      ; 1.857 ns                ;
; N/A                                     ; 491.64 MHz ( period = 2.034 ns )                    ; lab6_stack_top:U_STACK_SYSTEM|stack7x16:U_STACK|sp_r[2]           ; lab6_stack_top:U_STACK_SYSTEM|stack7x16:U_STACK|dout_r[1]    ; clock_i    ; clock_i  ; None                        ; None                      ; 1.851 ns                ;
; N/A                                     ; 491.88 MHz ( period = 2.033 ns )                    ; lab6_stack_top:U_STACK_SYSTEM|stack7x16:U_STACK|sp_r[0]           ; lab6_stack_top:U_STACK_SYSTEM|stack7x16:U_STACK|mem_r[4][1]  ; clock_i    ; clock_i  ; None                        ; None                      ; 1.845 ns                ;
; N/A                                     ; 492.85 MHz ( period = 2.029 ns )                    ; lab6_stack_top:U_STACK_SYSTEM|stack7x16:U_STACK|sp_r[0]~DUPLICATE ; lab6_stack_top:U_STACK_SYSTEM|stack7x16:U_STACK|mem_r[0][0]  ; clock_i    ; clock_i  ; None                        ; None                      ; 1.841 ns                ;
; N/A                                     ; 493.34 MHz ( period = 2.027 ns )                    ; lab6_stack_top:U_STACK_SYSTEM|stack7x16:U_STACK|sp_r[2]           ; lab6_stack_top:U_STACK_SYSTEM|stack7x16:U_STACK|dout_r[2]    ; clock_i    ; clock_i  ; None                        ; None                      ; 1.845 ns                ;
; N/A                                     ; 493.34 MHz ( period = 2.027 ns )                    ; lab6_stack_top:U_STACK_SYSTEM|stack7x16:U_STACK|sp_r[2]           ; lab6_stack_top:U_STACK_SYSTEM|stack7x16:U_STACK|dout_r[3]    ; clock_i    ; clock_i  ; None                        ; None                      ; 1.845 ns                ;
; N/A                                     ; 493.34 MHz ( period = 2.027 ns )                    ; lab6_stack_top:U_STACK_SYSTEM|stack7x16:U_STACK|sp_r[2]           ; lab6_stack_top:U_STACK_SYSTEM|stack7x16:U_STACK|dout_r[4]    ; clock_i    ; clock_i  ; None                        ; None                      ; 1.845 ns                ;
; N/A                                     ; 493.34 MHz ( period = 2.027 ns )                    ; lab6_stack_top:U_STACK_SYSTEM|stack7x16:U_STACK|sp_r[2]           ; lab6_stack_top:U_STACK_SYSTEM|stack7x16:U_STACK|dout_r[5]    ; clock_i    ; clock_i  ; None                        ; None                      ; 1.845 ns                ;
; N/A                                     ; 493.34 MHz ( period = 2.027 ns )                    ; lab6_stack_top:U_STACK_SYSTEM|stack7x16:U_STACK|mem_r[6][15]      ; lab6_stack_top:U_STACK_SYSTEM|stack7x16:U_STACK|dout_r[15]   ; clock_i    ; clock_i  ; None                        ; None                      ; 1.834 ns                ;
; N/A                                     ; 494.32 MHz ( period = 2.023 ns )                    ; lab6_stack_top:U_STACK_SYSTEM|stack7x16:U_STACK|sp_r[1]           ; lab6_stack_top:U_STACK_SYSTEM|stack7x16:U_STACK|mem_r[0][10] ; clock_i    ; clock_i  ; None                        ; None                      ; 1.834 ns                ;
; N/A                                     ; 494.32 MHz ( period = 2.023 ns )                    ; lab6_stack_top:U_STACK_SYSTEM|stack7x16:U_STACK|sp_r[1]           ; lab6_stack_top:U_STACK_SYSTEM|stack7x16:U_STACK|mem_r[0][11] ; clock_i    ; clock_i  ; None                        ; None                      ; 1.834 ns                ;
; N/A                                     ; 494.32 MHz ( period = 2.023 ns )                    ; lab6_stack_top:U_STACK_SYSTEM|stack7x16:U_STACK|sp_r[1]           ; lab6_stack_top:U_STACK_SYSTEM|stack7x16:U_STACK|mem_r[0][12] ; clock_i    ; clock_i  ; None                        ; None                      ; 1.834 ns                ;
; N/A                                     ; 494.32 MHz ( period = 2.023 ns )                    ; lab6_stack_top:U_STACK_SYSTEM|stack7x16:U_STACK|sp_r[1]           ; lab6_stack_top:U_STACK_SYSTEM|stack7x16:U_STACK|mem_r[0][13] ; clock_i    ; clock_i  ; None                        ; None                      ; 1.834 ns                ;
; N/A                                     ; 494.32 MHz ( period = 2.023 ns )                    ; lab6_stack_top:U_STACK_SYSTEM|stack7x16:U_STACK|sp_r[1]           ; lab6_stack_top:U_STACK_SYSTEM|stack7x16:U_STACK|mem_r[0][14] ; clock_i    ; clock_i  ; None                        ; None                      ; 1.834 ns                ;
; N/A                                     ; 494.32 MHz ( period = 2.023 ns )                    ; lab6_stack_top:U_STACK_SYSTEM|stack7x16:U_STACK|sp_r[1]           ; lab6_stack_top:U_STACK_SYSTEM|stack7x16:U_STACK|mem_r[0][15] ; clock_i    ; clock_i  ; None                        ; None                      ; 1.834 ns                ;
; N/A                                     ; 495.54 MHz ( period = 2.018 ns )                    ; lab6_stack_top:U_STACK_SYSTEM|stack7x16:U_STACK|sp_r[1]           ; lab6_stack_top:U_STACK_SYSTEM|stack7x16:U_STACK|mem_r[0][1]  ; clock_i    ; clock_i  ; None                        ; None                      ; 1.830 ns                ;
; N/A                                     ; 495.79 MHz ( period = 2.017 ns )                    ; lab6_stack_top:U_STACK_SYSTEM|stack7x16:U_STACK|sp_r[2]~DUPLICATE ; lab6_stack_top:U_STACK_SYSTEM|stack7x16:U_STACK|mem_r[5][0]  ; clock_i    ; clock_i  ; None                        ; None                      ; 1.819 ns                ;
; N/A                                     ; 495.79 MHz ( period = 2.017 ns )                    ; lab6_stack_top:U_STACK_SYSTEM|stack7x16:U_STACK|sp_r[2]~DUPLICATE ; lab6_stack_top:U_STACK_SYSTEM|stack7x16:U_STACK|mem_r[5][1]  ; clock_i    ; clock_i  ; None                        ; None                      ; 1.819 ns                ;
; N/A                                     ; 495.79 MHz ( period = 2.017 ns )                    ; lab6_stack_top:U_STACK_SYSTEM|stack7x16:U_STACK|sp_r[2]~DUPLICATE ; lab6_stack_top:U_STACK_SYSTEM|stack7x16:U_STACK|mem_r[5][14] ; clock_i    ; clock_i  ; None                        ; None                      ; 1.819 ns                ;
; N/A                                     ; 496.77 MHz ( period = 2.013 ns )                    ; lab6_stack_top:U_STACK_SYSTEM|stack7x16:U_STACK|mem_r[6][1]       ; lab6_stack_top:U_STACK_SYSTEM|stack7x16:U_STACK|dout_r[1]    ; clock_i    ; clock_i  ; None                        ; None                      ; 1.834 ns                ;
; N/A                                     ; 497.02 MHz ( period = 2.012 ns )                    ; lab6_stack_top:U_STACK_SYSTEM|stack7x16:U_STACK|sp_r[1]           ; lab6_stack_top:U_STACK_SYSTEM|stack7x16:U_STACK|mem_r[4][0]  ; clock_i    ; clock_i  ; None                        ; None                      ; 1.823 ns                ;
; N/A                                     ; 497.02 MHz ( period = 2.012 ns )                    ; lab6_stack_top:U_STACK_SYSTEM|stack7x16:U_STACK|sp_r[1]           ; lab6_stack_top:U_STACK_SYSTEM|stack7x16:U_STACK|mem_r[4][10] ; clock_i    ; clock_i  ; None                        ; None                      ; 1.823 ns                ;
; N/A                                     ; 497.02 MHz ( period = 2.012 ns )                    ; lab6_stack_top:U_STACK_SYSTEM|stack7x16:U_STACK|sp_r[1]           ; lab6_stack_top:U_STACK_SYSTEM|stack7x16:U_STACK|mem_r[4][11] ; clock_i    ; clock_i  ; None                        ; None                      ; 1.823 ns                ;
; N/A                                     ; 497.02 MHz ( period = 2.012 ns )                    ; lab6_stack_top:U_STACK_SYSTEM|stack7x16:U_STACK|sp_r[1]           ; lab6_stack_top:U_STACK_SYSTEM|stack7x16:U_STACK|mem_r[4][12] ; clock_i    ; clock_i  ; None                        ; None                      ; 1.823 ns                ;
; N/A                                     ; 497.02 MHz ( period = 2.012 ns )                    ; lab6_stack_top:U_STACK_SYSTEM|stack7x16:U_STACK|sp_r[1]           ; lab6_stack_top:U_STACK_SYSTEM|stack7x16:U_STACK|mem_r[4][13] ; clock_i    ; clock_i  ; None                        ; None                      ; 1.823 ns                ;
; N/A                                     ; 497.02 MHz ( period = 2.012 ns )                    ; lab6_stack_top:U_STACK_SYSTEM|stack7x16:U_STACK|sp_r[1]           ; lab6_stack_top:U_STACK_SYSTEM|stack7x16:U_STACK|mem_r[4][14] ; clock_i    ; clock_i  ; None                        ; None                      ; 1.823 ns                ;
; N/A                                     ; 497.02 MHz ( period = 2.012 ns )                    ; lab6_stack_top:U_STACK_SYSTEM|stack7x16:U_STACK|sp_r[1]           ; lab6_stack_top:U_STACK_SYSTEM|stack7x16:U_STACK|mem_r[4][15] ; clock_i    ; clock_i  ; None                        ; None                      ; 1.823 ns                ;
; N/A                                     ; 499.50 MHz ( period = 2.002 ns )                    ; lab6_stack_top:U_STACK_SYSTEM|stack7x16:U_STACK|sp_r[2]           ; lab6_stack_top:U_STACK_SYSTEM|stack7x16:U_STACK|mem_r[4][1]  ; clock_i    ; clock_i  ; None                        ; None                      ; 1.814 ns                ;
; N/A                                     ; 499.75 MHz ( period = 2.001 ns )                    ; lab6_stack_top:U_STACK_SYSTEM|stack7x16:U_STACK|sp_r[0]~DUPLICATE ; lab6_stack_top:U_STACK_SYSTEM|stack7x16:U_STACK|mem_r[1][3]  ; clock_i    ; clock_i  ; None                        ; None                      ; 1.819 ns                ;
; N/A                                     ; 499.75 MHz ( period = 2.001 ns )                    ; lab6_stack_top:U_STACK_SYSTEM|stack7x16:U_STACK|sp_r[0]~DUPLICATE ; lab6_stack_top:U_STACK_SYSTEM|stack7x16:U_STACK|mem_r[1][4]  ; clock_i    ; clock_i  ; None                        ; None                      ; 1.819 ns                ;
; Timing analysis restricted to 200 rows. ; To change the limit use Settings (Assignments menu) ;                                                                   ;                                                              ;            ;          ;                             ;                           ;                         ;
+-----------------------------------------+-----------------------------------------------------+-------------------------------------------------------------------+--------------------------------------------------------------+------------+----------+-----------------------------+---------------------------+-------------------------+


+-------------------------------------------------------------------------------------------------------------------------------------------------------------------------------------------------------------------------+
; tsu                                                                                                                                                                                                                     ;
+-----------------------------------------+-----------------------------------------------------+------------+----------------------------------+--------------------------------------------------------------+----------+
; Slack                                   ; Required tsu                                        ; Actual tsu ; From                             ; To                                                           ; To Clock ;
+-----------------------------------------+-----------------------------------------------------+------------+----------------------------------+--------------------------------------------------------------+----------+
; N/A                                     ; None                                                ; 5.055 ns   ; stack_command_idle_push_pop_i[0] ; lab6_stack_top:U_STACK_SYSTEM|stack7x16:U_STACK|mem_r[4][3]  ; clock_i  ;
; N/A                                     ; None                                                ; 5.015 ns   ; reset_i                          ; lab6_stack_top:U_STACK_SYSTEM|stack7x16:U_STACK|mem_r[3][15] ; clock_i  ;
; N/A                                     ; None                                                ; 5.014 ns   ; stack_command_idle_push_pop_i[0] ; lab6_stack_top:U_STACK_SYSTEM|stack7x16:U_STACK|mem_r[3][15] ; clock_i  ;
; N/A                                     ; None                                                ; 4.973 ns   ; stack_command_idle_push_pop_i[0] ; lab6_stack_top:U_STACK_SYSTEM|stack7x16:U_STACK|dout_r[10]   ; clock_i  ;
; N/A                                     ; None                                                ; 4.973 ns   ; stack_command_idle_push_pop_i[0] ; lab6_stack_top:U_STACK_SYSTEM|stack7x16:U_STACK|dout_r[11]   ; clock_i  ;
; N/A                                     ; None                                                ; 4.973 ns   ; stack_command_idle_push_pop_i[0] ; lab6_stack_top:U_STACK_SYSTEM|stack7x16:U_STACK|dout_r[12]   ; clock_i  ;
; N/A                                     ; None                                                ; 4.973 ns   ; stack_command_idle_push_pop_i[0] ; lab6_stack_top:U_STACK_SYSTEM|stack7x16:U_STACK|dout_r[13]   ; clock_i  ;
; N/A                                     ; None                                                ; 4.973 ns   ; stack_command_idle_push_pop_i[0] ; lab6_stack_top:U_STACK_SYSTEM|stack7x16:U_STACK|dout_r[15]   ; clock_i  ;
; N/A                                     ; None                                                ; 4.946 ns   ; stack_command_idle_push_pop_i[0] ; lab6_stack_top:U_STACK_SYSTEM|stack7x16:U_STACK|mem_r[5][10] ; clock_i  ;
; N/A                                     ; None                                                ; 4.946 ns   ; stack_command_idle_push_pop_i[0] ; lab6_stack_top:U_STACK_SYSTEM|stack7x16:U_STACK|mem_r[5][11] ; clock_i  ;
; N/A                                     ; None                                                ; 4.946 ns   ; stack_command_idle_push_pop_i[0] ; lab6_stack_top:U_STACK_SYSTEM|stack7x16:U_STACK|mem_r[5][12] ; clock_i  ;
; N/A                                     ; None                                                ; 4.946 ns   ; stack_command_idle_push_pop_i[0] ; lab6_stack_top:U_STACK_SYSTEM|stack7x16:U_STACK|mem_r[5][13] ; clock_i  ;
; N/A                                     ; None                                                ; 4.946 ns   ; stack_command_idle_push_pop_i[0] ; lab6_stack_top:U_STACK_SYSTEM|stack7x16:U_STACK|mem_r[5][15] ; clock_i  ;
; N/A                                     ; None                                                ; 4.935 ns   ; stack_command_idle_push_pop_i[0] ; lab6_stack_top:U_STACK_SYSTEM|stack7x16:U_STACK|dout_r[14]   ; clock_i  ;
; N/A                                     ; None                                                ; 4.926 ns   ; stack_command_idle_push_pop_i[0] ; lab6_stack_top:U_STACK_SYSTEM|stack7x16:U_STACK|mem_r[5][0]  ; clock_i  ;
; N/A                                     ; None                                                ; 4.926 ns   ; stack_command_idle_push_pop_i[0] ; lab6_stack_top:U_STACK_SYSTEM|stack7x16:U_STACK|mem_r[5][1]  ; clock_i  ;
; N/A                                     ; None                                                ; 4.926 ns   ; stack_command_idle_push_pop_i[0] ; lab6_stack_top:U_STACK_SYSTEM|stack7x16:U_STACK|mem_r[5][14] ; clock_i  ;
; N/A                                     ; None                                                ; 4.921 ns   ; data_from_register_file_i[3]     ; lab6_stack_top:U_STACK_SYSTEM|stack7x16:U_STACK|mem_r[4][3]  ; clock_i  ;
; N/A                                     ; None                                                ; 4.902 ns   ; stack_command_idle_push_pop_i[0] ; lab6_stack_top:U_STACK_SYSTEM|stack7x16:U_STACK|mem_r[1][0]  ; clock_i  ;
; N/A                                     ; None                                                ; 4.902 ns   ; stack_command_idle_push_pop_i[0] ; lab6_stack_top:U_STACK_SYSTEM|stack7x16:U_STACK|mem_r[1][1]  ; clock_i  ;
; N/A                                     ; None                                                ; 4.902 ns   ; stack_command_idle_push_pop_i[0] ; lab6_stack_top:U_STACK_SYSTEM|stack7x16:U_STACK|mem_r[1][10] ; clock_i  ;
; N/A                                     ; None                                                ; 4.902 ns   ; stack_command_idle_push_pop_i[0] ; lab6_stack_top:U_STACK_SYSTEM|stack7x16:U_STACK|mem_r[1][11] ; clock_i  ;
; N/A                                     ; None                                                ; 4.902 ns   ; stack_command_idle_push_pop_i[0] ; lab6_stack_top:U_STACK_SYSTEM|stack7x16:U_STACK|mem_r[1][12] ; clock_i  ;
; N/A                                     ; None                                                ; 4.902 ns   ; stack_command_idle_push_pop_i[0] ; lab6_stack_top:U_STACK_SYSTEM|stack7x16:U_STACK|mem_r[1][13] ; clock_i  ;
; N/A                                     ; None                                                ; 4.902 ns   ; stack_command_idle_push_pop_i[0] ; lab6_stack_top:U_STACK_SYSTEM|stack7x16:U_STACK|mem_r[1][14] ; clock_i  ;
; N/A                                     ; None                                                ; 4.902 ns   ; stack_command_idle_push_pop_i[0] ; lab6_stack_top:U_STACK_SYSTEM|stack7x16:U_STACK|mem_r[1][15] ; clock_i  ;
; N/A                                     ; None                                                ; 4.900 ns   ; stack_command_idle_push_pop_i[0] ; lab6_stack_top:U_STACK_SYSTEM|stack7x16:U_STACK|mem_r[1][6]  ; clock_i  ;
; N/A                                     ; None                                                ; 4.900 ns   ; stack_command_idle_push_pop_i[0] ; lab6_stack_top:U_STACK_SYSTEM|stack7x16:U_STACK|mem_r[1][7]  ; clock_i  ;
; N/A                                     ; None                                                ; 4.900 ns   ; stack_command_idle_push_pop_i[0] ; lab6_stack_top:U_STACK_SYSTEM|stack7x16:U_STACK|mem_r[1][8]  ; clock_i  ;
; N/A                                     ; None                                                ; 4.900 ns   ; stack_command_idle_push_pop_i[0] ; lab6_stack_top:U_STACK_SYSTEM|stack7x16:U_STACK|mem_r[1][9]  ; clock_i  ;
; N/A                                     ; None                                                ; 4.884 ns   ; stack_command_idle_push_pop_i[0] ; lab6_stack_top:U_STACK_SYSTEM|stack7x16:U_STACK|mem_r[5][6]  ; clock_i  ;
; N/A                                     ; None                                                ; 4.884 ns   ; stack_command_idle_push_pop_i[0] ; lab6_stack_top:U_STACK_SYSTEM|stack7x16:U_STACK|mem_r[5][7]  ; clock_i  ;
; N/A                                     ; None                                                ; 4.884 ns   ; stack_command_idle_push_pop_i[0] ; lab6_stack_top:U_STACK_SYSTEM|stack7x16:U_STACK|mem_r[5][8]  ; clock_i  ;
; N/A                                     ; None                                                ; 4.884 ns   ; stack_command_idle_push_pop_i[0] ; lab6_stack_top:U_STACK_SYSTEM|stack7x16:U_STACK|mem_r[5][9]  ; clock_i  ;
; N/A                                     ; None                                                ; 4.876 ns   ; stack_command_idle_push_pop_i[0] ; lab6_stack_top:U_STACK_SYSTEM|stack7x16:U_STACK|dout_r[6]    ; clock_i  ;
; N/A                                     ; None                                                ; 4.876 ns   ; stack_command_idle_push_pop_i[0] ; lab6_stack_top:U_STACK_SYSTEM|stack7x16:U_STACK|dout_r[7]    ; clock_i  ;
; N/A                                     ; None                                                ; 4.876 ns   ; stack_command_idle_push_pop_i[0] ; lab6_stack_top:U_STACK_SYSTEM|stack7x16:U_STACK|dout_r[8]    ; clock_i  ;
; N/A                                     ; None                                                ; 4.876 ns   ; stack_command_idle_push_pop_i[0] ; lab6_stack_top:U_STACK_SYSTEM|stack7x16:U_STACK|dout_r[9]    ; clock_i  ;
; N/A                                     ; None                                                ; 4.862 ns   ; reset_i                          ; lab6_stack_top:U_STACK_SYSTEM|stack7x16:U_STACK|mem_r[5][10] ; clock_i  ;
; N/A                                     ; None                                                ; 4.862 ns   ; reset_i                          ; lab6_stack_top:U_STACK_SYSTEM|stack7x16:U_STACK|mem_r[5][11] ; clock_i  ;
; N/A                                     ; None                                                ; 4.862 ns   ; reset_i                          ; lab6_stack_top:U_STACK_SYSTEM|stack7x16:U_STACK|mem_r[5][12] ; clock_i  ;
; N/A                                     ; None                                                ; 4.862 ns   ; reset_i                          ; lab6_stack_top:U_STACK_SYSTEM|stack7x16:U_STACK|mem_r[5][13] ; clock_i  ;
; N/A                                     ; None                                                ; 4.862 ns   ; reset_i                          ; lab6_stack_top:U_STACK_SYSTEM|stack7x16:U_STACK|mem_r[5][15] ; clock_i  ;
; N/A                                     ; None                                                ; 4.842 ns   ; reset_i                          ; lab6_stack_top:U_STACK_SYSTEM|stack7x16:U_STACK|mem_r[5][0]  ; clock_i  ;
; N/A                                     ; None                                                ; 4.842 ns   ; reset_i                          ; lab6_stack_top:U_STACK_SYSTEM|stack7x16:U_STACK|mem_r[5][1]  ; clock_i  ;
; N/A                                     ; None                                                ; 4.842 ns   ; reset_i                          ; lab6_stack_top:U_STACK_SYSTEM|stack7x16:U_STACK|mem_r[5][14] ; clock_i  ;
; N/A                                     ; None                                                ; 4.837 ns   ; stack_command_idle_push_pop_i[0] ; lab6_stack_top:U_STACK_SYSTEM|stack7x16:U_STACK|mem_r[3][0]  ; clock_i  ;
; N/A                                     ; None                                                ; 4.819 ns   ; reset_i                          ; lab6_stack_top:U_STACK_SYSTEM|stack7x16:U_STACK|mem_r[1][0]  ; clock_i  ;
; N/A                                     ; None                                                ; 4.819 ns   ; reset_i                          ; lab6_stack_top:U_STACK_SYSTEM|stack7x16:U_STACK|mem_r[1][1]  ; clock_i  ;
; N/A                                     ; None                                                ; 4.819 ns   ; reset_i                          ; lab6_stack_top:U_STACK_SYSTEM|stack7x16:U_STACK|mem_r[1][10] ; clock_i  ;
; N/A                                     ; None                                                ; 4.819 ns   ; reset_i                          ; lab6_stack_top:U_STACK_SYSTEM|stack7x16:U_STACK|mem_r[1][11] ; clock_i  ;
; N/A                                     ; None                                                ; 4.819 ns   ; reset_i                          ; lab6_stack_top:U_STACK_SYSTEM|stack7x16:U_STACK|mem_r[1][12] ; clock_i  ;
; N/A                                     ; None                                                ; 4.819 ns   ; reset_i                          ; lab6_stack_top:U_STACK_SYSTEM|stack7x16:U_STACK|mem_r[1][13] ; clock_i  ;
; N/A                                     ; None                                                ; 4.819 ns   ; reset_i                          ; lab6_stack_top:U_STACK_SYSTEM|stack7x16:U_STACK|mem_r[1][14] ; clock_i  ;
; N/A                                     ; None                                                ; 4.819 ns   ; reset_i                          ; lab6_stack_top:U_STACK_SYSTEM|stack7x16:U_STACK|mem_r[1][15] ; clock_i  ;
; N/A                                     ; None                                                ; 4.818 ns   ; reset_i                          ; lab6_stack_top:U_STACK_SYSTEM|stack7x16:U_STACK|mem_r[3][13] ; clock_i  ;
; N/A                                     ; None                                                ; 4.818 ns   ; reset_i                          ; lab6_stack_top:U_STACK_SYSTEM|stack7x16:U_STACK|mem_r[3][14] ; clock_i  ;
; N/A                                     ; None                                                ; 4.817 ns   ; stack_command_idle_push_pop_i[0] ; lab6_stack_top:U_STACK_SYSTEM|stack7x16:U_STACK|mem_r[3][13] ; clock_i  ;
; N/A                                     ; None                                                ; 4.817 ns   ; stack_command_idle_push_pop_i[0] ; lab6_stack_top:U_STACK_SYSTEM|stack7x16:U_STACK|mem_r[3][14] ; clock_i  ;
; N/A                                     ; None                                                ; 4.817 ns   ; reset_i                          ; lab6_stack_top:U_STACK_SYSTEM|stack7x16:U_STACK|mem_r[1][6]  ; clock_i  ;
; N/A                                     ; None                                                ; 4.817 ns   ; reset_i                          ; lab6_stack_top:U_STACK_SYSTEM|stack7x16:U_STACK|mem_r[1][7]  ; clock_i  ;
; N/A                                     ; None                                                ; 4.817 ns   ; reset_i                          ; lab6_stack_top:U_STACK_SYSTEM|stack7x16:U_STACK|mem_r[1][8]  ; clock_i  ;
; N/A                                     ; None                                                ; 4.817 ns   ; reset_i                          ; lab6_stack_top:U_STACK_SYSTEM|stack7x16:U_STACK|mem_r[1][9]  ; clock_i  ;
; N/A                                     ; None                                                ; 4.800 ns   ; reset_i                          ; lab6_stack_top:U_STACK_SYSTEM|stack7x16:U_STACK|mem_r[5][6]  ; clock_i  ;
; N/A                                     ; None                                                ; 4.800 ns   ; reset_i                          ; lab6_stack_top:U_STACK_SYSTEM|stack7x16:U_STACK|mem_r[5][7]  ; clock_i  ;
; N/A                                     ; None                                                ; 4.800 ns   ; reset_i                          ; lab6_stack_top:U_STACK_SYSTEM|stack7x16:U_STACK|mem_r[5][8]  ; clock_i  ;
; N/A                                     ; None                                                ; 4.800 ns   ; reset_i                          ; lab6_stack_top:U_STACK_SYSTEM|stack7x16:U_STACK|mem_r[5][9]  ; clock_i  ;
; N/A                                     ; None                                                ; 4.793 ns   ; reset_i                          ; lab6_stack_top:U_STACK_SYSTEM|stack7x16:U_STACK|mem_r[4][1]  ; clock_i  ;
; N/A                                     ; None                                                ; 4.783 ns   ; reset_i                          ; lab6_stack_top:U_STACK_SYSTEM|stack7x16:U_STACK|mem_r[6][4]  ; clock_i  ;
; N/A                                     ; None                                                ; 4.783 ns   ; reset_i                          ; lab6_stack_top:U_STACK_SYSTEM|stack7x16:U_STACK|mem_r[6][15] ; clock_i  ;
; N/A                                     ; None                                                ; 4.781 ns   ; reset_i                          ; lab6_stack_top:U_STACK_SYSTEM|stack7x16:U_STACK|dout_r[10]   ; clock_i  ;
; N/A                                     ; None                                                ; 4.781 ns   ; reset_i                          ; lab6_stack_top:U_STACK_SYSTEM|stack7x16:U_STACK|dout_r[11]   ; clock_i  ;
; N/A                                     ; None                                                ; 4.781 ns   ; reset_i                          ; lab6_stack_top:U_STACK_SYSTEM|stack7x16:U_STACK|dout_r[12]   ; clock_i  ;
; N/A                                     ; None                                                ; 4.781 ns   ; reset_i                          ; lab6_stack_top:U_STACK_SYSTEM|stack7x16:U_STACK|dout_r[13]   ; clock_i  ;
; N/A                                     ; None                                                ; 4.781 ns   ; reset_i                          ; lab6_stack_top:U_STACK_SYSTEM|stack7x16:U_STACK|dout_r[15]   ; clock_i  ;
; N/A                                     ; None                                                ; 4.768 ns   ; reset_i                          ; lab6_stack_top:U_STACK_SYSTEM|stack7x16:U_STACK|mem_r[0][2]  ; clock_i  ;
; N/A                                     ; None                                                ; 4.768 ns   ; reset_i                          ; lab6_stack_top:U_STACK_SYSTEM|stack7x16:U_STACK|mem_r[0][3]  ; clock_i  ;
; N/A                                     ; None                                                ; 4.768 ns   ; reset_i                          ; lab6_stack_top:U_STACK_SYSTEM|stack7x16:U_STACK|mem_r[0][4]  ; clock_i  ;
; N/A                                     ; None                                                ; 4.768 ns   ; reset_i                          ; lab6_stack_top:U_STACK_SYSTEM|stack7x16:U_STACK|mem_r[0][5]  ; clock_i  ;
; N/A                                     ; None                                                ; 4.768 ns   ; reset_i                          ; lab6_stack_top:U_STACK_SYSTEM|stack7x16:U_STACK|mem_r[0][6]  ; clock_i  ;
; N/A                                     ; None                                                ; 4.768 ns   ; reset_i                          ; lab6_stack_top:U_STACK_SYSTEM|stack7x16:U_STACK|mem_r[0][7]  ; clock_i  ;
; N/A                                     ; None                                                ; 4.768 ns   ; reset_i                          ; lab6_stack_top:U_STACK_SYSTEM|stack7x16:U_STACK|mem_r[0][8]  ; clock_i  ;
; N/A                                     ; None                                                ; 4.768 ns   ; reset_i                          ; lab6_stack_top:U_STACK_SYSTEM|stack7x16:U_STACK|mem_r[0][9]  ; clock_i  ;
; N/A                                     ; None                                                ; 4.766 ns   ; data_from_register_file_i[1]     ; lab6_stack_top:U_STACK_SYSTEM|stack7x16:U_STACK|mem_r[3][1]  ; clock_i  ;
; N/A                                     ; None                                                ; 4.762 ns   ; stack_command_idle_push_pop_i[0] ; lab6_stack_top:U_STACK_SYSTEM|stack7x16:U_STACK|mem_r[2][5]  ; clock_i  ;
; N/A                                     ; None                                                ; 4.756 ns   ; reset_i                          ; lab6_stack_top:U_STACK_SYSTEM|stack7x16:U_STACK|mem_r[0][10] ; clock_i  ;
; N/A                                     ; None                                                ; 4.756 ns   ; reset_i                          ; lab6_stack_top:U_STACK_SYSTEM|stack7x16:U_STACK|mem_r[0][11] ; clock_i  ;
; N/A                                     ; None                                                ; 4.756 ns   ; reset_i                          ; lab6_stack_top:U_STACK_SYSTEM|stack7x16:U_STACK|mem_r[0][12] ; clock_i  ;
; N/A                                     ; None                                                ; 4.756 ns   ; reset_i                          ; lab6_stack_top:U_STACK_SYSTEM|stack7x16:U_STACK|mem_r[0][13] ; clock_i  ;
; N/A                                     ; None                                                ; 4.756 ns   ; reset_i                          ; lab6_stack_top:U_STACK_SYSTEM|stack7x16:U_STACK|mem_r[0][14] ; clock_i  ;
; N/A                                     ; None                                                ; 4.756 ns   ; reset_i                          ; lab6_stack_top:U_STACK_SYSTEM|stack7x16:U_STACK|mem_r[0][15] ; clock_i  ;
; N/A                                     ; None                                                ; 4.751 ns   ; reset_i                          ; lab6_stack_top:U_STACK_SYSTEM|stack7x16:U_STACK|mem_r[0][1]  ; clock_i  ;
; N/A                                     ; None                                                ; 4.746 ns   ; reset_i                          ; lab6_stack_top:U_STACK_SYSTEM|stack7x16:U_STACK|mem_r[4][0]  ; clock_i  ;
; N/A                                     ; None                                                ; 4.746 ns   ; reset_i                          ; lab6_stack_top:U_STACK_SYSTEM|stack7x16:U_STACK|mem_r[4][10] ; clock_i  ;
; N/A                                     ; None                                                ; 4.746 ns   ; reset_i                          ; lab6_stack_top:U_STACK_SYSTEM|stack7x16:U_STACK|mem_r[4][11] ; clock_i  ;
; N/A                                     ; None                                                ; 4.746 ns   ; reset_i                          ; lab6_stack_top:U_STACK_SYSTEM|stack7x16:U_STACK|mem_r[4][12] ; clock_i  ;
; N/A                                     ; None                                                ; 4.746 ns   ; reset_i                          ; lab6_stack_top:U_STACK_SYSTEM|stack7x16:U_STACK|mem_r[4][13] ; clock_i  ;
; N/A                                     ; None                                                ; 4.746 ns   ; reset_i                          ; lab6_stack_top:U_STACK_SYSTEM|stack7x16:U_STACK|mem_r[4][14] ; clock_i  ;
; N/A                                     ; None                                                ; 4.746 ns   ; reset_i                          ; lab6_stack_top:U_STACK_SYSTEM|stack7x16:U_STACK|mem_r[4][15] ; clock_i  ;
; N/A                                     ; None                                                ; 4.743 ns   ; reset_i                          ; lab6_stack_top:U_STACK_SYSTEM|stack7x16:U_STACK|dout_r[14]   ; clock_i  ;
; N/A                                     ; None                                                ; 4.739 ns   ; stack_command_idle_push_pop_i[0] ; lab6_stack_top:U_STACK_SYSTEM|stack7x16:U_STACK|mem_r[4][1]  ; clock_i  ;
; N/A                                     ; None                                                ; 4.731 ns   ; reset_i                          ; lab6_stack_top:U_STACK_SYSTEM|stack7x16:U_STACK|mem_r[0][0]  ; clock_i  ;
; N/A                                     ; None                                                ; 4.722 ns   ; reset_i                          ; lab6_stack_top:U_STACK_SYSTEM|stack7x16:U_STACK|mem_r[4][2]  ; clock_i  ;
; N/A                                     ; None                                                ; 4.722 ns   ; reset_i                          ; lab6_stack_top:U_STACK_SYSTEM|stack7x16:U_STACK|mem_r[4][3]  ; clock_i  ;
; N/A                                     ; None                                                ; 4.722 ns   ; reset_i                          ; lab6_stack_top:U_STACK_SYSTEM|stack7x16:U_STACK|mem_r[4][4]  ; clock_i  ;
; N/A                                     ; None                                                ; 4.722 ns   ; reset_i                          ; lab6_stack_top:U_STACK_SYSTEM|stack7x16:U_STACK|mem_r[4][5]  ; clock_i  ;
; N/A                                     ; None                                                ; 4.722 ns   ; reset_i                          ; lab6_stack_top:U_STACK_SYSTEM|stack7x16:U_STACK|mem_r[4][6]  ; clock_i  ;
; N/A                                     ; None                                                ; 4.722 ns   ; reset_i                          ; lab6_stack_top:U_STACK_SYSTEM|stack7x16:U_STACK|mem_r[4][7]  ; clock_i  ;
; N/A                                     ; None                                                ; 4.722 ns   ; reset_i                          ; lab6_stack_top:U_STACK_SYSTEM|stack7x16:U_STACK|mem_r[4][8]  ; clock_i  ;
; N/A                                     ; None                                                ; 4.722 ns   ; reset_i                          ; lab6_stack_top:U_STACK_SYSTEM|stack7x16:U_STACK|mem_r[4][9]  ; clock_i  ;
; N/A                                     ; None                                                ; 4.714 ns   ; stack_command_idle_push_pop_i[0] ; lab6_stack_top:U_STACK_SYSTEM|stack7x16:U_STACK|mem_r[0][2]  ; clock_i  ;
; N/A                                     ; None                                                ; 4.714 ns   ; stack_command_idle_push_pop_i[0] ; lab6_stack_top:U_STACK_SYSTEM|stack7x16:U_STACK|mem_r[0][3]  ; clock_i  ;
; N/A                                     ; None                                                ; 4.714 ns   ; stack_command_idle_push_pop_i[0] ; lab6_stack_top:U_STACK_SYSTEM|stack7x16:U_STACK|mem_r[0][4]  ; clock_i  ;
; N/A                                     ; None                                                ; 4.714 ns   ; stack_command_idle_push_pop_i[0] ; lab6_stack_top:U_STACK_SYSTEM|stack7x16:U_STACK|mem_r[0][5]  ; clock_i  ;
; N/A                                     ; None                                                ; 4.714 ns   ; stack_command_idle_push_pop_i[0] ; lab6_stack_top:U_STACK_SYSTEM|stack7x16:U_STACK|mem_r[0][6]  ; clock_i  ;
; N/A                                     ; None                                                ; 4.714 ns   ; stack_command_idle_push_pop_i[0] ; lab6_stack_top:U_STACK_SYSTEM|stack7x16:U_STACK|mem_r[0][7]  ; clock_i  ;
; N/A                                     ; None                                                ; 4.714 ns   ; stack_command_idle_push_pop_i[0] ; lab6_stack_top:U_STACK_SYSTEM|stack7x16:U_STACK|mem_r[0][8]  ; clock_i  ;
; N/A                                     ; None                                                ; 4.714 ns   ; stack_command_idle_push_pop_i[0] ; lab6_stack_top:U_STACK_SYSTEM|stack7x16:U_STACK|mem_r[0][9]  ; clock_i  ;
; N/A                                     ; None                                                ; 4.711 ns   ; stack_command_idle_push_pop_i[0] ; lab6_stack_top:U_STACK_SYSTEM|stack7x16:U_STACK|mem_r[3][3]  ; clock_i  ;
; N/A                                     ; None                                                ; 4.702 ns   ; stack_command_idle_push_pop_i[0] ; lab6_stack_top:U_STACK_SYSTEM|stack7x16:U_STACK|mem_r[0][10] ; clock_i  ;
; N/A                                     ; None                                                ; 4.702 ns   ; stack_command_idle_push_pop_i[0] ; lab6_stack_top:U_STACK_SYSTEM|stack7x16:U_STACK|mem_r[0][11] ; clock_i  ;
; N/A                                     ; None                                                ; 4.702 ns   ; stack_command_idle_push_pop_i[0] ; lab6_stack_top:U_STACK_SYSTEM|stack7x16:U_STACK|mem_r[0][12] ; clock_i  ;
; N/A                                     ; None                                                ; 4.702 ns   ; stack_command_idle_push_pop_i[0] ; lab6_stack_top:U_STACK_SYSTEM|stack7x16:U_STACK|mem_r[0][13] ; clock_i  ;
; N/A                                     ; None                                                ; 4.702 ns   ; stack_command_idle_push_pop_i[0] ; lab6_stack_top:U_STACK_SYSTEM|stack7x16:U_STACK|mem_r[0][14] ; clock_i  ;
; N/A                                     ; None                                                ; 4.702 ns   ; stack_command_idle_push_pop_i[0] ; lab6_stack_top:U_STACK_SYSTEM|stack7x16:U_STACK|mem_r[0][15] ; clock_i  ;
; N/A                                     ; None                                                ; 4.701 ns   ; stack_command_idle_push_pop_i[0] ; lab6_stack_top:U_STACK_SYSTEM|stack7x16:U_STACK|mem_r[3][11] ; clock_i  ;
; N/A                                     ; None                                                ; 4.697 ns   ; stack_command_idle_push_pop_i[0] ; lab6_stack_top:U_STACK_SYSTEM|stack7x16:U_STACK|mem_r[0][1]  ; clock_i  ;
; N/A                                     ; None                                                ; 4.692 ns   ; stack_command_idle_push_pop_i[0] ; lab6_stack_top:U_STACK_SYSTEM|stack7x16:U_STACK|mem_r[4][0]  ; clock_i  ;
; N/A                                     ; None                                                ; 4.692 ns   ; stack_command_idle_push_pop_i[0] ; lab6_stack_top:U_STACK_SYSTEM|stack7x16:U_STACK|mem_r[4][10] ; clock_i  ;
; N/A                                     ; None                                                ; 4.692 ns   ; stack_command_idle_push_pop_i[0] ; lab6_stack_top:U_STACK_SYSTEM|stack7x16:U_STACK|mem_r[4][11] ; clock_i  ;
; N/A                                     ; None                                                ; 4.692 ns   ; stack_command_idle_push_pop_i[0] ; lab6_stack_top:U_STACK_SYSTEM|stack7x16:U_STACK|mem_r[4][12] ; clock_i  ;
; N/A                                     ; None                                                ; 4.692 ns   ; stack_command_idle_push_pop_i[0] ; lab6_stack_top:U_STACK_SYSTEM|stack7x16:U_STACK|mem_r[4][13] ; clock_i  ;
; N/A                                     ; None                                                ; 4.692 ns   ; stack_command_idle_push_pop_i[0] ; lab6_stack_top:U_STACK_SYSTEM|stack7x16:U_STACK|mem_r[4][14] ; clock_i  ;
; N/A                                     ; None                                                ; 4.692 ns   ; stack_command_idle_push_pop_i[0] ; lab6_stack_top:U_STACK_SYSTEM|stack7x16:U_STACK|mem_r[4][15] ; clock_i  ;
; N/A                                     ; None                                                ; 4.685 ns   ; reset_i                          ; lab6_stack_top:U_STACK_SYSTEM|stack7x16:U_STACK|mem_r[6][0]  ; clock_i  ;
; N/A                                     ; None                                                ; 4.685 ns   ; reset_i                          ; lab6_stack_top:U_STACK_SYSTEM|stack7x16:U_STACK|mem_r[6][1]  ; clock_i  ;
; N/A                                     ; None                                                ; 4.685 ns   ; reset_i                          ; lab6_stack_top:U_STACK_SYSTEM|stack7x16:U_STACK|mem_r[6][2]  ; clock_i  ;
; N/A                                     ; None                                                ; 4.685 ns   ; reset_i                          ; lab6_stack_top:U_STACK_SYSTEM|stack7x16:U_STACK|mem_r[6][3]  ; clock_i  ;
; N/A                                     ; None                                                ; 4.685 ns   ; reset_i                          ; lab6_stack_top:U_STACK_SYSTEM|stack7x16:U_STACK|mem_r[6][5]  ; clock_i  ;
; N/A                                     ; None                                                ; 4.685 ns   ; reset_i                          ; lab6_stack_top:U_STACK_SYSTEM|stack7x16:U_STACK|mem_r[6][6]  ; clock_i  ;
; N/A                                     ; None                                                ; 4.685 ns   ; reset_i                          ; lab6_stack_top:U_STACK_SYSTEM|stack7x16:U_STACK|mem_r[6][7]  ; clock_i  ;
; N/A                                     ; None                                                ; 4.685 ns   ; reset_i                          ; lab6_stack_top:U_STACK_SYSTEM|stack7x16:U_STACK|mem_r[6][8]  ; clock_i  ;
; N/A                                     ; None                                                ; 4.685 ns   ; reset_i                          ; lab6_stack_top:U_STACK_SYSTEM|stack7x16:U_STACK|mem_r[6][9]  ; clock_i  ;
; N/A                                     ; None                                                ; 4.685 ns   ; reset_i                          ; lab6_stack_top:U_STACK_SYSTEM|stack7x16:U_STACK|mem_r[6][10] ; clock_i  ;
; N/A                                     ; None                                                ; 4.685 ns   ; reset_i                          ; lab6_stack_top:U_STACK_SYSTEM|stack7x16:U_STACK|mem_r[6][11] ; clock_i  ;
; N/A                                     ; None                                                ; 4.685 ns   ; reset_i                          ; lab6_stack_top:U_STACK_SYSTEM|stack7x16:U_STACK|mem_r[6][12] ; clock_i  ;
; N/A                                     ; None                                                ; 4.685 ns   ; reset_i                          ; lab6_stack_top:U_STACK_SYSTEM|stack7x16:U_STACK|mem_r[6][13] ; clock_i  ;
; N/A                                     ; None                                                ; 4.685 ns   ; reset_i                          ; lab6_stack_top:U_STACK_SYSTEM|stack7x16:U_STACK|mem_r[6][14] ; clock_i  ;
; N/A                                     ; None                                                ; 4.684 ns   ; reset_i                          ; lab6_stack_top:U_STACK_SYSTEM|stack7x16:U_STACK|dout_r[6]    ; clock_i  ;
; N/A                                     ; None                                                ; 4.684 ns   ; reset_i                          ; lab6_stack_top:U_STACK_SYSTEM|stack7x16:U_STACK|dout_r[7]    ; clock_i  ;
; N/A                                     ; None                                                ; 4.684 ns   ; reset_i                          ; lab6_stack_top:U_STACK_SYSTEM|stack7x16:U_STACK|dout_r[8]    ; clock_i  ;
; N/A                                     ; None                                                ; 4.684 ns   ; reset_i                          ; lab6_stack_top:U_STACK_SYSTEM|stack7x16:U_STACK|dout_r[9]    ; clock_i  ;
; N/A                                     ; None                                                ; 4.679 ns   ; stack_command_idle_push_pop_i[0] ; lab6_stack_top:U_STACK_SYSTEM|stack7x16:U_STACK|mem_r[1][2]  ; clock_i  ;
; N/A                                     ; None                                                ; 4.679 ns   ; stack_command_idle_push_pop_i[0] ; lab6_stack_top:U_STACK_SYSTEM|stack7x16:U_STACK|mem_r[1][3]  ; clock_i  ;
; N/A                                     ; None                                                ; 4.679 ns   ; stack_command_idle_push_pop_i[0] ; lab6_stack_top:U_STACK_SYSTEM|stack7x16:U_STACK|mem_r[1][4]  ; clock_i  ;
; N/A                                     ; None                                                ; 4.679 ns   ; stack_command_idle_push_pop_i[0] ; lab6_stack_top:U_STACK_SYSTEM|stack7x16:U_STACK|mem_r[1][5]  ; clock_i  ;
; N/A                                     ; None                                                ; 4.677 ns   ; stack_command_idle_push_pop_i[0] ; lab6_stack_top:U_STACK_SYSTEM|stack7x16:U_STACK|mem_r[0][0]  ; clock_i  ;
; N/A                                     ; None                                                ; 4.677 ns   ; stack_command_idle_push_pop_i[0] ; lab6_stack_top:U_STACK_SYSTEM|stack7x16:U_STACK|mem_r[4][5]  ; clock_i  ;
; N/A                                     ; None                                                ; 4.668 ns   ; stack_command_idle_push_pop_i[0] ; lab6_stack_top:U_STACK_SYSTEM|stack7x16:U_STACK|mem_r[4][2]  ; clock_i  ;
; N/A                                     ; None                                                ; 4.668 ns   ; stack_command_idle_push_pop_i[0] ; lab6_stack_top:U_STACK_SYSTEM|stack7x16:U_STACK|mem_r[4][4]  ; clock_i  ;
; N/A                                     ; None                                                ; 4.668 ns   ; stack_command_idle_push_pop_i[0] ; lab6_stack_top:U_STACK_SYSTEM|stack7x16:U_STACK|mem_r[4][6]  ; clock_i  ;
; N/A                                     ; None                                                ; 4.668 ns   ; stack_command_idle_push_pop_i[0] ; lab6_stack_top:U_STACK_SYSTEM|stack7x16:U_STACK|mem_r[4][7]  ; clock_i  ;
; N/A                                     ; None                                                ; 4.668 ns   ; stack_command_idle_push_pop_i[0] ; lab6_stack_top:U_STACK_SYSTEM|stack7x16:U_STACK|mem_r[4][8]  ; clock_i  ;
; N/A                                     ; None                                                ; 4.668 ns   ; stack_command_idle_push_pop_i[0] ; lab6_stack_top:U_STACK_SYSTEM|stack7x16:U_STACK|mem_r[4][9]  ; clock_i  ;
; N/A                                     ; None                                                ; 4.665 ns   ; stack_command_idle_push_pop_i[0] ; lab6_stack_top:U_STACK_SYSTEM|stack7x16:U_STACK|dout_r[2]    ; clock_i  ;
; N/A                                     ; None                                                ; 4.665 ns   ; stack_command_idle_push_pop_i[0] ; lab6_stack_top:U_STACK_SYSTEM|stack7x16:U_STACK|dout_r[3]    ; clock_i  ;
; N/A                                     ; None                                                ; 4.665 ns   ; stack_command_idle_push_pop_i[0] ; lab6_stack_top:U_STACK_SYSTEM|stack7x16:U_STACK|dout_r[4]    ; clock_i  ;
; N/A                                     ; None                                                ; 4.665 ns   ; stack_command_idle_push_pop_i[0] ; lab6_stack_top:U_STACK_SYSTEM|stack7x16:U_STACK|dout_r[5]    ; clock_i  ;
; N/A                                     ; None                                                ; 4.655 ns   ; stack_command_idle_push_pop_i[0] ; lab6_stack_top:U_STACK_SYSTEM|stack7x16:U_STACK|mem_r[5][2]  ; clock_i  ;
; N/A                                     ; None                                                ; 4.655 ns   ; stack_command_idle_push_pop_i[0] ; lab6_stack_top:U_STACK_SYSTEM|stack7x16:U_STACK|mem_r[5][3]  ; clock_i  ;
; N/A                                     ; None                                                ; 4.655 ns   ; stack_command_idle_push_pop_i[0] ; lab6_stack_top:U_STACK_SYSTEM|stack7x16:U_STACK|mem_r[5][4]  ; clock_i  ;
; N/A                                     ; None                                                ; 4.655 ns   ; stack_command_idle_push_pop_i[0] ; lab6_stack_top:U_STACK_SYSTEM|stack7x16:U_STACK|mem_r[5][5]  ; clock_i  ;
; N/A                                     ; None                                                ; 4.628 ns   ; reset_i                          ; lab6_stack_top:U_STACK_SYSTEM|stack7x16:U_STACK|mem_r[2][13] ; clock_i  ;
; N/A                                     ; None                                                ; 4.628 ns   ; reset_i                          ; lab6_stack_top:U_STACK_SYSTEM|stack7x16:U_STACK|mem_r[2][14] ; clock_i  ;
; N/A                                     ; None                                                ; 4.628 ns   ; reset_i                          ; lab6_stack_top:U_STACK_SYSTEM|stack7x16:U_STACK|mem_r[2][15] ; clock_i  ;
; N/A                                     ; None                                                ; 4.625 ns   ; stack_command_idle_push_pop_i[0] ; lab6_stack_top:U_STACK_SYSTEM|stack7x16:U_STACK|mem_r[2][11] ; clock_i  ;
; N/A                                     ; None                                                ; 4.614 ns   ; data_from_register_file_i[1]     ; lab6_stack_top:U_STACK_SYSTEM|stack7x16:U_STACK|mem_r[0][1]  ; clock_i  ;
; N/A                                     ; None                                                ; 4.613 ns   ; data_from_register_file_i[1]     ; lab6_stack_top:U_STACK_SYSTEM|stack7x16:U_STACK|mem_r[2][1]  ; clock_i  ;
; N/A                                     ; None                                                ; 4.613 ns   ; data_from_register_file_i[1]     ; lab6_stack_top:U_STACK_SYSTEM|stack7x16:U_STACK|mem_r[4][1]  ; clock_i  ;
; N/A                                     ; None                                                ; 4.600 ns   ; stack_command_idle_push_pop_i[0] ; lab6_stack_top:U_STACK_SYSTEM|stack7x16:U_STACK|mem_r[2][13] ; clock_i  ;
; N/A                                     ; None                                                ; 4.600 ns   ; stack_command_idle_push_pop_i[0] ; lab6_stack_top:U_STACK_SYSTEM|stack7x16:U_STACK|mem_r[2][14] ; clock_i  ;
; N/A                                     ; None                                                ; 4.600 ns   ; stack_command_idle_push_pop_i[0] ; lab6_stack_top:U_STACK_SYSTEM|stack7x16:U_STACK|mem_r[2][15] ; clock_i  ;
; N/A                                     ; None                                                ; 4.596 ns   ; reset_i                          ; lab6_stack_top:U_STACK_SYSTEM|stack7x16:U_STACK|mem_r[1][2]  ; clock_i  ;
; N/A                                     ; None                                                ; 4.596 ns   ; reset_i                          ; lab6_stack_top:U_STACK_SYSTEM|stack7x16:U_STACK|mem_r[1][3]  ; clock_i  ;
; N/A                                     ; None                                                ; 4.596 ns   ; reset_i                          ; lab6_stack_top:U_STACK_SYSTEM|stack7x16:U_STACK|mem_r[1][4]  ; clock_i  ;
; N/A                                     ; None                                                ; 4.596 ns   ; reset_i                          ; lab6_stack_top:U_STACK_SYSTEM|stack7x16:U_STACK|mem_r[1][5]  ; clock_i  ;
; N/A                                     ; None                                                ; 4.593 ns   ; stack_command_idle_push_pop_i[0] ; lab6_stack_top:U_STACK_SYSTEM|stack7x16:U_STACK|mem_r[2][0]  ; clock_i  ;
; N/A                                     ; None                                                ; 4.585 ns   ; stack_command_idle_push_pop_i[0] ; lab6_stack_top:U_STACK_SYSTEM|stack7x16:U_STACK|mem_r[2][4]  ; clock_i  ;
; N/A                                     ; None                                                ; 4.579 ns   ; stack_command_idle_push_pop_i[0] ; lab6_stack_top:U_STACK_SYSTEM|stack7x16:U_STACK|mem_r[2][10] ; clock_i  ;
; N/A                                     ; None                                                ; 4.577 ns   ; data_from_register_file_i[3]     ; lab6_stack_top:U_STACK_SYSTEM|stack7x16:U_STACK|mem_r[3][3]  ; clock_i  ;
; N/A                                     ; None                                                ; 4.571 ns   ; reset_i                          ; lab6_stack_top:U_STACK_SYSTEM|stack7x16:U_STACK|mem_r[5][2]  ; clock_i  ;
; N/A                                     ; None                                                ; 4.571 ns   ; reset_i                          ; lab6_stack_top:U_STACK_SYSTEM|stack7x16:U_STACK|mem_r[5][3]  ; clock_i  ;
; N/A                                     ; None                                                ; 4.571 ns   ; reset_i                          ; lab6_stack_top:U_STACK_SYSTEM|stack7x16:U_STACK|mem_r[5][4]  ; clock_i  ;
; N/A                                     ; None                                                ; 4.571 ns   ; reset_i                          ; lab6_stack_top:U_STACK_SYSTEM|stack7x16:U_STACK|mem_r[5][5]  ; clock_i  ;
; N/A                                     ; None                                                ; 4.557 ns   ; alu_result_for_push_i[4]         ; lab6_stack_top:U_STACK_SYSTEM|stack7x16:U_STACK|mem_r[1][4]  ; clock_i  ;
; N/A                                     ; None                                                ; 4.557 ns   ; alu_result_for_push_i[4]         ; lab6_stack_top:U_STACK_SYSTEM|stack7x16:U_STACK|mem_r[5][4]  ; clock_i  ;
; N/A                                     ; None                                                ; 4.515 ns   ; data_from_register_file_i[6]     ; lab6_stack_top:U_STACK_SYSTEM|stack7x16:U_STACK|mem_r[3][6]  ; clock_i  ;
; N/A                                     ; None                                                ; 4.513 ns   ; reset_i                          ; lab6_stack_top:U_STACK_SYSTEM|stack7x16:U_STACK|mem_r[2][0]  ; clock_i  ;
; N/A                                     ; None                                                ; 4.513 ns   ; reset_i                          ; lab6_stack_top:U_STACK_SYSTEM|stack7x16:U_STACK|mem_r[2][1]  ; clock_i  ;
; N/A                                     ; None                                                ; 4.513 ns   ; reset_i                          ; lab6_stack_top:U_STACK_SYSTEM|stack7x16:U_STACK|mem_r[2][2]  ; clock_i  ;
; Timing analysis restricted to 200 rows. ; To change the limit use Settings (Assignments menu) ;            ;                                  ;                                                              ;          ;
+-----------------------------------------+-----------------------------------------------------+------------+----------------------------------+--------------------------------------------------------------+----------+


+---------------------------------------------------------------------------------------------------------------------------------------------------------+
; tco                                                                                                                                                     ;
+-------+--------------+------------+-------------------------------------------------------------------+------------------------------------+------------+
; Slack ; Required tco ; Actual tco ; From                                                              ; To                                 ; From Clock ;
+-------+--------------+------------+-------------------------------------------------------------------+------------------------------------+------------+
; N/A   ; None         ; 6.883 ns   ; lab6_stack_top:U_STACK_SYSTEM|stack7x16:U_STACK|sp_r[0]~DUPLICATE ; status_stack_empty_o               ; clock_i    ;
; N/A   ; None         ; 6.883 ns   ; lab6_stack_top:U_STACK_SYSTEM|stack7x16:U_STACK|sp_r[1]           ; status_stack_empty_o               ; clock_i    ;
; N/A   ; None         ; 6.836 ns   ; lab6_stack_top:U_STACK_SYSTEM|stack7x16:U_STACK|sp_r[1]           ; stack_pointer_current_value_o[1]   ; clock_i    ;
; N/A   ; None         ; 6.800 ns   ; lab6_stack_top:U_STACK_SYSTEM|stack7x16:U_STACK|dout_r[3]         ; data_popped_to_register_file_o[3]  ; clock_i    ;
; N/A   ; None         ; 6.713 ns   ; lab6_stack_top:U_STACK_SYSTEM|stack7x16:U_STACK|sp_r[0]~DUPLICATE ; status_stack_full_o                ; clock_i    ;
; N/A   ; None         ; 6.713 ns   ; lab6_stack_top:U_STACK_SYSTEM|stack7x16:U_STACK|sp_r[1]           ; status_stack_full_o                ; clock_i    ;
; N/A   ; None         ; 6.704 ns   ; lab6_stack_top:U_STACK_SYSTEM|stack7x16:U_STACK|sp_r[2]~DUPLICATE ; status_stack_empty_o               ; clock_i    ;
; N/A   ; None         ; 6.639 ns   ; lab6_stack_top:U_STACK_SYSTEM|stack7x16:U_STACK|underflow_r       ; error_pop_from_empty_stack_o       ; clock_i    ;
; N/A   ; None         ; 6.551 ns   ; lab6_stack_top:U_STACK_SYSTEM|stack7x16:U_STACK|dout_r[2]         ; data_popped_to_register_file_o[2]  ; clock_i    ;
; N/A   ; None         ; 6.543 ns   ; lab6_stack_top:U_STACK_SYSTEM|stack7x16:U_STACK|dout_r[5]         ; data_popped_to_register_file_o[5]  ; clock_i    ;
; N/A   ; None         ; 6.533 ns   ; lab6_stack_top:U_STACK_SYSTEM|stack7x16:U_STACK|sp_r[2]~DUPLICATE ; status_stack_full_o                ; clock_i    ;
; N/A   ; None         ; 6.374 ns   ; lab6_stack_top:U_STACK_SYSTEM|stack7x16:U_STACK|overflow_r        ; error_push_to_full_stack_o         ; clock_i    ;
; N/A   ; None         ; 6.358 ns   ; lab6_stack_top:U_STACK_SYSTEM|stack7x16:U_STACK|dout_r[15]        ; data_popped_to_register_file_o[15] ; clock_i    ;
; N/A   ; None         ; 6.355 ns   ; lab6_stack_top:U_STACK_SYSTEM|stack7x16:U_STACK|dout_r[14]        ; data_popped_to_register_file_o[14] ; clock_i    ;
; N/A   ; None         ; 6.350 ns   ; lab6_stack_top:U_STACK_SYSTEM|stack7x16:U_STACK|dout_r[8]         ; data_popped_to_register_file_o[8]  ; clock_i    ;
; N/A   ; None         ; 6.239 ns   ; lab6_stack_top:U_STACK_SYSTEM|stack7x16:U_STACK|dout_r[11]        ; data_popped_to_register_file_o[11] ; clock_i    ;
; N/A   ; None         ; 6.134 ns   ; lab6_stack_top:U_STACK_SYSTEM|stack7x16:U_STACK|sp_r[2]~DUPLICATE ; stack_pointer_current_value_o[2]   ; clock_i    ;
; N/A   ; None         ; 5.895 ns   ; lab6_stack_top:U_STACK_SYSTEM|stack7x16:U_STACK|dout_r[13]        ; data_popped_to_register_file_o[13] ; clock_i    ;
; N/A   ; None         ; 5.688 ns   ; lab6_stack_top:U_STACK_SYSTEM|stack7x16:U_STACK|dout_r[0]         ; data_popped_to_register_file_o[0]  ; clock_i    ;
; N/A   ; None         ; 5.652 ns   ; lab6_stack_top:U_STACK_SYSTEM|stack7x16:U_STACK|dout_r[6]         ; data_popped_to_register_file_o[6]  ; clock_i    ;
; N/A   ; None         ; 5.633 ns   ; lab6_stack_top:U_STACK_SYSTEM|stack7x16:U_STACK|dout_r[4]         ; data_popped_to_register_file_o[4]  ; clock_i    ;
; N/A   ; None         ; 5.583 ns   ; lab6_stack_top:U_STACK_SYSTEM|stack7x16:U_STACK|dout_r[10]        ; data_popped_to_register_file_o[10] ; clock_i    ;
; N/A   ; None         ; 5.477 ns   ; lab6_stack_top:U_STACK_SYSTEM|stack7x16:U_STACK|dout_r[7]         ; data_popped_to_register_file_o[7]  ; clock_i    ;
; N/A   ; None         ; 5.449 ns   ; lab6_stack_top:U_STACK_SYSTEM|stack7x16:U_STACK|dout_r[12]        ; data_popped_to_register_file_o[12] ; clock_i    ;
; N/A   ; None         ; 5.395 ns   ; lab6_stack_top:U_STACK_SYSTEM|stack7x16:U_STACK|sp_r[0]~DUPLICATE ; stack_pointer_current_value_o[0]   ; clock_i    ;
; N/A   ; None         ; 5.355 ns   ; lab6_stack_top:U_STACK_SYSTEM|stack7x16:U_STACK|dout_r[1]         ; data_popped_to_register_file_o[1]  ; clock_i    ;
; N/A   ; None         ; 5.322 ns   ; lab6_stack_top:U_STACK_SYSTEM|stack7x16:U_STACK|dout_r[9]         ; data_popped_to_register_file_o[9]  ; clock_i    ;
+-------+--------------+------------+-------------------------------------------------------------------+------------------------------------+------------+


+-----------------------------------------------------------------------------------------------------+
; tpd                                                                                                 ;
+-------+-------------------+-----------------+----------------------------------+--------------------+
; Slack ; Required P2P Time ; Actual P2P Time ; From                             ; To                 ;
+-------+-------------------+-----------------+----------------------------------+--------------------+
; N/A   ; None              ; 9.455 ns        ; stack_command_idle_push_pop_i[0] ; ctrl_pop_enable_o  ;
; N/A   ; None              ; 8.965 ns        ; stack_command_idle_push_pop_i[1] ; ctrl_pop_enable_o  ;
; N/A   ; None              ; 6.623 ns        ; stack_command_idle_push_pop_i[0] ; ctrl_push_enable_o ;
+-------+-------------------+-----------------+----------------------------------+--------------------+


+-----------------------------------------------------------------------------------------------------------------------------------------------------------------------------------------------------------------------------+
; th                                                                                                                                                                                                                          ;
+-----------------------------------------+-----------------------------------------------------+-----------+----------------------------------+-------------------------------------------------------------------+----------+
; Minimum Slack                           ; Required th                                         ; Actual th ; From                             ; To                                                                ; To Clock ;
+-----------------------------------------+-----------------------------------------------------+-----------+----------------------------------+-------------------------------------------------------------------+----------+
; N/A                                     ; None                                                ; -2.246 ns ; stack_command_idle_push_pop_i[1] ; lab6_stack_top:U_STACK_SYSTEM|stack7x16:U_STACK|mem_r[1][2]       ; clock_i  ;
; N/A                                     ; None                                                ; -2.247 ns ; stack_command_idle_push_pop_i[1] ; lab6_stack_top:U_STACK_SYSTEM|stack7x16:U_STACK|mem_r[1][3]       ; clock_i  ;
; N/A                                     ; None                                                ; -2.248 ns ; stack_command_idle_push_pop_i[1] ; lab6_stack_top:U_STACK_SYSTEM|stack7x16:U_STACK|mem_r[1][5]       ; clock_i  ;
; N/A                                     ; None                                                ; -2.286 ns ; alu_result_for_push_i[6]         ; lab6_stack_top:U_STACK_SYSTEM|stack7x16:U_STACK|mem_r[1][6]       ; clock_i  ;
; N/A                                     ; None                                                ; -2.379 ns ; stack_command_idle_push_pop_i[1] ; lab6_stack_top:U_STACK_SYSTEM|stack7x16:U_STACK|mem_r[1][0]       ; clock_i  ;
; N/A                                     ; None                                                ; -2.390 ns ; stack_command_idle_push_pop_i[1] ; lab6_stack_top:U_STACK_SYSTEM|stack7x16:U_STACK|mem_r[1][1]       ; clock_i  ;
; N/A                                     ; None                                                ; -2.392 ns ; stack_command_idle_push_pop_i[1] ; lab6_stack_top:U_STACK_SYSTEM|stack7x16:U_STACK|mem_r[1][14]      ; clock_i  ;
; N/A                                     ; None                                                ; -2.472 ns ; alu_result_for_push_i[0]         ; lab6_stack_top:U_STACK_SYSTEM|stack7x16:U_STACK|mem_r[1][0]       ; clock_i  ;
; N/A                                     ; None                                                ; -2.545 ns ; alu_result_for_push_i[11]        ; lab6_stack_top:U_STACK_SYSTEM|stack7x16:U_STACK|mem_r[1][11]      ; clock_i  ;
; N/A                                     ; None                                                ; -2.558 ns ; alu_result_for_push_i[6]         ; lab6_stack_top:U_STACK_SYSTEM|stack7x16:U_STACK|mem_r[5][6]       ; clock_i  ;
; N/A                                     ; None                                                ; -2.562 ns ; data_from_register_file_i[10]    ; lab6_stack_top:U_STACK_SYSTEM|stack7x16:U_STACK|mem_r[1][10]      ; clock_i  ;
; N/A                                     ; None                                                ; -2.620 ns ; stack_command_idle_push_pop_i[1] ; lab6_stack_top:U_STACK_SYSTEM|stack7x16:U_STACK|mem_r[3][2]       ; clock_i  ;
; N/A                                     ; None                                                ; -2.627 ns ; data_from_register_file_i[4]     ; lab6_stack_top:U_STACK_SYSTEM|stack7x16:U_STACK|mem_r[6][4]       ; clock_i  ;
; N/A                                     ; None                                                ; -2.628 ns ; data_from_register_file_i[15]    ; lab6_stack_top:U_STACK_SYSTEM|stack7x16:U_STACK|mem_r[1][15]      ; clock_i  ;
; N/A                                     ; None                                                ; -2.636 ns ; alu_result_for_push_i[14]        ; lab6_stack_top:U_STACK_SYSTEM|stack7x16:U_STACK|mem_r[1][14]      ; clock_i  ;
; N/A                                     ; None                                                ; -2.642 ns ; data_from_register_file_i[0]     ; lab6_stack_top:U_STACK_SYSTEM|stack7x16:U_STACK|mem_r[1][0]       ; clock_i  ;
; N/A                                     ; None                                                ; -2.652 ns ; stack_command_idle_push_pop_i[1] ; lab6_stack_top:U_STACK_SYSTEM|stack7x16:U_STACK|mem_r[5][1]       ; clock_i  ;
; N/A                                     ; None                                                ; -2.656 ns ; alu_result_for_push_i[12]        ; lab6_stack_top:U_STACK_SYSTEM|stack7x16:U_STACK|mem_r[1][12]      ; clock_i  ;
; N/A                                     ; None                                                ; -2.676 ns ; stack_command_idle_push_pop_i[1] ; lab6_stack_top:U_STACK_SYSTEM|stack7x16:U_STACK|mem_r[6][4]       ; clock_i  ;
; N/A                                     ; None                                                ; -2.676 ns ; stack_command_idle_push_pop_i[1] ; lab6_stack_top:U_STACK_SYSTEM|stack7x16:U_STACK|underflow_r       ; clock_i  ;
; N/A                                     ; None                                                ; -2.678 ns ; data_from_register_file_i[7]     ; lab6_stack_top:U_STACK_SYSTEM|stack7x16:U_STACK|mem_r[1][7]       ; clock_i  ;
; N/A                                     ; None                                                ; -2.683 ns ; stack_command_idle_push_pop_i[1] ; lab6_stack_top:U_STACK_SYSTEM|stack7x16:U_STACK|mem_r[1][7]       ; clock_i  ;
; N/A                                     ; None                                                ; -2.683 ns ; stack_command_idle_push_pop_i[1] ; lab6_stack_top:U_STACK_SYSTEM|stack7x16:U_STACK|mem_r[1][9]       ; clock_i  ;
; N/A                                     ; None                                                ; -2.686 ns ; stack_command_idle_push_pop_i[1] ; lab6_stack_top:U_STACK_SYSTEM|stack7x16:U_STACK|mem_r[1][6]       ; clock_i  ;
; N/A                                     ; None                                                ; -2.688 ns ; alu_result_for_push_i[7]         ; lab6_stack_top:U_STACK_SYSTEM|stack7x16:U_STACK|mem_r[1][7]       ; clock_i  ;
; N/A                                     ; None                                                ; -2.691 ns ; alu_result_for_push_i[8]         ; lab6_stack_top:U_STACK_SYSTEM|stack7x16:U_STACK|mem_r[1][8]       ; clock_i  ;
; N/A                                     ; None                                                ; -2.698 ns ; stack_command_idle_push_pop_i[1] ; lab6_stack_top:U_STACK_SYSTEM|stack7x16:U_STACK|sp_r[0]~DUPLICATE ; clock_i  ;
; N/A                                     ; None                                                ; -2.698 ns ; stack_command_idle_push_pop_i[1] ; lab6_stack_top:U_STACK_SYSTEM|stack7x16:U_STACK|sp_r[1]~DUPLICATE ; clock_i  ;
; N/A                                     ; None                                                ; -2.698 ns ; stack_command_idle_push_pop_i[1] ; lab6_stack_top:U_STACK_SYSTEM|stack7x16:U_STACK|sp_r[1]           ; clock_i  ;
; N/A                                     ; None                                                ; -2.698 ns ; stack_command_idle_push_pop_i[1] ; lab6_stack_top:U_STACK_SYSTEM|stack7x16:U_STACK|sp_r[0]           ; clock_i  ;
; N/A                                     ; None                                                ; -2.699 ns ; stack_command_idle_push_pop_i[1] ; lab6_stack_top:U_STACK_SYSTEM|stack7x16:U_STACK|sp_r[2]           ; clock_i  ;
; N/A                                     ; None                                                ; -2.699 ns ; stack_command_idle_push_pop_i[1] ; lab6_stack_top:U_STACK_SYSTEM|stack7x16:U_STACK|sp_r[2]~DUPLICATE ; clock_i  ;
; N/A                                     ; None                                                ; -2.706 ns ; alu_result_for_push_i[10]        ; lab6_stack_top:U_STACK_SYSTEM|stack7x16:U_STACK|mem_r[1][10]      ; clock_i  ;
; N/A                                     ; None                                                ; -2.719 ns ; data_from_register_file_i[12]    ; lab6_stack_top:U_STACK_SYSTEM|stack7x16:U_STACK|mem_r[1][12]      ; clock_i  ;
; N/A                                     ; None                                                ; -2.726 ns ; stack_command_idle_push_pop_i[1] ; lab6_stack_top:U_STACK_SYSTEM|stack7x16:U_STACK|mem_r[1][15]      ; clock_i  ;
; N/A                                     ; None                                                ; -2.733 ns ; stack_command_idle_push_pop_i[1] ; lab6_stack_top:U_STACK_SYSTEM|stack7x16:U_STACK|mem_r[1][10]      ; clock_i  ;
; N/A                                     ; None                                                ; -2.733 ns ; stack_command_idle_push_pop_i[1] ; lab6_stack_top:U_STACK_SYSTEM|stack7x16:U_STACK|mem_r[1][11]      ; clock_i  ;
; N/A                                     ; None                                                ; -2.737 ns ; stack_command_idle_push_pop_i[1] ; lab6_stack_top:U_STACK_SYSTEM|stack7x16:U_STACK|mem_r[1][12]      ; clock_i  ;
; N/A                                     ; None                                                ; -2.737 ns ; stack_command_idle_push_pop_i[1] ; lab6_stack_top:U_STACK_SYSTEM|stack7x16:U_STACK|mem_r[1][13]      ; clock_i  ;
; N/A                                     ; None                                                ; -2.738 ns ; alu_result_for_push_i[3]         ; lab6_stack_top:U_STACK_SYSTEM|stack7x16:U_STACK|mem_r[1][3]       ; clock_i  ;
; N/A                                     ; None                                                ; -2.757 ns ; alu_result_for_push_i[13]        ; lab6_stack_top:U_STACK_SYSTEM|stack7x16:U_STACK|mem_r[1][13]      ; clock_i  ;
; N/A                                     ; None                                                ; -2.762 ns ; alu_result_for_push_i[6]         ; lab6_stack_top:U_STACK_SYSTEM|stack7x16:U_STACK|mem_r[6][6]       ; clock_i  ;
; N/A                                     ; None                                                ; -2.773 ns ; stack_command_idle_push_pop_i[1] ; lab6_stack_top:U_STACK_SYSTEM|stack7x16:U_STACK|mem_r[5][5]       ; clock_i  ;
; N/A                                     ; None                                                ; -2.781 ns ; data_from_register_file_i[9]     ; lab6_stack_top:U_STACK_SYSTEM|stack7x16:U_STACK|mem_r[1][9]       ; clock_i  ;
; N/A                                     ; None                                                ; -2.810 ns ; stack_command_idle_push_pop_i[1] ; lab6_stack_top:U_STACK_SYSTEM|stack7x16:U_STACK|mem_r[5][3]       ; clock_i  ;
; N/A                                     ; None                                                ; -2.814 ns ; stack_command_idle_push_pop_i[1] ; lab6_stack_top:U_STACK_SYSTEM|stack7x16:U_STACK|mem_r[5][2]       ; clock_i  ;
; N/A                                     ; None                                                ; -2.841 ns ; data_from_register_file_i[11]    ; lab6_stack_top:U_STACK_SYSTEM|stack7x16:U_STACK|mem_r[1][11]      ; clock_i  ;
; N/A                                     ; None                                                ; -2.844 ns ; stack_command_idle_push_pop_i[1] ; lab6_stack_top:U_STACK_SYSTEM|stack7x16:U_STACK|mem_r[1][8]       ; clock_i  ;
; N/A                                     ; None                                                ; -2.855 ns ; data_from_register_file_i[14]    ; lab6_stack_top:U_STACK_SYSTEM|stack7x16:U_STACK|mem_r[1][14]      ; clock_i  ;
; N/A                                     ; None                                                ; -2.864 ns ; data_from_register_file_i[2]     ; lab6_stack_top:U_STACK_SYSTEM|stack7x16:U_STACK|mem_r[1][2]       ; clock_i  ;
; N/A                                     ; None                                                ; -2.910 ns ; data_from_register_file_i[5]     ; lab6_stack_top:U_STACK_SYSTEM|stack7x16:U_STACK|mem_r[1][5]       ; clock_i  ;
; N/A                                     ; None                                                ; -2.911 ns ; alu_result_for_push_i[5]         ; lab6_stack_top:U_STACK_SYSTEM|stack7x16:U_STACK|mem_r[1][5]       ; clock_i  ;
; N/A                                     ; None                                                ; -2.921 ns ; data_from_register_file_i[8]     ; lab6_stack_top:U_STACK_SYSTEM|stack7x16:U_STACK|mem_r[1][8]       ; clock_i  ;
; N/A                                     ; None                                                ; -2.958 ns ; stack_command_idle_push_pop_i[1] ; lab6_stack_top:U_STACK_SYSTEM|stack7x16:U_STACK|mem_r[5][6]       ; clock_i  ;
; N/A                                     ; None                                                ; -2.961 ns ; stack_command_idle_push_pop_i[1] ; lab6_stack_top:U_STACK_SYSTEM|stack7x16:U_STACK|mem_r[3][5]       ; clock_i  ;
; N/A                                     ; None                                                ; -2.975 ns ; data_from_register_file_i[13]    ; lab6_stack_top:U_STACK_SYSTEM|stack7x16:U_STACK|mem_r[1][13]      ; clock_i  ;
; N/A                                     ; None                                                ; -2.980 ns ; stack_command_idle_push_pop_i[1] ; lab6_stack_top:U_STACK_SYSTEM|stack7x16:U_STACK|mem_r[5][0]       ; clock_i  ;
; N/A                                     ; None                                                ; -2.981 ns ; stack_command_idle_push_pop_i[1] ; lab6_stack_top:U_STACK_SYSTEM|stack7x16:U_STACK|mem_r[6][2]       ; clock_i  ;
; N/A                                     ; None                                                ; -2.990 ns ; stack_command_idle_push_pop_i[1] ; lab6_stack_top:U_STACK_SYSTEM|stack7x16:U_STACK|mem_r[0][3]       ; clock_i  ;
; N/A                                     ; None                                                ; -2.993 ns ; stack_command_idle_push_pop_i[1] ; lab6_stack_top:U_STACK_SYSTEM|stack7x16:U_STACK|mem_r[0][5]       ; clock_i  ;
; N/A                                     ; None                                                ; -3.003 ns ; stack_command_idle_push_pop_i[1] ; lab6_stack_top:U_STACK_SYSTEM|stack7x16:U_STACK|mem_r[6][3]       ; clock_i  ;
; N/A                                     ; None                                                ; -3.004 ns ; alu_result_for_push_i[1]         ; lab6_stack_top:U_STACK_SYSTEM|stack7x16:U_STACK|mem_r[1][1]       ; clock_i  ;
; N/A                                     ; None                                                ; -3.007 ns ; stack_command_idle_push_pop_i[1] ; lab6_stack_top:U_STACK_SYSTEM|stack7x16:U_STACK|mem_r[6][5]       ; clock_i  ;
; N/A                                     ; None                                                ; -3.012 ns ; stack_command_idle_push_pop_i[1] ; lab6_stack_top:U_STACK_SYSTEM|stack7x16:U_STACK|mem_r[2][2]       ; clock_i  ;
; N/A                                     ; None                                                ; -3.016 ns ; alu_result_for_push_i[6]         ; lab6_stack_top:U_STACK_SYSTEM|stack7x16:U_STACK|mem_r[2][6]       ; clock_i  ;
; N/A                                     ; None                                                ; -3.020 ns ; stack_command_idle_push_pop_i[0] ; lab6_stack_top:U_STACK_SYSTEM|stack7x16:U_STACK|mem_r[1][1]       ; clock_i  ;
; N/A                                     ; None                                                ; -3.040 ns ; reset_i                          ; lab6_stack_top:U_STACK_SYSTEM|stack7x16:U_STACK|dout_r[0]         ; clock_i  ;
; N/A                                     ; None                                                ; -3.042 ns ; reset_i                          ; lab6_stack_top:U_STACK_SYSTEM|stack7x16:U_STACK|dout_r[10]        ; clock_i  ;
; N/A                                     ; None                                                ; -3.042 ns ; reset_i                          ; lab6_stack_top:U_STACK_SYSTEM|stack7x16:U_STACK|mem_r[5][10]      ; clock_i  ;
; N/A                                     ; None                                                ; -3.042 ns ; reset_i                          ; lab6_stack_top:U_STACK_SYSTEM|stack7x16:U_STACK|dout_r[11]        ; clock_i  ;
; N/A                                     ; None                                                ; -3.042 ns ; reset_i                          ; lab6_stack_top:U_STACK_SYSTEM|stack7x16:U_STACK|mem_r[5][11]      ; clock_i  ;
; N/A                                     ; None                                                ; -3.042 ns ; reset_i                          ; lab6_stack_top:U_STACK_SYSTEM|stack7x16:U_STACK|dout_r[12]        ; clock_i  ;
; N/A                                     ; None                                                ; -3.042 ns ; reset_i                          ; lab6_stack_top:U_STACK_SYSTEM|stack7x16:U_STACK|mem_r[5][12]      ; clock_i  ;
; N/A                                     ; None                                                ; -3.042 ns ; reset_i                          ; lab6_stack_top:U_STACK_SYSTEM|stack7x16:U_STACK|dout_r[13]        ; clock_i  ;
; N/A                                     ; None                                                ; -3.042 ns ; reset_i                          ; lab6_stack_top:U_STACK_SYSTEM|stack7x16:U_STACK|mem_r[5][13]      ; clock_i  ;
; N/A                                     ; None                                                ; -3.042 ns ; reset_i                          ; lab6_stack_top:U_STACK_SYSTEM|stack7x16:U_STACK|dout_r[15]        ; clock_i  ;
; N/A                                     ; None                                                ; -3.042 ns ; reset_i                          ; lab6_stack_top:U_STACK_SYSTEM|stack7x16:U_STACK|mem_r[3][15]      ; clock_i  ;
; N/A                                     ; None                                                ; -3.042 ns ; reset_i                          ; lab6_stack_top:U_STACK_SYSTEM|stack7x16:U_STACK|mem_r[5][15]      ; clock_i  ;
; N/A                                     ; None                                                ; -3.044 ns ; alu_result_for_push_i[8]         ; lab6_stack_top:U_STACK_SYSTEM|stack7x16:U_STACK|mem_r[5][8]       ; clock_i  ;
; N/A                                     ; None                                                ; -3.048 ns ; reset_i                          ; lab6_stack_top:U_STACK_SYSTEM|stack7x16:U_STACK|mem_r[4][0]       ; clock_i  ;
; N/A                                     ; None                                                ; -3.048 ns ; reset_i                          ; lab6_stack_top:U_STACK_SYSTEM|stack7x16:U_STACK|mem_r[4][10]      ; clock_i  ;
; N/A                                     ; None                                                ; -3.048 ns ; reset_i                          ; lab6_stack_top:U_STACK_SYSTEM|stack7x16:U_STACK|mem_r[0][10]      ; clock_i  ;
; N/A                                     ; None                                                ; -3.048 ns ; reset_i                          ; lab6_stack_top:U_STACK_SYSTEM|stack7x16:U_STACK|mem_r[4][11]      ; clock_i  ;
; N/A                                     ; None                                                ; -3.048 ns ; reset_i                          ; lab6_stack_top:U_STACK_SYSTEM|stack7x16:U_STACK|mem_r[0][11]      ; clock_i  ;
; N/A                                     ; None                                                ; -3.048 ns ; reset_i                          ; lab6_stack_top:U_STACK_SYSTEM|stack7x16:U_STACK|mem_r[4][12]      ; clock_i  ;
; N/A                                     ; None                                                ; -3.048 ns ; reset_i                          ; lab6_stack_top:U_STACK_SYSTEM|stack7x16:U_STACK|mem_r[0][12]      ; clock_i  ;
; N/A                                     ; None                                                ; -3.048 ns ; reset_i                          ; lab6_stack_top:U_STACK_SYSTEM|stack7x16:U_STACK|mem_r[4][13]      ; clock_i  ;
; N/A                                     ; None                                                ; -3.048 ns ; reset_i                          ; lab6_stack_top:U_STACK_SYSTEM|stack7x16:U_STACK|mem_r[2][13]      ; clock_i  ;
; N/A                                     ; None                                                ; -3.048 ns ; reset_i                          ; lab6_stack_top:U_STACK_SYSTEM|stack7x16:U_STACK|mem_r[0][13]      ; clock_i  ;
; N/A                                     ; None                                                ; -3.048 ns ; reset_i                          ; lab6_stack_top:U_STACK_SYSTEM|stack7x16:U_STACK|mem_r[2][14]      ; clock_i  ;
; N/A                                     ; None                                                ; -3.048 ns ; reset_i                          ; lab6_stack_top:U_STACK_SYSTEM|stack7x16:U_STACK|mem_r[4][14]      ; clock_i  ;
; N/A                                     ; None                                                ; -3.048 ns ; reset_i                          ; lab6_stack_top:U_STACK_SYSTEM|stack7x16:U_STACK|mem_r[0][14]      ; clock_i  ;
; N/A                                     ; None                                                ; -3.048 ns ; reset_i                          ; lab6_stack_top:U_STACK_SYSTEM|stack7x16:U_STACK|mem_r[2][15]      ; clock_i  ;
; N/A                                     ; None                                                ; -3.048 ns ; reset_i                          ; lab6_stack_top:U_STACK_SYSTEM|stack7x16:U_STACK|mem_r[4][15]      ; clock_i  ;
; N/A                                     ; None                                                ; -3.048 ns ; reset_i                          ; lab6_stack_top:U_STACK_SYSTEM|stack7x16:U_STACK|mem_r[0][15]      ; clock_i  ;
; N/A                                     ; None                                                ; -3.050 ns ; stack_command_idle_push_pop_i[1] ; lab6_stack_top:U_STACK_SYSTEM|stack7x16:U_STACK|mem_r[6][1]       ; clock_i  ;
; N/A                                     ; None                                                ; -3.053 ns ; stack_command_idle_push_pop_i[0] ; lab6_stack_top:U_STACK_SYSTEM|stack7x16:U_STACK|mem_r[1][14]      ; clock_i  ;
; N/A                                     ; None                                                ; -3.060 ns ; stack_command_idle_push_pop_i[1] ; lab6_stack_top:U_STACK_SYSTEM|stack7x16:U_STACK|mem_r[6][14]      ; clock_i  ;
; N/A                                     ; None                                                ; -3.073 ns ; alu_result_for_push_i[0]         ; lab6_stack_top:U_STACK_SYSTEM|stack7x16:U_STACK|mem_r[5][0]       ; clock_i  ;
; N/A                                     ; None                                                ; -3.075 ns ; alu_result_for_push_i[15]        ; lab6_stack_top:U_STACK_SYSTEM|stack7x16:U_STACK|mem_r[1][15]      ; clock_i  ;
; N/A                                     ; None                                                ; -3.075 ns ; stack_command_idle_push_pop_i[0] ; lab6_stack_top:U_STACK_SYSTEM|stack7x16:U_STACK|mem_r[1][6]       ; clock_i  ;
; N/A                                     ; None                                                ; -3.077 ns ; stack_command_idle_push_pop_i[0] ; lab6_stack_top:U_STACK_SYSTEM|stack7x16:U_STACK|mem_r[1][8]       ; clock_i  ;
; N/A                                     ; None                                                ; -3.078 ns ; stack_command_idle_push_pop_i[0] ; lab6_stack_top:U_STACK_SYSTEM|stack7x16:U_STACK|mem_r[1][7]       ; clock_i  ;
; N/A                                     ; None                                                ; -3.083 ns ; alu_result_for_push_i[6]         ; lab6_stack_top:U_STACK_SYSTEM|stack7x16:U_STACK|mem_r[0][6]       ; clock_i  ;
; N/A                                     ; None                                                ; -3.084 ns ; alu_result_for_push_i[6]         ; lab6_stack_top:U_STACK_SYSTEM|stack7x16:U_STACK|mem_r[4][6]       ; clock_i  ;
; N/A                                     ; None                                                ; -3.111 ns ; alu_result_for_push_i[4]         ; lab6_stack_top:U_STACK_SYSTEM|stack7x16:U_STACK|mem_r[6][4]       ; clock_i  ;
; N/A                                     ; None                                                ; -3.117 ns ; stack_command_idle_push_pop_i[1] ; lab6_stack_top:U_STACK_SYSTEM|stack7x16:U_STACK|mem_r[5][14]      ; clock_i  ;
; N/A                                     ; None                                                ; -3.122 ns ; stack_command_idle_push_pop_i[1] ; lab6_stack_top:U_STACK_SYSTEM|stack7x16:U_STACK|mem_r[5][9]       ; clock_i  ;
; N/A                                     ; None                                                ; -3.133 ns ; reset_i                          ; lab6_stack_top:U_STACK_SYSTEM|stack7x16:U_STACK|sp_r[1]~DUPLICATE ; clock_i  ;
; N/A                                     ; None                                                ; -3.133 ns ; reset_i                          ; lab6_stack_top:U_STACK_SYSTEM|stack7x16:U_STACK|sp_r[1]           ; clock_i  ;
; N/A                                     ; None                                                ; -3.134 ns ; reset_i                          ; lab6_stack_top:U_STACK_SYSTEM|stack7x16:U_STACK|sp_r[0]~DUPLICATE ; clock_i  ;
; N/A                                     ; None                                                ; -3.134 ns ; reset_i                          ; lab6_stack_top:U_STACK_SYSTEM|stack7x16:U_STACK|sp_r[0]           ; clock_i  ;
; N/A                                     ; None                                                ; -3.136 ns ; alu_result_for_push_i[9]         ; lab6_stack_top:U_STACK_SYSTEM|stack7x16:U_STACK|mem_r[1][9]       ; clock_i  ;
; N/A                                     ; None                                                ; -3.136 ns ; alu_result_for_push_i[2]         ; lab6_stack_top:U_STACK_SYSTEM|stack7x16:U_STACK|mem_r[1][2]       ; clock_i  ;
; N/A                                     ; None                                                ; -3.137 ns ; data_from_register_file_i[7]     ; lab6_stack_top:U_STACK_SYSTEM|stack7x16:U_STACK|mem_r[6][7]       ; clock_i  ;
; N/A                                     ; None                                                ; -3.142 ns ; stack_command_idle_push_pop_i[1] ; lab6_stack_top:U_STACK_SYSTEM|stack7x16:U_STACK|mem_r[6][7]       ; clock_i  ;
; N/A                                     ; None                                                ; -3.147 ns ; alu_result_for_push_i[7]         ; lab6_stack_top:U_STACK_SYSTEM|stack7x16:U_STACK|mem_r[6][7]       ; clock_i  ;
; N/A                                     ; None                                                ; -3.160 ns ; stack_command_idle_push_pop_i[1] ; lab6_stack_top:U_STACK_SYSTEM|stack7x16:U_STACK|mem_r[6][9]       ; clock_i  ;
; N/A                                     ; None                                                ; -3.162 ns ; stack_command_idle_push_pop_i[1] ; lab6_stack_top:U_STACK_SYSTEM|stack7x16:U_STACK|mem_r[6][6]       ; clock_i  ;
; N/A                                     ; None                                                ; -3.163 ns ; data_from_register_file_i[3]     ; lab6_stack_top:U_STACK_SYSTEM|stack7x16:U_STACK|mem_r[1][3]       ; clock_i  ;
; N/A                                     ; None                                                ; -3.170 ns ; stack_command_idle_push_pop_i[1] ; lab6_stack_top:U_STACK_SYSTEM|stack7x16:U_STACK|mem_r[3][14]      ; clock_i  ;
; N/A                                     ; None                                                ; -3.177 ns ; alu_result_for_push_i[8]         ; lab6_stack_top:U_STACK_SYSTEM|stack7x16:U_STACK|mem_r[6][8]       ; clock_i  ;
; N/A                                     ; None                                                ; -3.189 ns ; reset_i                          ; lab6_stack_top:U_STACK_SYSTEM|stack7x16:U_STACK|dout_r[2]         ; clock_i  ;
; N/A                                     ; None                                                ; -3.189 ns ; reset_i                          ; lab6_stack_top:U_STACK_SYSTEM|stack7x16:U_STACK|mem_r[5][2]       ; clock_i  ;
; N/A                                     ; None                                                ; -3.189 ns ; reset_i                          ; lab6_stack_top:U_STACK_SYSTEM|stack7x16:U_STACK|mem_r[1][2]       ; clock_i  ;
; N/A                                     ; None                                                ; -3.189 ns ; reset_i                          ; lab6_stack_top:U_STACK_SYSTEM|stack7x16:U_STACK|dout_r[3]         ; clock_i  ;
; N/A                                     ; None                                                ; -3.189 ns ; reset_i                          ; lab6_stack_top:U_STACK_SYSTEM|stack7x16:U_STACK|mem_r[1][3]       ; clock_i  ;
; N/A                                     ; None                                                ; -3.189 ns ; reset_i                          ; lab6_stack_top:U_STACK_SYSTEM|stack7x16:U_STACK|mem_r[5][3]       ; clock_i  ;
; N/A                                     ; None                                                ; -3.189 ns ; reset_i                          ; lab6_stack_top:U_STACK_SYSTEM|stack7x16:U_STACK|dout_r[4]         ; clock_i  ;
; N/A                                     ; None                                                ; -3.189 ns ; reset_i                          ; lab6_stack_top:U_STACK_SYSTEM|stack7x16:U_STACK|mem_r[1][4]       ; clock_i  ;
; N/A                                     ; None                                                ; -3.189 ns ; reset_i                          ; lab6_stack_top:U_STACK_SYSTEM|stack7x16:U_STACK|mem_r[5][4]       ; clock_i  ;
; N/A                                     ; None                                                ; -3.189 ns ; reset_i                          ; lab6_stack_top:U_STACK_SYSTEM|stack7x16:U_STACK|dout_r[5]         ; clock_i  ;
; N/A                                     ; None                                                ; -3.189 ns ; reset_i                          ; lab6_stack_top:U_STACK_SYSTEM|stack7x16:U_STACK|mem_r[5][5]       ; clock_i  ;
; N/A                                     ; None                                                ; -3.189 ns ; reset_i                          ; lab6_stack_top:U_STACK_SYSTEM|stack7x16:U_STACK|mem_r[1][5]       ; clock_i  ;
; N/A                                     ; None                                                ; -3.191 ns ; stack_command_idle_push_pop_i[0] ; lab6_stack_top:U_STACK_SYSTEM|stack7x16:U_STACK|sp_r[2]           ; clock_i  ;
; N/A                                     ; None                                                ; -3.191 ns ; stack_command_idle_push_pop_i[0] ; lab6_stack_top:U_STACK_SYSTEM|stack7x16:U_STACK|sp_r[2]~DUPLICATE ; clock_i  ;
; N/A                                     ; None                                                ; -3.194 ns ; stack_command_idle_push_pop_i[1] ; lab6_stack_top:U_STACK_SYSTEM|stack7x16:U_STACK|mem_r[4][2]       ; clock_i  ;
; N/A                                     ; None                                                ; -3.195 ns ; stack_command_idle_push_pop_i[1] ; lab6_stack_top:U_STACK_SYSTEM|stack7x16:U_STACK|mem_r[0][2]       ; clock_i  ;
; N/A                                     ; None                                                ; -3.197 ns ; stack_command_idle_push_pop_i[1] ; lab6_stack_top:U_STACK_SYSTEM|stack7x16:U_STACK|mem_r[5][8]       ; clock_i  ;
; N/A                                     ; None                                                ; -3.197 ns ; reset_i                          ; lab6_stack_top:U_STACK_SYSTEM|stack7x16:U_STACK|mem_r[3][0]       ; clock_i  ;
; N/A                                     ; None                                                ; -3.197 ns ; reset_i                          ; lab6_stack_top:U_STACK_SYSTEM|stack7x16:U_STACK|dout_r[1]         ; clock_i  ;
; N/A                                     ; None                                                ; -3.197 ns ; reset_i                          ; lab6_stack_top:U_STACK_SYSTEM|stack7x16:U_STACK|mem_r[3][1]       ; clock_i  ;
; N/A                                     ; None                                                ; -3.197 ns ; reset_i                          ; lab6_stack_top:U_STACK_SYSTEM|stack7x16:U_STACK|mem_r[3][2]       ; clock_i  ;
; N/A                                     ; None                                                ; -3.197 ns ; reset_i                          ; lab6_stack_top:U_STACK_SYSTEM|stack7x16:U_STACK|mem_r[3][3]       ; clock_i  ;
; N/A                                     ; None                                                ; -3.197 ns ; reset_i                          ; lab6_stack_top:U_STACK_SYSTEM|stack7x16:U_STACK|mem_r[3][4]       ; clock_i  ;
; N/A                                     ; None                                                ; -3.197 ns ; reset_i                          ; lab6_stack_top:U_STACK_SYSTEM|stack7x16:U_STACK|mem_r[3][5]       ; clock_i  ;
; N/A                                     ; None                                                ; -3.197 ns ; reset_i                          ; lab6_stack_top:U_STACK_SYSTEM|stack7x16:U_STACK|mem_r[3][6]       ; clock_i  ;
; N/A                                     ; None                                                ; -3.197 ns ; reset_i                          ; lab6_stack_top:U_STACK_SYSTEM|stack7x16:U_STACK|mem_r[3][7]       ; clock_i  ;
; N/A                                     ; None                                                ; -3.197 ns ; reset_i                          ; lab6_stack_top:U_STACK_SYSTEM|stack7x16:U_STACK|mem_r[3][8]       ; clock_i  ;
; N/A                                     ; None                                                ; -3.197 ns ; reset_i                          ; lab6_stack_top:U_STACK_SYSTEM|stack7x16:U_STACK|mem_r[3][9]       ; clock_i  ;
; N/A                                     ; None                                                ; -3.197 ns ; reset_i                          ; lab6_stack_top:U_STACK_SYSTEM|stack7x16:U_STACK|mem_r[3][10]      ; clock_i  ;
; N/A                                     ; None                                                ; -3.197 ns ; reset_i                          ; lab6_stack_top:U_STACK_SYSTEM|stack7x16:U_STACK|mem_r[3][11]      ; clock_i  ;
; N/A                                     ; None                                                ; -3.197 ns ; reset_i                          ; lab6_stack_top:U_STACK_SYSTEM|stack7x16:U_STACK|mem_r[3][12]      ; clock_i  ;
; N/A                                     ; None                                                ; -3.205 ns ; stack_command_idle_push_pop_i[1] ; lab6_stack_top:U_STACK_SYSTEM|stack7x16:U_STACK|mem_r[2][3]       ; clock_i  ;
; N/A                                     ; None                                                ; -3.209 ns ; stack_command_idle_push_pop_i[0] ; lab6_stack_top:U_STACK_SYSTEM|stack7x16:U_STACK|mem_r[6][4]       ; clock_i  ;
; N/A                                     ; None                                                ; -3.209 ns ; stack_command_idle_push_pop_i[0] ; lab6_stack_top:U_STACK_SYSTEM|stack7x16:U_STACK|overflow_r        ; clock_i  ;
; N/A                                     ; None                                                ; -3.209 ns ; stack_command_idle_push_pop_i[0] ; lab6_stack_top:U_STACK_SYSTEM|stack7x16:U_STACK|underflow_r       ; clock_i  ;
; N/A                                     ; None                                                ; -3.212 ns ; stack_command_idle_push_pop_i[0] ; lab6_stack_top:U_STACK_SYSTEM|stack7x16:U_STACK|mem_r[1][12]      ; clock_i  ;
; N/A                                     ; None                                                ; -3.212 ns ; stack_command_idle_push_pop_i[0] ; lab6_stack_top:U_STACK_SYSTEM|stack7x16:U_STACK|mem_r[1][13]      ; clock_i  ;
; N/A                                     ; None                                                ; -3.214 ns ; stack_command_idle_push_pop_i[0] ; lab6_stack_top:U_STACK_SYSTEM|stack7x16:U_STACK|mem_r[1][10]      ; clock_i  ;
; N/A                                     ; None                                                ; -3.214 ns ; stack_command_idle_push_pop_i[0] ; lab6_stack_top:U_STACK_SYSTEM|stack7x16:U_STACK|mem_r[1][11]      ; clock_i  ;
; N/A                                     ; None                                                ; -3.216 ns ; stack_command_idle_push_pop_i[0] ; lab6_stack_top:U_STACK_SYSTEM|stack7x16:U_STACK|mem_r[1][0]       ; clock_i  ;
; N/A                                     ; None                                                ; -3.216 ns ; stack_command_idle_push_pop_i[0] ; lab6_stack_top:U_STACK_SYSTEM|stack7x16:U_STACK|mem_r[1][15]      ; clock_i  ;
; N/A                                     ; None                                                ; -3.219 ns ; data_from_register_file_i[7]     ; lab6_stack_top:U_STACK_SYSTEM|stack7x16:U_STACK|mem_r[5][7]       ; clock_i  ;
; N/A                                     ; None                                                ; -3.220 ns ; data_from_register_file_i[9]     ; lab6_stack_top:U_STACK_SYSTEM|stack7x16:U_STACK|mem_r[5][9]       ; clock_i  ;
; N/A                                     ; None                                                ; -3.224 ns ; stack_command_idle_push_pop_i[1] ; lab6_stack_top:U_STACK_SYSTEM|stack7x16:U_STACK|mem_r[5][7]       ; clock_i  ;
; N/A                                     ; None                                                ; -3.229 ns ; alu_result_for_push_i[7]         ; lab6_stack_top:U_STACK_SYSTEM|stack7x16:U_STACK|mem_r[5][7]       ; clock_i  ;
; N/A                                     ; None                                                ; -3.234 ns ; data_from_register_file_i[10]    ; lab6_stack_top:U_STACK_SYSTEM|stack7x16:U_STACK|mem_r[6][10]      ; clock_i  ;
; N/A                                     ; None                                                ; -3.235 ns ; stack_command_idle_push_pop_i[0] ; lab6_stack_top:U_STACK_SYSTEM|stack7x16:U_STACK|mem_r[1][9]       ; clock_i  ;
; N/A                                     ; None                                                ; -3.238 ns ; data_from_register_file_i[2]     ; lab6_stack_top:U_STACK_SYSTEM|stack7x16:U_STACK|mem_r[3][2]       ; clock_i  ;
; N/A                                     ; None                                                ; -3.243 ns ; data_from_register_file_i[0]     ; lab6_stack_top:U_STACK_SYSTEM|stack7x16:U_STACK|mem_r[5][0]       ; clock_i  ;
; N/A                                     ; None                                                ; -3.258 ns ; data_from_register_file_i[9]     ; lab6_stack_top:U_STACK_SYSTEM|stack7x16:U_STACK|mem_r[6][9]       ; clock_i  ;
; N/A                                     ; None                                                ; -3.258 ns ; reset_i                          ; lab6_stack_top:U_STACK_SYSTEM|stack7x16:U_STACK|sp_r[2]           ; clock_i  ;
; N/A                                     ; None                                                ; -3.258 ns ; reset_i                          ; lab6_stack_top:U_STACK_SYSTEM|stack7x16:U_STACK|sp_r[2]~DUPLICATE ; clock_i  ;
; N/A                                     ; None                                                ; -3.259 ns ; data_from_register_file_i[6]     ; lab6_stack_top:U_STACK_SYSTEM|stack7x16:U_STACK|mem_r[1][6]       ; clock_i  ;
; N/A                                     ; None                                                ; -3.263 ns ; stack_command_idle_push_pop_i[0] ; lab6_stack_top:U_STACK_SYSTEM|stack7x16:U_STACK|mem_r[1][2]       ; clock_i  ;
; N/A                                     ; None                                                ; -3.266 ns ; alu_result_for_push_i[1]         ; lab6_stack_top:U_STACK_SYSTEM|stack7x16:U_STACK|mem_r[5][1]       ; clock_i  ;
; N/A                                     ; None                                                ; -3.274 ns ; data_from_register_file_i[8]     ; lab6_stack_top:U_STACK_SYSTEM|stack7x16:U_STACK|mem_r[5][8]       ; clock_i  ;
; N/A                                     ; None                                                ; -3.276 ns ; stack_command_idle_push_pop_i[1] ; lab6_stack_top:U_STACK_SYSTEM|stack7x16:U_STACK|mem_r[0][0]       ; clock_i  ;
; N/A                                     ; None                                                ; -3.278 ns ; stack_command_idle_push_pop_i[1] ; lab6_stack_top:U_STACK_SYSTEM|stack7x16:U_STACK|mem_r[6][0]       ; clock_i  ;
; N/A                                     ; None                                                ; -3.280 ns ; reset_i                          ; lab6_stack_top:U_STACK_SYSTEM|stack7x16:U_STACK|mem_r[2][0]       ; clock_i  ;
; N/A                                     ; None                                                ; -3.280 ns ; reset_i                          ; lab6_stack_top:U_STACK_SYSTEM|stack7x16:U_STACK|mem_r[2][1]       ; clock_i  ;
; N/A                                     ; None                                                ; -3.280 ns ; reset_i                          ; lab6_stack_top:U_STACK_SYSTEM|stack7x16:U_STACK|mem_r[4][1]       ; clock_i  ;
; N/A                                     ; None                                                ; -3.280 ns ; reset_i                          ; lab6_stack_top:U_STACK_SYSTEM|stack7x16:U_STACK|mem_r[0][1]       ; clock_i  ;
; N/A                                     ; None                                                ; -3.280 ns ; reset_i                          ; lab6_stack_top:U_STACK_SYSTEM|stack7x16:U_STACK|mem_r[2][2]       ; clock_i  ;
; N/A                                     ; None                                                ; -3.280 ns ; reset_i                          ; lab6_stack_top:U_STACK_SYSTEM|stack7x16:U_STACK|mem_r[2][3]       ; clock_i  ;
; N/A                                     ; None                                                ; -3.280 ns ; reset_i                          ; lab6_stack_top:U_STACK_SYSTEM|stack7x16:U_STACK|mem_r[2][4]       ; clock_i  ;
; N/A                                     ; None                                                ; -3.280 ns ; reset_i                          ; lab6_stack_top:U_STACK_SYSTEM|stack7x16:U_STACK|mem_r[2][5]       ; clock_i  ;
; N/A                                     ; None                                                ; -3.280 ns ; reset_i                          ; lab6_stack_top:U_STACK_SYSTEM|stack7x16:U_STACK|mem_r[2][6]       ; clock_i  ;
; N/A                                     ; None                                                ; -3.280 ns ; reset_i                          ; lab6_stack_top:U_STACK_SYSTEM|stack7x16:U_STACK|mem_r[2][7]       ; clock_i  ;
; N/A                                     ; None                                                ; -3.280 ns ; reset_i                          ; lab6_stack_top:U_STACK_SYSTEM|stack7x16:U_STACK|mem_r[2][8]       ; clock_i  ;
; N/A                                     ; None                                                ; -3.280 ns ; reset_i                          ; lab6_stack_top:U_STACK_SYSTEM|stack7x16:U_STACK|mem_r[2][9]       ; clock_i  ;
; N/A                                     ; None                                                ; -3.280 ns ; reset_i                          ; lab6_stack_top:U_STACK_SYSTEM|stack7x16:U_STACK|mem_r[2][10]      ; clock_i  ;
; N/A                                     ; None                                                ; -3.280 ns ; reset_i                          ; lab6_stack_top:U_STACK_SYSTEM|stack7x16:U_STACK|mem_r[2][11]      ; clock_i  ;
; N/A                                     ; None                                                ; -3.280 ns ; reset_i                          ; lab6_stack_top:U_STACK_SYSTEM|stack7x16:U_STACK|mem_r[2][12]      ; clock_i  ;
; N/A                                     ; None                                                ; -3.282 ns ; stack_command_idle_push_pop_i[0] ; lab6_stack_top:U_STACK_SYSTEM|stack7x16:U_STACK|mem_r[5][1]       ; clock_i  ;
; N/A                                     ; None                                                ; -3.286 ns ; reset_i                          ; lab6_stack_top:U_STACK_SYSTEM|stack7x16:U_STACK|mem_r[1][0]       ; clock_i  ;
; N/A                                     ; None                                                ; -3.286 ns ; reset_i                          ; lab6_stack_top:U_STACK_SYSTEM|stack7x16:U_STACK|mem_r[5][0]       ; clock_i  ;
; N/A                                     ; None                                                ; -3.286 ns ; reset_i                          ; lab6_stack_top:U_STACK_SYSTEM|stack7x16:U_STACK|mem_r[5][1]       ; clock_i  ;
; N/A                                     ; None                                                ; -3.286 ns ; reset_i                          ; lab6_stack_top:U_STACK_SYSTEM|stack7x16:U_STACK|mem_r[1][1]       ; clock_i  ;
; Timing analysis restricted to 200 rows. ; To change the limit use Settings (Assignments menu) ;           ;                                  ;                                                                   ;          ;
+-----------------------------------------+-----------------------------------------------------+-----------+----------------------------------+-------------------------------------------------------------------+----------+


+--------------------------+
; Timing Analyzer Messages ;
+--------------------------+
Info: *******************************************************************
Info: Running Quartus II Classic Timing Analyzer
    Info: Version 9.1 Build 222 10/21/2009 SJ Web Edition
    Info: Processing started: Thu May 14 23:24:20 2026
Info: Command: quartus_tan --read_settings_files=off --write_settings_files=off lab6_stack -c lab6_stack --timing_analysis_only
Warning: Found pins functioning as undefined clocks and/or memory enables
    Info: Assuming node "clock_i" is an undefined clock
Info: Clock "clock_i" has Internal fmax of 411.35 MHz between source register "lab6_stack_top:U_STACK_SYSTEM|stack7x16:U_STACK|sp_r[1]" and destination register "lab6_stack_top:U_STACK_SYSTEM|stack7x16:U_STACK|mem_r[5][10]" (period= 2.431 ns)
    Info: + Longest register to register delay is 2.233 ns
        Info: 1: + IC(0.000 ns) + CELL(0.000 ns) = 0.000 ns; Loc. = LCFF_X33_Y21_N25; Fanout = 33; REG Node = 'lab6_stack_top:U_STACK_SYSTEM|stack7x16:U_STACK|sp_r[1]'
        Info: 2: + IC(0.344 ns) + CELL(0.346 ns) = 0.690 ns; Loc. = LCCOMB_X33_Y21_N2; Fanout = 16; COMB Node = 'lab6_stack_top:U_STACK_SYSTEM|stack7x16:U_STACK|mem_r[5][1]~1'
        Info: 3: + IC(0.797 ns) + CELL(0.746 ns) = 2.233 ns; Loc. = LCFF_X30_Y19_N7; Fanout = 1; REG Node = 'lab6_stack_top:U_STACK_SYSTEM|stack7x16:U_STACK|mem_r[5][10]'
        Info: Total cell delay = 1.092 ns ( 48.90 % )
        Info: Total interconnect delay = 1.141 ns ( 51.10 % )
    Info: - Smallest clock skew is -0.014 ns
        Info: + Shortest clock path from clock "clock_i" to destination register is 2.472 ns
            Info: 1: + IC(0.000 ns) + CELL(0.854 ns) = 0.854 ns; Loc. = PIN_N20; Fanout = 1; CLK Node = 'clock_i'
            Info: 2: + IC(0.343 ns) + CELL(0.000 ns) = 1.197 ns; Loc. = CLKCTRL_G3; Fanout = 136; COMB Node = 'clock_i~clkctrl'
            Info: 3: + IC(0.657 ns) + CELL(0.618 ns) = 2.472 ns; Loc. = LCFF_X30_Y19_N7; Fanout = 1; REG Node = 'lab6_stack_top:U_STACK_SYSTEM|stack7x16:U_STACK|mem_r[5][10]'
            Info: Total cell delay = 1.472 ns ( 59.55 % )
            Info: Total interconnect delay = 1.000 ns ( 40.45 % )
        Info: - Longest clock path from clock "clock_i" to source register is 2.486 ns
            Info: 1: + IC(0.000 ns) + CELL(0.854 ns) = 0.854 ns; Loc. = PIN_N20; Fanout = 1; CLK Node = 'clock_i'
            Info: 2: + IC(0.343 ns) + CELL(0.000 ns) = 1.197 ns; Loc. = CLKCTRL_G3; Fanout = 136; COMB Node = 'clock_i~clkctrl'
            Info: 3: + IC(0.671 ns) + CELL(0.618 ns) = 2.486 ns; Loc. = LCFF_X33_Y21_N25; Fanout = 33; REG Node = 'lab6_stack_top:U_STACK_SYSTEM|stack7x16:U_STACK|sp_r[1]'
            Info: Total cell delay = 1.472 ns ( 59.21 % )
            Info: Total interconnect delay = 1.014 ns ( 40.79 % )
    Info: + Micro clock to output delay of source is 0.094 ns
    Info: + Micro setup delay of destination is 0.090 ns
Info: tsu for register "lab6_stack_top:U_STACK_SYSTEM|stack7x16:U_STACK|mem_r[4][3]" (data pin = "stack_command_idle_push_pop_i[0]", clock pin = "clock_i") is 5.055 ns
    Info: + Longest pin to register delay is 7.457 ns
        Info: 1: + IC(0.000 ns) + CELL(0.820 ns) = 0.820 ns; Loc. = PIN_H22; Fanout = 35; PIN Node = 'stack_command_idle_push_pop_i[0]'
        Info: 2: + IC(4.731 ns) + CELL(0.228 ns) = 5.779 ns; Loc. = LCCOMB_X35_Y21_N20; Fanout = 7; COMB Node = 'lab6_stack_top:U_STACK_SYSTEM|din_s[3]~3'
        Info: 3: + IC(1.369 ns) + CELL(0.309 ns) = 7.457 ns; Loc. = LCFF_X34_Y22_N23; Fanout = 1; REG Node = 'lab6_stack_top:U_STACK_SYSTEM|stack7x16:U_STACK|mem_r[4][3]'
        Info: Total cell delay = 1.357 ns ( 18.20 % )
        Info: Total interconnect delay = 6.100 ns ( 81.80 % )
    Info: + Micro setup delay of destination is 0.090 ns
    Info: - Shortest clock path from clock "clock_i" to destination register is 2.492 ns
        Info: 1: + IC(0.000 ns) + CELL(0.854 ns) = 0.854 ns; Loc. = PIN_N20; Fanout = 1; CLK Node = 'clock_i'
        Info: 2: + IC(0.343 ns) + CELL(0.000 ns) = 1.197 ns; Loc. = CLKCTRL_G3; Fanout = 136; COMB Node = 'clock_i~clkctrl'
        Info: 3: + IC(0.677 ns) + CELL(0.618 ns) = 2.492 ns; Loc. = LCFF_X34_Y22_N23; Fanout = 1; REG Node = 'lab6_stack_top:U_STACK_SYSTEM|stack7x16:U_STACK|mem_r[4][3]'
        Info: Total cell delay = 1.472 ns ( 59.07 % )
        Info: Total interconnect delay = 1.020 ns ( 40.93 % )
Info: tco from clock "clock_i" to destination pin "status_stack_empty_o" through register "lab6_stack_top:U_STACK_SYSTEM|stack7x16:U_STACK|sp_r[0]~DUPLICATE" is 6.883 ns
    Info: + Longest clock path from clock "clock_i" to source register is 2.486 ns
        Info: 1: + IC(0.000 ns) + CELL(0.854 ns) = 0.854 ns; Loc. = PIN_N20; Fanout = 1; CLK Node = 'clock_i'
        Info: 2: + IC(0.343 ns) + CELL(0.000 ns) = 1.197 ns; Loc. = CLKCTRL_G3; Fanout = 136; COMB Node = 'clock_i~clkctrl'
        Info: 3: + IC(0.671 ns) + CELL(0.618 ns) = 2.486 ns; Loc. = LCFF_X33_Y21_N23; Fanout = 19; REG Node = 'lab6_stack_top:U_STACK_SYSTEM|stack7x16:U_STACK|sp_r[0]~DUPLICATE'
        Info: Total cell delay = 1.472 ns ( 59.21 % )
        Info: Total interconnect delay = 1.014 ns ( 40.79 % )
    Info: + Micro clock to output delay of source is 0.094 ns
    Info: + Longest register to pin delay is 4.303 ns
        Info: 1: + IC(0.000 ns) + CELL(0.000 ns) = 0.000 ns; Loc. = LCFF_X33_Y21_N23; Fanout = 19; REG Node = 'lab6_stack_top:U_STACK_SYSTEM|stack7x16:U_STACK|sp_r[0]~DUPLICATE'
        Info: 2: + IC(0.635 ns) + CELL(0.366 ns) = 1.001 ns; Loc. = LCCOMB_X33_Y20_N14; Fanout = 1; COMB Node = 'lab6_stack_top:U_STACK_SYSTEM|stack7x16:U_STACK|Equal0~0'
        Info: 3: + IC(1.360 ns) + CELL(1.942 ns) = 4.303 ns; Loc. = PIN_U10; Fanout = 0; PIN Node = 'status_stack_empty_o'
        Info: Total cell delay = 2.308 ns ( 53.64 % )
        Info: Total interconnect delay = 1.995 ns ( 46.36 % )
Info: Longest tpd from source pin "stack_command_idle_push_pop_i[0]" to destination pin "ctrl_pop_enable_o" is 9.455 ns
    Info: 1: + IC(0.000 ns) + CELL(0.820 ns) = 0.820 ns; Loc. = PIN_H22; Fanout = 35; PIN Node = 'stack_command_idle_push_pop_i[0]'
    Info: 2: + IC(4.496 ns) + CELL(0.366 ns) = 5.682 ns; Loc. = LCCOMB_X30_Y20_N26; Fanout = 1; COMB Node = 'lab6_stack_top:U_STACK_SYSTEM|stack_control:U_CTRL|Mux0~0'
    Info: 3: + IC(1.801 ns) + CELL(1.972 ns) = 9.455 ns; Loc. = PIN_Y7; Fanout = 0; PIN Node = 'ctrl_pop_enable_o'
    Info: Total cell delay = 3.158 ns ( 33.40 % )
    Info: Total interconnect delay = 6.297 ns ( 66.60 % )
Info: th for register "lab6_stack_top:U_STACK_SYSTEM|stack7x16:U_STACK|mem_r[1][2]" (data pin = "stack_command_idle_push_pop_i[1]", clock pin = "clock_i") is -2.246 ns
    Info: + Longest clock path from clock "clock_i" to destination register is 2.488 ns
        Info: 1: + IC(0.000 ns) + CELL(0.854 ns) = 0.854 ns; Loc. = PIN_N20; Fanout = 1; CLK Node = 'clock_i'
        Info: 2: + IC(0.343 ns) + CELL(0.000 ns) = 1.197 ns; Loc. = CLKCTRL_G3; Fanout = 136; COMB Node = 'clock_i~clkctrl'
        Info: 3: + IC(0.673 ns) + CELL(0.618 ns) = 2.488 ns; Loc. = LCFF_X35_Y21_N19; Fanout = 1; REG Node = 'lab6_stack_top:U_STACK_SYSTEM|stack7x16:U_STACK|mem_r[1][2]'
        Info: Total cell delay = 1.472 ns ( 59.16 % )
        Info: Total interconnect delay = 1.016 ns ( 40.84 % )
    Info: + Micro hold delay of destination is 0.149 ns
    Info: - Shortest pin to register delay is 4.883 ns
        Info: 1: + IC(0.000 ns) + CELL(0.830 ns) = 0.830 ns; Loc. = PIN_G2; Fanout = 26; PIN Node = 'stack_command_idle_push_pop_i[1]'
        Info: 2: + IC(3.845 ns) + CELL(0.053 ns) = 4.728 ns; Loc. = LCCOMB_X35_Y21_N18; Fanout = 7; COMB Node = 'lab6_stack_top:U_STACK_SYSTEM|din_s[2]~2'
        Info: 3: + IC(0.000 ns) + CELL(0.155 ns) = 4.883 ns; Loc. = LCFF_X35_Y21_N19; Fanout = 1; REG Node = 'lab6_stack_top:U_STACK_SYSTEM|stack7x16:U_STACK|mem_r[1][2]'
        Info: Total cell delay = 1.038 ns ( 21.26 % )
        Info: Total interconnect delay = 3.845 ns ( 78.74 % )
Info: Quartus II Classic Timing Analyzer was successful. 0 errors, 1 warning
    Info: Peak virtual memory: 185 megabytes
    Info: Processing ended: Thu May 14 23:24:20 2026
    Info: Elapsed time: 00:00:00
    Info: Total CPU time (on all processors): 00:00:00


