Classic Timing Analyzer report for lab7_bus_arbiter
Sun May 17 17:15:27 2026
Quartus II Version 9.1 Build 222 10/21/2009 SJ Web Edition


---------------------
; Table of Contents ;
---------------------
  1. Legal Notice
  2. Timing Analyzer Summary
  3. Timing Analyzer Settings
  4. Clock Settings Summary
  5. Parallel Compilation
  6. Clock Setup: 'clock_i'
  7. tsu
  8. tco
  9. th
 10. Timing Analyzer Messages



----------------
; Legal Notice ;
----------------
Copyright (C) 1991-2009 Altera Corporation
Your use of Altera Corporation's design tools, logic functions 
and other software and tools, and its AMPP partner logic 
functions, and any output files from any of the foregoing 
(including device programming or simulation files), and any 
associated documentation or information are expressly subject 
to the terms and conditions of the Altera Program License 
Subscription Agreement, Altera MegaCore Function License 
Agreement, or other applicable license agreement, including, 
without limitation, that your use is for the sole purpose of 
programming logic devices manufactured by Altera and sold by 
Altera or its authorized distributors.  Please refer to the 
applicable agreement for further details.



+------------------------------------------------------------------------------------------------------------------------------------------------------------------------------------------------------------------------------------------------------------------------------------------+
; Timing Analyzer Summary                                                                                                                                                                                                                                                                  ;
+------------------------------+-------+---------------+----------------------------------+----------------------------------------------------------------------------+----------------------------------------------------------------------------+------------+----------+--------------+
; Type                         ; Slack ; Required Time ; Actual Time                      ; From                                                                       ; To                                                                         ; From Clock ; To Clock ; Failed Paths ;
+------------------------------+-------+---------------+----------------------------------+----------------------------------------------------------------------------+----------------------------------------------------------------------------+------------+----------+--------------+
; Worst-case tsu               ; N/A   ; None          ; 4.086 ns                         ; reset_i                                                                    ; lab7_bus_top:U_BUS_SYSTEM|slave_sync:U_SLAVE|data_r[2]                     ; --         ; clock_i  ; 0            ;
; Worst-case tco               ; N/A   ; None          ; 8.377 ns                         ; lab7_bus_top:U_BUS_SYSTEM|bus_arbiter_parallel_quantum:U_ARBITER|slot_r[1] ; shared_data_bus_to_slave_o[4]                                              ; clock_i    ; --       ; 0            ;
; Worst-case th                ; N/A   ; None          ; -2.793 ns                        ; reset_i                                                                    ; lab7_bus_top:U_BUS_SYSTEM|bus_arbiter_parallel_quantum:U_ARBITER|quantum_r ; --         ; clock_i  ; 0            ;
; Clock Setup: 'clock_i'       ; N/A   ; None          ; 421.41 MHz ( period = 2.373 ns ) ; lab7_bus_top:U_BUS_SYSTEM|bus_arbiter_parallel_quantum:U_ARBITER|slot_r[1] ; lab7_bus_top:U_BUS_SYSTEM|slave_sync:U_SLAVE|data_r[2]                     ; clock_i    ; clock_i  ; 0            ;
; Total number of failed paths ;       ;               ;                                  ;                                                                            ;                                                                            ;            ;          ; 0            ;
+------------------------------+-------+---------------+----------------------------------+----------------------------------------------------------------------------+----------------------------------------------------------------------------+------------+----------+--------------+


+-----------------------------------------------------------------------------------------------------------------------------------------------------+
; Timing Analyzer Settings                                                                                                                            ;
+------------------------------------------------------------------------------------------------------+--------------------+------+----+-------------+
; Option                                                                                               ; Setting            ; From ; To ; Entity Name ;
+------------------------------------------------------------------------------------------------------+--------------------+------+----+-------------+
; Device Name                                                                                          ; EP2S15F484C3       ;      ;    ;             ;
; Timing Models                                                                                        ; Final              ;      ;    ;             ;
; Default hold multicycle                                                                              ; Same as Multicycle ;      ;    ;             ;
; Cut paths between unrelated clock domains                                                            ; On                 ;      ;    ;             ;
; Cut off read during write signal paths                                                               ; On                 ;      ;    ;             ;
; Cut off feedback from I/O pins                                                                       ; On                 ;      ;    ;             ;
; Report Combined Fast/Slow Timing                                                                     ; Off                ;      ;    ;             ;
; Ignore Clock Settings                                                                                ; Off                ;      ;    ;             ;
; Analyze latches as synchronous elements                                                              ; On                 ;      ;    ;             ;
; Enable Recovery/Removal analysis                                                                     ; Off                ;      ;    ;             ;
; Enable Clock Latency                                                                                 ; Off                ;      ;    ;             ;
; Use TimeQuest Timing Analyzer                                                                        ; Off                ;      ;    ;             ;
; Number of source nodes to report per destination node                                                ; 10                 ;      ;    ;             ;
; Number of destination nodes to report                                                                ; 10                 ;      ;    ;             ;
; Number of paths to report                                                                            ; 200                ;      ;    ;             ;
; Report Minimum Timing Checks                                                                         ; Off                ;      ;    ;             ;
; Use Fast Timing Models                                                                               ; Off                ;      ;    ;             ;
; Report IO Paths Separately                                                                           ; Off                ;      ;    ;             ;
; Perform Multicorner Analysis                                                                         ; On                 ;      ;    ;             ;
; Reports the worst-case path for each clock domain and analysis                                       ; Off                ;      ;    ;             ;
; Reports worst-case timing paths for each clock domain and analysis                                   ; Off                ;      ;    ;             ;
; Specifies the maximum number of worst-case timing paths to report for each clock domain and analysis ; 100                ;      ;    ;             ;
; Removes common clock path pessimism (CCPP) during slack computation                                  ; Off                ;      ;    ;             ;
; Output I/O Timing Endpoint                                                                           ; Near End           ;      ;    ;             ;
+------------------------------------------------------------------------------------------------------+--------------------+------+----+-------------+


+------------------------------------------------------------------------------------------------------------------------------------------------------------------------------------+
; Clock Settings Summary                                                                                                                                                             ;
+-----------------+--------------------+----------+------------------+---------------+--------------+----------+-----------------------+---------------------+--------+--------------+
; Clock Node Name ; Clock Setting Name ; Type     ; Fmax Requirement ; Early Latency ; Late Latency ; Based on ; Multiply Base Fmax by ; Divide Base Fmax by ; Offset ; Phase offset ;
+-----------------+--------------------+----------+------------------+---------------+--------------+----------+-----------------------+---------------------+--------+--------------+
; clock_i         ;                    ; User Pin ; None             ; 0.000 ns      ; 0.000 ns     ; --       ; N/A                   ; N/A                 ; N/A    ;              ;
+-----------------+--------------------+----------+------------------+---------------+--------------+----------+-----------------------+---------------------+--------+--------------+


Parallel compilation was disabled, but you have multiple processors available. Enable parallel compilation to reduce compilation time.
+-------------------------------------+
; Parallel Compilation                ;
+----------------------------+--------+
; Processors                 ; Number ;
+----------------------------+--------+
; Number detected on machine ; 12     ;
; Maximum allowed            ; 1      ;
+----------------------------+--------+


+------------------------------------------------------------------------------------------------------------------------------------------------------------------------------------------------------------------------------------------------------------------------------------------------------------------------------+
; Clock Setup: 'clock_i'                                                                                                                                                                                                                                                                                                       ;
+-------+------------------------------------------------+----------------------------------------------------------------------------+----------------------------------------------------------------------------+------------+----------+-----------------------------+---------------------------+-------------------------+
; Slack ; Actual fmax (period)                           ; From                                                                       ; To                                                                         ; From Clock ; To Clock ; Required Setup Relationship ; Required Longest P2P Time ; Actual Longest P2P Time ;
+-------+------------------------------------------------+----------------------------------------------------------------------------+----------------------------------------------------------------------------+------------+----------+-----------------------------+---------------------------+-------------------------+
; N/A   ; 421.41 MHz ( period = 2.373 ns )               ; lab7_bus_top:U_BUS_SYSTEM|bus_arbiter_parallel_quantum:U_ARBITER|slot_r[1] ; lab7_bus_top:U_BUS_SYSTEM|slave_sync:U_SLAVE|data_r[0]                     ; clock_i    ; clock_i  ; None                        ; None                      ; 2.189 ns                ;
; N/A   ; 421.41 MHz ( period = 2.373 ns )               ; lab7_bus_top:U_BUS_SYSTEM|bus_arbiter_parallel_quantum:U_ARBITER|slot_r[1] ; lab7_bus_top:U_BUS_SYSTEM|slave_sync:U_SLAVE|data_r[1]                     ; clock_i    ; clock_i  ; None                        ; None                      ; 2.189 ns                ;
; N/A   ; 421.41 MHz ( period = 2.373 ns )               ; lab7_bus_top:U_BUS_SYSTEM|bus_arbiter_parallel_quantum:U_ARBITER|slot_r[1] ; lab7_bus_top:U_BUS_SYSTEM|slave_sync:U_SLAVE|data_r[2]                     ; clock_i    ; clock_i  ; None                        ; None                      ; 2.189 ns                ;
; N/A   ; 429.18 MHz ( period = 2.330 ns )               ; lab7_bus_top:U_BUS_SYSTEM|master_device:U_MASTER3|cycle_r[1]               ; lab7_bus_top:U_BUS_SYSTEM|slave_sync:U_SLAVE|data_r[0]                     ; clock_i    ; clock_i  ; None                        ; None                      ; 2.146 ns                ;
; N/A   ; 429.18 MHz ( period = 2.330 ns )               ; lab7_bus_top:U_BUS_SYSTEM|master_device:U_MASTER3|cycle_r[1]               ; lab7_bus_top:U_BUS_SYSTEM|slave_sync:U_SLAVE|data_r[1]                     ; clock_i    ; clock_i  ; None                        ; None                      ; 2.146 ns                ;
; N/A   ; 429.18 MHz ( period = 2.330 ns )               ; lab7_bus_top:U_BUS_SYSTEM|master_device:U_MASTER3|cycle_r[1]               ; lab7_bus_top:U_BUS_SYSTEM|slave_sync:U_SLAVE|data_r[2]                     ; clock_i    ; clock_i  ; None                        ; None                      ; 2.146 ns                ;
; N/A   ; 429.74 MHz ( period = 2.327 ns )               ; lab7_bus_top:U_BUS_SYSTEM|master_device:U_MASTER3|cycle_r[2]               ; lab7_bus_top:U_BUS_SYSTEM|slave_sync:U_SLAVE|data_r[0]                     ; clock_i    ; clock_i  ; None                        ; None                      ; 2.143 ns                ;
; N/A   ; 429.74 MHz ( period = 2.327 ns )               ; lab7_bus_top:U_BUS_SYSTEM|master_device:U_MASTER3|cycle_r[2]               ; lab7_bus_top:U_BUS_SYSTEM|slave_sync:U_SLAVE|data_r[1]                     ; clock_i    ; clock_i  ; None                        ; None                      ; 2.143 ns                ;
; N/A   ; 429.74 MHz ( period = 2.327 ns )               ; lab7_bus_top:U_BUS_SYSTEM|master_device:U_MASTER3|cycle_r[2]               ; lab7_bus_top:U_BUS_SYSTEM|slave_sync:U_SLAVE|data_r[2]                     ; clock_i    ; clock_i  ; None                        ; None                      ; 2.143 ns                ;
; N/A   ; 431.41 MHz ( period = 2.318 ns )               ; lab7_bus_top:U_BUS_SYSTEM|bus_arbiter_parallel_quantum:U_ARBITER|slot_r[0] ; lab7_bus_top:U_BUS_SYSTEM|slave_sync:U_SLAVE|data_r[0]                     ; clock_i    ; clock_i  ; None                        ; None                      ; 2.134 ns                ;
; N/A   ; 431.41 MHz ( period = 2.318 ns )               ; lab7_bus_top:U_BUS_SYSTEM|bus_arbiter_parallel_quantum:U_ARBITER|slot_r[0] ; lab7_bus_top:U_BUS_SYSTEM|slave_sync:U_SLAVE|data_r[1]                     ; clock_i    ; clock_i  ; None                        ; None                      ; 2.134 ns                ;
; N/A   ; 431.41 MHz ( period = 2.318 ns )               ; lab7_bus_top:U_BUS_SYSTEM|bus_arbiter_parallel_quantum:U_ARBITER|slot_r[0] ; lab7_bus_top:U_BUS_SYSTEM|slave_sync:U_SLAVE|data_r[2]                     ; clock_i    ; clock_i  ; None                        ; None                      ; 2.134 ns                ;
; N/A   ; 449.03 MHz ( period = 2.227 ns )               ; lab7_bus_top:U_BUS_SYSTEM|master_device:U_MASTER3|cycle_r[0]               ; lab7_bus_top:U_BUS_SYSTEM|slave_sync:U_SLAVE|data_r[0]                     ; clock_i    ; clock_i  ; None                        ; None                      ; 2.043 ns                ;
; N/A   ; 449.03 MHz ( period = 2.227 ns )               ; lab7_bus_top:U_BUS_SYSTEM|master_device:U_MASTER3|cycle_r[0]               ; lab7_bus_top:U_BUS_SYSTEM|slave_sync:U_SLAVE|data_r[1]                     ; clock_i    ; clock_i  ; None                        ; None                      ; 2.043 ns                ;
; N/A   ; 449.03 MHz ( period = 2.227 ns )               ; lab7_bus_top:U_BUS_SYSTEM|master_device:U_MASTER3|cycle_r[0]               ; lab7_bus_top:U_BUS_SYSTEM|slave_sync:U_SLAVE|data_r[2]                     ; clock_i    ; clock_i  ; None                        ; None                      ; 2.043 ns                ;
; N/A   ; 453.93 MHz ( period = 2.203 ns )               ; lab7_bus_top:U_BUS_SYSTEM|master_device:U_MASTER3|cycle_r[6]               ; lab7_bus_top:U_BUS_SYSTEM|slave_sync:U_SLAVE|data_r[0]                     ; clock_i    ; clock_i  ; None                        ; None                      ; 2.019 ns                ;
; N/A   ; 453.93 MHz ( period = 2.203 ns )               ; lab7_bus_top:U_BUS_SYSTEM|master_device:U_MASTER3|cycle_r[6]               ; lab7_bus_top:U_BUS_SYSTEM|slave_sync:U_SLAVE|data_r[1]                     ; clock_i    ; clock_i  ; None                        ; None                      ; 2.019 ns                ;
; N/A   ; 453.93 MHz ( period = 2.203 ns )               ; lab7_bus_top:U_BUS_SYSTEM|master_device:U_MASTER3|cycle_r[6]               ; lab7_bus_top:U_BUS_SYSTEM|slave_sync:U_SLAVE|data_r[2]                     ; clock_i    ; clock_i  ; None                        ; None                      ; 2.019 ns                ;
; N/A   ; 454.34 MHz ( period = 2.201 ns )               ; lab7_bus_top:U_BUS_SYSTEM|master_device:U_MASTER3|cycle_r[3]               ; lab7_bus_top:U_BUS_SYSTEM|slave_sync:U_SLAVE|data_r[0]                     ; clock_i    ; clock_i  ; None                        ; None                      ; 2.017 ns                ;
; N/A   ; 454.34 MHz ( period = 2.201 ns )               ; lab7_bus_top:U_BUS_SYSTEM|master_device:U_MASTER3|cycle_r[3]               ; lab7_bus_top:U_BUS_SYSTEM|slave_sync:U_SLAVE|data_r[1]                     ; clock_i    ; clock_i  ; None                        ; None                      ; 2.017 ns                ;
; N/A   ; 454.34 MHz ( period = 2.201 ns )               ; lab7_bus_top:U_BUS_SYSTEM|master_device:U_MASTER3|cycle_r[3]               ; lab7_bus_top:U_BUS_SYSTEM|slave_sync:U_SLAVE|data_r[2]                     ; clock_i    ; clock_i  ; None                        ; None                      ; 2.017 ns                ;
; N/A   ; 464.04 MHz ( period = 2.155 ns )               ; lab7_bus_top:U_BUS_SYSTEM|master_device:U_MASTER3|cycle_r[5]               ; lab7_bus_top:U_BUS_SYSTEM|slave_sync:U_SLAVE|data_r[0]                     ; clock_i    ; clock_i  ; None                        ; None                      ; 1.971 ns                ;
; N/A   ; 464.04 MHz ( period = 2.155 ns )               ; lab7_bus_top:U_BUS_SYSTEM|master_device:U_MASTER3|cycle_r[5]               ; lab7_bus_top:U_BUS_SYSTEM|slave_sync:U_SLAVE|data_r[1]                     ; clock_i    ; clock_i  ; None                        ; None                      ; 1.971 ns                ;
; N/A   ; 464.04 MHz ( period = 2.155 ns )               ; lab7_bus_top:U_BUS_SYSTEM|master_device:U_MASTER3|cycle_r[5]               ; lab7_bus_top:U_BUS_SYSTEM|slave_sync:U_SLAVE|data_r[2]                     ; clock_i    ; clock_i  ; None                        ; None                      ; 1.971 ns                ;
; N/A   ; 465.55 MHz ( period = 2.148 ns )               ; lab7_bus_top:U_BUS_SYSTEM|master_device:U_MASTER3|cycle_r[7]               ; lab7_bus_top:U_BUS_SYSTEM|slave_sync:U_SLAVE|data_r[0]                     ; clock_i    ; clock_i  ; None                        ; None                      ; 1.964 ns                ;
; N/A   ; 465.55 MHz ( period = 2.148 ns )               ; lab7_bus_top:U_BUS_SYSTEM|master_device:U_MASTER3|cycle_r[7]               ; lab7_bus_top:U_BUS_SYSTEM|slave_sync:U_SLAVE|data_r[1]                     ; clock_i    ; clock_i  ; None                        ; None                      ; 1.964 ns                ;
; N/A   ; 465.55 MHz ( period = 2.148 ns )               ; lab7_bus_top:U_BUS_SYSTEM|master_device:U_MASTER3|cycle_r[7]               ; lab7_bus_top:U_BUS_SYSTEM|slave_sync:U_SLAVE|data_r[2]                     ; clock_i    ; clock_i  ; None                        ; None                      ; 1.964 ns                ;
; N/A   ; 478.47 MHz ( period = 2.090 ns )               ; lab7_bus_top:U_BUS_SYSTEM|master_device:U_MASTER3|cycle_r[0]               ; lab7_bus_top:U_BUS_SYSTEM|master_device:U_MASTER3|cycle_r[7]               ; clock_i    ; clock_i  ; None                        ; None                      ; 1.906 ns                ;
; N/A   ; 486.62 MHz ( period = 2.055 ns )               ; lab7_bus_top:U_BUS_SYSTEM|master_device:U_MASTER3|cycle_r[0]               ; lab7_bus_top:U_BUS_SYSTEM|master_device:U_MASTER3|cycle_r[6]               ; clock_i    ; clock_i  ; None                        ; None                      ; 1.871 ns                ;
; N/A   ; 494.32 MHz ( period = 2.023 ns )               ; lab7_bus_top:U_BUS_SYSTEM|master_device:U_MASTER3|cycle_r[4]               ; lab7_bus_top:U_BUS_SYSTEM|slave_sync:U_SLAVE|data_r[0]                     ; clock_i    ; clock_i  ; None                        ; None                      ; 1.839 ns                ;
; N/A   ; 494.32 MHz ( period = 2.023 ns )               ; lab7_bus_top:U_BUS_SYSTEM|master_device:U_MASTER3|cycle_r[4]               ; lab7_bus_top:U_BUS_SYSTEM|slave_sync:U_SLAVE|data_r[1]                     ; clock_i    ; clock_i  ; None                        ; None                      ; 1.839 ns                ;
; N/A   ; 494.32 MHz ( period = 2.023 ns )               ; lab7_bus_top:U_BUS_SYSTEM|master_device:U_MASTER3|cycle_r[4]               ; lab7_bus_top:U_BUS_SYSTEM|slave_sync:U_SLAVE|data_r[2]                     ; clock_i    ; clock_i  ; None                        ; None                      ; 1.839 ns                ;
; N/A   ; 495.05 MHz ( period = 2.020 ns )               ; lab7_bus_top:U_BUS_SYSTEM|master_device:U_MASTER3|cycle_r[0]               ; lab7_bus_top:U_BUS_SYSTEM|master_device:U_MASTER3|cycle_r[5]               ; clock_i    ; clock_i  ; None                        ; None                      ; 1.836 ns                ;
; N/A   ; Restricted to 500.00 MHz ( period = 2.000 ns ) ; lab7_bus_top:U_BUS_SYSTEM|master_device:U_MASTER3|cycle_r[2]               ; lab7_bus_top:U_BUS_SYSTEM|master_device:U_MASTER3|cycle_r[7]               ; clock_i    ; clock_i  ; None                        ; None                      ; 1.814 ns                ;
; N/A   ; Restricted to 500.00 MHz ( period = 2.000 ns ) ; lab7_bus_top:U_BUS_SYSTEM|master_device:U_MASTER3|cycle_r[0]               ; lab7_bus_top:U_BUS_SYSTEM|master_device:U_MASTER3|cycle_r[4]               ; clock_i    ; clock_i  ; None                        ; None                      ; 1.801 ns                ;
; N/A   ; Restricted to 500.00 MHz ( period = 2.000 ns ) ; lab7_bus_top:U_BUS_SYSTEM|master_device:U_MASTER3|cycle_r[1]               ; lab7_bus_top:U_BUS_SYSTEM|master_device:U_MASTER3|cycle_r[7]               ; clock_i    ; clock_i  ; None                        ; None                      ; 1.782 ns                ;
; N/A   ; Restricted to 500.00 MHz ( period = 2.000 ns ) ; lab7_bus_top:U_BUS_SYSTEM|master_device:U_MASTER3|cycle_r[2]               ; lab7_bus_top:U_BUS_SYSTEM|master_device:U_MASTER3|cycle_r[6]               ; clock_i    ; clock_i  ; None                        ; None                      ; 1.779 ns                ;
; N/A   ; Restricted to 500.00 MHz ( period = 2.000 ns ) ; lab7_bus_top:U_BUS_SYSTEM|master_device:U_MASTER3|cycle_r[0]               ; lab7_bus_top:U_BUS_SYSTEM|master_device:U_MASTER3|cycle_r[3]               ; clock_i    ; clock_i  ; None                        ; None                      ; 1.766 ns                ;
; N/A   ; Restricted to 500.00 MHz ( period = 2.000 ns ) ; lab7_bus_top:U_BUS_SYSTEM|master_device:U_MASTER3|cycle_r[1]               ; lab7_bus_top:U_BUS_SYSTEM|master_device:U_MASTER3|cycle_r[6]               ; clock_i    ; clock_i  ; None                        ; None                      ; 1.747 ns                ;
; N/A   ; Restricted to 500.00 MHz ( period = 2.000 ns ) ; lab7_bus_top:U_BUS_SYSTEM|master_device:U_MASTER3|cycle_r[2]               ; lab7_bus_top:U_BUS_SYSTEM|master_device:U_MASTER3|cycle_r[5]               ; clock_i    ; clock_i  ; None                        ; None                      ; 1.744 ns                ;
; N/A   ; Restricted to 500.00 MHz ( period = 2.000 ns ) ; lab7_bus_top:U_BUS_SYSTEM|master_device:U_MASTER3|cycle_r[0]               ; lab7_bus_top:U_BUS_SYSTEM|master_device:U_MASTER3|cycle_r[2]               ; clock_i    ; clock_i  ; None                        ; None                      ; 1.731 ns                ;
; N/A   ; Restricted to 500.00 MHz ( period = 2.000 ns ) ; lab7_bus_top:U_BUS_SYSTEM|master_device:U_MASTER3|cycle_r[1]               ; lab7_bus_top:U_BUS_SYSTEM|master_device:U_MASTER3|cycle_r[5]               ; clock_i    ; clock_i  ; None                        ; None                      ; 1.712 ns                ;
; N/A   ; Restricted to 500.00 MHz ( period = 2.000 ns ) ; lab7_bus_top:U_BUS_SYSTEM|master_device:U_MASTER3|cycle_r[2]               ; lab7_bus_top:U_BUS_SYSTEM|master_device:U_MASTER3|cycle_r[4]               ; clock_i    ; clock_i  ; None                        ; None                      ; 1.709 ns                ;
; N/A   ; Restricted to 500.00 MHz ( period = 2.000 ns ) ; lab7_bus_top:U_BUS_SYSTEM|master_device:U_MASTER3|cycle_r[0]               ; lab7_bus_top:U_BUS_SYSTEM|master_device:U_MASTER3|cycle_r[1]               ; clock_i    ; clock_i  ; None                        ; None                      ; 1.696 ns                ;
; N/A   ; Restricted to 500.00 MHz ( period = 2.000 ns ) ; lab7_bus_top:U_BUS_SYSTEM|master_device:U_MASTER3|cycle_r[1]               ; lab7_bus_top:U_BUS_SYSTEM|master_device:U_MASTER3|cycle_r[4]               ; clock_i    ; clock_i  ; None                        ; None                      ; 1.677 ns                ;
; N/A   ; Restricted to 500.00 MHz ( period = 2.000 ns ) ; lab7_bus_top:U_BUS_SYSTEM|master_device:U_MASTER3|cycle_r[2]               ; lab7_bus_top:U_BUS_SYSTEM|master_device:U_MASTER3|cycle_r[3]               ; clock_i    ; clock_i  ; None                        ; None                      ; 1.674 ns                ;
; N/A   ; Restricted to 500.00 MHz ( period = 2.000 ns ) ; lab7_bus_top:U_BUS_SYSTEM|master_device:U_MASTER3|cycle_r[1]               ; lab7_bus_top:U_BUS_SYSTEM|master_device:U_MASTER3|cycle_r[3]               ; clock_i    ; clock_i  ; None                        ; None                      ; 1.642 ns                ;
; N/A   ; Restricted to 500.00 MHz ( period = 2.000 ns ) ; lab7_bus_top:U_BUS_SYSTEM|master_device:U_MASTER3|cycle_r[2]               ; lab7_bus_top:U_BUS_SYSTEM|master_device:U_MASTER3|cycle_r[2]               ; clock_i    ; clock_i  ; None                        ; None                      ; 1.639 ns                ;
; N/A   ; Restricted to 500.00 MHz ( period = 2.000 ns ) ; lab7_bus_top:U_BUS_SYSTEM|master_device:U_MASTER3|cycle_r[0]               ; lab7_bus_top:U_BUS_SYSTEM|master_device:U_MASTER3|cycle_r[0]               ; clock_i    ; clock_i  ; None                        ; None                      ; 1.633 ns                ;
; N/A   ; Restricted to 500.00 MHz ( period = 2.000 ns ) ; lab7_bus_top:U_BUS_SYSTEM|master_device:U_MASTER3|cycle_r[4]               ; lab7_bus_top:U_BUS_SYSTEM|master_device:U_MASTER3|cycle_r[7]               ; clock_i    ; clock_i  ; None                        ; None                      ; 1.610 ns                ;
; N/A   ; Restricted to 500.00 MHz ( period = 2.000 ns ) ; lab7_bus_top:U_BUS_SYSTEM|master_device:U_MASTER3|cycle_r[1]               ; lab7_bus_top:U_BUS_SYSTEM|master_device:U_MASTER3|cycle_r[2]               ; clock_i    ; clock_i  ; None                        ; None                      ; 1.607 ns                ;
; N/A   ; Restricted to 500.00 MHz ( period = 2.000 ns ) ; lab7_bus_top:U_BUS_SYSTEM|master_device:U_MASTER3|cycle_r[3]               ; lab7_bus_top:U_BUS_SYSTEM|master_device:U_MASTER3|cycle_r[7]               ; clock_i    ; clock_i  ; None                        ; None                      ; 1.607 ns                ;
; N/A   ; Restricted to 500.00 MHz ( period = 2.000 ns ) ; lab7_bus_top:U_BUS_SYSTEM|master_device:U_MASTER3|cycle_r[2]               ; lab7_bus_top:U_BUS_SYSTEM|master_device:U_MASTER3|cycle_r[1]               ; clock_i    ; clock_i  ; None                        ; None                      ; 1.604 ns                ;
; N/A   ; Restricted to 500.00 MHz ( period = 2.000 ns ) ; lab7_bus_top:U_BUS_SYSTEM|master_device:U_MASTER3|cycle_r[4]               ; lab7_bus_top:U_BUS_SYSTEM|master_device:U_MASTER3|cycle_r[6]               ; clock_i    ; clock_i  ; None                        ; None                      ; 1.575 ns                ;
; N/A   ; Restricted to 500.00 MHz ( period = 2.000 ns ) ; lab7_bus_top:U_BUS_SYSTEM|master_device:U_MASTER3|cycle_r[1]               ; lab7_bus_top:U_BUS_SYSTEM|master_device:U_MASTER3|cycle_r[1]               ; clock_i    ; clock_i  ; None                        ; None                      ; 1.572 ns                ;
; N/A   ; Restricted to 500.00 MHz ( period = 2.000 ns ) ; lab7_bus_top:U_BUS_SYSTEM|master_device:U_MASTER3|cycle_r[3]               ; lab7_bus_top:U_BUS_SYSTEM|master_device:U_MASTER3|cycle_r[6]               ; clock_i    ; clock_i  ; None                        ; None                      ; 1.572 ns                ;
; N/A   ; Restricted to 500.00 MHz ( period = 2.000 ns ) ; lab7_bus_top:U_BUS_SYSTEM|master_device:U_MASTER3|cycle_r[2]               ; lab7_bus_top:U_BUS_SYSTEM|master_device:U_MASTER3|cycle_r[0]               ; clock_i    ; clock_i  ; None                        ; None                      ; 1.541 ns                ;
; N/A   ; Restricted to 500.00 MHz ( period = 2.000 ns ) ; lab7_bus_top:U_BUS_SYSTEM|master_device:U_MASTER3|cycle_r[4]               ; lab7_bus_top:U_BUS_SYSTEM|master_device:U_MASTER3|cycle_r[5]               ; clock_i    ; clock_i  ; None                        ; None                      ; 1.540 ns                ;
; N/A   ; Restricted to 500.00 MHz ( period = 2.000 ns ) ; lab7_bus_top:U_BUS_SYSTEM|master_device:U_MASTER3|cycle_r[3]               ; lab7_bus_top:U_BUS_SYSTEM|master_device:U_MASTER3|cycle_r[5]               ; clock_i    ; clock_i  ; None                        ; None                      ; 1.537 ns                ;
; N/A   ; Restricted to 500.00 MHz ( period = 2.000 ns ) ; lab7_bus_top:U_BUS_SYSTEM|master_device:U_MASTER3|cycle_r[1]               ; lab7_bus_top:U_BUS_SYSTEM|master_device:U_MASTER3|cycle_r[0]               ; clock_i    ; clock_i  ; None                        ; None                      ; 1.509 ns                ;
; N/A   ; Restricted to 500.00 MHz ( period = 2.000 ns ) ; lab7_bus_top:U_BUS_SYSTEM|master_device:U_MASTER3|cycle_r[4]               ; lab7_bus_top:U_BUS_SYSTEM|master_device:U_MASTER3|cycle_r[4]               ; clock_i    ; clock_i  ; None                        ; None                      ; 1.505 ns                ;
; N/A   ; Restricted to 500.00 MHz ( period = 2.000 ns ) ; lab7_bus_top:U_BUS_SYSTEM|master_device:U_MASTER3|cycle_r[3]               ; lab7_bus_top:U_BUS_SYSTEM|master_device:U_MASTER3|cycle_r[4]               ; clock_i    ; clock_i  ; None                        ; None                      ; 1.502 ns                ;
; N/A   ; Restricted to 500.00 MHz ( period = 2.000 ns ) ; lab7_bus_top:U_BUS_SYSTEM|master_device:U_MASTER3|cycle_r[4]               ; lab7_bus_top:U_BUS_SYSTEM|master_device:U_MASTER3|cycle_r[3]               ; clock_i    ; clock_i  ; None                        ; None                      ; 1.470 ns                ;
; N/A   ; Restricted to 500.00 MHz ( period = 2.000 ns ) ; lab7_bus_top:U_BUS_SYSTEM|master_device:U_MASTER3|cycle_r[3]               ; lab7_bus_top:U_BUS_SYSTEM|master_device:U_MASTER3|cycle_r[3]               ; clock_i    ; clock_i  ; None                        ; None                      ; 1.467 ns                ;
; N/A   ; Restricted to 500.00 MHz ( period = 2.000 ns ) ; lab7_bus_top:U_BUS_SYSTEM|master_device:U_MASTER3|cycle_r[4]               ; lab7_bus_top:U_BUS_SYSTEM|master_device:U_MASTER3|cycle_r[2]               ; clock_i    ; clock_i  ; None                        ; None                      ; 1.435 ns                ;
; N/A   ; Restricted to 500.00 MHz ( period = 2.000 ns ) ; lab7_bus_top:U_BUS_SYSTEM|master_device:U_MASTER3|cycle_r[3]               ; lab7_bus_top:U_BUS_SYSTEM|master_device:U_MASTER3|cycle_r[2]               ; clock_i    ; clock_i  ; None                        ; None                      ; 1.432 ns                ;
; N/A   ; Restricted to 500.00 MHz ( period = 2.000 ns ) ; lab7_bus_top:U_BUS_SYSTEM|master_device:U_MASTER3|cycle_r[4]               ; lab7_bus_top:U_BUS_SYSTEM|master_device:U_MASTER3|cycle_r[1]               ; clock_i    ; clock_i  ; None                        ; None                      ; 1.400 ns                ;
; N/A   ; Restricted to 500.00 MHz ( period = 2.000 ns ) ; lab7_bus_top:U_BUS_SYSTEM|master_device:U_MASTER3|cycle_r[3]               ; lab7_bus_top:U_BUS_SYSTEM|master_device:U_MASTER3|cycle_r[1]               ; clock_i    ; clock_i  ; None                        ; None                      ; 1.397 ns                ;
; N/A   ; Restricted to 500.00 MHz ( period = 2.000 ns ) ; lab7_bus_top:U_BUS_SYSTEM|bus_arbiter_parallel_quantum:U_ARBITER|slot_r[1] ; lab7_bus_top:U_BUS_SYSTEM|master_device:U_MASTER0|used_r                   ; clock_i    ; clock_i  ; None                        ; None                      ; 1.391 ns                ;
; N/A   ; Restricted to 500.00 MHz ( period = 2.000 ns ) ; lab7_bus_top:U_BUS_SYSTEM|bus_arbiter_parallel_quantum:U_ARBITER|slot_r[1] ; lab7_bus_top:U_BUS_SYSTEM|master_device:U_MASTER3|used_r                   ; clock_i    ; clock_i  ; None                        ; None                      ; 1.391 ns                ;
; N/A   ; Restricted to 500.00 MHz ( period = 2.000 ns ) ; lab7_bus_top:U_BUS_SYSTEM|bus_arbiter_parallel_quantum:U_ARBITER|slot_r[1] ; lab7_bus_top:U_BUS_SYSTEM|master_device:U_MASTER1|used_r                   ; clock_i    ; clock_i  ; None                        ; None                      ; 1.387 ns                ;
; N/A   ; Restricted to 500.00 MHz ( period = 2.000 ns ) ; lab7_bus_top:U_BUS_SYSTEM|bus_arbiter_parallel_quantum:U_ARBITER|slot_r[1] ; lab7_bus_top:U_BUS_SYSTEM|master_device:U_MASTER2|used_r                   ; clock_i    ; clock_i  ; None                        ; None                      ; 1.386 ns                ;
; N/A   ; Restricted to 500.00 MHz ( period = 2.000 ns ) ; lab7_bus_top:U_BUS_SYSTEM|master_device:U_MASTER3|cycle_r[7]               ; lab7_bus_top:U_BUS_SYSTEM|master_device:U_MASTER3|cycle_r[7]               ; clock_i    ; clock_i  ; None                        ; None                      ; 1.357 ns                ;
; N/A   ; Restricted to 500.00 MHz ( period = 2.000 ns ) ; lab7_bus_top:U_BUS_SYSTEM|master_device:U_MASTER3|cycle_r[1]               ; lab7_bus_top:U_BUS_SYSTEM|master_device:U_MASTER0|used_r                   ; clock_i    ; clock_i  ; None                        ; None                      ; 1.348 ns                ;
; N/A   ; Restricted to 500.00 MHz ( period = 2.000 ns ) ; lab7_bus_top:U_BUS_SYSTEM|master_device:U_MASTER3|cycle_r[1]               ; lab7_bus_top:U_BUS_SYSTEM|master_device:U_MASTER3|used_r                   ; clock_i    ; clock_i  ; None                        ; None                      ; 1.348 ns                ;
; N/A   ; Restricted to 500.00 MHz ( period = 2.000 ns ) ; lab7_bus_top:U_BUS_SYSTEM|master_device:U_MASTER3|cycle_r[2]               ; lab7_bus_top:U_BUS_SYSTEM|master_device:U_MASTER0|used_r                   ; clock_i    ; clock_i  ; None                        ; None                      ; 1.345 ns                ;
; N/A   ; Restricted to 500.00 MHz ( period = 2.000 ns ) ; lab7_bus_top:U_BUS_SYSTEM|master_device:U_MASTER3|cycle_r[2]               ; lab7_bus_top:U_BUS_SYSTEM|master_device:U_MASTER3|used_r                   ; clock_i    ; clock_i  ; None                        ; None                      ; 1.345 ns                ;
; N/A   ; Restricted to 500.00 MHz ( period = 2.000 ns ) ; lab7_bus_top:U_BUS_SYSTEM|master_device:U_MASTER3|cycle_r[1]               ; lab7_bus_top:U_BUS_SYSTEM|master_device:U_MASTER1|used_r                   ; clock_i    ; clock_i  ; None                        ; None                      ; 1.344 ns                ;
; N/A   ; Restricted to 500.00 MHz ( period = 2.000 ns ) ; lab7_bus_top:U_BUS_SYSTEM|master_device:U_MASTER3|cycle_r[1]               ; lab7_bus_top:U_BUS_SYSTEM|master_device:U_MASTER2|used_r                   ; clock_i    ; clock_i  ; None                        ; None                      ; 1.343 ns                ;
; N/A   ; Restricted to 500.00 MHz ( period = 2.000 ns ) ; lab7_bus_top:U_BUS_SYSTEM|master_device:U_MASTER3|cycle_r[2]               ; lab7_bus_top:U_BUS_SYSTEM|master_device:U_MASTER1|used_r                   ; clock_i    ; clock_i  ; None                        ; None                      ; 1.341 ns                ;
; N/A   ; Restricted to 500.00 MHz ( period = 2.000 ns ) ; lab7_bus_top:U_BUS_SYSTEM|master_device:U_MASTER3|cycle_r[2]               ; lab7_bus_top:U_BUS_SYSTEM|master_device:U_MASTER2|used_r                   ; clock_i    ; clock_i  ; None                        ; None                      ; 1.340 ns                ;
; N/A   ; Restricted to 500.00 MHz ( period = 2.000 ns ) ; lab7_bus_top:U_BUS_SYSTEM|master_device:U_MASTER3|cycle_r[4]               ; lab7_bus_top:U_BUS_SYSTEM|master_device:U_MASTER3|cycle_r[0]               ; clock_i    ; clock_i  ; None                        ; None                      ; 1.337 ns                ;
; N/A   ; Restricted to 500.00 MHz ( period = 2.000 ns ) ; lab7_bus_top:U_BUS_SYSTEM|bus_arbiter_parallel_quantum:U_ARBITER|slot_r[0] ; lab7_bus_top:U_BUS_SYSTEM|master_device:U_MASTER0|used_r                   ; clock_i    ; clock_i  ; None                        ; None                      ; 1.336 ns                ;
; N/A   ; Restricted to 500.00 MHz ( period = 2.000 ns ) ; lab7_bus_top:U_BUS_SYSTEM|bus_arbiter_parallel_quantum:U_ARBITER|slot_r[0] ; lab7_bus_top:U_BUS_SYSTEM|master_device:U_MASTER3|used_r                   ; clock_i    ; clock_i  ; None                        ; None                      ; 1.336 ns                ;
; N/A   ; Restricted to 500.00 MHz ( period = 2.000 ns ) ; lab7_bus_top:U_BUS_SYSTEM|master_device:U_MASTER3|cycle_r[3]               ; lab7_bus_top:U_BUS_SYSTEM|master_device:U_MASTER3|cycle_r[0]               ; clock_i    ; clock_i  ; None                        ; None                      ; 1.334 ns                ;
; N/A   ; Restricted to 500.00 MHz ( period = 2.000 ns ) ; lab7_bus_top:U_BUS_SYSTEM|bus_arbiter_parallel_quantum:U_ARBITER|slot_r[0] ; lab7_bus_top:U_BUS_SYSTEM|master_device:U_MASTER1|used_r                   ; clock_i    ; clock_i  ; None                        ; None                      ; 1.332 ns                ;
; N/A   ; Restricted to 500.00 MHz ( period = 2.000 ns ) ; lab7_bus_top:U_BUS_SYSTEM|bus_arbiter_parallel_quantum:U_ARBITER|slot_r[0] ; lab7_bus_top:U_BUS_SYSTEM|master_device:U_MASTER2|used_r                   ; clock_i    ; clock_i  ; None                        ; None                      ; 1.331 ns                ;
; N/A   ; Restricted to 500.00 MHz ( period = 2.000 ns ) ; lab7_bus_top:U_BUS_SYSTEM|master_device:U_MASTER3|cycle_r[7]               ; lab7_bus_top:U_BUS_SYSTEM|master_device:U_MASTER3|cycle_r[6]               ; clock_i    ; clock_i  ; None                        ; None                      ; 1.322 ns                ;
; N/A   ; Restricted to 500.00 MHz ( period = 2.000 ns ) ; lab7_bus_top:U_BUS_SYSTEM|master_device:U_MASTER3|cycle_r[7]               ; lab7_bus_top:U_BUS_SYSTEM|master_device:U_MASTER3|cycle_r[5]               ; clock_i    ; clock_i  ; None                        ; None                      ; 1.287 ns                ;
; N/A   ; Restricted to 500.00 MHz ( period = 2.000 ns ) ; lab7_bus_top:U_BUS_SYSTEM|master_device:U_MASTER3|cycle_r[6]               ; lab7_bus_top:U_BUS_SYSTEM|master_device:U_MASTER3|cycle_r[7]               ; clock_i    ; clock_i  ; None                        ; None                      ; 1.262 ns                ;
; N/A   ; Restricted to 500.00 MHz ( period = 2.000 ns ) ; lab7_bus_top:U_BUS_SYSTEM|master_device:U_MASTER3|cycle_r[7]               ; lab7_bus_top:U_BUS_SYSTEM|master_device:U_MASTER3|cycle_r[4]               ; clock_i    ; clock_i  ; None                        ; None                      ; 1.252 ns                ;
; N/A   ; Restricted to 500.00 MHz ( period = 2.000 ns ) ; lab7_bus_top:U_BUS_SYSTEM|master_device:U_MASTER3|cycle_r[0]               ; lab7_bus_top:U_BUS_SYSTEM|master_device:U_MASTER0|used_r                   ; clock_i    ; clock_i  ; None                        ; None                      ; 1.245 ns                ;
; N/A   ; Restricted to 500.00 MHz ( period = 2.000 ns ) ; lab7_bus_top:U_BUS_SYSTEM|master_device:U_MASTER3|cycle_r[0]               ; lab7_bus_top:U_BUS_SYSTEM|master_device:U_MASTER3|used_r                   ; clock_i    ; clock_i  ; None                        ; None                      ; 1.245 ns                ;
; N/A   ; Restricted to 500.00 MHz ( period = 2.000 ns ) ; lab7_bus_top:U_BUS_SYSTEM|master_device:U_MASTER3|cycle_r[0]               ; lab7_bus_top:U_BUS_SYSTEM|master_device:U_MASTER1|used_r                   ; clock_i    ; clock_i  ; None                        ; None                      ; 1.241 ns                ;
; N/A   ; Restricted to 500.00 MHz ( period = 2.000 ns ) ; lab7_bus_top:U_BUS_SYSTEM|master_device:U_MASTER3|cycle_r[0]               ; lab7_bus_top:U_BUS_SYSTEM|master_device:U_MASTER2|used_r                   ; clock_i    ; clock_i  ; None                        ; None                      ; 1.240 ns                ;
; N/A   ; Restricted to 500.00 MHz ( period = 2.000 ns ) ; lab7_bus_top:U_BUS_SYSTEM|master_device:U_MASTER3|cycle_r[5]               ; lab7_bus_top:U_BUS_SYSTEM|master_device:U_MASTER3|cycle_r[7]               ; clock_i    ; clock_i  ; None                        ; None                      ; 1.230 ns                ;
; N/A   ; Restricted to 500.00 MHz ( period = 2.000 ns ) ; lab7_bus_top:U_BUS_SYSTEM|master_device:U_MASTER3|cycle_r[6]               ; lab7_bus_top:U_BUS_SYSTEM|master_device:U_MASTER3|cycle_r[6]               ; clock_i    ; clock_i  ; None                        ; None                      ; 1.227 ns                ;
; N/A   ; Restricted to 500.00 MHz ( period = 2.000 ns ) ; lab7_bus_top:U_BUS_SYSTEM|master_device:U_MASTER3|cycle_r[6]               ; lab7_bus_top:U_BUS_SYSTEM|master_device:U_MASTER0|used_r                   ; clock_i    ; clock_i  ; None                        ; None                      ; 1.221 ns                ;
; N/A   ; Restricted to 500.00 MHz ( period = 2.000 ns ) ; lab7_bus_top:U_BUS_SYSTEM|master_device:U_MASTER3|cycle_r[6]               ; lab7_bus_top:U_BUS_SYSTEM|master_device:U_MASTER3|used_r                   ; clock_i    ; clock_i  ; None                        ; None                      ; 1.221 ns                ;
; N/A   ; Restricted to 500.00 MHz ( period = 2.000 ns ) ; lab7_bus_top:U_BUS_SYSTEM|master_device:U_MASTER3|cycle_r[3]               ; lab7_bus_top:U_BUS_SYSTEM|master_device:U_MASTER0|used_r                   ; clock_i    ; clock_i  ; None                        ; None                      ; 1.219 ns                ;
; N/A   ; Restricted to 500.00 MHz ( period = 2.000 ns ) ; lab7_bus_top:U_BUS_SYSTEM|master_device:U_MASTER3|cycle_r[3]               ; lab7_bus_top:U_BUS_SYSTEM|master_device:U_MASTER3|used_r                   ; clock_i    ; clock_i  ; None                        ; None                      ; 1.219 ns                ;
; N/A   ; Restricted to 500.00 MHz ( period = 2.000 ns ) ; lab7_bus_top:U_BUS_SYSTEM|master_device:U_MASTER3|cycle_r[7]               ; lab7_bus_top:U_BUS_SYSTEM|master_device:U_MASTER3|cycle_r[3]               ; clock_i    ; clock_i  ; None                        ; None                      ; 1.217 ns                ;
; N/A   ; Restricted to 500.00 MHz ( period = 2.000 ns ) ; lab7_bus_top:U_BUS_SYSTEM|master_device:U_MASTER3|cycle_r[6]               ; lab7_bus_top:U_BUS_SYSTEM|master_device:U_MASTER1|used_r                   ; clock_i    ; clock_i  ; None                        ; None                      ; 1.217 ns                ;
; N/A   ; Restricted to 500.00 MHz ( period = 2.000 ns ) ; lab7_bus_top:U_BUS_SYSTEM|master_device:U_MASTER3|cycle_r[6]               ; lab7_bus_top:U_BUS_SYSTEM|master_device:U_MASTER2|used_r                   ; clock_i    ; clock_i  ; None                        ; None                      ; 1.216 ns                ;
; N/A   ; Restricted to 500.00 MHz ( period = 2.000 ns ) ; lab7_bus_top:U_BUS_SYSTEM|master_device:U_MASTER3|cycle_r[3]               ; lab7_bus_top:U_BUS_SYSTEM|master_device:U_MASTER1|used_r                   ; clock_i    ; clock_i  ; None                        ; None                      ; 1.215 ns                ;
; N/A   ; Restricted to 500.00 MHz ( period = 2.000 ns ) ; lab7_bus_top:U_BUS_SYSTEM|master_device:U_MASTER3|cycle_r[3]               ; lab7_bus_top:U_BUS_SYSTEM|master_device:U_MASTER2|used_r                   ; clock_i    ; clock_i  ; None                        ; None                      ; 1.214 ns                ;
; N/A   ; Restricted to 500.00 MHz ( period = 2.000 ns ) ; lab7_bus_top:U_BUS_SYSTEM|master_device:U_MASTER3|cycle_r[5]               ; lab7_bus_top:U_BUS_SYSTEM|master_device:U_MASTER3|cycle_r[6]               ; clock_i    ; clock_i  ; None                        ; None                      ; 1.195 ns                ;
; N/A   ; Restricted to 500.00 MHz ( period = 2.000 ns ) ; lab7_bus_top:U_BUS_SYSTEM|master_device:U_MASTER3|cycle_r[6]               ; lab7_bus_top:U_BUS_SYSTEM|master_device:U_MASTER3|cycle_r[5]               ; clock_i    ; clock_i  ; None                        ; None                      ; 1.192 ns                ;
; N/A   ; Restricted to 500.00 MHz ( period = 2.000 ns ) ; lab7_bus_top:U_BUS_SYSTEM|master_device:U_MASTER3|cycle_r[7]               ; lab7_bus_top:U_BUS_SYSTEM|master_device:U_MASTER3|cycle_r[2]               ; clock_i    ; clock_i  ; None                        ; None                      ; 1.182 ns                ;
; N/A   ; Restricted to 500.00 MHz ( period = 2.000 ns ) ; lab7_bus_top:U_BUS_SYSTEM|master_device:U_MASTER3|cycle_r[5]               ; lab7_bus_top:U_BUS_SYSTEM|master_device:U_MASTER0|used_r                   ; clock_i    ; clock_i  ; None                        ; None                      ; 1.173 ns                ;
; N/A   ; Restricted to 500.00 MHz ( period = 2.000 ns ) ; lab7_bus_top:U_BUS_SYSTEM|master_device:U_MASTER3|cycle_r[5]               ; lab7_bus_top:U_BUS_SYSTEM|master_device:U_MASTER3|used_r                   ; clock_i    ; clock_i  ; None                        ; None                      ; 1.173 ns                ;
; N/A   ; Restricted to 500.00 MHz ( period = 2.000 ns ) ; lab7_bus_top:U_BUS_SYSTEM|master_device:U_MASTER3|cycle_r[5]               ; lab7_bus_top:U_BUS_SYSTEM|master_device:U_MASTER1|used_r                   ; clock_i    ; clock_i  ; None                        ; None                      ; 1.169 ns                ;
; N/A   ; Restricted to 500.00 MHz ( period = 2.000 ns ) ; lab7_bus_top:U_BUS_SYSTEM|master_device:U_MASTER3|cycle_r[5]               ; lab7_bus_top:U_BUS_SYSTEM|master_device:U_MASTER2|used_r                   ; clock_i    ; clock_i  ; None                        ; None                      ; 1.168 ns                ;
; N/A   ; Restricted to 500.00 MHz ( period = 2.000 ns ) ; lab7_bus_top:U_BUS_SYSTEM|master_device:U_MASTER3|cycle_r[7]               ; lab7_bus_top:U_BUS_SYSTEM|master_device:U_MASTER0|used_r                   ; clock_i    ; clock_i  ; None                        ; None                      ; 1.166 ns                ;
; N/A   ; Restricted to 500.00 MHz ( period = 2.000 ns ) ; lab7_bus_top:U_BUS_SYSTEM|master_device:U_MASTER3|cycle_r[7]               ; lab7_bus_top:U_BUS_SYSTEM|master_device:U_MASTER3|used_r                   ; clock_i    ; clock_i  ; None                        ; None                      ; 1.166 ns                ;
; N/A   ; Restricted to 500.00 MHz ( period = 2.000 ns ) ; lab7_bus_top:U_BUS_SYSTEM|master_device:U_MASTER3|cycle_r[7]               ; lab7_bus_top:U_BUS_SYSTEM|master_device:U_MASTER1|used_r                   ; clock_i    ; clock_i  ; None                        ; None                      ; 1.162 ns                ;
; N/A   ; Restricted to 500.00 MHz ( period = 2.000 ns ) ; lab7_bus_top:U_BUS_SYSTEM|master_device:U_MASTER3|cycle_r[7]               ; lab7_bus_top:U_BUS_SYSTEM|master_device:U_MASTER2|used_r                   ; clock_i    ; clock_i  ; None                        ; None                      ; 1.161 ns                ;
; N/A   ; Restricted to 500.00 MHz ( period = 2.000 ns ) ; lab7_bus_top:U_BUS_SYSTEM|master_device:U_MASTER3|cycle_r[5]               ; lab7_bus_top:U_BUS_SYSTEM|master_device:U_MASTER3|cycle_r[5]               ; clock_i    ; clock_i  ; None                        ; None                      ; 1.160 ns                ;
; N/A   ; Restricted to 500.00 MHz ( period = 2.000 ns ) ; lab7_bus_top:U_BUS_SYSTEM|master_device:U_MASTER3|cycle_r[6]               ; lab7_bus_top:U_BUS_SYSTEM|master_device:U_MASTER3|cycle_r[4]               ; clock_i    ; clock_i  ; None                        ; None                      ; 1.157 ns                ;
; N/A   ; Restricted to 500.00 MHz ( period = 2.000 ns ) ; lab7_bus_top:U_BUS_SYSTEM|master_device:U_MASTER3|cycle_r[7]               ; lab7_bus_top:U_BUS_SYSTEM|master_device:U_MASTER3|cycle_r[1]               ; clock_i    ; clock_i  ; None                        ; None                      ; 1.147 ns                ;
; N/A   ; Restricted to 500.00 MHz ( period = 2.000 ns ) ; lab7_bus_top:U_BUS_SYSTEM|master_device:U_MASTER3|cycle_r[5]               ; lab7_bus_top:U_BUS_SYSTEM|master_device:U_MASTER3|cycle_r[4]               ; clock_i    ; clock_i  ; None                        ; None                      ; 1.125 ns                ;
; N/A   ; Restricted to 500.00 MHz ( period = 2.000 ns ) ; lab7_bus_top:U_BUS_SYSTEM|master_device:U_MASTER3|cycle_r[6]               ; lab7_bus_top:U_BUS_SYSTEM|master_device:U_MASTER3|cycle_r[3]               ; clock_i    ; clock_i  ; None                        ; None                      ; 1.122 ns                ;
; N/A   ; Restricted to 500.00 MHz ( period = 2.000 ns ) ; lab7_bus_top:U_BUS_SYSTEM|master_device:U_MASTER3|cycle_r[5]               ; lab7_bus_top:U_BUS_SYSTEM|master_device:U_MASTER3|cycle_r[3]               ; clock_i    ; clock_i  ; None                        ; None                      ; 1.090 ns                ;
; N/A   ; Restricted to 500.00 MHz ( period = 2.000 ns ) ; lab7_bus_top:U_BUS_SYSTEM|master_device:U_MASTER3|cycle_r[6]               ; lab7_bus_top:U_BUS_SYSTEM|master_device:U_MASTER3|cycle_r[2]               ; clock_i    ; clock_i  ; None                        ; None                      ; 1.087 ns                ;
; N/A   ; Restricted to 500.00 MHz ( period = 2.000 ns ) ; lab7_bus_top:U_BUS_SYSTEM|master_device:U_MASTER3|cycle_r[7]               ; lab7_bus_top:U_BUS_SYSTEM|master_device:U_MASTER3|cycle_r[0]               ; clock_i    ; clock_i  ; None                        ; None                      ; 1.077 ns                ;
; N/A   ; Restricted to 500.00 MHz ( period = 2.000 ns ) ; lab7_bus_top:U_BUS_SYSTEM|bus_arbiter_parallel_quantum:U_ARBITER|slot_r[1] ; lab7_bus_top:U_BUS_SYSTEM|slave_sync:U_SLAVE|valid_r                       ; clock_i    ; clock_i  ; None                        ; None                      ; 1.077 ns                ;
; N/A   ; Restricted to 500.00 MHz ( period = 2.000 ns ) ; lab7_bus_top:U_BUS_SYSTEM|bus_arbiter_parallel_quantum:U_ARBITER|slot_r[0] ; lab7_bus_top:U_BUS_SYSTEM|bus_arbiter_parallel_quantum:U_ARBITER|slot_r[1] ; clock_i    ; clock_i  ; None                        ; None                      ; 1.070 ns                ;
; N/A   ; Restricted to 500.00 MHz ( period = 2.000 ns ) ; lab7_bus_top:U_BUS_SYSTEM|master_device:U_MASTER3|cycle_r[5]               ; lab7_bus_top:U_BUS_SYSTEM|master_device:U_MASTER3|cycle_r[2]               ; clock_i    ; clock_i  ; None                        ; None                      ; 1.055 ns                ;
; N/A   ; Restricted to 500.00 MHz ( period = 2.000 ns ) ; lab7_bus_top:U_BUS_SYSTEM|master_device:U_MASTER3|cycle_r[6]               ; lab7_bus_top:U_BUS_SYSTEM|master_device:U_MASTER3|cycle_r[1]               ; clock_i    ; clock_i  ; None                        ; None                      ; 1.052 ns                ;
; N/A   ; Restricted to 500.00 MHz ( period = 2.000 ns ) ; lab7_bus_top:U_BUS_SYSTEM|master_device:U_MASTER3|cycle_r[4]               ; lab7_bus_top:U_BUS_SYSTEM|master_device:U_MASTER0|used_r                   ; clock_i    ; clock_i  ; None                        ; None                      ; 1.041 ns                ;
; N/A   ; Restricted to 500.00 MHz ( period = 2.000 ns ) ; lab7_bus_top:U_BUS_SYSTEM|master_device:U_MASTER3|cycle_r[4]               ; lab7_bus_top:U_BUS_SYSTEM|master_device:U_MASTER3|used_r                   ; clock_i    ; clock_i  ; None                        ; None                      ; 1.041 ns                ;
; N/A   ; Restricted to 500.00 MHz ( period = 2.000 ns ) ; lab7_bus_top:U_BUS_SYSTEM|master_device:U_MASTER3|cycle_r[4]               ; lab7_bus_top:U_BUS_SYSTEM|master_device:U_MASTER1|used_r                   ; clock_i    ; clock_i  ; None                        ; None                      ; 1.037 ns                ;
; N/A   ; Restricted to 500.00 MHz ( period = 2.000 ns ) ; lab7_bus_top:U_BUS_SYSTEM|master_device:U_MASTER3|cycle_r[4]               ; lab7_bus_top:U_BUS_SYSTEM|master_device:U_MASTER2|used_r                   ; clock_i    ; clock_i  ; None                        ; None                      ; 1.036 ns                ;
; N/A   ; Restricted to 500.00 MHz ( period = 2.000 ns ) ; lab7_bus_top:U_BUS_SYSTEM|master_device:U_MASTER3|cycle_r[1]               ; lab7_bus_top:U_BUS_SYSTEM|slave_sync:U_SLAVE|valid_r                       ; clock_i    ; clock_i  ; None                        ; None                      ; 1.034 ns                ;
; N/A   ; Restricted to 500.00 MHz ( period = 2.000 ns ) ; lab7_bus_top:U_BUS_SYSTEM|master_device:U_MASTER3|cycle_r[2]               ; lab7_bus_top:U_BUS_SYSTEM|slave_sync:U_SLAVE|valid_r                       ; clock_i    ; clock_i  ; None                        ; None                      ; 1.031 ns                ;
; N/A   ; Restricted to 500.00 MHz ( period = 2.000 ns ) ; lab7_bus_top:U_BUS_SYSTEM|bus_arbiter_parallel_quantum:U_ARBITER|slot_r[0] ; lab7_bus_top:U_BUS_SYSTEM|slave_sync:U_SLAVE|valid_r                       ; clock_i    ; clock_i  ; None                        ; None                      ; 1.022 ns                ;
; N/A   ; Restricted to 500.00 MHz ( period = 2.000 ns ) ; lab7_bus_top:U_BUS_SYSTEM|master_device:U_MASTER3|cycle_r[5]               ; lab7_bus_top:U_BUS_SYSTEM|master_device:U_MASTER3|cycle_r[1]               ; clock_i    ; clock_i  ; None                        ; None                      ; 1.020 ns                ;
; N/A   ; Restricted to 500.00 MHz ( period = 2.000 ns ) ; lab7_bus_top:U_BUS_SYSTEM|master_device:U_MASTER3|cycle_r[6]               ; lab7_bus_top:U_BUS_SYSTEM|master_device:U_MASTER3|cycle_r[0]               ; clock_i    ; clock_i  ; None                        ; None                      ; 1.001 ns                ;
; N/A   ; Restricted to 500.00 MHz ( period = 2.000 ns ) ; lab7_bus_top:U_BUS_SYSTEM|master_device:U_MASTER3|cycle_r[5]               ; lab7_bus_top:U_BUS_SYSTEM|master_device:U_MASTER3|cycle_r[0]               ; clock_i    ; clock_i  ; None                        ; None                      ; 0.971 ns                ;
; N/A   ; Restricted to 500.00 MHz ( period = 2.000 ns ) ; lab7_bus_top:U_BUS_SYSTEM|master_device:U_MASTER3|cycle_r[0]               ; lab7_bus_top:U_BUS_SYSTEM|slave_sync:U_SLAVE|valid_r                       ; clock_i    ; clock_i  ; None                        ; None                      ; 0.931 ns                ;
; N/A   ; Restricted to 500.00 MHz ( period = 2.000 ns ) ; lab7_bus_top:U_BUS_SYSTEM|master_device:U_MASTER3|cycle_r[6]               ; lab7_bus_top:U_BUS_SYSTEM|slave_sync:U_SLAVE|valid_r                       ; clock_i    ; clock_i  ; None                        ; None                      ; 0.907 ns                ;
; N/A   ; Restricted to 500.00 MHz ( period = 2.000 ns ) ; lab7_bus_top:U_BUS_SYSTEM|master_device:U_MASTER3|cycle_r[3]               ; lab7_bus_top:U_BUS_SYSTEM|slave_sync:U_SLAVE|valid_r                       ; clock_i    ; clock_i  ; None                        ; None                      ; 0.905 ns                ;
; N/A   ; Restricted to 500.00 MHz ( period = 2.000 ns ) ; lab7_bus_top:U_BUS_SYSTEM|master_device:U_MASTER3|cycle_r[5]               ; lab7_bus_top:U_BUS_SYSTEM|slave_sync:U_SLAVE|valid_r                       ; clock_i    ; clock_i  ; None                        ; None                      ; 0.859 ns                ;
; N/A   ; Restricted to 500.00 MHz ( period = 2.000 ns ) ; lab7_bus_top:U_BUS_SYSTEM|master_device:U_MASTER3|cycle_r[7]               ; lab7_bus_top:U_BUS_SYSTEM|slave_sync:U_SLAVE|valid_r                       ; clock_i    ; clock_i  ; None                        ; None                      ; 0.852 ns                ;
; N/A   ; Restricted to 500.00 MHz ( period = 2.000 ns ) ; lab7_bus_top:U_BUS_SYSTEM|bus_arbiter_parallel_quantum:U_ARBITER|quantum_r ; lab7_bus_top:U_BUS_SYSTEM|bus_arbiter_parallel_quantum:U_ARBITER|slot_r[1] ; clock_i    ; clock_i  ; None                        ; None                      ; 0.742 ns                ;
; N/A   ; Restricted to 500.00 MHz ( period = 2.000 ns ) ; lab7_bus_top:U_BUS_SYSTEM|bus_arbiter_parallel_quantum:U_ARBITER|quantum_r ; lab7_bus_top:U_BUS_SYSTEM|bus_arbiter_parallel_quantum:U_ARBITER|slot_r[0] ; clock_i    ; clock_i  ; None                        ; None                      ; 0.742 ns                ;
; N/A   ; Restricted to 500.00 MHz ( period = 2.000 ns ) ; lab7_bus_top:U_BUS_SYSTEM|master_device:U_MASTER3|cycle_r[4]               ; lab7_bus_top:U_BUS_SYSTEM|slave_sync:U_SLAVE|valid_r                       ; clock_i    ; clock_i  ; None                        ; None                      ; 0.727 ns                ;
; N/A   ; Restricted to 500.00 MHz ( period = 2.000 ns ) ; lab7_bus_top:U_BUS_SYSTEM|bus_arbiter_parallel_quantum:U_ARBITER|slot_r[1] ; lab7_bus_top:U_BUS_SYSTEM|bus_arbiter_parallel_quantum:U_ARBITER|slot_r[1] ; clock_i    ; clock_i  ; None                        ; None                      ; 0.488 ns                ;
; N/A   ; Restricted to 500.00 MHz ( period = 2.000 ns ) ; lab7_bus_top:U_BUS_SYSTEM|bus_arbiter_parallel_quantum:U_ARBITER|slot_r[0] ; lab7_bus_top:U_BUS_SYSTEM|bus_arbiter_parallel_quantum:U_ARBITER|slot_r[0] ; clock_i    ; clock_i  ; None                        ; None                      ; 0.488 ns                ;
; N/A   ; Restricted to 500.00 MHz ( period = 2.000 ns ) ; lab7_bus_top:U_BUS_SYSTEM|master_device:U_MASTER0|used_r                   ; lab7_bus_top:U_BUS_SYSTEM|master_device:U_MASTER0|used_r                   ; clock_i    ; clock_i  ; None                        ; None                      ; 0.488 ns                ;
; N/A   ; Restricted to 500.00 MHz ( period = 2.000 ns ) ; lab7_bus_top:U_BUS_SYSTEM|master_device:U_MASTER1|used_r                   ; lab7_bus_top:U_BUS_SYSTEM|master_device:U_MASTER1|used_r                   ; clock_i    ; clock_i  ; None                        ; None                      ; 0.488 ns                ;
; N/A   ; Restricted to 500.00 MHz ( period = 2.000 ns ) ; lab7_bus_top:U_BUS_SYSTEM|master_device:U_MASTER2|used_r                   ; lab7_bus_top:U_BUS_SYSTEM|master_device:U_MASTER2|used_r                   ; clock_i    ; clock_i  ; None                        ; None                      ; 0.488 ns                ;
; N/A   ; Restricted to 500.00 MHz ( period = 2.000 ns ) ; lab7_bus_top:U_BUS_SYSTEM|master_device:U_MASTER3|used_r                   ; lab7_bus_top:U_BUS_SYSTEM|master_device:U_MASTER3|used_r                   ; clock_i    ; clock_i  ; None                        ; None                      ; 0.488 ns                ;
; N/A   ; Restricted to 500.00 MHz ( period = 2.000 ns ) ; lab7_bus_top:U_BUS_SYSTEM|bus_arbiter_parallel_quantum:U_ARBITER|quantum_r ; lab7_bus_top:U_BUS_SYSTEM|bus_arbiter_parallel_quantum:U_ARBITER|quantum_r ; clock_i    ; clock_i  ; None                        ; None                      ; 0.396 ns                ;
+-------+------------------------------------------------+----------------------------------------------------------------------------+----------------------------------------------------------------------------+------------+----------+-----------------------------+---------------------------+-------------------------+


+-------------------------------------------------------------------------------------------------------------------------------------+
; tsu                                                                                                                                 ;
+-------+--------------+------------+---------+----------------------------------------------------------------------------+----------+
; Slack ; Required tsu ; Actual tsu ; From    ; To                                                                         ; To Clock ;
+-------+--------------+------------+---------+----------------------------------------------------------------------------+----------+
; N/A   ; None         ; 4.086 ns   ; reset_i ; lab7_bus_top:U_BUS_SYSTEM|slave_sync:U_SLAVE|data_r[0]                     ; clock_i  ;
; N/A   ; None         ; 4.086 ns   ; reset_i ; lab7_bus_top:U_BUS_SYSTEM|slave_sync:U_SLAVE|data_r[1]                     ; clock_i  ;
; N/A   ; None         ; 4.086 ns   ; reset_i ; lab7_bus_top:U_BUS_SYSTEM|slave_sync:U_SLAVE|data_r[2]                     ; clock_i  ;
; N/A   ; None         ; 3.086 ns   ; reset_i ; lab7_bus_top:U_BUS_SYSTEM|bus_arbiter_parallel_quantum:U_ARBITER|slot_r[1] ; clock_i  ;
; N/A   ; None         ; 3.086 ns   ; reset_i ; lab7_bus_top:U_BUS_SYSTEM|bus_arbiter_parallel_quantum:U_ARBITER|slot_r[0] ; clock_i  ;
; N/A   ; None         ; 3.086 ns   ; reset_i ; lab7_bus_top:U_BUS_SYSTEM|slave_sync:U_SLAVE|valid_r                       ; clock_i  ;
; N/A   ; None         ; 3.086 ns   ; reset_i ; lab7_bus_top:U_BUS_SYSTEM|master_device:U_MASTER0|used_r                   ; clock_i  ;
; N/A   ; None         ; 3.086 ns   ; reset_i ; lab7_bus_top:U_BUS_SYSTEM|master_device:U_MASTER1|used_r                   ; clock_i  ;
; N/A   ; None         ; 3.086 ns   ; reset_i ; lab7_bus_top:U_BUS_SYSTEM|master_device:U_MASTER2|used_r                   ; clock_i  ;
; N/A   ; None         ; 3.086 ns   ; reset_i ; lab7_bus_top:U_BUS_SYSTEM|master_device:U_MASTER3|used_r                   ; clock_i  ;
; N/A   ; None         ; 3.050 ns   ; reset_i ; lab7_bus_top:U_BUS_SYSTEM|master_device:U_MASTER3|cycle_r[4]               ; clock_i  ;
; N/A   ; None         ; 3.050 ns   ; reset_i ; lab7_bus_top:U_BUS_SYSTEM|master_device:U_MASTER3|cycle_r[3]               ; clock_i  ;
; N/A   ; None         ; 3.050 ns   ; reset_i ; lab7_bus_top:U_BUS_SYSTEM|master_device:U_MASTER3|cycle_r[2]               ; clock_i  ;
; N/A   ; None         ; 3.050 ns   ; reset_i ; lab7_bus_top:U_BUS_SYSTEM|master_device:U_MASTER3|cycle_r[1]               ; clock_i  ;
; N/A   ; None         ; 3.050 ns   ; reset_i ; lab7_bus_top:U_BUS_SYSTEM|master_device:U_MASTER3|cycle_r[6]               ; clock_i  ;
; N/A   ; None         ; 3.050 ns   ; reset_i ; lab7_bus_top:U_BUS_SYSTEM|master_device:U_MASTER3|cycle_r[5]               ; clock_i  ;
; N/A   ; None         ; 3.050 ns   ; reset_i ; lab7_bus_top:U_BUS_SYSTEM|master_device:U_MASTER3|cycle_r[7]               ; clock_i  ;
; N/A   ; None         ; 3.050 ns   ; reset_i ; lab7_bus_top:U_BUS_SYSTEM|master_device:U_MASTER3|cycle_r[0]               ; clock_i  ;
; N/A   ; None         ; 3.032 ns   ; reset_i ; lab7_bus_top:U_BUS_SYSTEM|bus_arbiter_parallel_quantum:U_ARBITER|quantum_r ; clock_i  ;
+-------+--------------+------------+---------+----------------------------------------------------------------------------+----------+


+------------------------------------------------------------------------------------------------------------------------------------------------------------------------------------------------------------------------------------------+
; tco                                                                                                                                                                                                                                      ;
+-----------------------------------------+-----------------------------------------------------+------------+----------------------------------------------------------------------------+-----------------------------------+------------+
; Slack                                   ; Required tco                                        ; Actual tco ; From                                                                       ; To                                ; From Clock ;
+-----------------------------------------+-----------------------------------------------------+------------+----------------------------------------------------------------------------+-----------------------------------+------------+
; N/A                                     ; None                                                ; 8.377 ns   ; lab7_bus_top:U_BUS_SYSTEM|bus_arbiter_parallel_quantum:U_ARBITER|slot_r[1] ; shared_data_bus_to_slave_o[12]    ; clock_i    ;
; N/A                                     ; None                                                ; 8.377 ns   ; lab7_bus_top:U_BUS_SYSTEM|bus_arbiter_parallel_quantum:U_ARBITER|slot_r[1] ; shared_data_bus_to_slave_o[4]     ; clock_i    ;
; N/A                                     ; None                                                ; 8.334 ns   ; lab7_bus_top:U_BUS_SYSTEM|master_device:U_MASTER3|cycle_r[1]               ; shared_data_bus_to_slave_o[12]    ; clock_i    ;
; N/A                                     ; None                                                ; 8.334 ns   ; lab7_bus_top:U_BUS_SYSTEM|master_device:U_MASTER3|cycle_r[1]               ; shared_data_bus_to_slave_o[4]     ; clock_i    ;
; N/A                                     ; None                                                ; 8.331 ns   ; lab7_bus_top:U_BUS_SYSTEM|master_device:U_MASTER3|cycle_r[2]               ; shared_data_bus_to_slave_o[12]    ; clock_i    ;
; N/A                                     ; None                                                ; 8.331 ns   ; lab7_bus_top:U_BUS_SYSTEM|master_device:U_MASTER3|cycle_r[2]               ; shared_data_bus_to_slave_o[4]     ; clock_i    ;
; N/A                                     ; None                                                ; 8.322 ns   ; lab7_bus_top:U_BUS_SYSTEM|bus_arbiter_parallel_quantum:U_ARBITER|slot_r[0] ; shared_data_bus_to_slave_o[12]    ; clock_i    ;
; N/A                                     ; None                                                ; 8.322 ns   ; lab7_bus_top:U_BUS_SYSTEM|bus_arbiter_parallel_quantum:U_ARBITER|slot_r[0] ; shared_data_bus_to_slave_o[4]     ; clock_i    ;
; N/A                                     ; None                                                ; 8.231 ns   ; lab7_bus_top:U_BUS_SYSTEM|master_device:U_MASTER3|cycle_r[0]               ; shared_data_bus_to_slave_o[12]    ; clock_i    ;
; N/A                                     ; None                                                ; 8.231 ns   ; lab7_bus_top:U_BUS_SYSTEM|master_device:U_MASTER3|cycle_r[0]               ; shared_data_bus_to_slave_o[4]     ; clock_i    ;
; N/A                                     ; None                                                ; 8.221 ns   ; lab7_bus_top:U_BUS_SYSTEM|bus_arbiter_parallel_quantum:U_ARBITER|slot_r[1] ; shared_data_bus_to_slave_o[8]     ; clock_i    ;
; N/A                                     ; None                                                ; 8.207 ns   ; lab7_bus_top:U_BUS_SYSTEM|master_device:U_MASTER3|cycle_r[6]               ; shared_data_bus_to_slave_o[12]    ; clock_i    ;
; N/A                                     ; None                                                ; 8.207 ns   ; lab7_bus_top:U_BUS_SYSTEM|master_device:U_MASTER3|cycle_r[6]               ; shared_data_bus_to_slave_o[4]     ; clock_i    ;
; N/A                                     ; None                                                ; 8.205 ns   ; lab7_bus_top:U_BUS_SYSTEM|master_device:U_MASTER3|cycle_r[3]               ; shared_data_bus_to_slave_o[12]    ; clock_i    ;
; N/A                                     ; None                                                ; 8.205 ns   ; lab7_bus_top:U_BUS_SYSTEM|master_device:U_MASTER3|cycle_r[3]               ; shared_data_bus_to_slave_o[4]     ; clock_i    ;
; N/A                                     ; None                                                ; 8.178 ns   ; lab7_bus_top:U_BUS_SYSTEM|master_device:U_MASTER3|cycle_r[1]               ; shared_data_bus_to_slave_o[8]     ; clock_i    ;
; N/A                                     ; None                                                ; 8.175 ns   ; lab7_bus_top:U_BUS_SYSTEM|master_device:U_MASTER3|cycle_r[2]               ; shared_data_bus_to_slave_o[8]     ; clock_i    ;
; N/A                                     ; None                                                ; 8.166 ns   ; lab7_bus_top:U_BUS_SYSTEM|bus_arbiter_parallel_quantum:U_ARBITER|slot_r[0] ; shared_data_bus_to_slave_o[8]     ; clock_i    ;
; N/A                                     ; None                                                ; 8.162 ns   ; lab7_bus_top:U_BUS_SYSTEM|bus_arbiter_parallel_quantum:U_ARBITER|slot_r[1] ; arbiter_bus_grant_lines_o[3]      ; clock_i    ;
; N/A                                     ; None                                                ; 8.159 ns   ; lab7_bus_top:U_BUS_SYSTEM|master_device:U_MASTER3|cycle_r[5]               ; shared_data_bus_to_slave_o[12]    ; clock_i    ;
; N/A                                     ; None                                                ; 8.159 ns   ; lab7_bus_top:U_BUS_SYSTEM|master_device:U_MASTER3|cycle_r[5]               ; shared_data_bus_to_slave_o[4]     ; clock_i    ;
; N/A                                     ; None                                                ; 8.152 ns   ; lab7_bus_top:U_BUS_SYSTEM|master_device:U_MASTER3|cycle_r[7]               ; shared_data_bus_to_slave_o[12]    ; clock_i    ;
; N/A                                     ; None                                                ; 8.152 ns   ; lab7_bus_top:U_BUS_SYSTEM|master_device:U_MASTER3|cycle_r[7]               ; shared_data_bus_to_slave_o[4]     ; clock_i    ;
; N/A                                     ; None                                                ; 8.146 ns   ; lab7_bus_top:U_BUS_SYSTEM|bus_arbiter_parallel_quantum:U_ARBITER|slot_r[1] ; shared_data_bus_to_slave_o[6]     ; clock_i    ;
; N/A                                     ; None                                                ; 8.119 ns   ; lab7_bus_top:U_BUS_SYSTEM|master_device:U_MASTER3|cycle_r[1]               ; arbiter_bus_grant_lines_o[3]      ; clock_i    ;
; N/A                                     ; None                                                ; 8.116 ns   ; lab7_bus_top:U_BUS_SYSTEM|master_device:U_MASTER3|cycle_r[2]               ; arbiter_bus_grant_lines_o[3]      ; clock_i    ;
; N/A                                     ; None                                                ; 8.107 ns   ; lab7_bus_top:U_BUS_SYSTEM|bus_arbiter_parallel_quantum:U_ARBITER|slot_r[0] ; arbiter_bus_grant_lines_o[3]      ; clock_i    ;
; N/A                                     ; None                                                ; 8.103 ns   ; lab7_bus_top:U_BUS_SYSTEM|master_device:U_MASTER3|cycle_r[1]               ; shared_data_bus_to_slave_o[6]     ; clock_i    ;
; N/A                                     ; None                                                ; 8.100 ns   ; lab7_bus_top:U_BUS_SYSTEM|master_device:U_MASTER3|cycle_r[2]               ; shared_data_bus_to_slave_o[6]     ; clock_i    ;
; N/A                                     ; None                                                ; 8.091 ns   ; lab7_bus_top:U_BUS_SYSTEM|bus_arbiter_parallel_quantum:U_ARBITER|slot_r[0] ; shared_data_bus_to_slave_o[6]     ; clock_i    ;
; N/A                                     ; None                                                ; 8.075 ns   ; lab7_bus_top:U_BUS_SYSTEM|master_device:U_MASTER3|cycle_r[0]               ; shared_data_bus_to_slave_o[8]     ; clock_i    ;
; N/A                                     ; None                                                ; 8.051 ns   ; lab7_bus_top:U_BUS_SYSTEM|master_device:U_MASTER3|cycle_r[6]               ; shared_data_bus_to_slave_o[8]     ; clock_i    ;
; N/A                                     ; None                                                ; 8.049 ns   ; lab7_bus_top:U_BUS_SYSTEM|master_device:U_MASTER3|cycle_r[3]               ; shared_data_bus_to_slave_o[8]     ; clock_i    ;
; N/A                                     ; None                                                ; 8.027 ns   ; lab7_bus_top:U_BUS_SYSTEM|master_device:U_MASTER3|cycle_r[4]               ; shared_data_bus_to_slave_o[12]    ; clock_i    ;
; N/A                                     ; None                                                ; 8.027 ns   ; lab7_bus_top:U_BUS_SYSTEM|master_device:U_MASTER3|cycle_r[4]               ; shared_data_bus_to_slave_o[4]     ; clock_i    ;
; N/A                                     ; None                                                ; 8.016 ns   ; lab7_bus_top:U_BUS_SYSTEM|master_device:U_MASTER3|cycle_r[0]               ; arbiter_bus_grant_lines_o[3]      ; clock_i    ;
; N/A                                     ; None                                                ; 8.003 ns   ; lab7_bus_top:U_BUS_SYSTEM|master_device:U_MASTER3|cycle_r[5]               ; shared_data_bus_to_slave_o[8]     ; clock_i    ;
; N/A                                     ; None                                                ; 8.000 ns   ; lab7_bus_top:U_BUS_SYSTEM|master_device:U_MASTER3|cycle_r[0]               ; shared_data_bus_to_slave_o[6]     ; clock_i    ;
; N/A                                     ; None                                                ; 7.996 ns   ; lab7_bus_top:U_BUS_SYSTEM|master_device:U_MASTER3|cycle_r[7]               ; shared_data_bus_to_slave_o[8]     ; clock_i    ;
; N/A                                     ; None                                                ; 7.992 ns   ; lab7_bus_top:U_BUS_SYSTEM|master_device:U_MASTER3|cycle_r[6]               ; arbiter_bus_grant_lines_o[3]      ; clock_i    ;
; N/A                                     ; None                                                ; 7.990 ns   ; lab7_bus_top:U_BUS_SYSTEM|master_device:U_MASTER3|cycle_r[3]               ; arbiter_bus_grant_lines_o[3]      ; clock_i    ;
; N/A                                     ; None                                                ; 7.976 ns   ; lab7_bus_top:U_BUS_SYSTEM|master_device:U_MASTER3|cycle_r[6]               ; shared_data_bus_to_slave_o[6]     ; clock_i    ;
; N/A                                     ; None                                                ; 7.974 ns   ; lab7_bus_top:U_BUS_SYSTEM|master_device:U_MASTER3|cycle_r[3]               ; shared_data_bus_to_slave_o[6]     ; clock_i    ;
; N/A                                     ; None                                                ; 7.944 ns   ; lab7_bus_top:U_BUS_SYSTEM|master_device:U_MASTER3|cycle_r[5]               ; arbiter_bus_grant_lines_o[3]      ; clock_i    ;
; N/A                                     ; None                                                ; 7.937 ns   ; lab7_bus_top:U_BUS_SYSTEM|master_device:U_MASTER3|cycle_r[7]               ; arbiter_bus_grant_lines_o[3]      ; clock_i    ;
; N/A                                     ; None                                                ; 7.928 ns   ; lab7_bus_top:U_BUS_SYSTEM|master_device:U_MASTER3|cycle_r[5]               ; shared_data_bus_to_slave_o[6]     ; clock_i    ;
; N/A                                     ; None                                                ; 7.921 ns   ; lab7_bus_top:U_BUS_SYSTEM|master_device:U_MASTER3|cycle_r[7]               ; shared_data_bus_to_slave_o[6]     ; clock_i    ;
; N/A                                     ; None                                                ; 7.871 ns   ; lab7_bus_top:U_BUS_SYSTEM|master_device:U_MASTER3|cycle_r[4]               ; shared_data_bus_to_slave_o[8]     ; clock_i    ;
; N/A                                     ; None                                                ; 7.841 ns   ; lab7_bus_top:U_BUS_SYSTEM|bus_arbiter_parallel_quantum:U_ARBITER|slot_r[1] ; shared_data_bus_to_slave_o[5]     ; clock_i    ;
; N/A                                     ; None                                                ; 7.821 ns   ; lab7_bus_top:U_BUS_SYSTEM|bus_arbiter_parallel_quantum:U_ARBITER|slot_r[1] ; shared_data_bus_to_slave_o[9]     ; clock_i    ;
; N/A                                     ; None                                                ; 7.812 ns   ; lab7_bus_top:U_BUS_SYSTEM|master_device:U_MASTER3|cycle_r[4]               ; arbiter_bus_grant_lines_o[3]      ; clock_i    ;
; N/A                                     ; None                                                ; 7.798 ns   ; lab7_bus_top:U_BUS_SYSTEM|master_device:U_MASTER3|cycle_r[1]               ; shared_data_bus_to_slave_o[5]     ; clock_i    ;
; N/A                                     ; None                                                ; 7.796 ns   ; lab7_bus_top:U_BUS_SYSTEM|bus_arbiter_parallel_quantum:U_ARBITER|slot_r[1] ; shared_data_bus_to_slave_o[13]    ; clock_i    ;
; N/A                                     ; None                                                ; 7.796 ns   ; lab7_bus_top:U_BUS_SYSTEM|master_device:U_MASTER3|cycle_r[4]               ; shared_data_bus_to_slave_o[6]     ; clock_i    ;
; N/A                                     ; None                                                ; 7.795 ns   ; lab7_bus_top:U_BUS_SYSTEM|master_device:U_MASTER3|cycle_r[2]               ; shared_data_bus_to_slave_o[5]     ; clock_i    ;
; N/A                                     ; None                                                ; 7.786 ns   ; lab7_bus_top:U_BUS_SYSTEM|bus_arbiter_parallel_quantum:U_ARBITER|slot_r[0] ; shared_data_bus_to_slave_o[5]     ; clock_i    ;
; N/A                                     ; None                                                ; 7.778 ns   ; lab7_bus_top:U_BUS_SYSTEM|master_device:U_MASTER3|cycle_r[1]               ; shared_data_bus_to_slave_o[9]     ; clock_i    ;
; N/A                                     ; None                                                ; 7.775 ns   ; lab7_bus_top:U_BUS_SYSTEM|master_device:U_MASTER3|cycle_r[2]               ; shared_data_bus_to_slave_o[9]     ; clock_i    ;
; N/A                                     ; None                                                ; 7.766 ns   ; lab7_bus_top:U_BUS_SYSTEM|bus_arbiter_parallel_quantum:U_ARBITER|slot_r[0] ; shared_data_bus_to_slave_o[9]     ; clock_i    ;
; N/A                                     ; None                                                ; 7.765 ns   ; lab7_bus_top:U_BUS_SYSTEM|bus_arbiter_parallel_quantum:U_ARBITER|slot_r[1] ; shared_data_bus_to_slave_o[10]    ; clock_i    ;
; N/A                                     ; None                                                ; 7.765 ns   ; lab7_bus_top:U_BUS_SYSTEM|bus_arbiter_parallel_quantum:U_ARBITER|slot_r[1] ; shared_data_bus_to_slave_o[2]     ; clock_i    ;
; N/A                                     ; None                                                ; 7.753 ns   ; lab7_bus_top:U_BUS_SYSTEM|master_device:U_MASTER3|cycle_r[1]               ; shared_data_bus_to_slave_o[13]    ; clock_i    ;
; N/A                                     ; None                                                ; 7.750 ns   ; lab7_bus_top:U_BUS_SYSTEM|master_device:U_MASTER3|cycle_r[2]               ; shared_data_bus_to_slave_o[13]    ; clock_i    ;
; N/A                                     ; None                                                ; 7.741 ns   ; lab7_bus_top:U_BUS_SYSTEM|bus_arbiter_parallel_quantum:U_ARBITER|slot_r[0] ; shared_data_bus_to_slave_o[13]    ; clock_i    ;
; N/A                                     ; None                                                ; 7.722 ns   ; lab7_bus_top:U_BUS_SYSTEM|master_device:U_MASTER3|cycle_r[1]               ; shared_data_bus_to_slave_o[10]    ; clock_i    ;
; N/A                                     ; None                                                ; 7.722 ns   ; lab7_bus_top:U_BUS_SYSTEM|master_device:U_MASTER3|cycle_r[1]               ; shared_data_bus_to_slave_o[2]     ; clock_i    ;
; N/A                                     ; None                                                ; 7.719 ns   ; lab7_bus_top:U_BUS_SYSTEM|master_device:U_MASTER3|cycle_r[2]               ; shared_data_bus_to_slave_o[10]    ; clock_i    ;
; N/A                                     ; None                                                ; 7.719 ns   ; lab7_bus_top:U_BUS_SYSTEM|master_device:U_MASTER3|cycle_r[2]               ; shared_data_bus_to_slave_o[2]     ; clock_i    ;
; N/A                                     ; None                                                ; 7.710 ns   ; lab7_bus_top:U_BUS_SYSTEM|bus_arbiter_parallel_quantum:U_ARBITER|slot_r[0] ; shared_data_bus_to_slave_o[10]    ; clock_i    ;
; N/A                                     ; None                                                ; 7.710 ns   ; lab7_bus_top:U_BUS_SYSTEM|bus_arbiter_parallel_quantum:U_ARBITER|slot_r[0] ; shared_data_bus_to_slave_o[2]     ; clock_i    ;
; N/A                                     ; None                                                ; 7.695 ns   ; lab7_bus_top:U_BUS_SYSTEM|master_device:U_MASTER3|cycle_r[0]               ; shared_data_bus_to_slave_o[5]     ; clock_i    ;
; N/A                                     ; None                                                ; 7.675 ns   ; lab7_bus_top:U_BUS_SYSTEM|master_device:U_MASTER3|cycle_r[0]               ; shared_data_bus_to_slave_o[9]     ; clock_i    ;
; N/A                                     ; None                                                ; 7.671 ns   ; lab7_bus_top:U_BUS_SYSTEM|master_device:U_MASTER3|cycle_r[6]               ; shared_data_bus_to_slave_o[5]     ; clock_i    ;
; N/A                                     ; None                                                ; 7.669 ns   ; lab7_bus_top:U_BUS_SYSTEM|master_device:U_MASTER3|cycle_r[3]               ; shared_data_bus_to_slave_o[5]     ; clock_i    ;
; N/A                                     ; None                                                ; 7.651 ns   ; lab7_bus_top:U_BUS_SYSTEM|master_device:U_MASTER3|cycle_r[6]               ; shared_data_bus_to_slave_o[9]     ; clock_i    ;
; N/A                                     ; None                                                ; 7.650 ns   ; lab7_bus_top:U_BUS_SYSTEM|master_device:U_MASTER3|cycle_r[0]               ; shared_data_bus_to_slave_o[13]    ; clock_i    ;
; N/A                                     ; None                                                ; 7.649 ns   ; lab7_bus_top:U_BUS_SYSTEM|master_device:U_MASTER3|cycle_r[3]               ; shared_data_bus_to_slave_o[9]     ; clock_i    ;
; N/A                                     ; None                                                ; 7.632 ns   ; lab7_bus_top:U_BUS_SYSTEM|master_device:U_MASTER3|cycle_r[4]               ; arbiter_bus_grant_lines_o[0]      ; clock_i    ;
; N/A                                     ; None                                                ; 7.626 ns   ; lab7_bus_top:U_BUS_SYSTEM|master_device:U_MASTER3|cycle_r[6]               ; shared_data_bus_to_slave_o[13]    ; clock_i    ;
; N/A                                     ; None                                                ; 7.624 ns   ; lab7_bus_top:U_BUS_SYSTEM|master_device:U_MASTER3|cycle_r[3]               ; shared_data_bus_to_slave_o[13]    ; clock_i    ;
; N/A                                     ; None                                                ; 7.623 ns   ; lab7_bus_top:U_BUS_SYSTEM|master_device:U_MASTER3|cycle_r[5]               ; shared_data_bus_to_slave_o[5]     ; clock_i    ;
; N/A                                     ; None                                                ; 7.619 ns   ; lab7_bus_top:U_BUS_SYSTEM|master_device:U_MASTER3|cycle_r[0]               ; shared_data_bus_to_slave_o[10]    ; clock_i    ;
; N/A                                     ; None                                                ; 7.619 ns   ; lab7_bus_top:U_BUS_SYSTEM|master_device:U_MASTER3|cycle_r[0]               ; shared_data_bus_to_slave_o[2]     ; clock_i    ;
; N/A                                     ; None                                                ; 7.616 ns   ; lab7_bus_top:U_BUS_SYSTEM|master_device:U_MASTER3|cycle_r[7]               ; shared_data_bus_to_slave_o[5]     ; clock_i    ;
; N/A                                     ; None                                                ; 7.603 ns   ; lab7_bus_top:U_BUS_SYSTEM|master_device:U_MASTER3|cycle_r[5]               ; shared_data_bus_to_slave_o[9]     ; clock_i    ;
; N/A                                     ; None                                                ; 7.597 ns   ; lab7_bus_top:U_BUS_SYSTEM|master_device:U_MASTER3|cycle_r[6]               ; arbiter_bus_grant_lines_o[0]      ; clock_i    ;
; N/A                                     ; None                                                ; 7.596 ns   ; lab7_bus_top:U_BUS_SYSTEM|master_device:U_MASTER3|cycle_r[7]               ; shared_data_bus_to_slave_o[9]     ; clock_i    ;
; N/A                                     ; None                                                ; 7.595 ns   ; lab7_bus_top:U_BUS_SYSTEM|master_device:U_MASTER3|cycle_r[6]               ; shared_data_bus_to_slave_o[10]    ; clock_i    ;
; N/A                                     ; None                                                ; 7.595 ns   ; lab7_bus_top:U_BUS_SYSTEM|master_device:U_MASTER3|cycle_r[6]               ; shared_data_bus_to_slave_o[2]     ; clock_i    ;
; N/A                                     ; None                                                ; 7.593 ns   ; lab7_bus_top:U_BUS_SYSTEM|master_device:U_MASTER3|cycle_r[3]               ; shared_data_bus_to_slave_o[10]    ; clock_i    ;
; N/A                                     ; None                                                ; 7.593 ns   ; lab7_bus_top:U_BUS_SYSTEM|master_device:U_MASTER3|cycle_r[3]               ; shared_data_bus_to_slave_o[2]     ; clock_i    ;
; N/A                                     ; None                                                ; 7.582 ns   ; lab7_bus_top:U_BUS_SYSTEM|bus_arbiter_parallel_quantum:U_ARBITER|slot_r[1] ; shared_data_bus_to_slave_o[1]     ; clock_i    ;
; N/A                                     ; None                                                ; 7.578 ns   ; lab7_bus_top:U_BUS_SYSTEM|master_device:U_MASTER3|cycle_r[5]               ; shared_data_bus_to_slave_o[13]    ; clock_i    ;
; N/A                                     ; None                                                ; 7.571 ns   ; lab7_bus_top:U_BUS_SYSTEM|master_device:U_MASTER3|cycle_r[7]               ; shared_data_bus_to_slave_o[13]    ; clock_i    ;
; N/A                                     ; None                                                ; 7.567 ns   ; lab7_bus_top:U_BUS_SYSTEM|master_device:U_MASTER3|cycle_r[5]               ; arbiter_bus_grant_lines_o[0]      ; clock_i    ;
; N/A                                     ; None                                                ; 7.547 ns   ; lab7_bus_top:U_BUS_SYSTEM|master_device:U_MASTER3|cycle_r[5]               ; shared_data_bus_to_slave_o[10]    ; clock_i    ;
; N/A                                     ; None                                                ; 7.547 ns   ; lab7_bus_top:U_BUS_SYSTEM|master_device:U_MASTER3|cycle_r[5]               ; shared_data_bus_to_slave_o[2]     ; clock_i    ;
; N/A                                     ; None                                                ; 7.542 ns   ; lab7_bus_top:U_BUS_SYSTEM|master_device:U_MASTER3|cycle_r[7]               ; arbiter_bus_grant_lines_o[0]      ; clock_i    ;
; N/A                                     ; None                                                ; 7.540 ns   ; lab7_bus_top:U_BUS_SYSTEM|master_device:U_MASTER3|cycle_r[7]               ; shared_data_bus_to_slave_o[10]    ; clock_i    ;
; N/A                                     ; None                                                ; 7.540 ns   ; lab7_bus_top:U_BUS_SYSTEM|master_device:U_MASTER3|cycle_r[7]               ; shared_data_bus_to_slave_o[2]     ; clock_i    ;
; N/A                                     ; None                                                ; 7.539 ns   ; lab7_bus_top:U_BUS_SYSTEM|master_device:U_MASTER3|cycle_r[1]               ; shared_data_bus_to_slave_o[1]     ; clock_i    ;
; N/A                                     ; None                                                ; 7.536 ns   ; lab7_bus_top:U_BUS_SYSTEM|master_device:U_MASTER3|cycle_r[2]               ; shared_data_bus_to_slave_o[1]     ; clock_i    ;
; N/A                                     ; None                                                ; 7.527 ns   ; lab7_bus_top:U_BUS_SYSTEM|bus_arbiter_parallel_quantum:U_ARBITER|slot_r[0] ; shared_data_bus_to_slave_o[1]     ; clock_i    ;
; N/A                                     ; None                                                ; 7.527 ns   ; lab7_bus_top:U_BUS_SYSTEM|master_device:U_MASTER3|cycle_r[0]               ; arbiter_bus_grant_lines_o[0]      ; clock_i    ;
; N/A                                     ; None                                                ; 7.514 ns   ; lab7_bus_top:U_BUS_SYSTEM|bus_arbiter_parallel_quantum:U_ARBITER|slot_r[1] ; shared_data_bus_to_slave_o[0]     ; clock_i    ;
; N/A                                     ; None                                                ; 7.506 ns   ; lab7_bus_top:U_BUS_SYSTEM|bus_arbiter_parallel_quantum:U_ARBITER|slot_r[1] ; arbiter_bus_grant_lines_o[2]      ; clock_i    ;
; N/A                                     ; None                                                ; 7.491 ns   ; lab7_bus_top:U_BUS_SYSTEM|master_device:U_MASTER3|cycle_r[4]               ; shared_data_bus_to_slave_o[5]     ; clock_i    ;
; N/A                                     ; None                                                ; 7.481 ns   ; lab7_bus_top:U_BUS_SYSTEM|bus_arbiter_parallel_quantum:U_ARBITER|slot_r[1] ; shared_data_bus_to_slave_o[14]    ; clock_i    ;
; N/A                                     ; None                                                ; 7.471 ns   ; lab7_bus_top:U_BUS_SYSTEM|master_device:U_MASTER3|cycle_r[4]               ; shared_data_bus_to_slave_o[9]     ; clock_i    ;
; N/A                                     ; None                                                ; 7.471 ns   ; lab7_bus_top:U_BUS_SYSTEM|master_device:U_MASTER3|cycle_r[1]               ; shared_data_bus_to_slave_o[0]     ; clock_i    ;
; N/A                                     ; None                                                ; 7.468 ns   ; lab7_bus_top:U_BUS_SYSTEM|master_device:U_MASTER3|cycle_r[2]               ; shared_data_bus_to_slave_o[0]     ; clock_i    ;
; N/A                                     ; None                                                ; 7.463 ns   ; lab7_bus_top:U_BUS_SYSTEM|master_device:U_MASTER3|cycle_r[1]               ; arbiter_bus_grant_lines_o[2]      ; clock_i    ;
; N/A                                     ; None                                                ; 7.460 ns   ; lab7_bus_top:U_BUS_SYSTEM|master_device:U_MASTER3|cycle_r[2]               ; arbiter_bus_grant_lines_o[2]      ; clock_i    ;
; N/A                                     ; None                                                ; 7.459 ns   ; lab7_bus_top:U_BUS_SYSTEM|bus_arbiter_parallel_quantum:U_ARBITER|slot_r[0] ; shared_data_bus_to_slave_o[0]     ; clock_i    ;
; N/A                                     ; None                                                ; 7.451 ns   ; lab7_bus_top:U_BUS_SYSTEM|bus_arbiter_parallel_quantum:U_ARBITER|slot_r[0] ; arbiter_bus_grant_lines_o[2]      ; clock_i    ;
; N/A                                     ; None                                                ; 7.446 ns   ; lab7_bus_top:U_BUS_SYSTEM|master_device:U_MASTER3|cycle_r[4]               ; shared_data_bus_to_slave_o[13]    ; clock_i    ;
; N/A                                     ; None                                                ; 7.443 ns   ; lab7_bus_top:U_BUS_SYSTEM|master_device:U_MASTER3|cycle_r[3]               ; arbiter_bus_grant_lines_o[0]      ; clock_i    ;
; N/A                                     ; None                                                ; 7.438 ns   ; lab7_bus_top:U_BUS_SYSTEM|master_device:U_MASTER3|cycle_r[1]               ; shared_data_bus_to_slave_o[14]    ; clock_i    ;
; N/A                                     ; None                                                ; 7.436 ns   ; lab7_bus_top:U_BUS_SYSTEM|master_device:U_MASTER3|cycle_r[0]               ; shared_data_bus_to_slave_o[1]     ; clock_i    ;
; N/A                                     ; None                                                ; 7.435 ns   ; lab7_bus_top:U_BUS_SYSTEM|master_device:U_MASTER3|cycle_r[2]               ; shared_data_bus_to_slave_o[14]    ; clock_i    ;
; N/A                                     ; None                                                ; 7.426 ns   ; lab7_bus_top:U_BUS_SYSTEM|bus_arbiter_parallel_quantum:U_ARBITER|slot_r[0] ; shared_data_bus_to_slave_o[14]    ; clock_i    ;
; N/A                                     ; None                                                ; 7.415 ns   ; lab7_bus_top:U_BUS_SYSTEM|master_device:U_MASTER3|cycle_r[4]               ; shared_data_bus_to_slave_o[10]    ; clock_i    ;
; N/A                                     ; None                                                ; 7.415 ns   ; lab7_bus_top:U_BUS_SYSTEM|master_device:U_MASTER3|cycle_r[4]               ; shared_data_bus_to_slave_o[2]     ; clock_i    ;
; N/A                                     ; None                                                ; 7.412 ns   ; lab7_bus_top:U_BUS_SYSTEM|master_device:U_MASTER3|cycle_r[6]               ; shared_data_bus_to_slave_o[1]     ; clock_i    ;
; N/A                                     ; None                                                ; 7.410 ns   ; lab7_bus_top:U_BUS_SYSTEM|master_device:U_MASTER3|cycle_r[3]               ; shared_data_bus_to_slave_o[1]     ; clock_i    ;
; N/A                                     ; None                                                ; 7.385 ns   ; lab7_bus_top:U_BUS_SYSTEM|master_device:U_MASTER3|cycle_r[4]               ; master_bus_request_lines_o[0]     ; clock_i    ;
; N/A                                     ; None                                                ; 7.383 ns   ; lab7_bus_top:U_BUS_SYSTEM|master_device:U_MASTER3|cycle_r[4]               ; master_bus_request_lines_o[3]     ; clock_i    ;
; N/A                                     ; None                                                ; 7.368 ns   ; lab7_bus_top:U_BUS_SYSTEM|master_device:U_MASTER3|cycle_r[0]               ; shared_data_bus_to_slave_o[0]     ; clock_i    ;
; N/A                                     ; None                                                ; 7.364 ns   ; lab7_bus_top:U_BUS_SYSTEM|master_device:U_MASTER3|cycle_r[5]               ; shared_data_bus_to_slave_o[1]     ; clock_i    ;
; N/A                                     ; None                                                ; 7.360 ns   ; lab7_bus_top:U_BUS_SYSTEM|master_device:U_MASTER3|cycle_r[0]               ; arbiter_bus_grant_lines_o[2]      ; clock_i    ;
; N/A                                     ; None                                                ; 7.357 ns   ; lab7_bus_top:U_BUS_SYSTEM|master_device:U_MASTER3|cycle_r[7]               ; shared_data_bus_to_slave_o[1]     ; clock_i    ;
; N/A                                     ; None                                                ; 7.350 ns   ; lab7_bus_top:U_BUS_SYSTEM|master_device:U_MASTER3|cycle_r[6]               ; master_bus_request_lines_o[0]     ; clock_i    ;
; N/A                                     ; None                                                ; 7.348 ns   ; lab7_bus_top:U_BUS_SYSTEM|master_device:U_MASTER3|cycle_r[6]               ; master_bus_request_lines_o[3]     ; clock_i    ;
; N/A                                     ; None                                                ; 7.344 ns   ; lab7_bus_top:U_BUS_SYSTEM|master_device:U_MASTER3|cycle_r[6]               ; shared_data_bus_to_slave_o[0]     ; clock_i    ;
; N/A                                     ; None                                                ; 7.342 ns   ; lab7_bus_top:U_BUS_SYSTEM|master_device:U_MASTER3|cycle_r[3]               ; shared_data_bus_to_slave_o[0]     ; clock_i    ;
; N/A                                     ; None                                                ; 7.336 ns   ; lab7_bus_top:U_BUS_SYSTEM|master_device:U_MASTER3|cycle_r[6]               ; arbiter_bus_grant_lines_o[2]      ; clock_i    ;
; N/A                                     ; None                                                ; 7.335 ns   ; lab7_bus_top:U_BUS_SYSTEM|master_device:U_MASTER3|cycle_r[0]               ; shared_data_bus_to_slave_o[14]    ; clock_i    ;
; N/A                                     ; None                                                ; 7.334 ns   ; lab7_bus_top:U_BUS_SYSTEM|master_device:U_MASTER3|cycle_r[3]               ; arbiter_bus_grant_lines_o[2]      ; clock_i    ;
; N/A                                     ; None                                                ; 7.320 ns   ; lab7_bus_top:U_BUS_SYSTEM|master_device:U_MASTER3|cycle_r[5]               ; master_bus_request_lines_o[0]     ; clock_i    ;
; N/A                                     ; None                                                ; 7.318 ns   ; lab7_bus_top:U_BUS_SYSTEM|master_device:U_MASTER3|cycle_r[5]               ; master_bus_request_lines_o[3]     ; clock_i    ;
; N/A                                     ; None                                                ; 7.311 ns   ; lab7_bus_top:U_BUS_SYSTEM|master_device:U_MASTER3|cycle_r[6]               ; shared_data_bus_to_slave_o[14]    ; clock_i    ;
; N/A                                     ; None                                                ; 7.309 ns   ; lab7_bus_top:U_BUS_SYSTEM|master_device:U_MASTER3|cycle_r[3]               ; shared_data_bus_to_slave_o[14]    ; clock_i    ;
; N/A                                     ; None                                                ; 7.296 ns   ; lab7_bus_top:U_BUS_SYSTEM|master_device:U_MASTER3|cycle_r[5]               ; shared_data_bus_to_slave_o[0]     ; clock_i    ;
; N/A                                     ; None                                                ; 7.295 ns   ; lab7_bus_top:U_BUS_SYSTEM|master_device:U_MASTER3|cycle_r[7]               ; master_bus_request_lines_o[0]     ; clock_i    ;
; N/A                                     ; None                                                ; 7.293 ns   ; lab7_bus_top:U_BUS_SYSTEM|master_device:U_MASTER3|cycle_r[7]               ; master_bus_request_lines_o[3]     ; clock_i    ;
; N/A                                     ; None                                                ; 7.289 ns   ; lab7_bus_top:U_BUS_SYSTEM|master_device:U_MASTER3|cycle_r[7]               ; shared_data_bus_to_slave_o[0]     ; clock_i    ;
; N/A                                     ; None                                                ; 7.288 ns   ; lab7_bus_top:U_BUS_SYSTEM|master_device:U_MASTER3|cycle_r[5]               ; arbiter_bus_grant_lines_o[2]      ; clock_i    ;
; N/A                                     ; None                                                ; 7.281 ns   ; lab7_bus_top:U_BUS_SYSTEM|master_device:U_MASTER3|cycle_r[7]               ; arbiter_bus_grant_lines_o[2]      ; clock_i    ;
; N/A                                     ; None                                                ; 7.273 ns   ; lab7_bus_top:U_BUS_SYSTEM|master_device:U_MASTER3|cycle_r[4]               ; master_bus_request_lines_o[1]     ; clock_i    ;
; N/A                                     ; None                                                ; 7.263 ns   ; lab7_bus_top:U_BUS_SYSTEM|master_device:U_MASTER3|cycle_r[5]               ; shared_data_bus_to_slave_o[14]    ; clock_i    ;
; N/A                                     ; None                                                ; 7.256 ns   ; lab7_bus_top:U_BUS_SYSTEM|master_device:U_MASTER3|cycle_r[7]               ; shared_data_bus_to_slave_o[14]    ; clock_i    ;
; N/A                                     ; None                                                ; 7.240 ns   ; lab7_bus_top:U_BUS_SYSTEM|master_device:U_MASTER3|cycle_r[1]               ; arbiter_bus_grant_lines_o[0]      ; clock_i    ;
; N/A                                     ; None                                                ; 7.238 ns   ; lab7_bus_top:U_BUS_SYSTEM|master_device:U_MASTER3|cycle_r[6]               ; master_bus_request_lines_o[1]     ; clock_i    ;
; N/A                                     ; None                                                ; 7.232 ns   ; lab7_bus_top:U_BUS_SYSTEM|master_device:U_MASTER3|cycle_r[4]               ; shared_data_bus_to_slave_o[1]     ; clock_i    ;
; N/A                                     ; None                                                ; 7.208 ns   ; lab7_bus_top:U_BUS_SYSTEM|master_device:U_MASTER3|cycle_r[5]               ; master_bus_request_lines_o[1]     ; clock_i    ;
; N/A                                     ; None                                                ; 7.183 ns   ; lab7_bus_top:U_BUS_SYSTEM|master_device:U_MASTER3|cycle_r[7]               ; master_bus_request_lines_o[1]     ; clock_i    ;
; N/A                                     ; None                                                ; 7.164 ns   ; lab7_bus_top:U_BUS_SYSTEM|master_device:U_MASTER3|cycle_r[4]               ; shared_data_bus_to_slave_o[0]     ; clock_i    ;
; N/A                                     ; None                                                ; 7.156 ns   ; lab7_bus_top:U_BUS_SYSTEM|master_device:U_MASTER3|cycle_r[4]               ; arbiter_bus_grant_lines_o[2]      ; clock_i    ;
; N/A                                     ; None                                                ; 7.131 ns   ; lab7_bus_top:U_BUS_SYSTEM|master_device:U_MASTER3|cycle_r[4]               ; shared_data_bus_to_slave_o[14]    ; clock_i    ;
; N/A                                     ; None                                                ; 7.115 ns   ; lab7_bus_top:U_BUS_SYSTEM|master_device:U_MASTER3|cycle_r[4]               ; arbiter_bus_grant_lines_o[1]      ; clock_i    ;
; N/A                                     ; None                                                ; 7.080 ns   ; lab7_bus_top:U_BUS_SYSTEM|master_device:U_MASTER3|cycle_r[6]               ; arbiter_bus_grant_lines_o[1]      ; clock_i    ;
; N/A                                     ; None                                                ; 7.050 ns   ; lab7_bus_top:U_BUS_SYSTEM|master_device:U_MASTER3|cycle_r[5]               ; arbiter_bus_grant_lines_o[1]      ; clock_i    ;
; N/A                                     ; None                                                ; 7.027 ns   ; lab7_bus_top:U_BUS_SYSTEM|bus_arbiter_parallel_quantum:U_ARBITER|slot_r[0] ; arbiter_bus_grant_lines_o[0]      ; clock_i    ;
; N/A                                     ; None                                                ; 7.025 ns   ; lab7_bus_top:U_BUS_SYSTEM|master_device:U_MASTER3|cycle_r[7]               ; arbiter_bus_grant_lines_o[1]      ; clock_i    ;
; N/A                                     ; None                                                ; 6.898 ns   ; lab7_bus_top:U_BUS_SYSTEM|master_device:U_MASTER3|cycle_r[3]               ; master_bus_request_lines_o[0]     ; clock_i    ;
; N/A                                     ; None                                                ; 6.896 ns   ; lab7_bus_top:U_BUS_SYSTEM|master_device:U_MASTER3|cycle_r[3]               ; master_bus_request_lines_o[3]     ; clock_i    ;
; N/A                                     ; None                                                ; 6.884 ns   ; lab7_bus_top:U_BUS_SYSTEM|master_device:U_MASTER3|cycle_r[4]               ; master_bus_request_lines_o[2]     ; clock_i    ;
; N/A                                     ; None                                                ; 6.867 ns   ; lab7_bus_top:U_BUS_SYSTEM|master_device:U_MASTER3|cycle_r[2]               ; arbiter_bus_grant_lines_o[0]      ; clock_i    ;
; N/A                                     ; None                                                ; 6.865 ns   ; lab7_bus_top:U_BUS_SYSTEM|master_device:U_MASTER3|cycle_r[2]               ; master_bus_request_lines_o[0]     ; clock_i    ;
; N/A                                     ; None                                                ; 6.864 ns   ; lab7_bus_top:U_BUS_SYSTEM|master_device:U_MASTER3|cycle_r[2]               ; master_bus_request_lines_o[3]     ; clock_i    ;
; N/A                                     ; None                                                ; 6.849 ns   ; lab7_bus_top:U_BUS_SYSTEM|master_device:U_MASTER3|cycle_r[6]               ; master_bus_request_lines_o[2]     ; clock_i    ;
; N/A                                     ; None                                                ; 6.819 ns   ; lab7_bus_top:U_BUS_SYSTEM|master_device:U_MASTER3|cycle_r[5]               ; master_bus_request_lines_o[2]     ; clock_i    ;
; N/A                                     ; None                                                ; 6.794 ns   ; lab7_bus_top:U_BUS_SYSTEM|master_device:U_MASTER3|cycle_r[7]               ; master_bus_request_lines_o[2]     ; clock_i    ;
; N/A                                     ; None                                                ; 6.785 ns   ; lab7_bus_top:U_BUS_SYSTEM|master_device:U_MASTER3|cycle_r[3]               ; master_bus_request_lines_o[1]     ; clock_i    ;
; N/A                                     ; None                                                ; 6.775 ns   ; lab7_bus_top:U_BUS_SYSTEM|master_device:U_MASTER3|cycle_r[1]               ; arbiter_bus_grant_lines_o[1]      ; clock_i    ;
; N/A                                     ; None                                                ; 6.752 ns   ; lab7_bus_top:U_BUS_SYSTEM|master_device:U_MASTER3|cycle_r[2]               ; master_bus_request_lines_o[1]     ; clock_i    ;
; N/A                                     ; None                                                ; 6.728 ns   ; lab7_bus_top:U_BUS_SYSTEM|slave_sync:U_SLAVE|data_r[2]                     ; slave_latched_data_from_bus_o[2]  ; clock_i    ;
; N/A                                     ; None                                                ; 6.711 ns   ; lab7_bus_top:U_BUS_SYSTEM|bus_arbiter_parallel_quantum:U_ARBITER|slot_r[1] ; arbiter_bus_grant_lines_o[1]      ; clock_i    ;
; N/A                                     ; None                                                ; 6.703 ns   ; lab7_bus_top:U_BUS_SYSTEM|master_device:U_MASTER3|cycle_r[1]               ; master_bus_request_lines_o[0]     ; clock_i    ;
; N/A                                     ; None                                                ; 6.701 ns   ; lab7_bus_top:U_BUS_SYSTEM|master_device:U_MASTER3|cycle_r[1]               ; master_bus_request_lines_o[3]     ; clock_i    ;
; N/A                                     ; None                                                ; 6.695 ns   ; lab7_bus_top:U_BUS_SYSTEM|master_device:U_MASTER3|cycle_r[0]               ; master_bus_request_lines_o[0]     ; clock_i    ;
; N/A                                     ; None                                                ; 6.681 ns   ; lab7_bus_top:U_BUS_SYSTEM|slave_sync:U_SLAVE|data_r[2]                     ; slave_latched_data_from_bus_o[6]  ; clock_i    ;
; N/A                                     ; None                                                ; 6.625 ns   ; lab7_bus_top:U_BUS_SYSTEM|master_device:U_MASTER3|cycle_r[1]               ; master_bus_request_lines_o[1]     ; clock_i    ;
; N/A                                     ; None                                                ; 6.607 ns   ; lab7_bus_top:U_BUS_SYSTEM|master_device:U_MASTER3|cycle_r[2]               ; arbiter_bus_grant_lines_o[1]      ; clock_i    ;
; N/A                                     ; None                                                ; 6.578 ns   ; lab7_bus_top:U_BUS_SYSTEM|bus_arbiter_parallel_quantum:U_ARBITER|slot_r[1] ; arbiter_bus_grant_lines_o[0]      ; clock_i    ;
; N/A                                     ; None                                                ; 6.514 ns   ; lab7_bus_top:U_BUS_SYSTEM|master_device:U_MASTER3|cycle_r[3]               ; arbiter_bus_grant_lines_o[1]      ; clock_i    ;
; N/A                                     ; None                                                ; 6.464 ns   ; lab7_bus_top:U_BUS_SYSTEM|bus_arbiter_parallel_quantum:U_ARBITER|slot_r[1] ; current_time_quantum_slot_o[1]    ; clock_i    ;
; N/A                                     ; None                                                ; 6.427 ns   ; lab7_bus_top:U_BUS_SYSTEM|bus_arbiter_parallel_quantum:U_ARBITER|slot_r[0] ; arbiter_bus_grant_lines_o[1]      ; clock_i    ;
; N/A                                     ; None                                                ; 6.426 ns   ; lab7_bus_top:U_BUS_SYSTEM|slave_sync:U_SLAVE|data_r[2]                     ; slave_latched_data_from_bus_o[10] ; clock_i    ;
; N/A                                     ; None                                                ; 6.396 ns   ; lab7_bus_top:U_BUS_SYSTEM|master_device:U_MASTER3|cycle_r[3]               ; master_bus_request_lines_o[2]     ; clock_i    ;
; N/A                                     ; None                                                ; 6.364 ns   ; lab7_bus_top:U_BUS_SYSTEM|master_device:U_MASTER3|cycle_r[2]               ; master_bus_request_lines_o[2]     ; clock_i    ;
; N/A                                     ; None                                                ; 6.236 ns   ; lab7_bus_top:U_BUS_SYSTEM|master_device:U_MASTER3|cycle_r[1]               ; master_bus_request_lines_o[2]     ; clock_i    ;
; N/A                                     ; None                                                ; 6.213 ns   ; lab7_bus_top:U_BUS_SYSTEM|master_device:U_MASTER0|used_r                   ; master_was_serviced_debug_o[0]    ; clock_i    ;
; N/A                                     ; None                                                ; 6.182 ns   ; lab7_bus_top:U_BUS_SYSTEM|master_device:U_MASTER1|used_r                   ; master_was_serviced_debug_o[1]    ; clock_i    ;
; N/A                                     ; None                                                ; 6.000 ns   ; lab7_bus_top:U_BUS_SYSTEM|slave_sync:U_SLAVE|data_r[1]                     ; slave_latched_data_from_bus_o[13] ; clock_i    ;
; N/A                                     ; None                                                ; 5.834 ns   ; lab7_bus_top:U_BUS_SYSTEM|slave_sync:U_SLAVE|data_r[2]                     ; slave_latched_data_from_bus_o[14] ; clock_i    ;
; N/A                                     ; None                                                ; 5.725 ns   ; lab7_bus_top:U_BUS_SYSTEM|bus_arbiter_parallel_quantum:U_ARBITER|slot_r[0] ; current_time_quantum_slot_o[0]    ; clock_i    ;
; N/A                                     ; None                                                ; 5.701 ns   ; lab7_bus_top:U_BUS_SYSTEM|master_device:U_MASTER3|used_r                   ; master_was_serviced_debug_o[3]    ; clock_i    ;
; N/A                                     ; None                                                ; 5.659 ns   ; lab7_bus_top:U_BUS_SYSTEM|slave_sync:U_SLAVE|data_r[0]                     ; slave_latched_data_from_bus_o[4]  ; clock_i    ;
; N/A                                     ; None                                                ; 5.633 ns   ; lab7_bus_top:U_BUS_SYSTEM|slave_sync:U_SLAVE|data_r[0]                     ; slave_latched_data_from_bus_o[0]  ; clock_i    ;
; Timing analysis restricted to 200 rows. ; To change the limit use Settings (Assignments menu) ;            ;                                                                            ;                                   ;            ;
+-----------------------------------------+-----------------------------------------------------+------------+----------------------------------------------------------------------------+-----------------------------------+------------+


+-------------------------------------------------------------------------------------------------------------------------------------------+
; th                                                                                                                                        ;
+---------------+-------------+-----------+---------+----------------------------------------------------------------------------+----------+
; Minimum Slack ; Required th ; Actual th ; From    ; To                                                                         ; To Clock ;
+---------------+-------------+-----------+---------+----------------------------------------------------------------------------+----------+
; N/A           ; None        ; -2.793 ns ; reset_i ; lab7_bus_top:U_BUS_SYSTEM|bus_arbiter_parallel_quantum:U_ARBITER|quantum_r ; clock_i  ;
; N/A           ; None        ; -2.811 ns ; reset_i ; lab7_bus_top:U_BUS_SYSTEM|master_device:U_MASTER3|cycle_r[4]               ; clock_i  ;
; N/A           ; None        ; -2.811 ns ; reset_i ; lab7_bus_top:U_BUS_SYSTEM|master_device:U_MASTER3|cycle_r[3]               ; clock_i  ;
; N/A           ; None        ; -2.811 ns ; reset_i ; lab7_bus_top:U_BUS_SYSTEM|master_device:U_MASTER3|cycle_r[2]               ; clock_i  ;
; N/A           ; None        ; -2.811 ns ; reset_i ; lab7_bus_top:U_BUS_SYSTEM|master_device:U_MASTER3|cycle_r[1]               ; clock_i  ;
; N/A           ; None        ; -2.811 ns ; reset_i ; lab7_bus_top:U_BUS_SYSTEM|master_device:U_MASTER3|cycle_r[6]               ; clock_i  ;
; N/A           ; None        ; -2.811 ns ; reset_i ; lab7_bus_top:U_BUS_SYSTEM|master_device:U_MASTER3|cycle_r[5]               ; clock_i  ;
; N/A           ; None        ; -2.811 ns ; reset_i ; lab7_bus_top:U_BUS_SYSTEM|master_device:U_MASTER3|cycle_r[7]               ; clock_i  ;
; N/A           ; None        ; -2.811 ns ; reset_i ; lab7_bus_top:U_BUS_SYSTEM|master_device:U_MASTER3|cycle_r[0]               ; clock_i  ;
; N/A           ; None        ; -2.847 ns ; reset_i ; lab7_bus_top:U_BUS_SYSTEM|bus_arbiter_parallel_quantum:U_ARBITER|slot_r[1] ; clock_i  ;
; N/A           ; None        ; -2.847 ns ; reset_i ; lab7_bus_top:U_BUS_SYSTEM|bus_arbiter_parallel_quantum:U_ARBITER|slot_r[0] ; clock_i  ;
; N/A           ; None        ; -2.847 ns ; reset_i ; lab7_bus_top:U_BUS_SYSTEM|slave_sync:U_SLAVE|valid_r                       ; clock_i  ;
; N/A           ; None        ; -2.847 ns ; reset_i ; lab7_bus_top:U_BUS_SYSTEM|master_device:U_MASTER0|used_r                   ; clock_i  ;
; N/A           ; None        ; -2.847 ns ; reset_i ; lab7_bus_top:U_BUS_SYSTEM|master_device:U_MASTER1|used_r                   ; clock_i  ;
; N/A           ; None        ; -2.847 ns ; reset_i ; lab7_bus_top:U_BUS_SYSTEM|master_device:U_MASTER2|used_r                   ; clock_i  ;
; N/A           ; None        ; -2.847 ns ; reset_i ; lab7_bus_top:U_BUS_SYSTEM|master_device:U_MASTER3|used_r                   ; clock_i  ;
; N/A           ; None        ; -2.885 ns ; reset_i ; lab7_bus_top:U_BUS_SYSTEM|slave_sync:U_SLAVE|data_r[1]                     ; clock_i  ;
; N/A           ; None        ; -2.886 ns ; reset_i ; lab7_bus_top:U_BUS_SYSTEM|slave_sync:U_SLAVE|data_r[0]                     ; clock_i  ;
; N/A           ; None        ; -3.042 ns ; reset_i ; lab7_bus_top:U_BUS_SYSTEM|slave_sync:U_SLAVE|data_r[2]                     ; clock_i  ;
+---------------+-------------+-----------+---------+----------------------------------------------------------------------------+----------+


+--------------------------+
; Timing Analyzer Messages ;
+--------------------------+
Info: *******************************************************************
Info: Running Quartus II Classic Timing Analyzer
    Info: Version 9.1 Build 222 10/21/2009 SJ Web Edition
    Info: Processing started: Sun May 17 17:15:27 2026
Info: Command: quartus_tan --read_settings_files=off --write_settings_files=off lab7_bus_arbiter -c lab7_bus_arbiter --timing_analysis_only
Warning: Found pins functioning as undefined clocks and/or memory enables
    Info: Assuming node "clock_i" is an undefined clock
Info: Clock "clock_i" has Internal fmax of 421.41 MHz between source register "lab7_bus_top:U_BUS_SYSTEM|bus_arbiter_parallel_quantum:U_ARBITER|slot_r[1]" and destination register "lab7_bus_top:U_BUS_SYSTEM|slave_sync:U_SLAVE|data_r[0]" (period= 2.373 ns)
    Info: + Longest register to register delay is 2.189 ns
        Info: 1: + IC(0.000 ns) + CELL(0.000 ns) = 0.000 ns; Loc. = LCFF_X17_Y17_N17; Fanout = 14; REG Node = 'lab7_bus_top:U_BUS_SYSTEM|bus_arbiter_parallel_quantum:U_ARBITER|slot_r[1]'
        Info: 2: + IC(0.294 ns) + CELL(0.378 ns) = 0.672 ns; Loc. = LCCOMB_X17_Y17_N30; Fanout = 1; COMB Node = 'lab7_bus_top:U_BUS_SYSTEM|bus_arbiter_parallel_quantum:U_ARBITER|Mux0~1'
        Info: 3: + IC(0.197 ns) + CELL(0.053 ns) = 0.922 ns; Loc. = LCCOMB_X17_Y17_N10; Fanout = 13; COMB Node = 'lab7_bus_top:U_BUS_SYSTEM|bus_arbiter_parallel_quantum:U_ARBITER|Mux0~0'
        Info: 4: + IC(0.254 ns) + CELL(0.053 ns) = 1.229 ns; Loc. = LCCOMB_X17_Y17_N6; Fanout = 3; COMB Node = 'lab7_bus_top:U_BUS_SYSTEM|slave_sync:U_SLAVE|data_r[0]~1'
        Info: 5: + IC(0.214 ns) + CELL(0.746 ns) = 2.189 ns; Loc. = LCFF_X17_Y17_N9; Fanout = 4; REG Node = 'lab7_bus_top:U_BUS_SYSTEM|slave_sync:U_SLAVE|data_r[0]'
        Info: Total cell delay = 1.230 ns ( 56.19 % )
        Info: Total interconnect delay = 0.959 ns ( 43.81 % )
    Info: - Smallest clock skew is 0.000 ns
        Info: + Shortest clock path from clock "clock_i" to destination register is 2.456 ns
            Info: 1: + IC(0.000 ns) + CELL(0.854 ns) = 0.854 ns; Loc. = PIN_N20; Fanout = 1; CLK Node = 'clock_i'
            Info: 2: + IC(0.343 ns) + CELL(0.000 ns) = 1.197 ns; Loc. = CLKCTRL_G3; Fanout = 19; COMB Node = 'clock_i~clkctrl'
            Info: 3: + IC(0.641 ns) + CELL(0.618 ns) = 2.456 ns; Loc. = LCFF_X17_Y17_N9; Fanout = 4; REG Node = 'lab7_bus_top:U_BUS_SYSTEM|slave_sync:U_SLAVE|data_r[0]'
            Info: Total cell delay = 1.472 ns ( 59.93 % )
            Info: Total interconnect delay = 0.984 ns ( 40.07 % )
        Info: - Longest clock path from clock "clock_i" to source register is 2.456 ns
            Info: 1: + IC(0.000 ns) + CELL(0.854 ns) = 0.854 ns; Loc. = PIN_N20; Fanout = 1; CLK Node = 'clock_i'
            Info: 2: + IC(0.343 ns) + CELL(0.000 ns) = 1.197 ns; Loc. = CLKCTRL_G3; Fanout = 19; COMB Node = 'clock_i~clkctrl'
            Info: 3: + IC(0.641 ns) + CELL(0.618 ns) = 2.456 ns; Loc. = LCFF_X17_Y17_N17; Fanout = 14; REG Node = 'lab7_bus_top:U_BUS_SYSTEM|bus_arbiter_parallel_quantum:U_ARBITER|slot_r[1]'
            Info: Total cell delay = 1.472 ns ( 59.93 % )
            Info: Total interconnect delay = 0.984 ns ( 40.07 % )
    Info: + Micro clock to output delay of source is 0.094 ns
    Info: + Micro setup delay of destination is 0.090 ns
Info: tsu for register "lab7_bus_top:U_BUS_SYSTEM|slave_sync:U_SLAVE|data_r[0]" (data pin = "reset_i", clock pin = "clock_i") is 4.086 ns
    Info: + Longest pin to register delay is 6.452 ns
        Info: 1: + IC(0.000 ns) + CELL(0.809 ns) = 0.809 ns; Loc. = PIN_AA13; Fanout = 20; PIN Node = 'reset_i'
        Info: 2: + IC(4.317 ns) + CELL(0.366 ns) = 5.492 ns; Loc. = LCCOMB_X17_Y17_N6; Fanout = 3; COMB Node = 'lab7_bus_top:U_BUS_SYSTEM|slave_sync:U_SLAVE|data_r[0]~1'
        Info: 3: + IC(0.214 ns) + CELL(0.746 ns) = 6.452 ns; Loc. = LCFF_X17_Y17_N9; Fanout = 4; REG Node = 'lab7_bus_top:U_BUS_SYSTEM|slave_sync:U_SLAVE|data_r[0]'
        Info: Total cell delay = 1.921 ns ( 29.77 % )
        Info: Total interconnect delay = 4.531 ns ( 70.23 % )
    Info: + Micro setup delay of destination is 0.090 ns
    Info: - Shortest clock path from clock "clock_i" to destination register is 2.456 ns
        Info: 1: + IC(0.000 ns) + CELL(0.854 ns) = 0.854 ns; Loc. = PIN_N20; Fanout = 1; CLK Node = 'clock_i'
        Info: 2: + IC(0.343 ns) + CELL(0.000 ns) = 1.197 ns; Loc. = CLKCTRL_G3; Fanout = 19; COMB Node = 'clock_i~clkctrl'
        Info: 3: + IC(0.641 ns) + CELL(0.618 ns) = 2.456 ns; Loc. = LCFF_X17_Y17_N9; Fanout = 4; REG Node = 'lab7_bus_top:U_BUS_SYSTEM|slave_sync:U_SLAVE|data_r[0]'
        Info: Total cell delay = 1.472 ns ( 59.93 % )
        Info: Total interconnect delay = 0.984 ns ( 40.07 % )
Info: tco from clock "clock_i" to destination pin "shared_data_bus_to_slave_o[12]" through register "lab7_bus_top:U_BUS_SYSTEM|bus_arbiter_parallel_quantum:U_ARBITER|slot_r[1]" is 8.377 ns
    Info: + Longest clock path from clock "clock_i" to source register is 2.456 ns
        Info: 1: + IC(0.000 ns) + CELL(0.854 ns) = 0.854 ns; Loc. = PIN_N20; Fanout = 1; CLK Node = 'clock_i'
        Info: 2: + IC(0.343 ns) + CELL(0.000 ns) = 1.197 ns; Loc. = CLKCTRL_G3; Fanout = 19; COMB Node = 'clock_i~clkctrl'
        Info: 3: + IC(0.641 ns) + CELL(0.618 ns) = 2.456 ns; Loc. = LCFF_X17_Y17_N17; Fanout = 14; REG Node = 'lab7_bus_top:U_BUS_SYSTEM|bus_arbiter_parallel_quantum:U_ARBITER|slot_r[1]'
        Info: Total cell delay = 1.472 ns ( 59.93 % )
        Info: Total interconnect delay = 0.984 ns ( 40.07 % )
    Info: + Micro clock to output delay of source is 0.094 ns
    Info: + Longest register to pin delay is 5.827 ns
        Info: 1: + IC(0.000 ns) + CELL(0.000 ns) = 0.000 ns; Loc. = LCFF_X17_Y17_N17; Fanout = 14; REG Node = 'lab7_bus_top:U_BUS_SYSTEM|bus_arbiter_parallel_quantum:U_ARBITER|slot_r[1]'
        Info: 2: + IC(0.294 ns) + CELL(0.378 ns) = 0.672 ns; Loc. = LCCOMB_X17_Y17_N30; Fanout = 1; COMB Node = 'lab7_bus_top:U_BUS_SYSTEM|bus_arbiter_parallel_quantum:U_ARBITER|Mux0~1'
        Info: 3: + IC(0.197 ns) + CELL(0.053 ns) = 0.922 ns; Loc. = LCCOMB_X17_Y17_N10; Fanout = 13; COMB Node = 'lab7_bus_top:U_BUS_SYSTEM|bus_arbiter_parallel_quantum:U_ARBITER|Mux0~0'
        Info: 4: + IC(0.834 ns) + CELL(0.346 ns) = 2.102 ns; Loc. = LCCOMB_X13_Y19_N20; Fanout = 4; COMB Node = 'lab7_bus_top:U_BUS_SYSTEM|bus_arbiter_parallel_quantum:U_ARBITER|grant_o[2]~4'
        Info: 5: + IC(1.743 ns) + CELL(1.982 ns) = 5.827 ns; Loc. = PIN_B8; Fanout = 0; PIN Node = 'shared_data_bus_to_slave_o[12]'
        Info: Total cell delay = 2.759 ns ( 47.35 % )
        Info: Total interconnect delay = 3.068 ns ( 52.65 % )
Info: th for register "lab7_bus_top:U_BUS_SYSTEM|bus_arbiter_parallel_quantum:U_ARBITER|quantum_r" (data pin = "reset_i", clock pin = "clock_i") is -2.793 ns
    Info: + Longest clock path from clock "clock_i" to destination register is 2.459 ns
        Info: 1: + IC(0.000 ns) + CELL(0.854 ns) = 0.854 ns; Loc. = PIN_N20; Fanout = 1; CLK Node = 'clock_i'
        Info: 2: + IC(0.343 ns) + CELL(0.000 ns) = 1.197 ns; Loc. = CLKCTRL_G3; Fanout = 19; COMB Node = 'clock_i~clkctrl'
        Info: 3: + IC(0.644 ns) + CELL(0.618 ns) = 2.459 ns; Loc. = LCFF_X17_Y16_N17; Fanout = 3; REG Node = 'lab7_bus_top:U_BUS_SYSTEM|bus_arbiter_parallel_quantum:U_ARBITER|quantum_r'
        Info: Total cell delay = 1.472 ns ( 59.86 % )
        Info: Total interconnect delay = 0.987 ns ( 40.14 % )
    Info: + Micro hold delay of destination is 0.149 ns
    Info: - Shortest pin to register delay is 5.401 ns
        Info: 1: + IC(0.000 ns) + CELL(0.809 ns) = 0.809 ns; Loc. = PIN_AA13; Fanout = 20; PIN Node = 'reset_i'
        Info: 2: + IC(4.195 ns) + CELL(0.397 ns) = 5.401 ns; Loc. = LCFF_X17_Y16_N17; Fanout = 3; REG Node = 'lab7_bus_top:U_BUS_SYSTEM|bus_arbiter_parallel_quantum:U_ARBITER|quantum_r'
        Info: Total cell delay = 1.206 ns ( 22.33 % )
        Info: Total interconnect delay = 4.195 ns ( 77.67 % )
Info: Quartus II Classic Timing Analyzer was successful. 0 errors, 1 warning
    Info: Peak virtual memory: 184 megabytes
    Info: Processing ended: Sun May 17 17:15:27 2026
    Info: Elapsed time: 00:00:00
    Info: Total CPU time (on all processors): 00:00:00


