Simulator report for lab7_bus_arbiter
Sun May 17 17:16:47 2026
Quartus II Version 9.1 Build 222 10/21/2009 SJ Web Edition


---------------------
; Table of Contents ;
---------------------
  1. Legal Notice
  2. Simulator Summary
  3. Simulator Settings
  4. Simulation Waveforms
  5. Coverage Summary
  6. Complete 1/0-Value Coverage
  7. Missing 1-Value Coverage
  8. Missing 0-Value Coverage
  9. Simulator INI Usage
 10. Simulator Messages



----------------
; Legal Notice ;
----------------
Copyright (C) 1991-2009 Altera Corporation
Your use of Altera Corporation's design tools, logic functions 
and other software and tools, and its AMPP partner logic 
functions, and any output files from any of the foregoing 
(including device programming or simulation files), and any 
associated documentation or information are expressly subject 
to the terms and conditions of the Altera Program License 
Subscription Agreement, Altera MegaCore Function License 
Agreement, or other applicable license agreement, including, 
without limitation, that your use is for the sole purpose of 
programming logic devices manufactured by Altera and sold by 
Altera or its authorized distributors.  Please refer to the 
applicable agreement for further details.



+--------------------------------------------+
; Simulator Summary                          ;
+-----------------------------+--------------+
; Type                        ; Value        ;
+-----------------------------+--------------+
; Simulation Start Time       ; 0 ps         ;
; Simulation End Time         ; 220.0 ns     ;
; Simulation Netlist Size     ; 450 nodes    ;
; Simulation Coverage         ;      63.11 % ;
; Total Number of Transitions ; 2840         ;
; Simulation Breakpoints      ; 0            ;
; Family                      ; Stratix II   ;
+-----------------------------+--------------+


+------------------------------------------------------------------------------------------------------------------------------------------+
; Simulator Settings                                                                                                                       ;
+--------------------------------------------------------------------------------------------+-----------------------------+---------------+
; Option                                                                                     ; Setting                     ; Default Value ;
+--------------------------------------------------------------------------------------------+-----------------------------+---------------+
; Simulation mode                                                                            ; Functional                  ; Timing        ;
; Start time                                                                                 ; 0 ns                        ; 0 ns          ;
; Simulation results format                                                                  ; VCD                         ;               ;
; Vector input source                                                                        ; lab7_bus_wave_prefilled.vwf ;               ;
; Add pins automatically to simulation output waveforms                                      ; On                          ; On            ;
; Check outputs                                                                              ; Off                         ; Off           ;
; Report simulation coverage                                                                 ; On                          ; On            ;
; Display complete 1/0 value coverage report                                                 ; On                          ; On            ;
; Display missing 1-value coverage report                                                    ; On                          ; On            ;
; Display missing 0-value coverage report                                                    ; On                          ; On            ;
; Detect setup and hold time violations                                                      ; Off                         ; Off           ;
; Detect glitches                                                                            ; Off                         ; Off           ;
; Disable timing delays in Timing Simulation                                                 ; Off                         ; Off           ;
; Generate Signal Activity File                                                              ; Off                         ; Off           ;
; Generate VCD File for PowerPlay Power Analyzer                                             ; Off                         ; Off           ;
; Group bus channels in simulation results                                                   ; Off                         ; Off           ;
; Preserve fewer signal transitions to reduce memory requirements                            ; On                          ; On            ;
; Trigger vector comparison with the specified mode                                          ; INPUT_EDGE                  ; INPUT_EDGE    ;
; Disable setup and hold time violations detection in input registers of bi-directional pins ; Off                         ; Off           ;
; Overwrite Waveform Inputs With Simulation Outputs                                          ; Off                         ;               ;
; Perform Glitch Filtering in Timing Simulation                                              ; Auto                        ; Auto          ;
+--------------------------------------------------------------------------------------------+-----------------------------+---------------+


+----------------------+
; Simulation Waveforms ;
+----------------------+
Waveform report data cannot be output to ASCII.
Please use Quartus II to view the waveform report data.


+--------------------------------------------------------------------+
; Coverage Summary                                                   ;
+-----------------------------------------------------+--------------+
; Type                                                ; Value        ;
+-----------------------------------------------------+--------------+
; Total coverage as a percentage                      ;      63.11 % ;
; Total nodes checked                                 ; 450          ;
; Total output ports checked                          ; 450          ;
; Total output ports with complete 1/0-value coverage ; 284          ;
; Total output ports with no 1/0-value coverage       ; 104          ;
; Total output ports with no 1-value coverage         ; 108          ;
; Total output ports with no 0-value coverage         ; 162          ;
+-----------------------------------------------------+--------------+


The following table displays output ports that toggle between 1 and 0 during simulation.
+----------------------------------------------------------------------------------------------------------------------------------------------------------------------------------------------------------------------------------------------------------------------------------------------------------------------------+
; Complete 1/0-Value Coverage                                                                                                                                                                                                                                                                                                ;
+----------------------------------------------------------------------------------------------------------------------------------------------------+----------------------------------------------------------------------------------------------------------------------------------------------------+------------------+
; Node Name                                                                                                                                          ; Output Port Name                                                                                                                                   ; Output Port Type ;
+----------------------------------------------------------------------------------------------------------------------------------------------------+----------------------------------------------------------------------------------------------------------------------------------------------------+------------------+
; |lab7_bus_rtl_view_top|clock_i                                                                                                                     ; |lab7_bus_rtl_view_top|clock_i                                                                                                                     ; out              ;
; |lab7_bus_rtl_view_top|master_bus_request_lines_o[0]                                                                                               ; |lab7_bus_rtl_view_top|master_bus_request_lines_o[0]                                                                                               ; pin_out          ;
; |lab7_bus_rtl_view_top|master_bus_request_lines_o[1]                                                                                               ; |lab7_bus_rtl_view_top|master_bus_request_lines_o[1]                                                                                               ; pin_out          ;
; |lab7_bus_rtl_view_top|master_bus_request_lines_o[2]                                                                                               ; |lab7_bus_rtl_view_top|master_bus_request_lines_o[2]                                                                                               ; pin_out          ;
; |lab7_bus_rtl_view_top|master_bus_request_lines_o[3]                                                                                               ; |lab7_bus_rtl_view_top|master_bus_request_lines_o[3]                                                                                               ; pin_out          ;
; |lab7_bus_rtl_view_top|arbiter_bus_grant_lines_o[0]                                                                                                ; |lab7_bus_rtl_view_top|arbiter_bus_grant_lines_o[0]                                                                                                ; pin_out          ;
; |lab7_bus_rtl_view_top|arbiter_bus_grant_lines_o[1]                                                                                                ; |lab7_bus_rtl_view_top|arbiter_bus_grant_lines_o[1]                                                                                                ; pin_out          ;
; |lab7_bus_rtl_view_top|arbiter_bus_grant_lines_o[2]                                                                                                ; |lab7_bus_rtl_view_top|arbiter_bus_grant_lines_o[2]                                                                                                ; pin_out          ;
; |lab7_bus_rtl_view_top|arbiter_bus_grant_lines_o[3]                                                                                                ; |lab7_bus_rtl_view_top|arbiter_bus_grant_lines_o[3]                                                                                                ; pin_out          ;
; |lab7_bus_rtl_view_top|shared_data_bus_to_slave_o[0]                                                                                               ; |lab7_bus_rtl_view_top|shared_data_bus_to_slave_o[0]                                                                                               ; pin_out          ;
; |lab7_bus_rtl_view_top|shared_data_bus_to_slave_o[1]                                                                                               ; |lab7_bus_rtl_view_top|shared_data_bus_to_slave_o[1]                                                                                               ; pin_out          ;
; |lab7_bus_rtl_view_top|shared_data_bus_to_slave_o[2]                                                                                               ; |lab7_bus_rtl_view_top|shared_data_bus_to_slave_o[2]                                                                                               ; pin_out          ;
; |lab7_bus_rtl_view_top|shared_data_bus_to_slave_o[4]                                                                                               ; |lab7_bus_rtl_view_top|shared_data_bus_to_slave_o[4]                                                                                               ; pin_out          ;
; |lab7_bus_rtl_view_top|shared_data_bus_to_slave_o[5]                                                                                               ; |lab7_bus_rtl_view_top|shared_data_bus_to_slave_o[5]                                                                                               ; pin_out          ;
; |lab7_bus_rtl_view_top|shared_data_bus_to_slave_o[6]                                                                                               ; |lab7_bus_rtl_view_top|shared_data_bus_to_slave_o[6]                                                                                               ; pin_out          ;
; |lab7_bus_rtl_view_top|shared_data_bus_to_slave_o[8]                                                                                               ; |lab7_bus_rtl_view_top|shared_data_bus_to_slave_o[8]                                                                                               ; pin_out          ;
; |lab7_bus_rtl_view_top|shared_data_bus_to_slave_o[9]                                                                                               ; |lab7_bus_rtl_view_top|shared_data_bus_to_slave_o[9]                                                                                               ; pin_out          ;
; |lab7_bus_rtl_view_top|shared_data_bus_to_slave_o[10]                                                                                              ; |lab7_bus_rtl_view_top|shared_data_bus_to_slave_o[10]                                                                                              ; pin_out          ;
; |lab7_bus_rtl_view_top|shared_data_bus_to_slave_o[12]                                                                                              ; |lab7_bus_rtl_view_top|shared_data_bus_to_slave_o[12]                                                                                              ; pin_out          ;
; |lab7_bus_rtl_view_top|shared_data_bus_to_slave_o[13]                                                                                              ; |lab7_bus_rtl_view_top|shared_data_bus_to_slave_o[13]                                                                                              ; pin_out          ;
; |lab7_bus_rtl_view_top|shared_data_bus_to_slave_o[14]                                                                                              ; |lab7_bus_rtl_view_top|shared_data_bus_to_slave_o[14]                                                                                              ; pin_out          ;
; |lab7_bus_rtl_view_top|slave_latched_data_from_bus_o[0]                                                                                            ; |lab7_bus_rtl_view_top|slave_latched_data_from_bus_o[0]                                                                                            ; pin_out          ;
; |lab7_bus_rtl_view_top|slave_latched_data_from_bus_o[1]                                                                                            ; |lab7_bus_rtl_view_top|slave_latched_data_from_bus_o[1]                                                                                            ; pin_out          ;
; |lab7_bus_rtl_view_top|slave_latched_data_from_bus_o[2]                                                                                            ; |lab7_bus_rtl_view_top|slave_latched_data_from_bus_o[2]                                                                                            ; pin_out          ;
; |lab7_bus_rtl_view_top|slave_latched_data_from_bus_o[4]                                                                                            ; |lab7_bus_rtl_view_top|slave_latched_data_from_bus_o[4]                                                                                            ; pin_out          ;
; |lab7_bus_rtl_view_top|slave_latched_data_from_bus_o[5]                                                                                            ; |lab7_bus_rtl_view_top|slave_latched_data_from_bus_o[5]                                                                                            ; pin_out          ;
; |lab7_bus_rtl_view_top|slave_latched_data_from_bus_o[6]                                                                                            ; |lab7_bus_rtl_view_top|slave_latched_data_from_bus_o[6]                                                                                            ; pin_out          ;
; |lab7_bus_rtl_view_top|slave_latched_data_from_bus_o[8]                                                                                            ; |lab7_bus_rtl_view_top|slave_latched_data_from_bus_o[8]                                                                                            ; pin_out          ;
; |lab7_bus_rtl_view_top|slave_latched_data_from_bus_o[9]                                                                                            ; |lab7_bus_rtl_view_top|slave_latched_data_from_bus_o[9]                                                                                            ; pin_out          ;
; |lab7_bus_rtl_view_top|slave_latched_data_from_bus_o[10]                                                                                           ; |lab7_bus_rtl_view_top|slave_latched_data_from_bus_o[10]                                                                                           ; pin_out          ;
; |lab7_bus_rtl_view_top|slave_latched_data_from_bus_o[12]                                                                                           ; |lab7_bus_rtl_view_top|slave_latched_data_from_bus_o[12]                                                                                           ; pin_out          ;
; |lab7_bus_rtl_view_top|slave_latched_data_from_bus_o[13]                                                                                           ; |lab7_bus_rtl_view_top|slave_latched_data_from_bus_o[13]                                                                                           ; pin_out          ;
; |lab7_bus_rtl_view_top|slave_latched_data_from_bus_o[14]                                                                                           ; |lab7_bus_rtl_view_top|slave_latched_data_from_bus_o[14]                                                                                           ; pin_out          ;
; |lab7_bus_rtl_view_top|slave_data_valid_strobe_o                                                                                                   ; |lab7_bus_rtl_view_top|slave_data_valid_strobe_o                                                                                                   ; pin_out          ;
; |lab7_bus_rtl_view_top|current_time_quantum_slot_o[0]                                                                                              ; |lab7_bus_rtl_view_top|current_time_quantum_slot_o[0]                                                                                              ; pin_out          ;
; |lab7_bus_rtl_view_top|current_time_quantum_slot_o[1]                                                                                              ; |lab7_bus_rtl_view_top|current_time_quantum_slot_o[1]                                                                                              ; pin_out          ;
; |lab7_bus_rtl_view_top|lab7_bus_top:U_BUS_SYSTEM|slave_sync:U_SLAVE|data_r~1                                                                       ; |lab7_bus_rtl_view_top|lab7_bus_top:U_BUS_SYSTEM|slave_sync:U_SLAVE|data_r~1                                                                       ; out              ;
; |lab7_bus_rtl_view_top|lab7_bus_top:U_BUS_SYSTEM|slave_sync:U_SLAVE|data_r~2                                                                       ; |lab7_bus_rtl_view_top|lab7_bus_top:U_BUS_SYSTEM|slave_sync:U_SLAVE|data_r~2                                                                       ; out              ;
; |lab7_bus_rtl_view_top|lab7_bus_top:U_BUS_SYSTEM|slave_sync:U_SLAVE|data_r~3                                                                       ; |lab7_bus_rtl_view_top|lab7_bus_top:U_BUS_SYSTEM|slave_sync:U_SLAVE|data_r~3                                                                       ; out              ;
; |lab7_bus_rtl_view_top|lab7_bus_top:U_BUS_SYSTEM|slave_sync:U_SLAVE|data_r~5                                                                       ; |lab7_bus_rtl_view_top|lab7_bus_top:U_BUS_SYSTEM|slave_sync:U_SLAVE|data_r~5                                                                       ; out              ;
; |lab7_bus_rtl_view_top|lab7_bus_top:U_BUS_SYSTEM|slave_sync:U_SLAVE|data_r~6                                                                       ; |lab7_bus_rtl_view_top|lab7_bus_top:U_BUS_SYSTEM|slave_sync:U_SLAVE|data_r~6                                                                       ; out              ;
; |lab7_bus_rtl_view_top|lab7_bus_top:U_BUS_SYSTEM|slave_sync:U_SLAVE|data_r~7                                                                       ; |lab7_bus_rtl_view_top|lab7_bus_top:U_BUS_SYSTEM|slave_sync:U_SLAVE|data_r~7                                                                       ; out              ;
; |lab7_bus_rtl_view_top|lab7_bus_top:U_BUS_SYSTEM|slave_sync:U_SLAVE|data_r~9                                                                       ; |lab7_bus_rtl_view_top|lab7_bus_top:U_BUS_SYSTEM|slave_sync:U_SLAVE|data_r~9                                                                       ; out              ;
; |lab7_bus_rtl_view_top|lab7_bus_top:U_BUS_SYSTEM|slave_sync:U_SLAVE|data_r~10                                                                      ; |lab7_bus_rtl_view_top|lab7_bus_top:U_BUS_SYSTEM|slave_sync:U_SLAVE|data_r~10                                                                      ; out              ;
; |lab7_bus_rtl_view_top|lab7_bus_top:U_BUS_SYSTEM|slave_sync:U_SLAVE|data_r~11                                                                      ; |lab7_bus_rtl_view_top|lab7_bus_top:U_BUS_SYSTEM|slave_sync:U_SLAVE|data_r~11                                                                      ; out              ;
; |lab7_bus_rtl_view_top|lab7_bus_top:U_BUS_SYSTEM|slave_sync:U_SLAVE|data_r~13                                                                      ; |lab7_bus_rtl_view_top|lab7_bus_top:U_BUS_SYSTEM|slave_sync:U_SLAVE|data_r~13                                                                      ; out              ;
; |lab7_bus_rtl_view_top|lab7_bus_top:U_BUS_SYSTEM|slave_sync:U_SLAVE|data_r~14                                                                      ; |lab7_bus_rtl_view_top|lab7_bus_top:U_BUS_SYSTEM|slave_sync:U_SLAVE|data_r~14                                                                      ; out              ;
; |lab7_bus_rtl_view_top|lab7_bus_top:U_BUS_SYSTEM|slave_sync:U_SLAVE|data_r~15                                                                      ; |lab7_bus_rtl_view_top|lab7_bus_top:U_BUS_SYSTEM|slave_sync:U_SLAVE|data_r~15                                                                      ; out              ;
; |lab7_bus_rtl_view_top|lab7_bus_top:U_BUS_SYSTEM|slave_sync:U_SLAVE|data_r~17                                                                      ; |lab7_bus_rtl_view_top|lab7_bus_top:U_BUS_SYSTEM|slave_sync:U_SLAVE|data_r~17                                                                      ; out              ;
; |lab7_bus_rtl_view_top|lab7_bus_top:U_BUS_SYSTEM|slave_sync:U_SLAVE|data_r~18                                                                      ; |lab7_bus_rtl_view_top|lab7_bus_top:U_BUS_SYSTEM|slave_sync:U_SLAVE|data_r~18                                                                      ; out              ;
; |lab7_bus_rtl_view_top|lab7_bus_top:U_BUS_SYSTEM|slave_sync:U_SLAVE|data_r~19                                                                      ; |lab7_bus_rtl_view_top|lab7_bus_top:U_BUS_SYSTEM|slave_sync:U_SLAVE|data_r~19                                                                      ; out              ;
; |lab7_bus_rtl_view_top|lab7_bus_top:U_BUS_SYSTEM|slave_sync:U_SLAVE|data_r~21                                                                      ; |lab7_bus_rtl_view_top|lab7_bus_top:U_BUS_SYSTEM|slave_sync:U_SLAVE|data_r~21                                                                      ; out              ;
; |lab7_bus_rtl_view_top|lab7_bus_top:U_BUS_SYSTEM|slave_sync:U_SLAVE|data_r~22                                                                      ; |lab7_bus_rtl_view_top|lab7_bus_top:U_BUS_SYSTEM|slave_sync:U_SLAVE|data_r~22                                                                      ; out              ;
; |lab7_bus_rtl_view_top|lab7_bus_top:U_BUS_SYSTEM|slave_sync:U_SLAVE|data_r~23                                                                      ; |lab7_bus_rtl_view_top|lab7_bus_top:U_BUS_SYSTEM|slave_sync:U_SLAVE|data_r~23                                                                      ; out              ;
; |lab7_bus_rtl_view_top|lab7_bus_top:U_BUS_SYSTEM|slave_sync:U_SLAVE|data_r~25                                                                      ; |lab7_bus_rtl_view_top|lab7_bus_top:U_BUS_SYSTEM|slave_sync:U_SLAVE|data_r~25                                                                      ; out              ;
; |lab7_bus_rtl_view_top|lab7_bus_top:U_BUS_SYSTEM|slave_sync:U_SLAVE|data_r~26                                                                      ; |lab7_bus_rtl_view_top|lab7_bus_top:U_BUS_SYSTEM|slave_sync:U_SLAVE|data_r~26                                                                      ; out              ;
; |lab7_bus_rtl_view_top|lab7_bus_top:U_BUS_SYSTEM|slave_sync:U_SLAVE|data_r~27                                                                      ; |lab7_bus_rtl_view_top|lab7_bus_top:U_BUS_SYSTEM|slave_sync:U_SLAVE|data_r~27                                                                      ; out              ;
; |lab7_bus_rtl_view_top|lab7_bus_top:U_BUS_SYSTEM|slave_sync:U_SLAVE|data_r~29                                                                      ; |lab7_bus_rtl_view_top|lab7_bus_top:U_BUS_SYSTEM|slave_sync:U_SLAVE|data_r~29                                                                      ; out              ;
; |lab7_bus_rtl_view_top|lab7_bus_top:U_BUS_SYSTEM|slave_sync:U_SLAVE|data_r~30                                                                      ; |lab7_bus_rtl_view_top|lab7_bus_top:U_BUS_SYSTEM|slave_sync:U_SLAVE|data_r~30                                                                      ; out              ;
; |lab7_bus_rtl_view_top|lab7_bus_top:U_BUS_SYSTEM|slave_sync:U_SLAVE|data_r~31                                                                      ; |lab7_bus_rtl_view_top|lab7_bus_top:U_BUS_SYSTEM|slave_sync:U_SLAVE|data_r~31                                                                      ; out              ;
; |lab7_bus_rtl_view_top|lab7_bus_top:U_BUS_SYSTEM|slave_sync:U_SLAVE|valid_r~0                                                                      ; |lab7_bus_rtl_view_top|lab7_bus_top:U_BUS_SYSTEM|slave_sync:U_SLAVE|valid_r~0                                                                      ; out              ;
; |lab7_bus_rtl_view_top|lab7_bus_top:U_BUS_SYSTEM|slave_sync:U_SLAVE|valid_r                                                                        ; |lab7_bus_rtl_view_top|lab7_bus_top:U_BUS_SYSTEM|slave_sync:U_SLAVE|valid_r                                                                        ; regout           ;
; |lab7_bus_rtl_view_top|lab7_bus_top:U_BUS_SYSTEM|slave_sync:U_SLAVE|data_r[0]                                                                      ; |lab7_bus_rtl_view_top|lab7_bus_top:U_BUS_SYSTEM|slave_sync:U_SLAVE|data_r[0]                                                                      ; regout           ;
; |lab7_bus_rtl_view_top|lab7_bus_top:U_BUS_SYSTEM|slave_sync:U_SLAVE|data_r[1]                                                                      ; |lab7_bus_rtl_view_top|lab7_bus_top:U_BUS_SYSTEM|slave_sync:U_SLAVE|data_r[1]                                                                      ; regout           ;
; |lab7_bus_rtl_view_top|lab7_bus_top:U_BUS_SYSTEM|slave_sync:U_SLAVE|data_r[2]                                                                      ; |lab7_bus_rtl_view_top|lab7_bus_top:U_BUS_SYSTEM|slave_sync:U_SLAVE|data_r[2]                                                                      ; regout           ;
; |lab7_bus_rtl_view_top|lab7_bus_top:U_BUS_SYSTEM|slave_sync:U_SLAVE|data_r[4]                                                                      ; |lab7_bus_rtl_view_top|lab7_bus_top:U_BUS_SYSTEM|slave_sync:U_SLAVE|data_r[4]                                                                      ; regout           ;
; |lab7_bus_rtl_view_top|lab7_bus_top:U_BUS_SYSTEM|slave_sync:U_SLAVE|data_r[5]                                                                      ; |lab7_bus_rtl_view_top|lab7_bus_top:U_BUS_SYSTEM|slave_sync:U_SLAVE|data_r[5]                                                                      ; regout           ;
; |lab7_bus_rtl_view_top|lab7_bus_top:U_BUS_SYSTEM|slave_sync:U_SLAVE|data_r[6]                                                                      ; |lab7_bus_rtl_view_top|lab7_bus_top:U_BUS_SYSTEM|slave_sync:U_SLAVE|data_r[6]                                                                      ; regout           ;
; |lab7_bus_rtl_view_top|lab7_bus_top:U_BUS_SYSTEM|slave_sync:U_SLAVE|data_r[8]                                                                      ; |lab7_bus_rtl_view_top|lab7_bus_top:U_BUS_SYSTEM|slave_sync:U_SLAVE|data_r[8]                                                                      ; regout           ;
; |lab7_bus_rtl_view_top|lab7_bus_top:U_BUS_SYSTEM|slave_sync:U_SLAVE|data_r[9]                                                                      ; |lab7_bus_rtl_view_top|lab7_bus_top:U_BUS_SYSTEM|slave_sync:U_SLAVE|data_r[9]                                                                      ; regout           ;
; |lab7_bus_rtl_view_top|lab7_bus_top:U_BUS_SYSTEM|slave_sync:U_SLAVE|data_r[10]                                                                     ; |lab7_bus_rtl_view_top|lab7_bus_top:U_BUS_SYSTEM|slave_sync:U_SLAVE|data_r[10]                                                                     ; regout           ;
; |lab7_bus_rtl_view_top|lab7_bus_top:U_BUS_SYSTEM|slave_sync:U_SLAVE|data_r[12]                                                                     ; |lab7_bus_rtl_view_top|lab7_bus_top:U_BUS_SYSTEM|slave_sync:U_SLAVE|data_r[12]                                                                     ; regout           ;
; |lab7_bus_rtl_view_top|lab7_bus_top:U_BUS_SYSTEM|slave_sync:U_SLAVE|data_r[13]                                                                     ; |lab7_bus_rtl_view_top|lab7_bus_top:U_BUS_SYSTEM|slave_sync:U_SLAVE|data_r[13]                                                                     ; regout           ;
; |lab7_bus_rtl_view_top|lab7_bus_top:U_BUS_SYSTEM|slave_sync:U_SLAVE|data_r[14]                                                                     ; |lab7_bus_rtl_view_top|lab7_bus_top:U_BUS_SYSTEM|slave_sync:U_SLAVE|data_r[14]                                                                     ; regout           ;
; |lab7_bus_rtl_view_top|lab7_bus_top:U_BUS_SYSTEM|bus_mux_4:U_BUS|bus_o~17                                                                          ; |lab7_bus_rtl_view_top|lab7_bus_top:U_BUS_SYSTEM|bus_mux_4:U_BUS|bus_o~17                                                                          ; out              ;
; |lab7_bus_rtl_view_top|lab7_bus_top:U_BUS_SYSTEM|bus_mux_4:U_BUS|bus_o~21                                                                          ; |lab7_bus_rtl_view_top|lab7_bus_top:U_BUS_SYSTEM|bus_mux_4:U_BUS|bus_o~21                                                                          ; out              ;
; |lab7_bus_rtl_view_top|lab7_bus_top:U_BUS_SYSTEM|bus_mux_4:U_BUS|bus_o~25                                                                          ; |lab7_bus_rtl_view_top|lab7_bus_top:U_BUS_SYSTEM|bus_mux_4:U_BUS|bus_o~25                                                                          ; out              ;
; |lab7_bus_rtl_view_top|lab7_bus_top:U_BUS_SYSTEM|bus_mux_4:U_BUS|bus_o~29                                                                          ; |lab7_bus_rtl_view_top|lab7_bus_top:U_BUS_SYSTEM|bus_mux_4:U_BUS|bus_o~29                                                                          ; out              ;
; |lab7_bus_rtl_view_top|lab7_bus_top:U_BUS_SYSTEM|bus_mux_4:U_BUS|bus_o~33                                                                          ; |lab7_bus_rtl_view_top|lab7_bus_top:U_BUS_SYSTEM|bus_mux_4:U_BUS|bus_o~33                                                                          ; out              ;
; |lab7_bus_rtl_view_top|lab7_bus_top:U_BUS_SYSTEM|bus_mux_4:U_BUS|bus_o~34                                                                          ; |lab7_bus_rtl_view_top|lab7_bus_top:U_BUS_SYSTEM|bus_mux_4:U_BUS|bus_o~34                                                                          ; out              ;
; |lab7_bus_rtl_view_top|lab7_bus_top:U_BUS_SYSTEM|bus_mux_4:U_BUS|bus_o~35                                                                          ; |lab7_bus_rtl_view_top|lab7_bus_top:U_BUS_SYSTEM|bus_mux_4:U_BUS|bus_o~35                                                                          ; out              ;
; |lab7_bus_rtl_view_top|lab7_bus_top:U_BUS_SYSTEM|bus_mux_4:U_BUS|bus_o~37                                                                          ; |lab7_bus_rtl_view_top|lab7_bus_top:U_BUS_SYSTEM|bus_mux_4:U_BUS|bus_o~37                                                                          ; out              ;
; |lab7_bus_rtl_view_top|lab7_bus_top:U_BUS_SYSTEM|bus_mux_4:U_BUS|bus_o~38                                                                          ; |lab7_bus_rtl_view_top|lab7_bus_top:U_BUS_SYSTEM|bus_mux_4:U_BUS|bus_o~38                                                                          ; out              ;
; |lab7_bus_rtl_view_top|lab7_bus_top:U_BUS_SYSTEM|bus_mux_4:U_BUS|bus_o~39                                                                          ; |lab7_bus_rtl_view_top|lab7_bus_top:U_BUS_SYSTEM|bus_mux_4:U_BUS|bus_o~39                                                                          ; out              ;
; |lab7_bus_rtl_view_top|lab7_bus_top:U_BUS_SYSTEM|bus_mux_4:U_BUS|bus_o~41                                                                          ; |lab7_bus_rtl_view_top|lab7_bus_top:U_BUS_SYSTEM|bus_mux_4:U_BUS|bus_o~41                                                                          ; out              ;
; |lab7_bus_rtl_view_top|lab7_bus_top:U_BUS_SYSTEM|bus_mux_4:U_BUS|bus_o~42                                                                          ; |lab7_bus_rtl_view_top|lab7_bus_top:U_BUS_SYSTEM|bus_mux_4:U_BUS|bus_o~42                                                                          ; out              ;
; |lab7_bus_rtl_view_top|lab7_bus_top:U_BUS_SYSTEM|bus_mux_4:U_BUS|bus_o~43                                                                          ; |lab7_bus_rtl_view_top|lab7_bus_top:U_BUS_SYSTEM|bus_mux_4:U_BUS|bus_o~43                                                                          ; out              ;
; |lab7_bus_rtl_view_top|lab7_bus_top:U_BUS_SYSTEM|bus_mux_4:U_BUS|bus_o~45                                                                          ; |lab7_bus_rtl_view_top|lab7_bus_top:U_BUS_SYSTEM|bus_mux_4:U_BUS|bus_o~45                                                                          ; out              ;
; |lab7_bus_rtl_view_top|lab7_bus_top:U_BUS_SYSTEM|bus_mux_4:U_BUS|bus_o~46                                                                          ; |lab7_bus_rtl_view_top|lab7_bus_top:U_BUS_SYSTEM|bus_mux_4:U_BUS|bus_o~46                                                                          ; out              ;
; |lab7_bus_rtl_view_top|lab7_bus_top:U_BUS_SYSTEM|bus_mux_4:U_BUS|bus_o~47                                                                          ; |lab7_bus_rtl_view_top|lab7_bus_top:U_BUS_SYSTEM|bus_mux_4:U_BUS|bus_o~47                                                                          ; out              ;
; |lab7_bus_rtl_view_top|lab7_bus_top:U_BUS_SYSTEM|bus_mux_4:U_BUS|bus_o[14]                                                                         ; |lab7_bus_rtl_view_top|lab7_bus_top:U_BUS_SYSTEM|bus_mux_4:U_BUS|bus_o[14]                                                                         ; out              ;
; |lab7_bus_rtl_view_top|lab7_bus_top:U_BUS_SYSTEM|bus_mux_4:U_BUS|bus_o[13]                                                                         ; |lab7_bus_rtl_view_top|lab7_bus_top:U_BUS_SYSTEM|bus_mux_4:U_BUS|bus_o[13]                                                                         ; out              ;
; |lab7_bus_rtl_view_top|lab7_bus_top:U_BUS_SYSTEM|bus_mux_4:U_BUS|bus_o[12]                                                                         ; |lab7_bus_rtl_view_top|lab7_bus_top:U_BUS_SYSTEM|bus_mux_4:U_BUS|bus_o[12]                                                                         ; out              ;
; |lab7_bus_rtl_view_top|lab7_bus_top:U_BUS_SYSTEM|bus_mux_4:U_BUS|bus_o[10]                                                                         ; |lab7_bus_rtl_view_top|lab7_bus_top:U_BUS_SYSTEM|bus_mux_4:U_BUS|bus_o[10]                                                                         ; out              ;
; |lab7_bus_rtl_view_top|lab7_bus_top:U_BUS_SYSTEM|bus_mux_4:U_BUS|bus_o[9]                                                                          ; |lab7_bus_rtl_view_top|lab7_bus_top:U_BUS_SYSTEM|bus_mux_4:U_BUS|bus_o[9]                                                                          ; out              ;
; |lab7_bus_rtl_view_top|lab7_bus_top:U_BUS_SYSTEM|bus_mux_4:U_BUS|bus_o[8]                                                                          ; |lab7_bus_rtl_view_top|lab7_bus_top:U_BUS_SYSTEM|bus_mux_4:U_BUS|bus_o[8]                                                                          ; out              ;
; |lab7_bus_rtl_view_top|lab7_bus_top:U_BUS_SYSTEM|bus_mux_4:U_BUS|bus_o[6]                                                                          ; |lab7_bus_rtl_view_top|lab7_bus_top:U_BUS_SYSTEM|bus_mux_4:U_BUS|bus_o[6]                                                                          ; out              ;
; |lab7_bus_rtl_view_top|lab7_bus_top:U_BUS_SYSTEM|bus_mux_4:U_BUS|bus_o[5]                                                                          ; |lab7_bus_rtl_view_top|lab7_bus_top:U_BUS_SYSTEM|bus_mux_4:U_BUS|bus_o[5]                                                                          ; out              ;
; |lab7_bus_rtl_view_top|lab7_bus_top:U_BUS_SYSTEM|bus_mux_4:U_BUS|bus_o[4]                                                                          ; |lab7_bus_rtl_view_top|lab7_bus_top:U_BUS_SYSTEM|bus_mux_4:U_BUS|bus_o[4]                                                                          ; out              ;
; |lab7_bus_rtl_view_top|lab7_bus_top:U_BUS_SYSTEM|bus_mux_4:U_BUS|bus_o[2]                                                                          ; |lab7_bus_rtl_view_top|lab7_bus_top:U_BUS_SYSTEM|bus_mux_4:U_BUS|bus_o[2]                                                                          ; out              ;
; |lab7_bus_rtl_view_top|lab7_bus_top:U_BUS_SYSTEM|bus_mux_4:U_BUS|bus_o[1]                                                                          ; |lab7_bus_rtl_view_top|lab7_bus_top:U_BUS_SYSTEM|bus_mux_4:U_BUS|bus_o[1]                                                                          ; out              ;
; |lab7_bus_rtl_view_top|lab7_bus_top:U_BUS_SYSTEM|bus_mux_4:U_BUS|bus_o[0]                                                                          ; |lab7_bus_rtl_view_top|lab7_bus_top:U_BUS_SYSTEM|bus_mux_4:U_BUS|bus_o[0]                                                                          ; out              ;
; |lab7_bus_rtl_view_top|lab7_bus_top:U_BUS_SYSTEM|bus_arbiter_parallel_quantum:U_ARBITER|grant_o[3]                                                 ; |lab7_bus_rtl_view_top|lab7_bus_top:U_BUS_SYSTEM|bus_arbiter_parallel_quantum:U_ARBITER|grant_o[3]                                                 ; out              ;
; |lab7_bus_rtl_view_top|lab7_bus_top:U_BUS_SYSTEM|bus_arbiter_parallel_quantum:U_ARBITER|grant_o[2]                                                 ; |lab7_bus_rtl_view_top|lab7_bus_top:U_BUS_SYSTEM|bus_arbiter_parallel_quantum:U_ARBITER|grant_o[2]                                                 ; out              ;
; |lab7_bus_rtl_view_top|lab7_bus_top:U_BUS_SYSTEM|bus_arbiter_parallel_quantum:U_ARBITER|grant_o[1]                                                 ; |lab7_bus_rtl_view_top|lab7_bus_top:U_BUS_SYSTEM|bus_arbiter_parallel_quantum:U_ARBITER|grant_o[1]                                                 ; out              ;
; |lab7_bus_rtl_view_top|lab7_bus_top:U_BUS_SYSTEM|bus_arbiter_parallel_quantum:U_ARBITER|grant_o[0]                                                 ; |lab7_bus_rtl_view_top|lab7_bus_top:U_BUS_SYSTEM|bus_arbiter_parallel_quantum:U_ARBITER|grant_o[0]                                                 ; out              ;
; |lab7_bus_rtl_view_top|lab7_bus_top:U_BUS_SYSTEM|bus_arbiter_parallel_quantum:U_ARBITER|slot_r~0                                                   ; |lab7_bus_rtl_view_top|lab7_bus_top:U_BUS_SYSTEM|bus_arbiter_parallel_quantum:U_ARBITER|slot_r~0                                                   ; out              ;
; |lab7_bus_rtl_view_top|lab7_bus_top:U_BUS_SYSTEM|bus_arbiter_parallel_quantum:U_ARBITER|slot_r~1                                                   ; |lab7_bus_rtl_view_top|lab7_bus_top:U_BUS_SYSTEM|bus_arbiter_parallel_quantum:U_ARBITER|slot_r~1                                                   ; out              ;
; |lab7_bus_rtl_view_top|lab7_bus_top:U_BUS_SYSTEM|bus_arbiter_parallel_quantum:U_ARBITER|slot_r~2                                                   ; |lab7_bus_rtl_view_top|lab7_bus_top:U_BUS_SYSTEM|bus_arbiter_parallel_quantum:U_ARBITER|slot_r~2                                                   ; out              ;
; |lab7_bus_rtl_view_top|lab7_bus_top:U_BUS_SYSTEM|bus_arbiter_parallel_quantum:U_ARBITER|slot_r~3                                                   ; |lab7_bus_rtl_view_top|lab7_bus_top:U_BUS_SYSTEM|bus_arbiter_parallel_quantum:U_ARBITER|slot_r~3                                                   ; out              ;
; |lab7_bus_rtl_view_top|lab7_bus_top:U_BUS_SYSTEM|bus_arbiter_parallel_quantum:U_ARBITER|quantum_r~1                                                ; |lab7_bus_rtl_view_top|lab7_bus_top:U_BUS_SYSTEM|bus_arbiter_parallel_quantum:U_ARBITER|quantum_r~1                                                ; out              ;
; |lab7_bus_rtl_view_top|lab7_bus_top:U_BUS_SYSTEM|bus_arbiter_parallel_quantum:U_ARBITER|quantum_r                                                  ; |lab7_bus_rtl_view_top|lab7_bus_top:U_BUS_SYSTEM|bus_arbiter_parallel_quantum:U_ARBITER|quantum_r                                                  ; regout           ;
; |lab7_bus_rtl_view_top|lab7_bus_top:U_BUS_SYSTEM|bus_arbiter_parallel_quantum:U_ARBITER|slot_r[0]                                                  ; |lab7_bus_rtl_view_top|lab7_bus_top:U_BUS_SYSTEM|bus_arbiter_parallel_quantum:U_ARBITER|slot_r[0]                                                  ; regout           ;
; |lab7_bus_rtl_view_top|lab7_bus_top:U_BUS_SYSTEM|bus_arbiter_parallel_quantum:U_ARBITER|slot_r[1]                                                  ; |lab7_bus_rtl_view_top|lab7_bus_top:U_BUS_SYSTEM|bus_arbiter_parallel_quantum:U_ARBITER|slot_r[1]                                                  ; regout           ;
; |lab7_bus_rtl_view_top|lab7_bus_top:U_BUS_SYSTEM|master_device:U_MASTER3|req_o                                                                     ; |lab7_bus_rtl_view_top|lab7_bus_top:U_BUS_SYSTEM|master_device:U_MASTER3|req_o                                                                     ; out0             ;
; |lab7_bus_rtl_view_top|lab7_bus_top:U_BUS_SYSTEM|master_device:U_MASTER3|cycle_r~4                                                                 ; |lab7_bus_rtl_view_top|lab7_bus_top:U_BUS_SYSTEM|master_device:U_MASTER3|cycle_r~4                                                                 ; out              ;
; |lab7_bus_rtl_view_top|lab7_bus_top:U_BUS_SYSTEM|master_device:U_MASTER3|cycle_r~5                                                                 ; |lab7_bus_rtl_view_top|lab7_bus_top:U_BUS_SYSTEM|master_device:U_MASTER3|cycle_r~5                                                                 ; out              ;
; |lab7_bus_rtl_view_top|lab7_bus_top:U_BUS_SYSTEM|master_device:U_MASTER3|cycle_r~6                                                                 ; |lab7_bus_rtl_view_top|lab7_bus_top:U_BUS_SYSTEM|master_device:U_MASTER3|cycle_r~6                                                                 ; out              ;
; |lab7_bus_rtl_view_top|lab7_bus_top:U_BUS_SYSTEM|master_device:U_MASTER3|cycle_r~7                                                                 ; |lab7_bus_rtl_view_top|lab7_bus_top:U_BUS_SYSTEM|master_device:U_MASTER3|cycle_r~7                                                                 ; out              ;
; |lab7_bus_rtl_view_top|lab7_bus_top:U_BUS_SYSTEM|master_device:U_MASTER3|used_r~0                                                                  ; |lab7_bus_rtl_view_top|lab7_bus_top:U_BUS_SYSTEM|master_device:U_MASTER3|used_r~0                                                                  ; out              ;
; |lab7_bus_rtl_view_top|lab7_bus_top:U_BUS_SYSTEM|master_device:U_MASTER3|cycle_r~12                                                                ; |lab7_bus_rtl_view_top|lab7_bus_top:U_BUS_SYSTEM|master_device:U_MASTER3|cycle_r~12                                                                ; out              ;
; |lab7_bus_rtl_view_top|lab7_bus_top:U_BUS_SYSTEM|master_device:U_MASTER3|cycle_r~13                                                                ; |lab7_bus_rtl_view_top|lab7_bus_top:U_BUS_SYSTEM|master_device:U_MASTER3|cycle_r~13                                                                ; out              ;
; |lab7_bus_rtl_view_top|lab7_bus_top:U_BUS_SYSTEM|master_device:U_MASTER3|cycle_r~14                                                                ; |lab7_bus_rtl_view_top|lab7_bus_top:U_BUS_SYSTEM|master_device:U_MASTER3|cycle_r~14                                                                ; out              ;
; |lab7_bus_rtl_view_top|lab7_bus_top:U_BUS_SYSTEM|master_device:U_MASTER3|cycle_r~15                                                                ; |lab7_bus_rtl_view_top|lab7_bus_top:U_BUS_SYSTEM|master_device:U_MASTER3|cycle_r~15                                                                ; out              ;
; |lab7_bus_rtl_view_top|lab7_bus_top:U_BUS_SYSTEM|master_device:U_MASTER3|used_r~1                                                                  ; |lab7_bus_rtl_view_top|lab7_bus_top:U_BUS_SYSTEM|master_device:U_MASTER3|used_r~1                                                                  ; out              ;
; |lab7_bus_rtl_view_top|lab7_bus_top:U_BUS_SYSTEM|master_device:U_MASTER3|cycle_r[0]                                                                ; |lab7_bus_rtl_view_top|lab7_bus_top:U_BUS_SYSTEM|master_device:U_MASTER3|cycle_r[0]                                                                ; regout           ;
; |lab7_bus_rtl_view_top|lab7_bus_top:U_BUS_SYSTEM|master_device:U_MASTER3|cycle_r[1]                                                                ; |lab7_bus_rtl_view_top|lab7_bus_top:U_BUS_SYSTEM|master_device:U_MASTER3|cycle_r[1]                                                                ; regout           ;
; |lab7_bus_rtl_view_top|lab7_bus_top:U_BUS_SYSTEM|master_device:U_MASTER3|cycle_r[2]                                                                ; |lab7_bus_rtl_view_top|lab7_bus_top:U_BUS_SYSTEM|master_device:U_MASTER3|cycle_r[2]                                                                ; regout           ;
; |lab7_bus_rtl_view_top|lab7_bus_top:U_BUS_SYSTEM|master_device:U_MASTER3|cycle_r[3]                                                                ; |lab7_bus_rtl_view_top|lab7_bus_top:U_BUS_SYSTEM|master_device:U_MASTER3|cycle_r[3]                                                                ; regout           ;
; |lab7_bus_rtl_view_top|lab7_bus_top:U_BUS_SYSTEM|master_device:U_MASTER2|req_o                                                                     ; |lab7_bus_rtl_view_top|lab7_bus_top:U_BUS_SYSTEM|master_device:U_MASTER2|req_o                                                                     ; out0             ;
; |lab7_bus_rtl_view_top|lab7_bus_top:U_BUS_SYSTEM|master_device:U_MASTER2|cycle_r~4                                                                 ; |lab7_bus_rtl_view_top|lab7_bus_top:U_BUS_SYSTEM|master_device:U_MASTER2|cycle_r~4                                                                 ; out              ;
; |lab7_bus_rtl_view_top|lab7_bus_top:U_BUS_SYSTEM|master_device:U_MASTER2|cycle_r~5                                                                 ; |lab7_bus_rtl_view_top|lab7_bus_top:U_BUS_SYSTEM|master_device:U_MASTER2|cycle_r~5                                                                 ; out              ;
; |lab7_bus_rtl_view_top|lab7_bus_top:U_BUS_SYSTEM|master_device:U_MASTER2|cycle_r~6                                                                 ; |lab7_bus_rtl_view_top|lab7_bus_top:U_BUS_SYSTEM|master_device:U_MASTER2|cycle_r~6                                                                 ; out              ;
; |lab7_bus_rtl_view_top|lab7_bus_top:U_BUS_SYSTEM|master_device:U_MASTER2|cycle_r~7                                                                 ; |lab7_bus_rtl_view_top|lab7_bus_top:U_BUS_SYSTEM|master_device:U_MASTER2|cycle_r~7                                                                 ; out              ;
; |lab7_bus_rtl_view_top|lab7_bus_top:U_BUS_SYSTEM|master_device:U_MASTER2|used_r~0                                                                  ; |lab7_bus_rtl_view_top|lab7_bus_top:U_BUS_SYSTEM|master_device:U_MASTER2|used_r~0                                                                  ; out              ;
; |lab7_bus_rtl_view_top|lab7_bus_top:U_BUS_SYSTEM|master_device:U_MASTER2|cycle_r~12                                                                ; |lab7_bus_rtl_view_top|lab7_bus_top:U_BUS_SYSTEM|master_device:U_MASTER2|cycle_r~12                                                                ; out              ;
; |lab7_bus_rtl_view_top|lab7_bus_top:U_BUS_SYSTEM|master_device:U_MASTER2|cycle_r~13                                                                ; |lab7_bus_rtl_view_top|lab7_bus_top:U_BUS_SYSTEM|master_device:U_MASTER2|cycle_r~13                                                                ; out              ;
; |lab7_bus_rtl_view_top|lab7_bus_top:U_BUS_SYSTEM|master_device:U_MASTER2|cycle_r~14                                                                ; |lab7_bus_rtl_view_top|lab7_bus_top:U_BUS_SYSTEM|master_device:U_MASTER2|cycle_r~14                                                                ; out              ;
; |lab7_bus_rtl_view_top|lab7_bus_top:U_BUS_SYSTEM|master_device:U_MASTER2|cycle_r~15                                                                ; |lab7_bus_rtl_view_top|lab7_bus_top:U_BUS_SYSTEM|master_device:U_MASTER2|cycle_r~15                                                                ; out              ;
; |lab7_bus_rtl_view_top|lab7_bus_top:U_BUS_SYSTEM|master_device:U_MASTER2|used_r~1                                                                  ; |lab7_bus_rtl_view_top|lab7_bus_top:U_BUS_SYSTEM|master_device:U_MASTER2|used_r~1                                                                  ; out              ;
; |lab7_bus_rtl_view_top|lab7_bus_top:U_BUS_SYSTEM|master_device:U_MASTER2|cycle_r[0]                                                                ; |lab7_bus_rtl_view_top|lab7_bus_top:U_BUS_SYSTEM|master_device:U_MASTER2|cycle_r[0]                                                                ; regout           ;
; |lab7_bus_rtl_view_top|lab7_bus_top:U_BUS_SYSTEM|master_device:U_MASTER2|cycle_r[1]                                                                ; |lab7_bus_rtl_view_top|lab7_bus_top:U_BUS_SYSTEM|master_device:U_MASTER2|cycle_r[1]                                                                ; regout           ;
; |lab7_bus_rtl_view_top|lab7_bus_top:U_BUS_SYSTEM|master_device:U_MASTER2|cycle_r[2]                                                                ; |lab7_bus_rtl_view_top|lab7_bus_top:U_BUS_SYSTEM|master_device:U_MASTER2|cycle_r[2]                                                                ; regout           ;
; |lab7_bus_rtl_view_top|lab7_bus_top:U_BUS_SYSTEM|master_device:U_MASTER2|cycle_r[3]                                                                ; |lab7_bus_rtl_view_top|lab7_bus_top:U_BUS_SYSTEM|master_device:U_MASTER2|cycle_r[3]                                                                ; regout           ;
; |lab7_bus_rtl_view_top|lab7_bus_top:U_BUS_SYSTEM|master_device:U_MASTER1|req_o                                                                     ; |lab7_bus_rtl_view_top|lab7_bus_top:U_BUS_SYSTEM|master_device:U_MASTER1|req_o                                                                     ; out0             ;
; |lab7_bus_rtl_view_top|lab7_bus_top:U_BUS_SYSTEM|master_device:U_MASTER1|cycle_r~4                                                                 ; |lab7_bus_rtl_view_top|lab7_bus_top:U_BUS_SYSTEM|master_device:U_MASTER1|cycle_r~4                                                                 ; out              ;
; |lab7_bus_rtl_view_top|lab7_bus_top:U_BUS_SYSTEM|master_device:U_MASTER1|cycle_r~5                                                                 ; |lab7_bus_rtl_view_top|lab7_bus_top:U_BUS_SYSTEM|master_device:U_MASTER1|cycle_r~5                                                                 ; out              ;
; |lab7_bus_rtl_view_top|lab7_bus_top:U_BUS_SYSTEM|master_device:U_MASTER1|cycle_r~6                                                                 ; |lab7_bus_rtl_view_top|lab7_bus_top:U_BUS_SYSTEM|master_device:U_MASTER1|cycle_r~6                                                                 ; out              ;
; |lab7_bus_rtl_view_top|lab7_bus_top:U_BUS_SYSTEM|master_device:U_MASTER1|cycle_r~7                                                                 ; |lab7_bus_rtl_view_top|lab7_bus_top:U_BUS_SYSTEM|master_device:U_MASTER1|cycle_r~7                                                                 ; out              ;
; |lab7_bus_rtl_view_top|lab7_bus_top:U_BUS_SYSTEM|master_device:U_MASTER1|used_r~0                                                                  ; |lab7_bus_rtl_view_top|lab7_bus_top:U_BUS_SYSTEM|master_device:U_MASTER1|used_r~0                                                                  ; out              ;
; |lab7_bus_rtl_view_top|lab7_bus_top:U_BUS_SYSTEM|master_device:U_MASTER1|cycle_r~12                                                                ; |lab7_bus_rtl_view_top|lab7_bus_top:U_BUS_SYSTEM|master_device:U_MASTER1|cycle_r~12                                                                ; out              ;
; |lab7_bus_rtl_view_top|lab7_bus_top:U_BUS_SYSTEM|master_device:U_MASTER1|cycle_r~13                                                                ; |lab7_bus_rtl_view_top|lab7_bus_top:U_BUS_SYSTEM|master_device:U_MASTER1|cycle_r~13                                                                ; out              ;
; |lab7_bus_rtl_view_top|lab7_bus_top:U_BUS_SYSTEM|master_device:U_MASTER1|cycle_r~14                                                                ; |lab7_bus_rtl_view_top|lab7_bus_top:U_BUS_SYSTEM|master_device:U_MASTER1|cycle_r~14                                                                ; out              ;
; |lab7_bus_rtl_view_top|lab7_bus_top:U_BUS_SYSTEM|master_device:U_MASTER1|cycle_r~15                                                                ; |lab7_bus_rtl_view_top|lab7_bus_top:U_BUS_SYSTEM|master_device:U_MASTER1|cycle_r~15                                                                ; out              ;
; |lab7_bus_rtl_view_top|lab7_bus_top:U_BUS_SYSTEM|master_device:U_MASTER1|used_r~1                                                                  ; |lab7_bus_rtl_view_top|lab7_bus_top:U_BUS_SYSTEM|master_device:U_MASTER1|used_r~1                                                                  ; out              ;
; |lab7_bus_rtl_view_top|lab7_bus_top:U_BUS_SYSTEM|master_device:U_MASTER1|cycle_r[0]                                                                ; |lab7_bus_rtl_view_top|lab7_bus_top:U_BUS_SYSTEM|master_device:U_MASTER1|cycle_r[0]                                                                ; regout           ;
; |lab7_bus_rtl_view_top|lab7_bus_top:U_BUS_SYSTEM|master_device:U_MASTER1|cycle_r[1]                                                                ; |lab7_bus_rtl_view_top|lab7_bus_top:U_BUS_SYSTEM|master_device:U_MASTER1|cycle_r[1]                                                                ; regout           ;
; |lab7_bus_rtl_view_top|lab7_bus_top:U_BUS_SYSTEM|master_device:U_MASTER1|cycle_r[2]                                                                ; |lab7_bus_rtl_view_top|lab7_bus_top:U_BUS_SYSTEM|master_device:U_MASTER1|cycle_r[2]                                                                ; regout           ;
; |lab7_bus_rtl_view_top|lab7_bus_top:U_BUS_SYSTEM|master_device:U_MASTER1|cycle_r[3]                                                                ; |lab7_bus_rtl_view_top|lab7_bus_top:U_BUS_SYSTEM|master_device:U_MASTER1|cycle_r[3]                                                                ; regout           ;
; |lab7_bus_rtl_view_top|lab7_bus_top:U_BUS_SYSTEM|master_device:U_MASTER0|req_o                                                                     ; |lab7_bus_rtl_view_top|lab7_bus_top:U_BUS_SYSTEM|master_device:U_MASTER0|req_o                                                                     ; out0             ;
; |lab7_bus_rtl_view_top|lab7_bus_top:U_BUS_SYSTEM|master_device:U_MASTER0|cycle_r~4                                                                 ; |lab7_bus_rtl_view_top|lab7_bus_top:U_BUS_SYSTEM|master_device:U_MASTER0|cycle_r~4                                                                 ; out              ;
; |lab7_bus_rtl_view_top|lab7_bus_top:U_BUS_SYSTEM|master_device:U_MASTER0|cycle_r~5                                                                 ; |lab7_bus_rtl_view_top|lab7_bus_top:U_BUS_SYSTEM|master_device:U_MASTER0|cycle_r~5                                                                 ; out              ;
; |lab7_bus_rtl_view_top|lab7_bus_top:U_BUS_SYSTEM|master_device:U_MASTER0|cycle_r~6                                                                 ; |lab7_bus_rtl_view_top|lab7_bus_top:U_BUS_SYSTEM|master_device:U_MASTER0|cycle_r~6                                                                 ; out              ;
; |lab7_bus_rtl_view_top|lab7_bus_top:U_BUS_SYSTEM|master_device:U_MASTER0|cycle_r~7                                                                 ; |lab7_bus_rtl_view_top|lab7_bus_top:U_BUS_SYSTEM|master_device:U_MASTER0|cycle_r~7                                                                 ; out              ;
; |lab7_bus_rtl_view_top|lab7_bus_top:U_BUS_SYSTEM|master_device:U_MASTER0|cycle_r~12                                                                ; |lab7_bus_rtl_view_top|lab7_bus_top:U_BUS_SYSTEM|master_device:U_MASTER0|cycle_r~12                                                                ; out              ;
; |lab7_bus_rtl_view_top|lab7_bus_top:U_BUS_SYSTEM|master_device:U_MASTER0|cycle_r~13                                                                ; |lab7_bus_rtl_view_top|lab7_bus_top:U_BUS_SYSTEM|master_device:U_MASTER0|cycle_r~13                                                                ; out              ;
; |lab7_bus_rtl_view_top|lab7_bus_top:U_BUS_SYSTEM|master_device:U_MASTER0|cycle_r~14                                                                ; |lab7_bus_rtl_view_top|lab7_bus_top:U_BUS_SYSTEM|master_device:U_MASTER0|cycle_r~14                                                                ; out              ;
; |lab7_bus_rtl_view_top|lab7_bus_top:U_BUS_SYSTEM|master_device:U_MASTER0|cycle_r~15                                                                ; |lab7_bus_rtl_view_top|lab7_bus_top:U_BUS_SYSTEM|master_device:U_MASTER0|cycle_r~15                                                                ; out              ;
; |lab7_bus_rtl_view_top|lab7_bus_top:U_BUS_SYSTEM|master_device:U_MASTER0|cycle_r[0]                                                                ; |lab7_bus_rtl_view_top|lab7_bus_top:U_BUS_SYSTEM|master_device:U_MASTER0|cycle_r[0]                                                                ; regout           ;
; |lab7_bus_rtl_view_top|lab7_bus_top:U_BUS_SYSTEM|master_device:U_MASTER0|cycle_r[1]                                                                ; |lab7_bus_rtl_view_top|lab7_bus_top:U_BUS_SYSTEM|master_device:U_MASTER0|cycle_r[1]                                                                ; regout           ;
; |lab7_bus_rtl_view_top|lab7_bus_top:U_BUS_SYSTEM|master_device:U_MASTER0|cycle_r[2]                                                                ; |lab7_bus_rtl_view_top|lab7_bus_top:U_BUS_SYSTEM|master_device:U_MASTER0|cycle_r[2]                                                                ; regout           ;
; |lab7_bus_rtl_view_top|lab7_bus_top:U_BUS_SYSTEM|master_device:U_MASTER0|cycle_r[3]                                                                ; |lab7_bus_rtl_view_top|lab7_bus_top:U_BUS_SYSTEM|master_device:U_MASTER0|cycle_r[3]                                                                ; regout           ;
; |lab7_bus_rtl_view_top|lab7_bus_top:U_BUS_SYSTEM|bus_arbiter_parallel_quantum:U_ARBITER|Decoder0~0                                                 ; |lab7_bus_rtl_view_top|lab7_bus_top:U_BUS_SYSTEM|bus_arbiter_parallel_quantum:U_ARBITER|Decoder0~0                                                 ; out0             ;
; |lab7_bus_rtl_view_top|lab7_bus_top:U_BUS_SYSTEM|bus_arbiter_parallel_quantum:U_ARBITER|Decoder0~1                                                 ; |lab7_bus_rtl_view_top|lab7_bus_top:U_BUS_SYSTEM|bus_arbiter_parallel_quantum:U_ARBITER|Decoder0~1                                                 ; out0             ;
; |lab7_bus_rtl_view_top|lab7_bus_top:U_BUS_SYSTEM|bus_arbiter_parallel_quantum:U_ARBITER|Decoder0~2                                                 ; |lab7_bus_rtl_view_top|lab7_bus_top:U_BUS_SYSTEM|bus_arbiter_parallel_quantum:U_ARBITER|Decoder0~2                                                 ; out0             ;
; |lab7_bus_rtl_view_top|lab7_bus_top:U_BUS_SYSTEM|bus_arbiter_parallel_quantum:U_ARBITER|Decoder0~3                                                 ; |lab7_bus_rtl_view_top|lab7_bus_top:U_BUS_SYSTEM|bus_arbiter_parallel_quantum:U_ARBITER|Decoder0~3                                                 ; out0             ;
; |lab7_bus_rtl_view_top|lab7_bus_top:U_BUS_SYSTEM|master_device:U_MASTER3|LessThan0~0                                                               ; |lab7_bus_rtl_view_top|lab7_bus_top:U_BUS_SYSTEM|master_device:U_MASTER3|LessThan0~0                                                               ; out0             ;
; |lab7_bus_rtl_view_top|lab7_bus_top:U_BUS_SYSTEM|master_device:U_MASTER3|LessThan0~1                                                               ; |lab7_bus_rtl_view_top|lab7_bus_top:U_BUS_SYSTEM|master_device:U_MASTER3|LessThan0~1                                                               ; out0             ;
; |lab7_bus_rtl_view_top|lab7_bus_top:U_BUS_SYSTEM|master_device:U_MASTER3|LessThan0~2                                                               ; |lab7_bus_rtl_view_top|lab7_bus_top:U_BUS_SYSTEM|master_device:U_MASTER3|LessThan0~2                                                               ; out0             ;
; |lab7_bus_rtl_view_top|lab7_bus_top:U_BUS_SYSTEM|master_device:U_MASTER3|LessThan0~4                                                               ; |lab7_bus_rtl_view_top|lab7_bus_top:U_BUS_SYSTEM|master_device:U_MASTER3|LessThan0~4                                                               ; out0             ;
; |lab7_bus_rtl_view_top|lab7_bus_top:U_BUS_SYSTEM|master_device:U_MASTER3|LessThan2~0                                                               ; |lab7_bus_rtl_view_top|lab7_bus_top:U_BUS_SYSTEM|master_device:U_MASTER3|LessThan2~0                                                               ; out0             ;
; |lab7_bus_rtl_view_top|lab7_bus_top:U_BUS_SYSTEM|master_device:U_MASTER3|LessThan2~1                                                               ; |lab7_bus_rtl_view_top|lab7_bus_top:U_BUS_SYSTEM|master_device:U_MASTER3|LessThan2~1                                                               ; out0             ;
; |lab7_bus_rtl_view_top|lab7_bus_top:U_BUS_SYSTEM|master_device:U_MASTER3|LessThan2~2                                                               ; |lab7_bus_rtl_view_top|lab7_bus_top:U_BUS_SYSTEM|master_device:U_MASTER3|LessThan2~2                                                               ; out0             ;
; |lab7_bus_rtl_view_top|lab7_bus_top:U_BUS_SYSTEM|master_device:U_MASTER3|LessThan2~3                                                               ; |lab7_bus_rtl_view_top|lab7_bus_top:U_BUS_SYSTEM|master_device:U_MASTER3|LessThan2~3                                                               ; out0             ;
; |lab7_bus_rtl_view_top|lab7_bus_top:U_BUS_SYSTEM|master_device:U_MASTER3|LessThan2~4                                                               ; |lab7_bus_rtl_view_top|lab7_bus_top:U_BUS_SYSTEM|master_device:U_MASTER3|LessThan2~4                                                               ; out0             ;
; |lab7_bus_rtl_view_top|lab7_bus_top:U_BUS_SYSTEM|master_device:U_MASTER3|LessThan2~5                                                               ; |lab7_bus_rtl_view_top|lab7_bus_top:U_BUS_SYSTEM|master_device:U_MASTER3|LessThan2~5                                                               ; out0             ;
; |lab7_bus_rtl_view_top|lab7_bus_top:U_BUS_SYSTEM|master_device:U_MASTER3|LessThan2~6                                                               ; |lab7_bus_rtl_view_top|lab7_bus_top:U_BUS_SYSTEM|master_device:U_MASTER3|LessThan2~6                                                               ; out0             ;
; |lab7_bus_rtl_view_top|lab7_bus_top:U_BUS_SYSTEM|master_device:U_MASTER2|LessThan0~0                                                               ; |lab7_bus_rtl_view_top|lab7_bus_top:U_BUS_SYSTEM|master_device:U_MASTER2|LessThan0~0                                                               ; out0             ;
; |lab7_bus_rtl_view_top|lab7_bus_top:U_BUS_SYSTEM|master_device:U_MASTER2|LessThan0~1                                                               ; |lab7_bus_rtl_view_top|lab7_bus_top:U_BUS_SYSTEM|master_device:U_MASTER2|LessThan0~1                                                               ; out0             ;
; |lab7_bus_rtl_view_top|lab7_bus_top:U_BUS_SYSTEM|master_device:U_MASTER2|LessThan0~3                                                               ; |lab7_bus_rtl_view_top|lab7_bus_top:U_BUS_SYSTEM|master_device:U_MASTER2|LessThan0~3                                                               ; out0             ;
; |lab7_bus_rtl_view_top|lab7_bus_top:U_BUS_SYSTEM|master_device:U_MASTER2|LessThan1~0                                                               ; |lab7_bus_rtl_view_top|lab7_bus_top:U_BUS_SYSTEM|master_device:U_MASTER2|LessThan1~0                                                               ; out0             ;
; |lab7_bus_rtl_view_top|lab7_bus_top:U_BUS_SYSTEM|master_device:U_MASTER2|LessThan1~1                                                               ; |lab7_bus_rtl_view_top|lab7_bus_top:U_BUS_SYSTEM|master_device:U_MASTER2|LessThan1~1                                                               ; out0             ;
; |lab7_bus_rtl_view_top|lab7_bus_top:U_BUS_SYSTEM|master_device:U_MASTER2|LessThan1~2                                                               ; |lab7_bus_rtl_view_top|lab7_bus_top:U_BUS_SYSTEM|master_device:U_MASTER2|LessThan1~2                                                               ; out0             ;
; |lab7_bus_rtl_view_top|lab7_bus_top:U_BUS_SYSTEM|master_device:U_MASTER2|LessThan1~3                                                               ; |lab7_bus_rtl_view_top|lab7_bus_top:U_BUS_SYSTEM|master_device:U_MASTER2|LessThan1~3                                                               ; out0             ;
; |lab7_bus_rtl_view_top|lab7_bus_top:U_BUS_SYSTEM|master_device:U_MASTER2|LessThan1~4                                                               ; |lab7_bus_rtl_view_top|lab7_bus_top:U_BUS_SYSTEM|master_device:U_MASTER2|LessThan1~4                                                               ; out0             ;
; |lab7_bus_rtl_view_top|lab7_bus_top:U_BUS_SYSTEM|master_device:U_MASTER2|LessThan1~5                                                               ; |lab7_bus_rtl_view_top|lab7_bus_top:U_BUS_SYSTEM|master_device:U_MASTER2|LessThan1~5                                                               ; out0             ;
; |lab7_bus_rtl_view_top|lab7_bus_top:U_BUS_SYSTEM|master_device:U_MASTER2|LessThan1~6                                                               ; |lab7_bus_rtl_view_top|lab7_bus_top:U_BUS_SYSTEM|master_device:U_MASTER2|LessThan1~6                                                               ; out0             ;
; |lab7_bus_rtl_view_top|lab7_bus_top:U_BUS_SYSTEM|master_device:U_MASTER2|LessThan1~7                                                               ; |lab7_bus_rtl_view_top|lab7_bus_top:U_BUS_SYSTEM|master_device:U_MASTER2|LessThan1~7                                                               ; out0             ;
; |lab7_bus_rtl_view_top|lab7_bus_top:U_BUS_SYSTEM|master_device:U_MASTER2|LessThan2~0                                                               ; |lab7_bus_rtl_view_top|lab7_bus_top:U_BUS_SYSTEM|master_device:U_MASTER2|LessThan2~0                                                               ; out0             ;
; |lab7_bus_rtl_view_top|lab7_bus_top:U_BUS_SYSTEM|master_device:U_MASTER2|LessThan2~1                                                               ; |lab7_bus_rtl_view_top|lab7_bus_top:U_BUS_SYSTEM|master_device:U_MASTER2|LessThan2~1                                                               ; out0             ;
; |lab7_bus_rtl_view_top|lab7_bus_top:U_BUS_SYSTEM|master_device:U_MASTER2|LessThan2~2                                                               ; |lab7_bus_rtl_view_top|lab7_bus_top:U_BUS_SYSTEM|master_device:U_MASTER2|LessThan2~2                                                               ; out0             ;
; |lab7_bus_rtl_view_top|lab7_bus_top:U_BUS_SYSTEM|master_device:U_MASTER2|LessThan2~3                                                               ; |lab7_bus_rtl_view_top|lab7_bus_top:U_BUS_SYSTEM|master_device:U_MASTER2|LessThan2~3                                                               ; out0             ;
; |lab7_bus_rtl_view_top|lab7_bus_top:U_BUS_SYSTEM|master_device:U_MASTER2|LessThan2~4                                                               ; |lab7_bus_rtl_view_top|lab7_bus_top:U_BUS_SYSTEM|master_device:U_MASTER2|LessThan2~4                                                               ; out0             ;
; |lab7_bus_rtl_view_top|lab7_bus_top:U_BUS_SYSTEM|master_device:U_MASTER2|LessThan2~5                                                               ; |lab7_bus_rtl_view_top|lab7_bus_top:U_BUS_SYSTEM|master_device:U_MASTER2|LessThan2~5                                                               ; out0             ;
; |lab7_bus_rtl_view_top|lab7_bus_top:U_BUS_SYSTEM|master_device:U_MASTER2|LessThan2~6                                                               ; |lab7_bus_rtl_view_top|lab7_bus_top:U_BUS_SYSTEM|master_device:U_MASTER2|LessThan2~6                                                               ; out0             ;
; |lab7_bus_rtl_view_top|lab7_bus_top:U_BUS_SYSTEM|master_device:U_MASTER1|LessThan0~0                                                               ; |lab7_bus_rtl_view_top|lab7_bus_top:U_BUS_SYSTEM|master_device:U_MASTER1|LessThan0~0                                                               ; out0             ;
; |lab7_bus_rtl_view_top|lab7_bus_top:U_BUS_SYSTEM|master_device:U_MASTER1|LessThan0~1                                                               ; |lab7_bus_rtl_view_top|lab7_bus_top:U_BUS_SYSTEM|master_device:U_MASTER1|LessThan0~1                                                               ; out0             ;
; |lab7_bus_rtl_view_top|lab7_bus_top:U_BUS_SYSTEM|master_device:U_MASTER1|LessThan0~2                                                               ; |lab7_bus_rtl_view_top|lab7_bus_top:U_BUS_SYSTEM|master_device:U_MASTER1|LessThan0~2                                                               ; out0             ;
; |lab7_bus_rtl_view_top|lab7_bus_top:U_BUS_SYSTEM|master_device:U_MASTER1|LessThan0~3                                                               ; |lab7_bus_rtl_view_top|lab7_bus_top:U_BUS_SYSTEM|master_device:U_MASTER1|LessThan0~3                                                               ; out0             ;
; |lab7_bus_rtl_view_top|lab7_bus_top:U_BUS_SYSTEM|master_device:U_MASTER1|LessThan0~5                                                               ; |lab7_bus_rtl_view_top|lab7_bus_top:U_BUS_SYSTEM|master_device:U_MASTER1|LessThan0~5                                                               ; out0             ;
; |lab7_bus_rtl_view_top|lab7_bus_top:U_BUS_SYSTEM|master_device:U_MASTER1|LessThan1~0                                                               ; |lab7_bus_rtl_view_top|lab7_bus_top:U_BUS_SYSTEM|master_device:U_MASTER1|LessThan1~0                                                               ; out0             ;
; |lab7_bus_rtl_view_top|lab7_bus_top:U_BUS_SYSTEM|master_device:U_MASTER1|LessThan1~1                                                               ; |lab7_bus_rtl_view_top|lab7_bus_top:U_BUS_SYSTEM|master_device:U_MASTER1|LessThan1~1                                                               ; out0             ;
; |lab7_bus_rtl_view_top|lab7_bus_top:U_BUS_SYSTEM|master_device:U_MASTER1|LessThan1~2                                                               ; |lab7_bus_rtl_view_top|lab7_bus_top:U_BUS_SYSTEM|master_device:U_MASTER1|LessThan1~2                                                               ; out0             ;
; |lab7_bus_rtl_view_top|lab7_bus_top:U_BUS_SYSTEM|master_device:U_MASTER1|LessThan1~3                                                               ; |lab7_bus_rtl_view_top|lab7_bus_top:U_BUS_SYSTEM|master_device:U_MASTER1|LessThan1~3                                                               ; out0             ;
; |lab7_bus_rtl_view_top|lab7_bus_top:U_BUS_SYSTEM|master_device:U_MASTER1|LessThan1~4                                                               ; |lab7_bus_rtl_view_top|lab7_bus_top:U_BUS_SYSTEM|master_device:U_MASTER1|LessThan1~4                                                               ; out0             ;
; |lab7_bus_rtl_view_top|lab7_bus_top:U_BUS_SYSTEM|master_device:U_MASTER1|LessThan1~5                                                               ; |lab7_bus_rtl_view_top|lab7_bus_top:U_BUS_SYSTEM|master_device:U_MASTER1|LessThan1~5                                                               ; out0             ;
; |lab7_bus_rtl_view_top|lab7_bus_top:U_BUS_SYSTEM|master_device:U_MASTER1|LessThan2~0                                                               ; |lab7_bus_rtl_view_top|lab7_bus_top:U_BUS_SYSTEM|master_device:U_MASTER1|LessThan2~0                                                               ; out0             ;
; |lab7_bus_rtl_view_top|lab7_bus_top:U_BUS_SYSTEM|master_device:U_MASTER1|LessThan2~1                                                               ; |lab7_bus_rtl_view_top|lab7_bus_top:U_BUS_SYSTEM|master_device:U_MASTER1|LessThan2~1                                                               ; out0             ;
; |lab7_bus_rtl_view_top|lab7_bus_top:U_BUS_SYSTEM|master_device:U_MASTER1|LessThan2~2                                                               ; |lab7_bus_rtl_view_top|lab7_bus_top:U_BUS_SYSTEM|master_device:U_MASTER1|LessThan2~2                                                               ; out0             ;
; |lab7_bus_rtl_view_top|lab7_bus_top:U_BUS_SYSTEM|master_device:U_MASTER1|LessThan2~3                                                               ; |lab7_bus_rtl_view_top|lab7_bus_top:U_BUS_SYSTEM|master_device:U_MASTER1|LessThan2~3                                                               ; out0             ;
; |lab7_bus_rtl_view_top|lab7_bus_top:U_BUS_SYSTEM|master_device:U_MASTER1|LessThan2~4                                                               ; |lab7_bus_rtl_view_top|lab7_bus_top:U_BUS_SYSTEM|master_device:U_MASTER1|LessThan2~4                                                               ; out0             ;
; |lab7_bus_rtl_view_top|lab7_bus_top:U_BUS_SYSTEM|master_device:U_MASTER1|LessThan2~5                                                               ; |lab7_bus_rtl_view_top|lab7_bus_top:U_BUS_SYSTEM|master_device:U_MASTER1|LessThan2~5                                                               ; out0             ;
; |lab7_bus_rtl_view_top|lab7_bus_top:U_BUS_SYSTEM|master_device:U_MASTER1|LessThan2~6                                                               ; |lab7_bus_rtl_view_top|lab7_bus_top:U_BUS_SYSTEM|master_device:U_MASTER1|LessThan2~6                                                               ; out0             ;
; |lab7_bus_rtl_view_top|lab7_bus_top:U_BUS_SYSTEM|master_device:U_MASTER0|LessThan0~0                                                               ; |lab7_bus_rtl_view_top|lab7_bus_top:U_BUS_SYSTEM|master_device:U_MASTER0|LessThan0~0                                                               ; out0             ;
; |lab7_bus_rtl_view_top|lab7_bus_top:U_BUS_SYSTEM|master_device:U_MASTER0|LessThan0~1                                                               ; |lab7_bus_rtl_view_top|lab7_bus_top:U_BUS_SYSTEM|master_device:U_MASTER0|LessThan0~1                                                               ; out0             ;
; |lab7_bus_rtl_view_top|lab7_bus_top:U_BUS_SYSTEM|master_device:U_MASTER0|LessThan0~2                                                               ; |lab7_bus_rtl_view_top|lab7_bus_top:U_BUS_SYSTEM|master_device:U_MASTER0|LessThan0~2                                                               ; out0             ;
; |lab7_bus_rtl_view_top|lab7_bus_top:U_BUS_SYSTEM|master_device:U_MASTER0|LessThan0~3                                                               ; |lab7_bus_rtl_view_top|lab7_bus_top:U_BUS_SYSTEM|master_device:U_MASTER0|LessThan0~3                                                               ; out0             ;
; |lab7_bus_rtl_view_top|lab7_bus_top:U_BUS_SYSTEM|master_device:U_MASTER0|LessThan0~4                                                               ; |lab7_bus_rtl_view_top|lab7_bus_top:U_BUS_SYSTEM|master_device:U_MASTER0|LessThan0~4                                                               ; out0             ;
; |lab7_bus_rtl_view_top|lab7_bus_top:U_BUS_SYSTEM|master_device:U_MASTER0|LessThan0~5                                                               ; |lab7_bus_rtl_view_top|lab7_bus_top:U_BUS_SYSTEM|master_device:U_MASTER0|LessThan0~5                                                               ; out0             ;
; |lab7_bus_rtl_view_top|lab7_bus_top:U_BUS_SYSTEM|master_device:U_MASTER0|LessThan0~7                                                               ; |lab7_bus_rtl_view_top|lab7_bus_top:U_BUS_SYSTEM|master_device:U_MASTER0|LessThan0~7                                                               ; out0             ;
; |lab7_bus_rtl_view_top|lab7_bus_top:U_BUS_SYSTEM|master_device:U_MASTER0|LessThan1~0                                                               ; |lab7_bus_rtl_view_top|lab7_bus_top:U_BUS_SYSTEM|master_device:U_MASTER0|LessThan1~0                                                               ; out0             ;
; |lab7_bus_rtl_view_top|lab7_bus_top:U_BUS_SYSTEM|master_device:U_MASTER0|LessThan1~1                                                               ; |lab7_bus_rtl_view_top|lab7_bus_top:U_BUS_SYSTEM|master_device:U_MASTER0|LessThan1~1                                                               ; out0             ;
; |lab7_bus_rtl_view_top|lab7_bus_top:U_BUS_SYSTEM|master_device:U_MASTER0|LessThan1~2                                                               ; |lab7_bus_rtl_view_top|lab7_bus_top:U_BUS_SYSTEM|master_device:U_MASTER0|LessThan1~2                                                               ; out0             ;
; |lab7_bus_rtl_view_top|lab7_bus_top:U_BUS_SYSTEM|master_device:U_MASTER0|LessThan1~3                                                               ; |lab7_bus_rtl_view_top|lab7_bus_top:U_BUS_SYSTEM|master_device:U_MASTER0|LessThan1~3                                                               ; out0             ;
; |lab7_bus_rtl_view_top|lab7_bus_top:U_BUS_SYSTEM|master_device:U_MASTER0|LessThan1~4                                                               ; |lab7_bus_rtl_view_top|lab7_bus_top:U_BUS_SYSTEM|master_device:U_MASTER0|LessThan1~4                                                               ; out0             ;
; |lab7_bus_rtl_view_top|lab7_bus_top:U_BUS_SYSTEM|master_device:U_MASTER0|LessThan1~5                                                               ; |lab7_bus_rtl_view_top|lab7_bus_top:U_BUS_SYSTEM|master_device:U_MASTER0|LessThan1~5                                                               ; out0             ;
; |lab7_bus_rtl_view_top|lab7_bus_top:U_BUS_SYSTEM|master_device:U_MASTER0|LessThan1~6                                                               ; |lab7_bus_rtl_view_top|lab7_bus_top:U_BUS_SYSTEM|master_device:U_MASTER0|LessThan1~6                                                               ; out0             ;
; |lab7_bus_rtl_view_top|lab7_bus_top:U_BUS_SYSTEM|master_device:U_MASTER0|LessThan1~7                                                               ; |lab7_bus_rtl_view_top|lab7_bus_top:U_BUS_SYSTEM|master_device:U_MASTER0|LessThan1~7                                                               ; out0             ;
; |lab7_bus_rtl_view_top|lab7_bus_top:U_BUS_SYSTEM|master_device:U_MASTER0|LessThan1~8                                                               ; |lab7_bus_rtl_view_top|lab7_bus_top:U_BUS_SYSTEM|master_device:U_MASTER0|LessThan1~8                                                               ; out0             ;
; |lab7_bus_rtl_view_top|lab7_bus_top:U_BUS_SYSTEM|master_device:U_MASTER0|LessThan2~0                                                               ; |lab7_bus_rtl_view_top|lab7_bus_top:U_BUS_SYSTEM|master_device:U_MASTER0|LessThan2~0                                                               ; out0             ;
; |lab7_bus_rtl_view_top|lab7_bus_top:U_BUS_SYSTEM|master_device:U_MASTER0|LessThan2~1                                                               ; |lab7_bus_rtl_view_top|lab7_bus_top:U_BUS_SYSTEM|master_device:U_MASTER0|LessThan2~1                                                               ; out0             ;
; |lab7_bus_rtl_view_top|lab7_bus_top:U_BUS_SYSTEM|master_device:U_MASTER0|LessThan2~2                                                               ; |lab7_bus_rtl_view_top|lab7_bus_top:U_BUS_SYSTEM|master_device:U_MASTER0|LessThan2~2                                                               ; out0             ;
; |lab7_bus_rtl_view_top|lab7_bus_top:U_BUS_SYSTEM|master_device:U_MASTER0|LessThan2~3                                                               ; |lab7_bus_rtl_view_top|lab7_bus_top:U_BUS_SYSTEM|master_device:U_MASTER0|LessThan2~3                                                               ; out0             ;
; |lab7_bus_rtl_view_top|lab7_bus_top:U_BUS_SYSTEM|master_device:U_MASTER0|LessThan2~4                                                               ; |lab7_bus_rtl_view_top|lab7_bus_top:U_BUS_SYSTEM|master_device:U_MASTER0|LessThan2~4                                                               ; out0             ;
; |lab7_bus_rtl_view_top|lab7_bus_top:U_BUS_SYSTEM|master_device:U_MASTER0|LessThan2~5                                                               ; |lab7_bus_rtl_view_top|lab7_bus_top:U_BUS_SYSTEM|master_device:U_MASTER0|LessThan2~5                                                               ; out0             ;
; |lab7_bus_rtl_view_top|lab7_bus_top:U_BUS_SYSTEM|master_device:U_MASTER0|LessThan2~6                                                               ; |lab7_bus_rtl_view_top|lab7_bus_top:U_BUS_SYSTEM|master_device:U_MASTER0|LessThan2~6                                                               ; out0             ;
; |lab7_bus_rtl_view_top|lab7_bus_top:U_BUS_SYSTEM|bus_arbiter_parallel_quantum:U_ARBITER|Add0~0                                                     ; |lab7_bus_rtl_view_top|lab7_bus_top:U_BUS_SYSTEM|bus_arbiter_parallel_quantum:U_ARBITER|Add0~0                                                     ; out0             ;
; |lab7_bus_rtl_view_top|lab7_bus_top:U_BUS_SYSTEM|master_device:U_MASTER3|Add0~0                                                                    ; |lab7_bus_rtl_view_top|lab7_bus_top:U_BUS_SYSTEM|master_device:U_MASTER3|Add0~0                                                                    ; out0             ;
; |lab7_bus_rtl_view_top|lab7_bus_top:U_BUS_SYSTEM|master_device:U_MASTER3|Add0~1                                                                    ; |lab7_bus_rtl_view_top|lab7_bus_top:U_BUS_SYSTEM|master_device:U_MASTER3|Add0~1                                                                    ; out0             ;
; |lab7_bus_rtl_view_top|lab7_bus_top:U_BUS_SYSTEM|master_device:U_MASTER3|Add0~2                                                                    ; |lab7_bus_rtl_view_top|lab7_bus_top:U_BUS_SYSTEM|master_device:U_MASTER3|Add0~2                                                                    ; out0             ;
; |lab7_bus_rtl_view_top|lab7_bus_top:U_BUS_SYSTEM|master_device:U_MASTER3|Add0~3                                                                    ; |lab7_bus_rtl_view_top|lab7_bus_top:U_BUS_SYSTEM|master_device:U_MASTER3|Add0~3                                                                    ; out0             ;
; |lab7_bus_rtl_view_top|lab7_bus_top:U_BUS_SYSTEM|master_device:U_MASTER3|Add0~4                                                                    ; |lab7_bus_rtl_view_top|lab7_bus_top:U_BUS_SYSTEM|master_device:U_MASTER3|Add0~4                                                                    ; out0             ;
; |lab7_bus_rtl_view_top|lab7_bus_top:U_BUS_SYSTEM|master_device:U_MASTER3|Add0~5                                                                    ; |lab7_bus_rtl_view_top|lab7_bus_top:U_BUS_SYSTEM|master_device:U_MASTER3|Add0~5                                                                    ; out0             ;
; |lab7_bus_rtl_view_top|lab7_bus_top:U_BUS_SYSTEM|master_device:U_MASTER2|Add0~0                                                                    ; |lab7_bus_rtl_view_top|lab7_bus_top:U_BUS_SYSTEM|master_device:U_MASTER2|Add0~0                                                                    ; out0             ;
; |lab7_bus_rtl_view_top|lab7_bus_top:U_BUS_SYSTEM|master_device:U_MASTER2|Add0~1                                                                    ; |lab7_bus_rtl_view_top|lab7_bus_top:U_BUS_SYSTEM|master_device:U_MASTER2|Add0~1                                                                    ; out0             ;
; |lab7_bus_rtl_view_top|lab7_bus_top:U_BUS_SYSTEM|master_device:U_MASTER2|Add0~2                                                                    ; |lab7_bus_rtl_view_top|lab7_bus_top:U_BUS_SYSTEM|master_device:U_MASTER2|Add0~2                                                                    ; out0             ;
; |lab7_bus_rtl_view_top|lab7_bus_top:U_BUS_SYSTEM|master_device:U_MASTER2|Add0~3                                                                    ; |lab7_bus_rtl_view_top|lab7_bus_top:U_BUS_SYSTEM|master_device:U_MASTER2|Add0~3                                                                    ; out0             ;
; |lab7_bus_rtl_view_top|lab7_bus_top:U_BUS_SYSTEM|master_device:U_MASTER2|Add0~4                                                                    ; |lab7_bus_rtl_view_top|lab7_bus_top:U_BUS_SYSTEM|master_device:U_MASTER2|Add0~4                                                                    ; out0             ;
; |lab7_bus_rtl_view_top|lab7_bus_top:U_BUS_SYSTEM|master_device:U_MASTER2|Add0~5                                                                    ; |lab7_bus_rtl_view_top|lab7_bus_top:U_BUS_SYSTEM|master_device:U_MASTER2|Add0~5                                                                    ; out0             ;
; |lab7_bus_rtl_view_top|lab7_bus_top:U_BUS_SYSTEM|master_device:U_MASTER1|Add0~0                                                                    ; |lab7_bus_rtl_view_top|lab7_bus_top:U_BUS_SYSTEM|master_device:U_MASTER1|Add0~0                                                                    ; out0             ;
; |lab7_bus_rtl_view_top|lab7_bus_top:U_BUS_SYSTEM|master_device:U_MASTER1|Add0~1                                                                    ; |lab7_bus_rtl_view_top|lab7_bus_top:U_BUS_SYSTEM|master_device:U_MASTER1|Add0~1                                                                    ; out0             ;
; |lab7_bus_rtl_view_top|lab7_bus_top:U_BUS_SYSTEM|master_device:U_MASTER1|Add0~2                                                                    ; |lab7_bus_rtl_view_top|lab7_bus_top:U_BUS_SYSTEM|master_device:U_MASTER1|Add0~2                                                                    ; out0             ;
; |lab7_bus_rtl_view_top|lab7_bus_top:U_BUS_SYSTEM|master_device:U_MASTER1|Add0~3                                                                    ; |lab7_bus_rtl_view_top|lab7_bus_top:U_BUS_SYSTEM|master_device:U_MASTER1|Add0~3                                                                    ; out0             ;
; |lab7_bus_rtl_view_top|lab7_bus_top:U_BUS_SYSTEM|master_device:U_MASTER1|Add0~4                                                                    ; |lab7_bus_rtl_view_top|lab7_bus_top:U_BUS_SYSTEM|master_device:U_MASTER1|Add0~4                                                                    ; out0             ;
; |lab7_bus_rtl_view_top|lab7_bus_top:U_BUS_SYSTEM|master_device:U_MASTER1|Add0~5                                                                    ; |lab7_bus_rtl_view_top|lab7_bus_top:U_BUS_SYSTEM|master_device:U_MASTER1|Add0~5                                                                    ; out0             ;
; |lab7_bus_rtl_view_top|lab7_bus_top:U_BUS_SYSTEM|master_device:U_MASTER0|Add0~0                                                                    ; |lab7_bus_rtl_view_top|lab7_bus_top:U_BUS_SYSTEM|master_device:U_MASTER0|Add0~0                                                                    ; out0             ;
; |lab7_bus_rtl_view_top|lab7_bus_top:U_BUS_SYSTEM|master_device:U_MASTER0|Add0~1                                                                    ; |lab7_bus_rtl_view_top|lab7_bus_top:U_BUS_SYSTEM|master_device:U_MASTER0|Add0~1                                                                    ; out0             ;
; |lab7_bus_rtl_view_top|lab7_bus_top:U_BUS_SYSTEM|master_device:U_MASTER0|Add0~2                                                                    ; |lab7_bus_rtl_view_top|lab7_bus_top:U_BUS_SYSTEM|master_device:U_MASTER0|Add0~2                                                                    ; out0             ;
; |lab7_bus_rtl_view_top|lab7_bus_top:U_BUS_SYSTEM|master_device:U_MASTER0|Add0~3                                                                    ; |lab7_bus_rtl_view_top|lab7_bus_top:U_BUS_SYSTEM|master_device:U_MASTER0|Add0~3                                                                    ; out0             ;
; |lab7_bus_rtl_view_top|lab7_bus_top:U_BUS_SYSTEM|master_device:U_MASTER0|Add0~4                                                                    ; |lab7_bus_rtl_view_top|lab7_bus_top:U_BUS_SYSTEM|master_device:U_MASTER0|Add0~4                                                                    ; out0             ;
; |lab7_bus_rtl_view_top|lab7_bus_top:U_BUS_SYSTEM|master_device:U_MASTER0|Add0~5                                                                    ; |lab7_bus_rtl_view_top|lab7_bus_top:U_BUS_SYSTEM|master_device:U_MASTER0|Add0~5                                                                    ; out0             ;
; |lab7_bus_rtl_view_top|lab7_bus_top:U_BUS_SYSTEM|bus_arbiter_parallel_quantum:U_ARBITER|Equal0~0                                                   ; |lab7_bus_rtl_view_top|lab7_bus_top:U_BUS_SYSTEM|bus_arbiter_parallel_quantum:U_ARBITER|Equal0~0                                                   ; out0             ;
; |lab7_bus_rtl_view_top|lab7_bus_top:U_BUS_SYSTEM|bus_arbiter_parallel_quantum:U_ARBITER|lpm_mux:Mux0|mux_0oc:auto_generated|l1_w0_n0_mux_dataout~0 ; |lab7_bus_rtl_view_top|lab7_bus_top:U_BUS_SYSTEM|bus_arbiter_parallel_quantum:U_ARBITER|lpm_mux:Mux0|mux_0oc:auto_generated|l1_w0_n0_mux_dataout~0 ; out0             ;
; |lab7_bus_rtl_view_top|lab7_bus_top:U_BUS_SYSTEM|bus_arbiter_parallel_quantum:U_ARBITER|lpm_mux:Mux0|mux_0oc:auto_generated|_~0                    ; |lab7_bus_rtl_view_top|lab7_bus_top:U_BUS_SYSTEM|bus_arbiter_parallel_quantum:U_ARBITER|lpm_mux:Mux0|mux_0oc:auto_generated|_~0                    ; out0             ;
; |lab7_bus_rtl_view_top|lab7_bus_top:U_BUS_SYSTEM|bus_arbiter_parallel_quantum:U_ARBITER|lpm_mux:Mux0|mux_0oc:auto_generated|l1_w0_n0_mux_dataout~1 ; |lab7_bus_rtl_view_top|lab7_bus_top:U_BUS_SYSTEM|bus_arbiter_parallel_quantum:U_ARBITER|lpm_mux:Mux0|mux_0oc:auto_generated|l1_w0_n0_mux_dataout~1 ; out0             ;
; |lab7_bus_rtl_view_top|lab7_bus_top:U_BUS_SYSTEM|bus_arbiter_parallel_quantum:U_ARBITER|lpm_mux:Mux0|mux_0oc:auto_generated|l1_w0_n0_mux_dataout   ; |lab7_bus_rtl_view_top|lab7_bus_top:U_BUS_SYSTEM|bus_arbiter_parallel_quantum:U_ARBITER|lpm_mux:Mux0|mux_0oc:auto_generated|l1_w0_n0_mux_dataout   ; out0             ;
; |lab7_bus_rtl_view_top|lab7_bus_top:U_BUS_SYSTEM|bus_arbiter_parallel_quantum:U_ARBITER|lpm_mux:Mux0|mux_0oc:auto_generated|l1_w0_n1_mux_dataout~0 ; |lab7_bus_rtl_view_top|lab7_bus_top:U_BUS_SYSTEM|bus_arbiter_parallel_quantum:U_ARBITER|lpm_mux:Mux0|mux_0oc:auto_generated|l1_w0_n1_mux_dataout~0 ; out0             ;
; |lab7_bus_rtl_view_top|lab7_bus_top:U_BUS_SYSTEM|bus_arbiter_parallel_quantum:U_ARBITER|lpm_mux:Mux0|mux_0oc:auto_generated|_~1                    ; |lab7_bus_rtl_view_top|lab7_bus_top:U_BUS_SYSTEM|bus_arbiter_parallel_quantum:U_ARBITER|lpm_mux:Mux0|mux_0oc:auto_generated|_~1                    ; out0             ;
; |lab7_bus_rtl_view_top|lab7_bus_top:U_BUS_SYSTEM|bus_arbiter_parallel_quantum:U_ARBITER|lpm_mux:Mux0|mux_0oc:auto_generated|l1_w0_n1_mux_dataout~1 ; |lab7_bus_rtl_view_top|lab7_bus_top:U_BUS_SYSTEM|bus_arbiter_parallel_quantum:U_ARBITER|lpm_mux:Mux0|mux_0oc:auto_generated|l1_w0_n1_mux_dataout~1 ; out0             ;
; |lab7_bus_rtl_view_top|lab7_bus_top:U_BUS_SYSTEM|bus_arbiter_parallel_quantum:U_ARBITER|lpm_mux:Mux0|mux_0oc:auto_generated|l1_w0_n1_mux_dataout   ; |lab7_bus_rtl_view_top|lab7_bus_top:U_BUS_SYSTEM|bus_arbiter_parallel_quantum:U_ARBITER|lpm_mux:Mux0|mux_0oc:auto_generated|l1_w0_n1_mux_dataout   ; out0             ;
; |lab7_bus_rtl_view_top|lab7_bus_top:U_BUS_SYSTEM|bus_arbiter_parallel_quantum:U_ARBITER|lpm_mux:Mux0|mux_0oc:auto_generated|l2_w0_n0_mux_dataout~0 ; |lab7_bus_rtl_view_top|lab7_bus_top:U_BUS_SYSTEM|bus_arbiter_parallel_quantum:U_ARBITER|lpm_mux:Mux0|mux_0oc:auto_generated|l2_w0_n0_mux_dataout~0 ; out0             ;
; |lab7_bus_rtl_view_top|lab7_bus_top:U_BUS_SYSTEM|bus_arbiter_parallel_quantum:U_ARBITER|lpm_mux:Mux0|mux_0oc:auto_generated|_~2                    ; |lab7_bus_rtl_view_top|lab7_bus_top:U_BUS_SYSTEM|bus_arbiter_parallel_quantum:U_ARBITER|lpm_mux:Mux0|mux_0oc:auto_generated|_~2                    ; out0             ;
; |lab7_bus_rtl_view_top|lab7_bus_top:U_BUS_SYSTEM|bus_arbiter_parallel_quantum:U_ARBITER|lpm_mux:Mux0|mux_0oc:auto_generated|l2_w0_n0_mux_dataout~1 ; |lab7_bus_rtl_view_top|lab7_bus_top:U_BUS_SYSTEM|bus_arbiter_parallel_quantum:U_ARBITER|lpm_mux:Mux0|mux_0oc:auto_generated|l2_w0_n0_mux_dataout~1 ; out0             ;
; |lab7_bus_rtl_view_top|lab7_bus_top:U_BUS_SYSTEM|bus_arbiter_parallel_quantum:U_ARBITER|lpm_mux:Mux0|mux_0oc:auto_generated|l2_w0_n0_mux_dataout   ; |lab7_bus_rtl_view_top|lab7_bus_top:U_BUS_SYSTEM|bus_arbiter_parallel_quantum:U_ARBITER|lpm_mux:Mux0|mux_0oc:auto_generated|l2_w0_n0_mux_dataout   ; out0             ;
+----------------------------------------------------------------------------------------------------------------------------------------------------+----------------------------------------------------------------------------------------------------------------------------------------------------+------------------+


The following table displays output ports that do not toggle to 1 during simulation.
+--------------------------------------------------------------------------------------------------------------------------------------------------------------------------------------------------+
; Missing 1-Value Coverage                                                                                                                                                                         ;
+---------------------------------------------------------------------------------------+---------------------------------------------------------------------------------------+------------------+
; Node Name                                                                             ; Output Port Name                                                                      ; Output Port Type ;
+---------------------------------------------------------------------------------------+---------------------------------------------------------------------------------------+------------------+
; |lab7_bus_rtl_view_top|reset_i                                                        ; |lab7_bus_rtl_view_top|reset_i                                                        ; out              ;
; |lab7_bus_rtl_view_top|shared_data_bus_to_slave_o[3]                                  ; |lab7_bus_rtl_view_top|shared_data_bus_to_slave_o[3]                                  ; pin_out          ;
; |lab7_bus_rtl_view_top|shared_data_bus_to_slave_o[7]                                  ; |lab7_bus_rtl_view_top|shared_data_bus_to_slave_o[7]                                  ; pin_out          ;
; |lab7_bus_rtl_view_top|shared_data_bus_to_slave_o[11]                                 ; |lab7_bus_rtl_view_top|shared_data_bus_to_slave_o[11]                                 ; pin_out          ;
; |lab7_bus_rtl_view_top|shared_data_bus_to_slave_o[15]                                 ; |lab7_bus_rtl_view_top|shared_data_bus_to_slave_o[15]                                 ; pin_out          ;
; |lab7_bus_rtl_view_top|slave_latched_data_from_bus_o[3]                               ; |lab7_bus_rtl_view_top|slave_latched_data_from_bus_o[3]                               ; pin_out          ;
; |lab7_bus_rtl_view_top|slave_latched_data_from_bus_o[7]                               ; |lab7_bus_rtl_view_top|slave_latched_data_from_bus_o[7]                               ; pin_out          ;
; |lab7_bus_rtl_view_top|slave_latched_data_from_bus_o[11]                              ; |lab7_bus_rtl_view_top|slave_latched_data_from_bus_o[11]                              ; pin_out          ;
; |lab7_bus_rtl_view_top|slave_latched_data_from_bus_o[15]                              ; |lab7_bus_rtl_view_top|slave_latched_data_from_bus_o[15]                              ; pin_out          ;
; |lab7_bus_rtl_view_top|lab7_bus_top:U_BUS_SYSTEM|slave_sync:U_SLAVE|data_r~0          ; |lab7_bus_rtl_view_top|lab7_bus_top:U_BUS_SYSTEM|slave_sync:U_SLAVE|data_r~0          ; out              ;
; |lab7_bus_rtl_view_top|lab7_bus_top:U_BUS_SYSTEM|slave_sync:U_SLAVE|data_r~4          ; |lab7_bus_rtl_view_top|lab7_bus_top:U_BUS_SYSTEM|slave_sync:U_SLAVE|data_r~4          ; out              ;
; |lab7_bus_rtl_view_top|lab7_bus_top:U_BUS_SYSTEM|slave_sync:U_SLAVE|data_r~8          ; |lab7_bus_rtl_view_top|lab7_bus_top:U_BUS_SYSTEM|slave_sync:U_SLAVE|data_r~8          ; out              ;
; |lab7_bus_rtl_view_top|lab7_bus_top:U_BUS_SYSTEM|slave_sync:U_SLAVE|data_r~12         ; |lab7_bus_rtl_view_top|lab7_bus_top:U_BUS_SYSTEM|slave_sync:U_SLAVE|data_r~12         ; out              ;
; |lab7_bus_rtl_view_top|lab7_bus_top:U_BUS_SYSTEM|slave_sync:U_SLAVE|data_r~16         ; |lab7_bus_rtl_view_top|lab7_bus_top:U_BUS_SYSTEM|slave_sync:U_SLAVE|data_r~16         ; out              ;
; |lab7_bus_rtl_view_top|lab7_bus_top:U_BUS_SYSTEM|slave_sync:U_SLAVE|data_r~20         ; |lab7_bus_rtl_view_top|lab7_bus_top:U_BUS_SYSTEM|slave_sync:U_SLAVE|data_r~20         ; out              ;
; |lab7_bus_rtl_view_top|lab7_bus_top:U_BUS_SYSTEM|slave_sync:U_SLAVE|data_r~24         ; |lab7_bus_rtl_view_top|lab7_bus_top:U_BUS_SYSTEM|slave_sync:U_SLAVE|data_r~24         ; out              ;
; |lab7_bus_rtl_view_top|lab7_bus_top:U_BUS_SYSTEM|slave_sync:U_SLAVE|data_r~28         ; |lab7_bus_rtl_view_top|lab7_bus_top:U_BUS_SYSTEM|slave_sync:U_SLAVE|data_r~28         ; out              ;
; |lab7_bus_rtl_view_top|lab7_bus_top:U_BUS_SYSTEM|slave_sync:U_SLAVE|data_r[3]         ; |lab7_bus_rtl_view_top|lab7_bus_top:U_BUS_SYSTEM|slave_sync:U_SLAVE|data_r[3]         ; regout           ;
; |lab7_bus_rtl_view_top|lab7_bus_top:U_BUS_SYSTEM|slave_sync:U_SLAVE|data_r[7]         ; |lab7_bus_rtl_view_top|lab7_bus_top:U_BUS_SYSTEM|slave_sync:U_SLAVE|data_r[7]         ; regout           ;
; |lab7_bus_rtl_view_top|lab7_bus_top:U_BUS_SYSTEM|slave_sync:U_SLAVE|data_r[11]        ; |lab7_bus_rtl_view_top|lab7_bus_top:U_BUS_SYSTEM|slave_sync:U_SLAVE|data_r[11]        ; regout           ;
; |lab7_bus_rtl_view_top|lab7_bus_top:U_BUS_SYSTEM|slave_sync:U_SLAVE|data_r[15]        ; |lab7_bus_rtl_view_top|lab7_bus_top:U_BUS_SYSTEM|slave_sync:U_SLAVE|data_r[15]        ; regout           ;
; |lab7_bus_rtl_view_top|lab7_bus_top:U_BUS_SYSTEM|master_device:U_MASTER3|cycle_r~0    ; |lab7_bus_rtl_view_top|lab7_bus_top:U_BUS_SYSTEM|master_device:U_MASTER3|cycle_r~0    ; out              ;
; |lab7_bus_rtl_view_top|lab7_bus_top:U_BUS_SYSTEM|master_device:U_MASTER3|cycle_r~1    ; |lab7_bus_rtl_view_top|lab7_bus_top:U_BUS_SYSTEM|master_device:U_MASTER3|cycle_r~1    ; out              ;
; |lab7_bus_rtl_view_top|lab7_bus_top:U_BUS_SYSTEM|master_device:U_MASTER3|cycle_r~2    ; |lab7_bus_rtl_view_top|lab7_bus_top:U_BUS_SYSTEM|master_device:U_MASTER3|cycle_r~2    ; out              ;
; |lab7_bus_rtl_view_top|lab7_bus_top:U_BUS_SYSTEM|master_device:U_MASTER3|cycle_r~8    ; |lab7_bus_rtl_view_top|lab7_bus_top:U_BUS_SYSTEM|master_device:U_MASTER3|cycle_r~8    ; out              ;
; |lab7_bus_rtl_view_top|lab7_bus_top:U_BUS_SYSTEM|master_device:U_MASTER3|cycle_r~9    ; |lab7_bus_rtl_view_top|lab7_bus_top:U_BUS_SYSTEM|master_device:U_MASTER3|cycle_r~9    ; out              ;
; |lab7_bus_rtl_view_top|lab7_bus_top:U_BUS_SYSTEM|master_device:U_MASTER3|cycle_r~10   ; |lab7_bus_rtl_view_top|lab7_bus_top:U_BUS_SYSTEM|master_device:U_MASTER3|cycle_r~10   ; out              ;
; |lab7_bus_rtl_view_top|lab7_bus_top:U_BUS_SYSTEM|master_device:U_MASTER3|cycle_r[5]   ; |lab7_bus_rtl_view_top|lab7_bus_top:U_BUS_SYSTEM|master_device:U_MASTER3|cycle_r[5]   ; regout           ;
; |lab7_bus_rtl_view_top|lab7_bus_top:U_BUS_SYSTEM|master_device:U_MASTER3|cycle_r[6]   ; |lab7_bus_rtl_view_top|lab7_bus_top:U_BUS_SYSTEM|master_device:U_MASTER3|cycle_r[6]   ; regout           ;
; |lab7_bus_rtl_view_top|lab7_bus_top:U_BUS_SYSTEM|master_device:U_MASTER3|cycle_r[7]   ; |lab7_bus_rtl_view_top|lab7_bus_top:U_BUS_SYSTEM|master_device:U_MASTER3|cycle_r[7]   ; regout           ;
; |lab7_bus_rtl_view_top|lab7_bus_top:U_BUS_SYSTEM|master_device:U_MASTER2|cycle_r~0    ; |lab7_bus_rtl_view_top|lab7_bus_top:U_BUS_SYSTEM|master_device:U_MASTER2|cycle_r~0    ; out              ;
; |lab7_bus_rtl_view_top|lab7_bus_top:U_BUS_SYSTEM|master_device:U_MASTER2|cycle_r~1    ; |lab7_bus_rtl_view_top|lab7_bus_top:U_BUS_SYSTEM|master_device:U_MASTER2|cycle_r~1    ; out              ;
; |lab7_bus_rtl_view_top|lab7_bus_top:U_BUS_SYSTEM|master_device:U_MASTER2|cycle_r~2    ; |lab7_bus_rtl_view_top|lab7_bus_top:U_BUS_SYSTEM|master_device:U_MASTER2|cycle_r~2    ; out              ;
; |lab7_bus_rtl_view_top|lab7_bus_top:U_BUS_SYSTEM|master_device:U_MASTER2|cycle_r~8    ; |lab7_bus_rtl_view_top|lab7_bus_top:U_BUS_SYSTEM|master_device:U_MASTER2|cycle_r~8    ; out              ;
; |lab7_bus_rtl_view_top|lab7_bus_top:U_BUS_SYSTEM|master_device:U_MASTER2|cycle_r~9    ; |lab7_bus_rtl_view_top|lab7_bus_top:U_BUS_SYSTEM|master_device:U_MASTER2|cycle_r~9    ; out              ;
; |lab7_bus_rtl_view_top|lab7_bus_top:U_BUS_SYSTEM|master_device:U_MASTER2|cycle_r~10   ; |lab7_bus_rtl_view_top|lab7_bus_top:U_BUS_SYSTEM|master_device:U_MASTER2|cycle_r~10   ; out              ;
; |lab7_bus_rtl_view_top|lab7_bus_top:U_BUS_SYSTEM|master_device:U_MASTER2|cycle_r[5]   ; |lab7_bus_rtl_view_top|lab7_bus_top:U_BUS_SYSTEM|master_device:U_MASTER2|cycle_r[5]   ; regout           ;
; |lab7_bus_rtl_view_top|lab7_bus_top:U_BUS_SYSTEM|master_device:U_MASTER2|cycle_r[6]   ; |lab7_bus_rtl_view_top|lab7_bus_top:U_BUS_SYSTEM|master_device:U_MASTER2|cycle_r[6]   ; regout           ;
; |lab7_bus_rtl_view_top|lab7_bus_top:U_BUS_SYSTEM|master_device:U_MASTER2|cycle_r[7]   ; |lab7_bus_rtl_view_top|lab7_bus_top:U_BUS_SYSTEM|master_device:U_MASTER2|cycle_r[7]   ; regout           ;
; |lab7_bus_rtl_view_top|lab7_bus_top:U_BUS_SYSTEM|master_device:U_MASTER1|cycle_r~0    ; |lab7_bus_rtl_view_top|lab7_bus_top:U_BUS_SYSTEM|master_device:U_MASTER1|cycle_r~0    ; out              ;
; |lab7_bus_rtl_view_top|lab7_bus_top:U_BUS_SYSTEM|master_device:U_MASTER1|cycle_r~1    ; |lab7_bus_rtl_view_top|lab7_bus_top:U_BUS_SYSTEM|master_device:U_MASTER1|cycle_r~1    ; out              ;
; |lab7_bus_rtl_view_top|lab7_bus_top:U_BUS_SYSTEM|master_device:U_MASTER1|cycle_r~2    ; |lab7_bus_rtl_view_top|lab7_bus_top:U_BUS_SYSTEM|master_device:U_MASTER1|cycle_r~2    ; out              ;
; |lab7_bus_rtl_view_top|lab7_bus_top:U_BUS_SYSTEM|master_device:U_MASTER1|cycle_r~8    ; |lab7_bus_rtl_view_top|lab7_bus_top:U_BUS_SYSTEM|master_device:U_MASTER1|cycle_r~8    ; out              ;
; |lab7_bus_rtl_view_top|lab7_bus_top:U_BUS_SYSTEM|master_device:U_MASTER1|cycle_r~9    ; |lab7_bus_rtl_view_top|lab7_bus_top:U_BUS_SYSTEM|master_device:U_MASTER1|cycle_r~9    ; out              ;
; |lab7_bus_rtl_view_top|lab7_bus_top:U_BUS_SYSTEM|master_device:U_MASTER1|cycle_r~10   ; |lab7_bus_rtl_view_top|lab7_bus_top:U_BUS_SYSTEM|master_device:U_MASTER1|cycle_r~10   ; out              ;
; |lab7_bus_rtl_view_top|lab7_bus_top:U_BUS_SYSTEM|master_device:U_MASTER1|cycle_r[5]   ; |lab7_bus_rtl_view_top|lab7_bus_top:U_BUS_SYSTEM|master_device:U_MASTER1|cycle_r[5]   ; regout           ;
; |lab7_bus_rtl_view_top|lab7_bus_top:U_BUS_SYSTEM|master_device:U_MASTER1|cycle_r[6]   ; |lab7_bus_rtl_view_top|lab7_bus_top:U_BUS_SYSTEM|master_device:U_MASTER1|cycle_r[6]   ; regout           ;
; |lab7_bus_rtl_view_top|lab7_bus_top:U_BUS_SYSTEM|master_device:U_MASTER1|cycle_r[7]   ; |lab7_bus_rtl_view_top|lab7_bus_top:U_BUS_SYSTEM|master_device:U_MASTER1|cycle_r[7]   ; regout           ;
; |lab7_bus_rtl_view_top|lab7_bus_top:U_BUS_SYSTEM|master_device:U_MASTER0|cycle_r~0    ; |lab7_bus_rtl_view_top|lab7_bus_top:U_BUS_SYSTEM|master_device:U_MASTER0|cycle_r~0    ; out              ;
; |lab7_bus_rtl_view_top|lab7_bus_top:U_BUS_SYSTEM|master_device:U_MASTER0|cycle_r~1    ; |lab7_bus_rtl_view_top|lab7_bus_top:U_BUS_SYSTEM|master_device:U_MASTER0|cycle_r~1    ; out              ;
; |lab7_bus_rtl_view_top|lab7_bus_top:U_BUS_SYSTEM|master_device:U_MASTER0|cycle_r~2    ; |lab7_bus_rtl_view_top|lab7_bus_top:U_BUS_SYSTEM|master_device:U_MASTER0|cycle_r~2    ; out              ;
; |lab7_bus_rtl_view_top|lab7_bus_top:U_BUS_SYSTEM|master_device:U_MASTER0|cycle_r~8    ; |lab7_bus_rtl_view_top|lab7_bus_top:U_BUS_SYSTEM|master_device:U_MASTER0|cycle_r~8    ; out              ;
; |lab7_bus_rtl_view_top|lab7_bus_top:U_BUS_SYSTEM|master_device:U_MASTER0|cycle_r~9    ; |lab7_bus_rtl_view_top|lab7_bus_top:U_BUS_SYSTEM|master_device:U_MASTER0|cycle_r~9    ; out              ;
; |lab7_bus_rtl_view_top|lab7_bus_top:U_BUS_SYSTEM|master_device:U_MASTER0|cycle_r~10   ; |lab7_bus_rtl_view_top|lab7_bus_top:U_BUS_SYSTEM|master_device:U_MASTER0|cycle_r~10   ; out              ;
; |lab7_bus_rtl_view_top|lab7_bus_top:U_BUS_SYSTEM|master_device:U_MASTER0|cycle_r[5]   ; |lab7_bus_rtl_view_top|lab7_bus_top:U_BUS_SYSTEM|master_device:U_MASTER0|cycle_r[5]   ; regout           ;
; |lab7_bus_rtl_view_top|lab7_bus_top:U_BUS_SYSTEM|master_device:U_MASTER0|cycle_r[6]   ; |lab7_bus_rtl_view_top|lab7_bus_top:U_BUS_SYSTEM|master_device:U_MASTER0|cycle_r[6]   ; regout           ;
; |lab7_bus_rtl_view_top|lab7_bus_top:U_BUS_SYSTEM|master_device:U_MASTER0|cycle_r[7]   ; |lab7_bus_rtl_view_top|lab7_bus_top:U_BUS_SYSTEM|master_device:U_MASTER0|cycle_r[7]   ; regout           ;
; |lab7_bus_rtl_view_top|lab7_bus_top:U_BUS_SYSTEM|master_device:U_MASTER3|LessThan1~0  ; |lab7_bus_rtl_view_top|lab7_bus_top:U_BUS_SYSTEM|master_device:U_MASTER3|LessThan1~0  ; out0             ;
; |lab7_bus_rtl_view_top|lab7_bus_top:U_BUS_SYSTEM|master_device:U_MASTER3|LessThan1~1  ; |lab7_bus_rtl_view_top|lab7_bus_top:U_BUS_SYSTEM|master_device:U_MASTER3|LessThan1~1  ; out0             ;
; |lab7_bus_rtl_view_top|lab7_bus_top:U_BUS_SYSTEM|master_device:U_MASTER3|LessThan1~2  ; |lab7_bus_rtl_view_top|lab7_bus_top:U_BUS_SYSTEM|master_device:U_MASTER3|LessThan1~2  ; out0             ;
; |lab7_bus_rtl_view_top|lab7_bus_top:U_BUS_SYSTEM|master_device:U_MASTER3|LessThan2~8  ; |lab7_bus_rtl_view_top|lab7_bus_top:U_BUS_SYSTEM|master_device:U_MASTER3|LessThan2~8  ; out0             ;
; |lab7_bus_rtl_view_top|lab7_bus_top:U_BUS_SYSTEM|master_device:U_MASTER3|LessThan2~9  ; |lab7_bus_rtl_view_top|lab7_bus_top:U_BUS_SYSTEM|master_device:U_MASTER3|LessThan2~9  ; out0             ;
; |lab7_bus_rtl_view_top|lab7_bus_top:U_BUS_SYSTEM|master_device:U_MASTER3|LessThan2~10 ; |lab7_bus_rtl_view_top|lab7_bus_top:U_BUS_SYSTEM|master_device:U_MASTER3|LessThan2~10 ; out0             ;
; |lab7_bus_rtl_view_top|lab7_bus_top:U_BUS_SYSTEM|master_device:U_MASTER3|LessThan2~11 ; |lab7_bus_rtl_view_top|lab7_bus_top:U_BUS_SYSTEM|master_device:U_MASTER3|LessThan2~11 ; out0             ;
; |lab7_bus_rtl_view_top|lab7_bus_top:U_BUS_SYSTEM|master_device:U_MASTER3|LessThan2~12 ; |lab7_bus_rtl_view_top|lab7_bus_top:U_BUS_SYSTEM|master_device:U_MASTER3|LessThan2~12 ; out0             ;
; |lab7_bus_rtl_view_top|lab7_bus_top:U_BUS_SYSTEM|master_device:U_MASTER3|LessThan2~13 ; |lab7_bus_rtl_view_top|lab7_bus_top:U_BUS_SYSTEM|master_device:U_MASTER3|LessThan2~13 ; out0             ;
; |lab7_bus_rtl_view_top|lab7_bus_top:U_BUS_SYSTEM|master_device:U_MASTER2|LessThan2~8  ; |lab7_bus_rtl_view_top|lab7_bus_top:U_BUS_SYSTEM|master_device:U_MASTER2|LessThan2~8  ; out0             ;
; |lab7_bus_rtl_view_top|lab7_bus_top:U_BUS_SYSTEM|master_device:U_MASTER2|LessThan2~9  ; |lab7_bus_rtl_view_top|lab7_bus_top:U_BUS_SYSTEM|master_device:U_MASTER2|LessThan2~9  ; out0             ;
; |lab7_bus_rtl_view_top|lab7_bus_top:U_BUS_SYSTEM|master_device:U_MASTER2|LessThan2~10 ; |lab7_bus_rtl_view_top|lab7_bus_top:U_BUS_SYSTEM|master_device:U_MASTER2|LessThan2~10 ; out0             ;
; |lab7_bus_rtl_view_top|lab7_bus_top:U_BUS_SYSTEM|master_device:U_MASTER2|LessThan2~11 ; |lab7_bus_rtl_view_top|lab7_bus_top:U_BUS_SYSTEM|master_device:U_MASTER2|LessThan2~11 ; out0             ;
; |lab7_bus_rtl_view_top|lab7_bus_top:U_BUS_SYSTEM|master_device:U_MASTER2|LessThan2~12 ; |lab7_bus_rtl_view_top|lab7_bus_top:U_BUS_SYSTEM|master_device:U_MASTER2|LessThan2~12 ; out0             ;
; |lab7_bus_rtl_view_top|lab7_bus_top:U_BUS_SYSTEM|master_device:U_MASTER2|LessThan2~13 ; |lab7_bus_rtl_view_top|lab7_bus_top:U_BUS_SYSTEM|master_device:U_MASTER2|LessThan2~13 ; out0             ;
; |lab7_bus_rtl_view_top|lab7_bus_top:U_BUS_SYSTEM|master_device:U_MASTER1|LessThan2~8  ; |lab7_bus_rtl_view_top|lab7_bus_top:U_BUS_SYSTEM|master_device:U_MASTER1|LessThan2~8  ; out0             ;
; |lab7_bus_rtl_view_top|lab7_bus_top:U_BUS_SYSTEM|master_device:U_MASTER1|LessThan2~9  ; |lab7_bus_rtl_view_top|lab7_bus_top:U_BUS_SYSTEM|master_device:U_MASTER1|LessThan2~9  ; out0             ;
; |lab7_bus_rtl_view_top|lab7_bus_top:U_BUS_SYSTEM|master_device:U_MASTER1|LessThan2~10 ; |lab7_bus_rtl_view_top|lab7_bus_top:U_BUS_SYSTEM|master_device:U_MASTER1|LessThan2~10 ; out0             ;
; |lab7_bus_rtl_view_top|lab7_bus_top:U_BUS_SYSTEM|master_device:U_MASTER1|LessThan2~11 ; |lab7_bus_rtl_view_top|lab7_bus_top:U_BUS_SYSTEM|master_device:U_MASTER1|LessThan2~11 ; out0             ;
; |lab7_bus_rtl_view_top|lab7_bus_top:U_BUS_SYSTEM|master_device:U_MASTER1|LessThan2~12 ; |lab7_bus_rtl_view_top|lab7_bus_top:U_BUS_SYSTEM|master_device:U_MASTER1|LessThan2~12 ; out0             ;
; |lab7_bus_rtl_view_top|lab7_bus_top:U_BUS_SYSTEM|master_device:U_MASTER1|LessThan2~13 ; |lab7_bus_rtl_view_top|lab7_bus_top:U_BUS_SYSTEM|master_device:U_MASTER1|LessThan2~13 ; out0             ;
; |lab7_bus_rtl_view_top|lab7_bus_top:U_BUS_SYSTEM|master_device:U_MASTER0|LessThan2~8  ; |lab7_bus_rtl_view_top|lab7_bus_top:U_BUS_SYSTEM|master_device:U_MASTER0|LessThan2~8  ; out0             ;
; |lab7_bus_rtl_view_top|lab7_bus_top:U_BUS_SYSTEM|master_device:U_MASTER0|LessThan2~9  ; |lab7_bus_rtl_view_top|lab7_bus_top:U_BUS_SYSTEM|master_device:U_MASTER0|LessThan2~9  ; out0             ;
; |lab7_bus_rtl_view_top|lab7_bus_top:U_BUS_SYSTEM|master_device:U_MASTER0|LessThan2~10 ; |lab7_bus_rtl_view_top|lab7_bus_top:U_BUS_SYSTEM|master_device:U_MASTER0|LessThan2~10 ; out0             ;
; |lab7_bus_rtl_view_top|lab7_bus_top:U_BUS_SYSTEM|master_device:U_MASTER0|LessThan2~11 ; |lab7_bus_rtl_view_top|lab7_bus_top:U_BUS_SYSTEM|master_device:U_MASTER0|LessThan2~11 ; out0             ;
; |lab7_bus_rtl_view_top|lab7_bus_top:U_BUS_SYSTEM|master_device:U_MASTER0|LessThan2~12 ; |lab7_bus_rtl_view_top|lab7_bus_top:U_BUS_SYSTEM|master_device:U_MASTER0|LessThan2~12 ; out0             ;
; |lab7_bus_rtl_view_top|lab7_bus_top:U_BUS_SYSTEM|master_device:U_MASTER0|LessThan2~13 ; |lab7_bus_rtl_view_top|lab7_bus_top:U_BUS_SYSTEM|master_device:U_MASTER0|LessThan2~13 ; out0             ;
; |lab7_bus_rtl_view_top|lab7_bus_top:U_BUS_SYSTEM|master_device:U_MASTER3|Add0~7       ; |lab7_bus_rtl_view_top|lab7_bus_top:U_BUS_SYSTEM|master_device:U_MASTER3|Add0~7       ; out0             ;
; |lab7_bus_rtl_view_top|lab7_bus_top:U_BUS_SYSTEM|master_device:U_MASTER3|Add0~8       ; |lab7_bus_rtl_view_top|lab7_bus_top:U_BUS_SYSTEM|master_device:U_MASTER3|Add0~8       ; out0             ;
; |lab7_bus_rtl_view_top|lab7_bus_top:U_BUS_SYSTEM|master_device:U_MASTER3|Add0~9       ; |lab7_bus_rtl_view_top|lab7_bus_top:U_BUS_SYSTEM|master_device:U_MASTER3|Add0~9       ; out0             ;
; |lab7_bus_rtl_view_top|lab7_bus_top:U_BUS_SYSTEM|master_device:U_MASTER3|Add0~10      ; |lab7_bus_rtl_view_top|lab7_bus_top:U_BUS_SYSTEM|master_device:U_MASTER3|Add0~10      ; out0             ;
; |lab7_bus_rtl_view_top|lab7_bus_top:U_BUS_SYSTEM|master_device:U_MASTER3|Add0~11      ; |lab7_bus_rtl_view_top|lab7_bus_top:U_BUS_SYSTEM|master_device:U_MASTER3|Add0~11      ; out0             ;
; |lab7_bus_rtl_view_top|lab7_bus_top:U_BUS_SYSTEM|master_device:U_MASTER3|Add0~12      ; |lab7_bus_rtl_view_top|lab7_bus_top:U_BUS_SYSTEM|master_device:U_MASTER3|Add0~12      ; out0             ;
; |lab7_bus_rtl_view_top|lab7_bus_top:U_BUS_SYSTEM|master_device:U_MASTER2|Add0~7       ; |lab7_bus_rtl_view_top|lab7_bus_top:U_BUS_SYSTEM|master_device:U_MASTER2|Add0~7       ; out0             ;
; |lab7_bus_rtl_view_top|lab7_bus_top:U_BUS_SYSTEM|master_device:U_MASTER2|Add0~8       ; |lab7_bus_rtl_view_top|lab7_bus_top:U_BUS_SYSTEM|master_device:U_MASTER2|Add0~8       ; out0             ;
; |lab7_bus_rtl_view_top|lab7_bus_top:U_BUS_SYSTEM|master_device:U_MASTER2|Add0~9       ; |lab7_bus_rtl_view_top|lab7_bus_top:U_BUS_SYSTEM|master_device:U_MASTER2|Add0~9       ; out0             ;
; |lab7_bus_rtl_view_top|lab7_bus_top:U_BUS_SYSTEM|master_device:U_MASTER2|Add0~10      ; |lab7_bus_rtl_view_top|lab7_bus_top:U_BUS_SYSTEM|master_device:U_MASTER2|Add0~10      ; out0             ;
; |lab7_bus_rtl_view_top|lab7_bus_top:U_BUS_SYSTEM|master_device:U_MASTER2|Add0~11      ; |lab7_bus_rtl_view_top|lab7_bus_top:U_BUS_SYSTEM|master_device:U_MASTER2|Add0~11      ; out0             ;
; |lab7_bus_rtl_view_top|lab7_bus_top:U_BUS_SYSTEM|master_device:U_MASTER2|Add0~12      ; |lab7_bus_rtl_view_top|lab7_bus_top:U_BUS_SYSTEM|master_device:U_MASTER2|Add0~12      ; out0             ;
; |lab7_bus_rtl_view_top|lab7_bus_top:U_BUS_SYSTEM|master_device:U_MASTER1|Add0~7       ; |lab7_bus_rtl_view_top|lab7_bus_top:U_BUS_SYSTEM|master_device:U_MASTER1|Add0~7       ; out0             ;
; |lab7_bus_rtl_view_top|lab7_bus_top:U_BUS_SYSTEM|master_device:U_MASTER1|Add0~8       ; |lab7_bus_rtl_view_top|lab7_bus_top:U_BUS_SYSTEM|master_device:U_MASTER1|Add0~8       ; out0             ;
; |lab7_bus_rtl_view_top|lab7_bus_top:U_BUS_SYSTEM|master_device:U_MASTER1|Add0~9       ; |lab7_bus_rtl_view_top|lab7_bus_top:U_BUS_SYSTEM|master_device:U_MASTER1|Add0~9       ; out0             ;
; |lab7_bus_rtl_view_top|lab7_bus_top:U_BUS_SYSTEM|master_device:U_MASTER1|Add0~10      ; |lab7_bus_rtl_view_top|lab7_bus_top:U_BUS_SYSTEM|master_device:U_MASTER1|Add0~10      ; out0             ;
; |lab7_bus_rtl_view_top|lab7_bus_top:U_BUS_SYSTEM|master_device:U_MASTER1|Add0~11      ; |lab7_bus_rtl_view_top|lab7_bus_top:U_BUS_SYSTEM|master_device:U_MASTER1|Add0~11      ; out0             ;
; |lab7_bus_rtl_view_top|lab7_bus_top:U_BUS_SYSTEM|master_device:U_MASTER1|Add0~12      ; |lab7_bus_rtl_view_top|lab7_bus_top:U_BUS_SYSTEM|master_device:U_MASTER1|Add0~12      ; out0             ;
; |lab7_bus_rtl_view_top|lab7_bus_top:U_BUS_SYSTEM|master_device:U_MASTER0|Add0~7       ; |lab7_bus_rtl_view_top|lab7_bus_top:U_BUS_SYSTEM|master_device:U_MASTER0|Add0~7       ; out0             ;
; |lab7_bus_rtl_view_top|lab7_bus_top:U_BUS_SYSTEM|master_device:U_MASTER0|Add0~8       ; |lab7_bus_rtl_view_top|lab7_bus_top:U_BUS_SYSTEM|master_device:U_MASTER0|Add0~8       ; out0             ;
; |lab7_bus_rtl_view_top|lab7_bus_top:U_BUS_SYSTEM|master_device:U_MASTER0|Add0~9       ; |lab7_bus_rtl_view_top|lab7_bus_top:U_BUS_SYSTEM|master_device:U_MASTER0|Add0~9       ; out0             ;
; |lab7_bus_rtl_view_top|lab7_bus_top:U_BUS_SYSTEM|master_device:U_MASTER0|Add0~10      ; |lab7_bus_rtl_view_top|lab7_bus_top:U_BUS_SYSTEM|master_device:U_MASTER0|Add0~10      ; out0             ;
; |lab7_bus_rtl_view_top|lab7_bus_top:U_BUS_SYSTEM|master_device:U_MASTER0|Add0~11      ; |lab7_bus_rtl_view_top|lab7_bus_top:U_BUS_SYSTEM|master_device:U_MASTER0|Add0~11      ; out0             ;
; |lab7_bus_rtl_view_top|lab7_bus_top:U_BUS_SYSTEM|master_device:U_MASTER0|Add0~12      ; |lab7_bus_rtl_view_top|lab7_bus_top:U_BUS_SYSTEM|master_device:U_MASTER0|Add0~12      ; out0             ;
+---------------------------------------------------------------------------------------+---------------------------------------------------------------------------------------+------------------+


The following table displays output ports that do not toggle to 0 during simulation.
+--------------------------------------------------------------------------------------------------------------------------------------------------------------------------------------------------+
; Missing 0-Value Coverage                                                                                                                                                                         ;
+---------------------------------------------------------------------------------------+---------------------------------------------------------------------------------------+------------------+
; Node Name                                                                             ; Output Port Name                                                                      ; Output Port Type ;
+---------------------------------------------------------------------------------------+---------------------------------------------------------------------------------------+------------------+
; |lab7_bus_rtl_view_top|shared_data_bus_to_slave_o[3]                                  ; |lab7_bus_rtl_view_top|shared_data_bus_to_slave_o[3]                                  ; pin_out          ;
; |lab7_bus_rtl_view_top|shared_data_bus_to_slave_o[7]                                  ; |lab7_bus_rtl_view_top|shared_data_bus_to_slave_o[7]                                  ; pin_out          ;
; |lab7_bus_rtl_view_top|shared_data_bus_to_slave_o[11]                                 ; |lab7_bus_rtl_view_top|shared_data_bus_to_slave_o[11]                                 ; pin_out          ;
; |lab7_bus_rtl_view_top|shared_data_bus_to_slave_o[15]                                 ; |lab7_bus_rtl_view_top|shared_data_bus_to_slave_o[15]                                 ; pin_out          ;
; |lab7_bus_rtl_view_top|slave_latched_data_from_bus_o[3]                               ; |lab7_bus_rtl_view_top|slave_latched_data_from_bus_o[3]                               ; pin_out          ;
; |lab7_bus_rtl_view_top|slave_latched_data_from_bus_o[7]                               ; |lab7_bus_rtl_view_top|slave_latched_data_from_bus_o[7]                               ; pin_out          ;
; |lab7_bus_rtl_view_top|slave_latched_data_from_bus_o[11]                              ; |lab7_bus_rtl_view_top|slave_latched_data_from_bus_o[11]                              ; pin_out          ;
; |lab7_bus_rtl_view_top|slave_latched_data_from_bus_o[15]                              ; |lab7_bus_rtl_view_top|slave_latched_data_from_bus_o[15]                              ; pin_out          ;
; |lab7_bus_rtl_view_top|master_was_serviced_debug_o[0]                                 ; |lab7_bus_rtl_view_top|master_was_serviced_debug_o[0]                                 ; pin_out          ;
; |lab7_bus_rtl_view_top|master_was_serviced_debug_o[1]                                 ; |lab7_bus_rtl_view_top|master_was_serviced_debug_o[1]                                 ; pin_out          ;
; |lab7_bus_rtl_view_top|master_was_serviced_debug_o[2]                                 ; |lab7_bus_rtl_view_top|master_was_serviced_debug_o[2]                                 ; pin_out          ;
; |lab7_bus_rtl_view_top|master_was_serviced_debug_o[3]                                 ; |lab7_bus_rtl_view_top|master_was_serviced_debug_o[3]                                 ; pin_out          ;
; |lab7_bus_rtl_view_top|lab7_bus_top:U_BUS_SYSTEM|slave_sync:U_SLAVE|data_r~0          ; |lab7_bus_rtl_view_top|lab7_bus_top:U_BUS_SYSTEM|slave_sync:U_SLAVE|data_r~0          ; out              ;
; |lab7_bus_rtl_view_top|lab7_bus_top:U_BUS_SYSTEM|slave_sync:U_SLAVE|data_r~4          ; |lab7_bus_rtl_view_top|lab7_bus_top:U_BUS_SYSTEM|slave_sync:U_SLAVE|data_r~4          ; out              ;
; |lab7_bus_rtl_view_top|lab7_bus_top:U_BUS_SYSTEM|slave_sync:U_SLAVE|data_r~8          ; |lab7_bus_rtl_view_top|lab7_bus_top:U_BUS_SYSTEM|slave_sync:U_SLAVE|data_r~8          ; out              ;
; |lab7_bus_rtl_view_top|lab7_bus_top:U_BUS_SYSTEM|slave_sync:U_SLAVE|data_r~12         ; |lab7_bus_rtl_view_top|lab7_bus_top:U_BUS_SYSTEM|slave_sync:U_SLAVE|data_r~12         ; out              ;
; |lab7_bus_rtl_view_top|lab7_bus_top:U_BUS_SYSTEM|slave_sync:U_SLAVE|data_r~16         ; |lab7_bus_rtl_view_top|lab7_bus_top:U_BUS_SYSTEM|slave_sync:U_SLAVE|data_r~16         ; out              ;
; |lab7_bus_rtl_view_top|lab7_bus_top:U_BUS_SYSTEM|slave_sync:U_SLAVE|data_r~20         ; |lab7_bus_rtl_view_top|lab7_bus_top:U_BUS_SYSTEM|slave_sync:U_SLAVE|data_r~20         ; out              ;
; |lab7_bus_rtl_view_top|lab7_bus_top:U_BUS_SYSTEM|slave_sync:U_SLAVE|data_r~24         ; |lab7_bus_rtl_view_top|lab7_bus_top:U_BUS_SYSTEM|slave_sync:U_SLAVE|data_r~24         ; out              ;
; |lab7_bus_rtl_view_top|lab7_bus_top:U_BUS_SYSTEM|slave_sync:U_SLAVE|data_r~28         ; |lab7_bus_rtl_view_top|lab7_bus_top:U_BUS_SYSTEM|slave_sync:U_SLAVE|data_r~28         ; out              ;
; |lab7_bus_rtl_view_top|lab7_bus_top:U_BUS_SYSTEM|slave_sync:U_SLAVE|data_r[3]         ; |lab7_bus_rtl_view_top|lab7_bus_top:U_BUS_SYSTEM|slave_sync:U_SLAVE|data_r[3]         ; regout           ;
; |lab7_bus_rtl_view_top|lab7_bus_top:U_BUS_SYSTEM|slave_sync:U_SLAVE|data_r[7]         ; |lab7_bus_rtl_view_top|lab7_bus_top:U_BUS_SYSTEM|slave_sync:U_SLAVE|data_r[7]         ; regout           ;
; |lab7_bus_rtl_view_top|lab7_bus_top:U_BUS_SYSTEM|slave_sync:U_SLAVE|data_r[11]        ; |lab7_bus_rtl_view_top|lab7_bus_top:U_BUS_SYSTEM|slave_sync:U_SLAVE|data_r[11]        ; regout           ;
; |lab7_bus_rtl_view_top|lab7_bus_top:U_BUS_SYSTEM|slave_sync:U_SLAVE|data_r[15]        ; |lab7_bus_rtl_view_top|lab7_bus_top:U_BUS_SYSTEM|slave_sync:U_SLAVE|data_r[15]        ; regout           ;
; |lab7_bus_rtl_view_top|lab7_bus_top:U_BUS_SYSTEM|master_device:U_MASTER3|cycle_r~0    ; |lab7_bus_rtl_view_top|lab7_bus_top:U_BUS_SYSTEM|master_device:U_MASTER3|cycle_r~0    ; out              ;
; |lab7_bus_rtl_view_top|lab7_bus_top:U_BUS_SYSTEM|master_device:U_MASTER3|cycle_r~1    ; |lab7_bus_rtl_view_top|lab7_bus_top:U_BUS_SYSTEM|master_device:U_MASTER3|cycle_r~1    ; out              ;
; |lab7_bus_rtl_view_top|lab7_bus_top:U_BUS_SYSTEM|master_device:U_MASTER3|cycle_r~2    ; |lab7_bus_rtl_view_top|lab7_bus_top:U_BUS_SYSTEM|master_device:U_MASTER3|cycle_r~2    ; out              ;
; |lab7_bus_rtl_view_top|lab7_bus_top:U_BUS_SYSTEM|master_device:U_MASTER3|cycle_r~3    ; |lab7_bus_rtl_view_top|lab7_bus_top:U_BUS_SYSTEM|master_device:U_MASTER3|cycle_r~3    ; out              ;
; |lab7_bus_rtl_view_top|lab7_bus_top:U_BUS_SYSTEM|master_device:U_MASTER3|cycle_r~8    ; |lab7_bus_rtl_view_top|lab7_bus_top:U_BUS_SYSTEM|master_device:U_MASTER3|cycle_r~8    ; out              ;
; |lab7_bus_rtl_view_top|lab7_bus_top:U_BUS_SYSTEM|master_device:U_MASTER3|cycle_r~9    ; |lab7_bus_rtl_view_top|lab7_bus_top:U_BUS_SYSTEM|master_device:U_MASTER3|cycle_r~9    ; out              ;
; |lab7_bus_rtl_view_top|lab7_bus_top:U_BUS_SYSTEM|master_device:U_MASTER3|cycle_r~10   ; |lab7_bus_rtl_view_top|lab7_bus_top:U_BUS_SYSTEM|master_device:U_MASTER3|cycle_r~10   ; out              ;
; |lab7_bus_rtl_view_top|lab7_bus_top:U_BUS_SYSTEM|master_device:U_MASTER3|cycle_r~11   ; |lab7_bus_rtl_view_top|lab7_bus_top:U_BUS_SYSTEM|master_device:U_MASTER3|cycle_r~11   ; out              ;
; |lab7_bus_rtl_view_top|lab7_bus_top:U_BUS_SYSTEM|master_device:U_MASTER3|used_r       ; |lab7_bus_rtl_view_top|lab7_bus_top:U_BUS_SYSTEM|master_device:U_MASTER3|used_r       ; regout           ;
; |lab7_bus_rtl_view_top|lab7_bus_top:U_BUS_SYSTEM|master_device:U_MASTER3|cycle_r[4]   ; |lab7_bus_rtl_view_top|lab7_bus_top:U_BUS_SYSTEM|master_device:U_MASTER3|cycle_r[4]   ; regout           ;
; |lab7_bus_rtl_view_top|lab7_bus_top:U_BUS_SYSTEM|master_device:U_MASTER3|cycle_r[5]   ; |lab7_bus_rtl_view_top|lab7_bus_top:U_BUS_SYSTEM|master_device:U_MASTER3|cycle_r[5]   ; regout           ;
; |lab7_bus_rtl_view_top|lab7_bus_top:U_BUS_SYSTEM|master_device:U_MASTER3|cycle_r[6]   ; |lab7_bus_rtl_view_top|lab7_bus_top:U_BUS_SYSTEM|master_device:U_MASTER3|cycle_r[6]   ; regout           ;
; |lab7_bus_rtl_view_top|lab7_bus_top:U_BUS_SYSTEM|master_device:U_MASTER3|cycle_r[7]   ; |lab7_bus_rtl_view_top|lab7_bus_top:U_BUS_SYSTEM|master_device:U_MASTER3|cycle_r[7]   ; regout           ;
; |lab7_bus_rtl_view_top|lab7_bus_top:U_BUS_SYSTEM|master_device:U_MASTER2|cycle_r~0    ; |lab7_bus_rtl_view_top|lab7_bus_top:U_BUS_SYSTEM|master_device:U_MASTER2|cycle_r~0    ; out              ;
; |lab7_bus_rtl_view_top|lab7_bus_top:U_BUS_SYSTEM|master_device:U_MASTER2|cycle_r~1    ; |lab7_bus_rtl_view_top|lab7_bus_top:U_BUS_SYSTEM|master_device:U_MASTER2|cycle_r~1    ; out              ;
; |lab7_bus_rtl_view_top|lab7_bus_top:U_BUS_SYSTEM|master_device:U_MASTER2|cycle_r~2    ; |lab7_bus_rtl_view_top|lab7_bus_top:U_BUS_SYSTEM|master_device:U_MASTER2|cycle_r~2    ; out              ;
; |lab7_bus_rtl_view_top|lab7_bus_top:U_BUS_SYSTEM|master_device:U_MASTER2|cycle_r~3    ; |lab7_bus_rtl_view_top|lab7_bus_top:U_BUS_SYSTEM|master_device:U_MASTER2|cycle_r~3    ; out              ;
; |lab7_bus_rtl_view_top|lab7_bus_top:U_BUS_SYSTEM|master_device:U_MASTER2|cycle_r~8    ; |lab7_bus_rtl_view_top|lab7_bus_top:U_BUS_SYSTEM|master_device:U_MASTER2|cycle_r~8    ; out              ;
; |lab7_bus_rtl_view_top|lab7_bus_top:U_BUS_SYSTEM|master_device:U_MASTER2|cycle_r~9    ; |lab7_bus_rtl_view_top|lab7_bus_top:U_BUS_SYSTEM|master_device:U_MASTER2|cycle_r~9    ; out              ;
; |lab7_bus_rtl_view_top|lab7_bus_top:U_BUS_SYSTEM|master_device:U_MASTER2|cycle_r~10   ; |lab7_bus_rtl_view_top|lab7_bus_top:U_BUS_SYSTEM|master_device:U_MASTER2|cycle_r~10   ; out              ;
; |lab7_bus_rtl_view_top|lab7_bus_top:U_BUS_SYSTEM|master_device:U_MASTER2|cycle_r~11   ; |lab7_bus_rtl_view_top|lab7_bus_top:U_BUS_SYSTEM|master_device:U_MASTER2|cycle_r~11   ; out              ;
; |lab7_bus_rtl_view_top|lab7_bus_top:U_BUS_SYSTEM|master_device:U_MASTER2|used_r       ; |lab7_bus_rtl_view_top|lab7_bus_top:U_BUS_SYSTEM|master_device:U_MASTER2|used_r       ; regout           ;
; |lab7_bus_rtl_view_top|lab7_bus_top:U_BUS_SYSTEM|master_device:U_MASTER2|cycle_r[4]   ; |lab7_bus_rtl_view_top|lab7_bus_top:U_BUS_SYSTEM|master_device:U_MASTER2|cycle_r[4]   ; regout           ;
; |lab7_bus_rtl_view_top|lab7_bus_top:U_BUS_SYSTEM|master_device:U_MASTER2|cycle_r[5]   ; |lab7_bus_rtl_view_top|lab7_bus_top:U_BUS_SYSTEM|master_device:U_MASTER2|cycle_r[5]   ; regout           ;
; |lab7_bus_rtl_view_top|lab7_bus_top:U_BUS_SYSTEM|master_device:U_MASTER2|cycle_r[6]   ; |lab7_bus_rtl_view_top|lab7_bus_top:U_BUS_SYSTEM|master_device:U_MASTER2|cycle_r[6]   ; regout           ;
; |lab7_bus_rtl_view_top|lab7_bus_top:U_BUS_SYSTEM|master_device:U_MASTER2|cycle_r[7]   ; |lab7_bus_rtl_view_top|lab7_bus_top:U_BUS_SYSTEM|master_device:U_MASTER2|cycle_r[7]   ; regout           ;
; |lab7_bus_rtl_view_top|lab7_bus_top:U_BUS_SYSTEM|master_device:U_MASTER1|cycle_r~0    ; |lab7_bus_rtl_view_top|lab7_bus_top:U_BUS_SYSTEM|master_device:U_MASTER1|cycle_r~0    ; out              ;
; |lab7_bus_rtl_view_top|lab7_bus_top:U_BUS_SYSTEM|master_device:U_MASTER1|cycle_r~1    ; |lab7_bus_rtl_view_top|lab7_bus_top:U_BUS_SYSTEM|master_device:U_MASTER1|cycle_r~1    ; out              ;
; |lab7_bus_rtl_view_top|lab7_bus_top:U_BUS_SYSTEM|master_device:U_MASTER1|cycle_r~2    ; |lab7_bus_rtl_view_top|lab7_bus_top:U_BUS_SYSTEM|master_device:U_MASTER1|cycle_r~2    ; out              ;
; |lab7_bus_rtl_view_top|lab7_bus_top:U_BUS_SYSTEM|master_device:U_MASTER1|cycle_r~3    ; |lab7_bus_rtl_view_top|lab7_bus_top:U_BUS_SYSTEM|master_device:U_MASTER1|cycle_r~3    ; out              ;
; |lab7_bus_rtl_view_top|lab7_bus_top:U_BUS_SYSTEM|master_device:U_MASTER1|cycle_r~8    ; |lab7_bus_rtl_view_top|lab7_bus_top:U_BUS_SYSTEM|master_device:U_MASTER1|cycle_r~8    ; out              ;
; |lab7_bus_rtl_view_top|lab7_bus_top:U_BUS_SYSTEM|master_device:U_MASTER1|cycle_r~9    ; |lab7_bus_rtl_view_top|lab7_bus_top:U_BUS_SYSTEM|master_device:U_MASTER1|cycle_r~9    ; out              ;
; |lab7_bus_rtl_view_top|lab7_bus_top:U_BUS_SYSTEM|master_device:U_MASTER1|cycle_r~10   ; |lab7_bus_rtl_view_top|lab7_bus_top:U_BUS_SYSTEM|master_device:U_MASTER1|cycle_r~10   ; out              ;
; |lab7_bus_rtl_view_top|lab7_bus_top:U_BUS_SYSTEM|master_device:U_MASTER1|cycle_r~11   ; |lab7_bus_rtl_view_top|lab7_bus_top:U_BUS_SYSTEM|master_device:U_MASTER1|cycle_r~11   ; out              ;
; |lab7_bus_rtl_view_top|lab7_bus_top:U_BUS_SYSTEM|master_device:U_MASTER1|used_r       ; |lab7_bus_rtl_view_top|lab7_bus_top:U_BUS_SYSTEM|master_device:U_MASTER1|used_r       ; regout           ;
; |lab7_bus_rtl_view_top|lab7_bus_top:U_BUS_SYSTEM|master_device:U_MASTER1|cycle_r[4]   ; |lab7_bus_rtl_view_top|lab7_bus_top:U_BUS_SYSTEM|master_device:U_MASTER1|cycle_r[4]   ; regout           ;
; |lab7_bus_rtl_view_top|lab7_bus_top:U_BUS_SYSTEM|master_device:U_MASTER1|cycle_r[5]   ; |lab7_bus_rtl_view_top|lab7_bus_top:U_BUS_SYSTEM|master_device:U_MASTER1|cycle_r[5]   ; regout           ;
; |lab7_bus_rtl_view_top|lab7_bus_top:U_BUS_SYSTEM|master_device:U_MASTER1|cycle_r[6]   ; |lab7_bus_rtl_view_top|lab7_bus_top:U_BUS_SYSTEM|master_device:U_MASTER1|cycle_r[6]   ; regout           ;
; |lab7_bus_rtl_view_top|lab7_bus_top:U_BUS_SYSTEM|master_device:U_MASTER1|cycle_r[7]   ; |lab7_bus_rtl_view_top|lab7_bus_top:U_BUS_SYSTEM|master_device:U_MASTER1|cycle_r[7]   ; regout           ;
; |lab7_bus_rtl_view_top|lab7_bus_top:U_BUS_SYSTEM|master_device:U_MASTER0|cycle_r~0    ; |lab7_bus_rtl_view_top|lab7_bus_top:U_BUS_SYSTEM|master_device:U_MASTER0|cycle_r~0    ; out              ;
; |lab7_bus_rtl_view_top|lab7_bus_top:U_BUS_SYSTEM|master_device:U_MASTER0|cycle_r~1    ; |lab7_bus_rtl_view_top|lab7_bus_top:U_BUS_SYSTEM|master_device:U_MASTER0|cycle_r~1    ; out              ;
; |lab7_bus_rtl_view_top|lab7_bus_top:U_BUS_SYSTEM|master_device:U_MASTER0|cycle_r~2    ; |lab7_bus_rtl_view_top|lab7_bus_top:U_BUS_SYSTEM|master_device:U_MASTER0|cycle_r~2    ; out              ;
; |lab7_bus_rtl_view_top|lab7_bus_top:U_BUS_SYSTEM|master_device:U_MASTER0|cycle_r~3    ; |lab7_bus_rtl_view_top|lab7_bus_top:U_BUS_SYSTEM|master_device:U_MASTER0|cycle_r~3    ; out              ;
; |lab7_bus_rtl_view_top|lab7_bus_top:U_BUS_SYSTEM|master_device:U_MASTER0|used_r~0     ; |lab7_bus_rtl_view_top|lab7_bus_top:U_BUS_SYSTEM|master_device:U_MASTER0|used_r~0     ; out              ;
; |lab7_bus_rtl_view_top|lab7_bus_top:U_BUS_SYSTEM|master_device:U_MASTER0|cycle_r~8    ; |lab7_bus_rtl_view_top|lab7_bus_top:U_BUS_SYSTEM|master_device:U_MASTER0|cycle_r~8    ; out              ;
; |lab7_bus_rtl_view_top|lab7_bus_top:U_BUS_SYSTEM|master_device:U_MASTER0|cycle_r~9    ; |lab7_bus_rtl_view_top|lab7_bus_top:U_BUS_SYSTEM|master_device:U_MASTER0|cycle_r~9    ; out              ;
; |lab7_bus_rtl_view_top|lab7_bus_top:U_BUS_SYSTEM|master_device:U_MASTER0|cycle_r~10   ; |lab7_bus_rtl_view_top|lab7_bus_top:U_BUS_SYSTEM|master_device:U_MASTER0|cycle_r~10   ; out              ;
; |lab7_bus_rtl_view_top|lab7_bus_top:U_BUS_SYSTEM|master_device:U_MASTER0|cycle_r~11   ; |lab7_bus_rtl_view_top|lab7_bus_top:U_BUS_SYSTEM|master_device:U_MASTER0|cycle_r~11   ; out              ;
; |lab7_bus_rtl_view_top|lab7_bus_top:U_BUS_SYSTEM|master_device:U_MASTER0|used_r~1     ; |lab7_bus_rtl_view_top|lab7_bus_top:U_BUS_SYSTEM|master_device:U_MASTER0|used_r~1     ; out              ;
; |lab7_bus_rtl_view_top|lab7_bus_top:U_BUS_SYSTEM|master_device:U_MASTER0|used_r       ; |lab7_bus_rtl_view_top|lab7_bus_top:U_BUS_SYSTEM|master_device:U_MASTER0|used_r       ; regout           ;
; |lab7_bus_rtl_view_top|lab7_bus_top:U_BUS_SYSTEM|master_device:U_MASTER0|cycle_r[4]   ; |lab7_bus_rtl_view_top|lab7_bus_top:U_BUS_SYSTEM|master_device:U_MASTER0|cycle_r[4]   ; regout           ;
; |lab7_bus_rtl_view_top|lab7_bus_top:U_BUS_SYSTEM|master_device:U_MASTER0|cycle_r[5]   ; |lab7_bus_rtl_view_top|lab7_bus_top:U_BUS_SYSTEM|master_device:U_MASTER0|cycle_r[5]   ; regout           ;
; |lab7_bus_rtl_view_top|lab7_bus_top:U_BUS_SYSTEM|master_device:U_MASTER0|cycle_r[6]   ; |lab7_bus_rtl_view_top|lab7_bus_top:U_BUS_SYSTEM|master_device:U_MASTER0|cycle_r[6]   ; regout           ;
; |lab7_bus_rtl_view_top|lab7_bus_top:U_BUS_SYSTEM|master_device:U_MASTER0|cycle_r[7]   ; |lab7_bus_rtl_view_top|lab7_bus_top:U_BUS_SYSTEM|master_device:U_MASTER0|cycle_r[7]   ; regout           ;
; |lab7_bus_rtl_view_top|lab7_bus_top:U_BUS_SYSTEM|master_device:U_MASTER3|LessThan0~3  ; |lab7_bus_rtl_view_top|lab7_bus_top:U_BUS_SYSTEM|master_device:U_MASTER3|LessThan0~3  ; out0             ;
; |lab7_bus_rtl_view_top|lab7_bus_top:U_BUS_SYSTEM|master_device:U_MASTER3|LessThan0~5  ; |lab7_bus_rtl_view_top|lab7_bus_top:U_BUS_SYSTEM|master_device:U_MASTER3|LessThan0~5  ; out0             ;
; |lab7_bus_rtl_view_top|lab7_bus_top:U_BUS_SYSTEM|master_device:U_MASTER3|LessThan0~6  ; |lab7_bus_rtl_view_top|lab7_bus_top:U_BUS_SYSTEM|master_device:U_MASTER3|LessThan0~6  ; out0             ;
; |lab7_bus_rtl_view_top|lab7_bus_top:U_BUS_SYSTEM|master_device:U_MASTER3|LessThan0~7  ; |lab7_bus_rtl_view_top|lab7_bus_top:U_BUS_SYSTEM|master_device:U_MASTER3|LessThan0~7  ; out0             ;
; |lab7_bus_rtl_view_top|lab7_bus_top:U_BUS_SYSTEM|master_device:U_MASTER3|LessThan0~8  ; |lab7_bus_rtl_view_top|lab7_bus_top:U_BUS_SYSTEM|master_device:U_MASTER3|LessThan0~8  ; out0             ;
; |lab7_bus_rtl_view_top|lab7_bus_top:U_BUS_SYSTEM|master_device:U_MASTER3|LessThan0~9  ; |lab7_bus_rtl_view_top|lab7_bus_top:U_BUS_SYSTEM|master_device:U_MASTER3|LessThan0~9  ; out0             ;
; |lab7_bus_rtl_view_top|lab7_bus_top:U_BUS_SYSTEM|master_device:U_MASTER3|LessThan0~10 ; |lab7_bus_rtl_view_top|lab7_bus_top:U_BUS_SYSTEM|master_device:U_MASTER3|LessThan0~10 ; out0             ;
; |lab7_bus_rtl_view_top|lab7_bus_top:U_BUS_SYSTEM|master_device:U_MASTER3|LessThan2~7  ; |lab7_bus_rtl_view_top|lab7_bus_top:U_BUS_SYSTEM|master_device:U_MASTER3|LessThan2~7  ; out0             ;
; |lab7_bus_rtl_view_top|lab7_bus_top:U_BUS_SYSTEM|master_device:U_MASTER3|LessThan2~8  ; |lab7_bus_rtl_view_top|lab7_bus_top:U_BUS_SYSTEM|master_device:U_MASTER3|LessThan2~8  ; out0             ;
; |lab7_bus_rtl_view_top|lab7_bus_top:U_BUS_SYSTEM|master_device:U_MASTER3|LessThan2~9  ; |lab7_bus_rtl_view_top|lab7_bus_top:U_BUS_SYSTEM|master_device:U_MASTER3|LessThan2~9  ; out0             ;
; |lab7_bus_rtl_view_top|lab7_bus_top:U_BUS_SYSTEM|master_device:U_MASTER3|LessThan2~10 ; |lab7_bus_rtl_view_top|lab7_bus_top:U_BUS_SYSTEM|master_device:U_MASTER3|LessThan2~10 ; out0             ;
; |lab7_bus_rtl_view_top|lab7_bus_top:U_BUS_SYSTEM|master_device:U_MASTER3|LessThan2~11 ; |lab7_bus_rtl_view_top|lab7_bus_top:U_BUS_SYSTEM|master_device:U_MASTER3|LessThan2~11 ; out0             ;
; |lab7_bus_rtl_view_top|lab7_bus_top:U_BUS_SYSTEM|master_device:U_MASTER3|LessThan2~12 ; |lab7_bus_rtl_view_top|lab7_bus_top:U_BUS_SYSTEM|master_device:U_MASTER3|LessThan2~12 ; out0             ;
; |lab7_bus_rtl_view_top|lab7_bus_top:U_BUS_SYSTEM|master_device:U_MASTER3|LessThan2~13 ; |lab7_bus_rtl_view_top|lab7_bus_top:U_BUS_SYSTEM|master_device:U_MASTER3|LessThan2~13 ; out0             ;
; |lab7_bus_rtl_view_top|lab7_bus_top:U_BUS_SYSTEM|master_device:U_MASTER2|LessThan0~2  ; |lab7_bus_rtl_view_top|lab7_bus_top:U_BUS_SYSTEM|master_device:U_MASTER2|LessThan0~2  ; out0             ;
; |lab7_bus_rtl_view_top|lab7_bus_top:U_BUS_SYSTEM|master_device:U_MASTER2|LessThan0~4  ; |lab7_bus_rtl_view_top|lab7_bus_top:U_BUS_SYSTEM|master_device:U_MASTER2|LessThan0~4  ; out0             ;
; |lab7_bus_rtl_view_top|lab7_bus_top:U_BUS_SYSTEM|master_device:U_MASTER2|LessThan0~5  ; |lab7_bus_rtl_view_top|lab7_bus_top:U_BUS_SYSTEM|master_device:U_MASTER2|LessThan0~5  ; out0             ;
; |lab7_bus_rtl_view_top|lab7_bus_top:U_BUS_SYSTEM|master_device:U_MASTER2|LessThan0~6  ; |lab7_bus_rtl_view_top|lab7_bus_top:U_BUS_SYSTEM|master_device:U_MASTER2|LessThan0~6  ; out0             ;
; |lab7_bus_rtl_view_top|lab7_bus_top:U_BUS_SYSTEM|master_device:U_MASTER2|LessThan0~7  ; |lab7_bus_rtl_view_top|lab7_bus_top:U_BUS_SYSTEM|master_device:U_MASTER2|LessThan0~7  ; out0             ;
; |lab7_bus_rtl_view_top|lab7_bus_top:U_BUS_SYSTEM|master_device:U_MASTER2|LessThan0~8  ; |lab7_bus_rtl_view_top|lab7_bus_top:U_BUS_SYSTEM|master_device:U_MASTER2|LessThan0~8  ; out0             ;
; |lab7_bus_rtl_view_top|lab7_bus_top:U_BUS_SYSTEM|master_device:U_MASTER2|LessThan0~9  ; |lab7_bus_rtl_view_top|lab7_bus_top:U_BUS_SYSTEM|master_device:U_MASTER2|LessThan0~9  ; out0             ;
; |lab7_bus_rtl_view_top|lab7_bus_top:U_BUS_SYSTEM|master_device:U_MASTER2|LessThan2~7  ; |lab7_bus_rtl_view_top|lab7_bus_top:U_BUS_SYSTEM|master_device:U_MASTER2|LessThan2~7  ; out0             ;
; |lab7_bus_rtl_view_top|lab7_bus_top:U_BUS_SYSTEM|master_device:U_MASTER2|LessThan2~8  ; |lab7_bus_rtl_view_top|lab7_bus_top:U_BUS_SYSTEM|master_device:U_MASTER2|LessThan2~8  ; out0             ;
; |lab7_bus_rtl_view_top|lab7_bus_top:U_BUS_SYSTEM|master_device:U_MASTER2|LessThan2~9  ; |lab7_bus_rtl_view_top|lab7_bus_top:U_BUS_SYSTEM|master_device:U_MASTER2|LessThan2~9  ; out0             ;
; |lab7_bus_rtl_view_top|lab7_bus_top:U_BUS_SYSTEM|master_device:U_MASTER2|LessThan2~10 ; |lab7_bus_rtl_view_top|lab7_bus_top:U_BUS_SYSTEM|master_device:U_MASTER2|LessThan2~10 ; out0             ;
; |lab7_bus_rtl_view_top|lab7_bus_top:U_BUS_SYSTEM|master_device:U_MASTER2|LessThan2~11 ; |lab7_bus_rtl_view_top|lab7_bus_top:U_BUS_SYSTEM|master_device:U_MASTER2|LessThan2~11 ; out0             ;
; |lab7_bus_rtl_view_top|lab7_bus_top:U_BUS_SYSTEM|master_device:U_MASTER2|LessThan2~12 ; |lab7_bus_rtl_view_top|lab7_bus_top:U_BUS_SYSTEM|master_device:U_MASTER2|LessThan2~12 ; out0             ;
; |lab7_bus_rtl_view_top|lab7_bus_top:U_BUS_SYSTEM|master_device:U_MASTER2|LessThan2~13 ; |lab7_bus_rtl_view_top|lab7_bus_top:U_BUS_SYSTEM|master_device:U_MASTER2|LessThan2~13 ; out0             ;
; |lab7_bus_rtl_view_top|lab7_bus_top:U_BUS_SYSTEM|master_device:U_MASTER1|LessThan0~4  ; |lab7_bus_rtl_view_top|lab7_bus_top:U_BUS_SYSTEM|master_device:U_MASTER1|LessThan0~4  ; out0             ;
; |lab7_bus_rtl_view_top|lab7_bus_top:U_BUS_SYSTEM|master_device:U_MASTER1|LessThan0~6  ; |lab7_bus_rtl_view_top|lab7_bus_top:U_BUS_SYSTEM|master_device:U_MASTER1|LessThan0~6  ; out0             ;
; |lab7_bus_rtl_view_top|lab7_bus_top:U_BUS_SYSTEM|master_device:U_MASTER1|LessThan0~7  ; |lab7_bus_rtl_view_top|lab7_bus_top:U_BUS_SYSTEM|master_device:U_MASTER1|LessThan0~7  ; out0             ;
; |lab7_bus_rtl_view_top|lab7_bus_top:U_BUS_SYSTEM|master_device:U_MASTER1|LessThan0~8  ; |lab7_bus_rtl_view_top|lab7_bus_top:U_BUS_SYSTEM|master_device:U_MASTER1|LessThan0~8  ; out0             ;
; |lab7_bus_rtl_view_top|lab7_bus_top:U_BUS_SYSTEM|master_device:U_MASTER1|LessThan0~9  ; |lab7_bus_rtl_view_top|lab7_bus_top:U_BUS_SYSTEM|master_device:U_MASTER1|LessThan0~9  ; out0             ;
; |lab7_bus_rtl_view_top|lab7_bus_top:U_BUS_SYSTEM|master_device:U_MASTER1|LessThan0~10 ; |lab7_bus_rtl_view_top|lab7_bus_top:U_BUS_SYSTEM|master_device:U_MASTER1|LessThan0~10 ; out0             ;
; |lab7_bus_rtl_view_top|lab7_bus_top:U_BUS_SYSTEM|master_device:U_MASTER1|LessThan0~11 ; |lab7_bus_rtl_view_top|lab7_bus_top:U_BUS_SYSTEM|master_device:U_MASTER1|LessThan0~11 ; out0             ;
; |lab7_bus_rtl_view_top|lab7_bus_top:U_BUS_SYSTEM|master_device:U_MASTER1|LessThan2~7  ; |lab7_bus_rtl_view_top|lab7_bus_top:U_BUS_SYSTEM|master_device:U_MASTER1|LessThan2~7  ; out0             ;
; |lab7_bus_rtl_view_top|lab7_bus_top:U_BUS_SYSTEM|master_device:U_MASTER1|LessThan2~8  ; |lab7_bus_rtl_view_top|lab7_bus_top:U_BUS_SYSTEM|master_device:U_MASTER1|LessThan2~8  ; out0             ;
; |lab7_bus_rtl_view_top|lab7_bus_top:U_BUS_SYSTEM|master_device:U_MASTER1|LessThan2~9  ; |lab7_bus_rtl_view_top|lab7_bus_top:U_BUS_SYSTEM|master_device:U_MASTER1|LessThan2~9  ; out0             ;
; |lab7_bus_rtl_view_top|lab7_bus_top:U_BUS_SYSTEM|master_device:U_MASTER1|LessThan2~10 ; |lab7_bus_rtl_view_top|lab7_bus_top:U_BUS_SYSTEM|master_device:U_MASTER1|LessThan2~10 ; out0             ;
; |lab7_bus_rtl_view_top|lab7_bus_top:U_BUS_SYSTEM|master_device:U_MASTER1|LessThan2~11 ; |lab7_bus_rtl_view_top|lab7_bus_top:U_BUS_SYSTEM|master_device:U_MASTER1|LessThan2~11 ; out0             ;
; |lab7_bus_rtl_view_top|lab7_bus_top:U_BUS_SYSTEM|master_device:U_MASTER1|LessThan2~12 ; |lab7_bus_rtl_view_top|lab7_bus_top:U_BUS_SYSTEM|master_device:U_MASTER1|LessThan2~12 ; out0             ;
; |lab7_bus_rtl_view_top|lab7_bus_top:U_BUS_SYSTEM|master_device:U_MASTER1|LessThan2~13 ; |lab7_bus_rtl_view_top|lab7_bus_top:U_BUS_SYSTEM|master_device:U_MASTER1|LessThan2~13 ; out0             ;
; |lab7_bus_rtl_view_top|lab7_bus_top:U_BUS_SYSTEM|master_device:U_MASTER0|LessThan0~6  ; |lab7_bus_rtl_view_top|lab7_bus_top:U_BUS_SYSTEM|master_device:U_MASTER0|LessThan0~6  ; out0             ;
; |lab7_bus_rtl_view_top|lab7_bus_top:U_BUS_SYSTEM|master_device:U_MASTER0|LessThan0~8  ; |lab7_bus_rtl_view_top|lab7_bus_top:U_BUS_SYSTEM|master_device:U_MASTER0|LessThan0~8  ; out0             ;
; |lab7_bus_rtl_view_top|lab7_bus_top:U_BUS_SYSTEM|master_device:U_MASTER0|LessThan0~9  ; |lab7_bus_rtl_view_top|lab7_bus_top:U_BUS_SYSTEM|master_device:U_MASTER0|LessThan0~9  ; out0             ;
; |lab7_bus_rtl_view_top|lab7_bus_top:U_BUS_SYSTEM|master_device:U_MASTER0|LessThan0~10 ; |lab7_bus_rtl_view_top|lab7_bus_top:U_BUS_SYSTEM|master_device:U_MASTER0|LessThan0~10 ; out0             ;
; |lab7_bus_rtl_view_top|lab7_bus_top:U_BUS_SYSTEM|master_device:U_MASTER0|LessThan0~11 ; |lab7_bus_rtl_view_top|lab7_bus_top:U_BUS_SYSTEM|master_device:U_MASTER0|LessThan0~11 ; out0             ;
; |lab7_bus_rtl_view_top|lab7_bus_top:U_BUS_SYSTEM|master_device:U_MASTER0|LessThan0~12 ; |lab7_bus_rtl_view_top|lab7_bus_top:U_BUS_SYSTEM|master_device:U_MASTER0|LessThan0~12 ; out0             ;
; |lab7_bus_rtl_view_top|lab7_bus_top:U_BUS_SYSTEM|master_device:U_MASTER0|LessThan0~13 ; |lab7_bus_rtl_view_top|lab7_bus_top:U_BUS_SYSTEM|master_device:U_MASTER0|LessThan0~13 ; out0             ;
; |lab7_bus_rtl_view_top|lab7_bus_top:U_BUS_SYSTEM|master_device:U_MASTER0|LessThan2~7  ; |lab7_bus_rtl_view_top|lab7_bus_top:U_BUS_SYSTEM|master_device:U_MASTER0|LessThan2~7  ; out0             ;
; |lab7_bus_rtl_view_top|lab7_bus_top:U_BUS_SYSTEM|master_device:U_MASTER0|LessThan2~8  ; |lab7_bus_rtl_view_top|lab7_bus_top:U_BUS_SYSTEM|master_device:U_MASTER0|LessThan2~8  ; out0             ;
; |lab7_bus_rtl_view_top|lab7_bus_top:U_BUS_SYSTEM|master_device:U_MASTER0|LessThan2~9  ; |lab7_bus_rtl_view_top|lab7_bus_top:U_BUS_SYSTEM|master_device:U_MASTER0|LessThan2~9  ; out0             ;
; |lab7_bus_rtl_view_top|lab7_bus_top:U_BUS_SYSTEM|master_device:U_MASTER0|LessThan2~10 ; |lab7_bus_rtl_view_top|lab7_bus_top:U_BUS_SYSTEM|master_device:U_MASTER0|LessThan2~10 ; out0             ;
; |lab7_bus_rtl_view_top|lab7_bus_top:U_BUS_SYSTEM|master_device:U_MASTER0|LessThan2~11 ; |lab7_bus_rtl_view_top|lab7_bus_top:U_BUS_SYSTEM|master_device:U_MASTER0|LessThan2~11 ; out0             ;
; |lab7_bus_rtl_view_top|lab7_bus_top:U_BUS_SYSTEM|master_device:U_MASTER0|LessThan2~12 ; |lab7_bus_rtl_view_top|lab7_bus_top:U_BUS_SYSTEM|master_device:U_MASTER0|LessThan2~12 ; out0             ;
; |lab7_bus_rtl_view_top|lab7_bus_top:U_BUS_SYSTEM|master_device:U_MASTER0|LessThan2~13 ; |lab7_bus_rtl_view_top|lab7_bus_top:U_BUS_SYSTEM|master_device:U_MASTER0|LessThan2~13 ; out0             ;
; |lab7_bus_rtl_view_top|lab7_bus_top:U_BUS_SYSTEM|master_device:U_MASTER3|Add0~6       ; |lab7_bus_rtl_view_top|lab7_bus_top:U_BUS_SYSTEM|master_device:U_MASTER3|Add0~6       ; out0             ;
; |lab7_bus_rtl_view_top|lab7_bus_top:U_BUS_SYSTEM|master_device:U_MASTER3|Add0~7       ; |lab7_bus_rtl_view_top|lab7_bus_top:U_BUS_SYSTEM|master_device:U_MASTER3|Add0~7       ; out0             ;
; |lab7_bus_rtl_view_top|lab7_bus_top:U_BUS_SYSTEM|master_device:U_MASTER3|Add0~8       ; |lab7_bus_rtl_view_top|lab7_bus_top:U_BUS_SYSTEM|master_device:U_MASTER3|Add0~8       ; out0             ;
; |lab7_bus_rtl_view_top|lab7_bus_top:U_BUS_SYSTEM|master_device:U_MASTER3|Add0~9       ; |lab7_bus_rtl_view_top|lab7_bus_top:U_BUS_SYSTEM|master_device:U_MASTER3|Add0~9       ; out0             ;
; |lab7_bus_rtl_view_top|lab7_bus_top:U_BUS_SYSTEM|master_device:U_MASTER3|Add0~10      ; |lab7_bus_rtl_view_top|lab7_bus_top:U_BUS_SYSTEM|master_device:U_MASTER3|Add0~10      ; out0             ;
; |lab7_bus_rtl_view_top|lab7_bus_top:U_BUS_SYSTEM|master_device:U_MASTER3|Add0~11      ; |lab7_bus_rtl_view_top|lab7_bus_top:U_BUS_SYSTEM|master_device:U_MASTER3|Add0~11      ; out0             ;
; |lab7_bus_rtl_view_top|lab7_bus_top:U_BUS_SYSTEM|master_device:U_MASTER3|Add0~12      ; |lab7_bus_rtl_view_top|lab7_bus_top:U_BUS_SYSTEM|master_device:U_MASTER3|Add0~12      ; out0             ;
; |lab7_bus_rtl_view_top|lab7_bus_top:U_BUS_SYSTEM|master_device:U_MASTER2|Add0~6       ; |lab7_bus_rtl_view_top|lab7_bus_top:U_BUS_SYSTEM|master_device:U_MASTER2|Add0~6       ; out0             ;
; |lab7_bus_rtl_view_top|lab7_bus_top:U_BUS_SYSTEM|master_device:U_MASTER2|Add0~7       ; |lab7_bus_rtl_view_top|lab7_bus_top:U_BUS_SYSTEM|master_device:U_MASTER2|Add0~7       ; out0             ;
; |lab7_bus_rtl_view_top|lab7_bus_top:U_BUS_SYSTEM|master_device:U_MASTER2|Add0~8       ; |lab7_bus_rtl_view_top|lab7_bus_top:U_BUS_SYSTEM|master_device:U_MASTER2|Add0~8       ; out0             ;
; |lab7_bus_rtl_view_top|lab7_bus_top:U_BUS_SYSTEM|master_device:U_MASTER2|Add0~9       ; |lab7_bus_rtl_view_top|lab7_bus_top:U_BUS_SYSTEM|master_device:U_MASTER2|Add0~9       ; out0             ;
; |lab7_bus_rtl_view_top|lab7_bus_top:U_BUS_SYSTEM|master_device:U_MASTER2|Add0~10      ; |lab7_bus_rtl_view_top|lab7_bus_top:U_BUS_SYSTEM|master_device:U_MASTER2|Add0~10      ; out0             ;
; |lab7_bus_rtl_view_top|lab7_bus_top:U_BUS_SYSTEM|master_device:U_MASTER2|Add0~11      ; |lab7_bus_rtl_view_top|lab7_bus_top:U_BUS_SYSTEM|master_device:U_MASTER2|Add0~11      ; out0             ;
; |lab7_bus_rtl_view_top|lab7_bus_top:U_BUS_SYSTEM|master_device:U_MASTER2|Add0~12      ; |lab7_bus_rtl_view_top|lab7_bus_top:U_BUS_SYSTEM|master_device:U_MASTER2|Add0~12      ; out0             ;
; |lab7_bus_rtl_view_top|lab7_bus_top:U_BUS_SYSTEM|master_device:U_MASTER1|Add0~6       ; |lab7_bus_rtl_view_top|lab7_bus_top:U_BUS_SYSTEM|master_device:U_MASTER1|Add0~6       ; out0             ;
; |lab7_bus_rtl_view_top|lab7_bus_top:U_BUS_SYSTEM|master_device:U_MASTER1|Add0~7       ; |lab7_bus_rtl_view_top|lab7_bus_top:U_BUS_SYSTEM|master_device:U_MASTER1|Add0~7       ; out0             ;
; |lab7_bus_rtl_view_top|lab7_bus_top:U_BUS_SYSTEM|master_device:U_MASTER1|Add0~8       ; |lab7_bus_rtl_view_top|lab7_bus_top:U_BUS_SYSTEM|master_device:U_MASTER1|Add0~8       ; out0             ;
; |lab7_bus_rtl_view_top|lab7_bus_top:U_BUS_SYSTEM|master_device:U_MASTER1|Add0~9       ; |lab7_bus_rtl_view_top|lab7_bus_top:U_BUS_SYSTEM|master_device:U_MASTER1|Add0~9       ; out0             ;
; |lab7_bus_rtl_view_top|lab7_bus_top:U_BUS_SYSTEM|master_device:U_MASTER1|Add0~10      ; |lab7_bus_rtl_view_top|lab7_bus_top:U_BUS_SYSTEM|master_device:U_MASTER1|Add0~10      ; out0             ;
; |lab7_bus_rtl_view_top|lab7_bus_top:U_BUS_SYSTEM|master_device:U_MASTER1|Add0~11      ; |lab7_bus_rtl_view_top|lab7_bus_top:U_BUS_SYSTEM|master_device:U_MASTER1|Add0~11      ; out0             ;
; |lab7_bus_rtl_view_top|lab7_bus_top:U_BUS_SYSTEM|master_device:U_MASTER1|Add0~12      ; |lab7_bus_rtl_view_top|lab7_bus_top:U_BUS_SYSTEM|master_device:U_MASTER1|Add0~12      ; out0             ;
; |lab7_bus_rtl_view_top|lab7_bus_top:U_BUS_SYSTEM|master_device:U_MASTER0|Add0~6       ; |lab7_bus_rtl_view_top|lab7_bus_top:U_BUS_SYSTEM|master_device:U_MASTER0|Add0~6       ; out0             ;
; |lab7_bus_rtl_view_top|lab7_bus_top:U_BUS_SYSTEM|master_device:U_MASTER0|Add0~7       ; |lab7_bus_rtl_view_top|lab7_bus_top:U_BUS_SYSTEM|master_device:U_MASTER0|Add0~7       ; out0             ;
; |lab7_bus_rtl_view_top|lab7_bus_top:U_BUS_SYSTEM|master_device:U_MASTER0|Add0~8       ; |lab7_bus_rtl_view_top|lab7_bus_top:U_BUS_SYSTEM|master_device:U_MASTER0|Add0~8       ; out0             ;
; |lab7_bus_rtl_view_top|lab7_bus_top:U_BUS_SYSTEM|master_device:U_MASTER0|Add0~9       ; |lab7_bus_rtl_view_top|lab7_bus_top:U_BUS_SYSTEM|master_device:U_MASTER0|Add0~9       ; out0             ;
; |lab7_bus_rtl_view_top|lab7_bus_top:U_BUS_SYSTEM|master_device:U_MASTER0|Add0~10      ; |lab7_bus_rtl_view_top|lab7_bus_top:U_BUS_SYSTEM|master_device:U_MASTER0|Add0~10      ; out0             ;
; |lab7_bus_rtl_view_top|lab7_bus_top:U_BUS_SYSTEM|master_device:U_MASTER0|Add0~11      ; |lab7_bus_rtl_view_top|lab7_bus_top:U_BUS_SYSTEM|master_device:U_MASTER0|Add0~11      ; out0             ;
; |lab7_bus_rtl_view_top|lab7_bus_top:U_BUS_SYSTEM|master_device:U_MASTER0|Add0~12      ; |lab7_bus_rtl_view_top|lab7_bus_top:U_BUS_SYSTEM|master_device:U_MASTER0|Add0~12      ; out0             ;
+---------------------------------------------------------------------------------------+---------------------------------------------------------------------------------------+------------------+


+---------------------+
; Simulator INI Usage ;
+--------+------------+
; Option ; Usage      ;
+--------+------------+


+--------------------+
; Simulator Messages ;
+--------------------+
Info: *******************************************************************
Info: Running Quartus II Simulator
    Info: Version 9.1 Build 222 10/21/2009 SJ Web Edition
    Info: Processing started: Sun May 17 17:16:47 2026
Info: Command: quartus_sim --read_settings_files=on --write_settings_files=off lab7_bus_arbiter -c lab7_bus_arbiter
Warning: You have instructed the Simulator to generate the simulation results in "VCD" format, which is different from what has been set in the Options page under "Simulation results format"
Info: Using vector source file "D:/git/sifovm/LABS/student_labs_5_8/lab7_bus_arbiter/quartus/lab7_bus_wave_prefilled.vwf"
Info: Option to preserve fewer signal transitions to reduce memory requirements is enabled
    Info: Simulation has been partitioned into sub-simulations according to the maximum transition count determined by the engine. Transitions from memory will be flushed out to disk at the end of each sub-simulation to reduce memory requirements.
Info: Simulation partitioned into 1 sub-simulations
Info: Simulation coverage is      63.11 %
Info: Number of transitions in simulation is 2840
Info: Quartus II Simulator was successful. 0 errors, 1 warning
    Info: Peak virtual memory: 154 megabytes
    Info: Processing ended: Sun May 17 17:16:47 2026
    Info: Elapsed time: 00:00:00
    Info: Total CPU time (on all processors): 00:00:00


